Running Haldane 2x2 ground-state energy phase diagram (nocc-vs-t2, ideal)
  job id:      55772083
  nodes:       4
  shards:      64
  log dir:     /pscratch/sd/m/mbao202/NNL-P7/manuscript-plots/logs
  plot dir:    /pscratch/sd/m/mbao202/NNL-P7/manuscript-plots/plots
  sweep:       n_occ [0 8 1] vs t2 [0.0 1.0 0.1]
  pipeline:    ideal
  methods:     iqpe vqe dmrg analytic (running in parallel)
  plot format: 3d
  fixed:       t1=1.0 M=0.0 phi=0.785398369 
Starting method: iqpe
Starting method: analytic
Starting method: dmrg
Starting method: vqe
Resuming from progress log: skipping 2 already-computed cell(s), 0 remaining.
Resuming from progress log: skipping 2 already-computed cell(s), 0 remaining.
Resuming from progress log: skipping 1 already-computed cell(s), 0 remaining.
Resuming from progress log: skipping 2 already-computed cell(s), 0 remaining.
Resuming from progress log: skipping 1 already-computed cell(s), 0 remaining.
Resuming from progress log: skipping 1 already-computed cell(s), 0 remaining.
Resuming from progress log: skipping 1 already-computed cell(s), 0 remaining.
Resuming from progress log: skipping 2 already-computed cell(s), 0 remaining.
Resuming from progress log: skipping 1 already-computed cell(s), 0 remaining.
Resuming from progress log: skipping 2 already-computed cell(s), 0 remaining.
Resuming from progress log: skipping 2 already-computed cell(s), 0 remaining.
Resuming from progress log: skipping 2 already-computed cell(s), 0 remaining.
Resuming from progress log: skipping 1 already-computed cell(s), 0 remaining.
Resuming from progress log: skipping 1 already-computed cell(s), 0 remaining.
Resuming from progress log: skipping 1 already-computed cell(s), 0 remaining.
Resuming from progress log: skipping 1 already-computed cell(s), 0 remaining.
Resuming from progress log: skipping 1 already-computed cell(s), 0 remaining.
Resuming from progress log: skipping 2 already-computed cell(s), 0 remaining.
Resuming from progress log: skipping 1 already-computed cell(s), 0 remaining.
Resuming from progress log: skipping 2 already-computed cell(s), 0 remaining.
Resuming from progress log: skipping 2 already-computed cell(s), 0 remaining.
Resuming from progress log: skipping 2 already-computed cell(s), 0 remaining.
Resuming from progress log: skipping 2 already-computed cell(s), 0 remaining.
Resuming from progress log: skipping 1 already-computed cell(s), 0 remaining.
Resuming from progress log: skipping 1 already-computed cell(s), 0 remaining.
Resuming from progress log: skipping 2 already-computed cell(s), 0 remaining.
Resuming from progress log: skipping 1 already-computed cell(s), 0 remaining.
Resuming from progress log: skipping 1 already-computed cell(s), 0 remaining.
Resuming from progress log: skipping 1 already-computed cell(s), 0 remaining.
Resuming from progress log: skipping 2 already-computed cell(s), 0 remaining.
Resuming from progress log: skipping 2 already-computed cell(s), 0 remaining.
Resuming from progress log: skipping 1 already-computed cell(s), 0 remaining.
Resuming from progress log: skipping 1 already-computed cell(s), 0 remaining.
Resuming from progress log: skipping 2 already-computed cell(s), 0 remaining.
Resuming from progress log: skipping 2 already-computed cell(s), 0 remaining.
Resuming from progress log: skipping 1 already-computed cell(s), 0 remaining.
Resuming from progress log: skipping 1 already-computed cell(s), 0 remaining.
Resuming from progress log: skipping 2 already-computed cell(s), 0 remaining.
Resuming from progress log: skipping 1 already-computed cell(s), 0 remaining.
Resuming from progress log: skipping 2 already-computed cell(s), 0 remaining.
Resuming from progress log: skipping 2 already-computed cell(s), 0 remaining.
Resuming from progress log: skipping 2 already-computed cell(s), 0 remaining.
Resuming from progress log: skipping 1 already-computed cell(s), 0 remaining.
Resuming from progress log: skipping 2 already-computed cell(s), 0 remaining.
Resuming from progress log: skipping 1 already-computed cell(s), 0 remaining.
Resuming from progress log: skipping 1 already-computed cell(s), 0 remaining.
Resuming from progress log: skipping 2 already-computed cell(s), 0 remaining.
Resuming from progress log: skipping 1 already-computed cell(s), 0 remaining.
Resuming from progress log: skipping 1 already-computed cell(s), 0 remaining.
Resuming from progress log: skipping 1 already-computed cell(s), 0 remaining.
Resuming from progress log: skipping 2 already-computed cell(s), 0 remaining.
Resuming from progress log: skipping 1 already-computed cell(s), 0 remaining.
Resuming from progress log: skipping 1 already-computed cell(s), 0 remaining.
Resuming from progress log: skipping 2 already-computed cell(s), 0 remaining.
Resuming from progress log: skipping 2 already-computed cell(s), 0 remaining.
Resuming from progress log: skipping 2 already-computed cell(s), 0 remaining.
Resuming from progress log: skipping 2 already-computed cell(s), 0 remaining.
Resuming from progress log: skipping 2 already-computed cell(s), 0 remaining.
Resuming from progress log: skipping 2 already-computed cell(s), 0 remaining.
Resuming from progress log: skipping 2 already-computed cell(s), 0 remaining.
Resuming from progress log: skipping 2 already-computed cell(s), 0 remaining.
Resuming from progress log: skipping 1 already-computed cell(s), 0 remaining.
Resuming from progress log: skipping 2 already-computed cell(s), 0 remaining.
Resuming from progress log: skipping 1 already-computed cell(s), 0 remaining.
Resuming from progress log: skipping 2 already-computed cell(s), 0 remaining.
Resuming from progress log: skipping 2 already-computed cell(s), 0 remaining.
Resuming from progress log: skipping 1 already-computed cell(s), 0 remaining.
Resuming from progress log: skipping 2 already-computed cell(s), 0 remaining.
Resuming from progress log: skipping 2 already-computed cell(s), 0 remaining.
Resuming from progress log: skipping 1 already-computed cell(s), 0 remaining.
Resuming from progress log: skipping 2 already-computed cell(s), 0 remaining.
Resuming from progress log: skipping 1 already-computed cell(s), 0 remaining.
Resuming from progress log: skipping 1 already-computed cell(s), 0 remaining.
Resuming from progress log: skipping 1 already-computed cell(s), 0 remaining.
Resuming from progress log: skipping 2 already-computed cell(s), 0 remaining.
Resuming from progress log: skipping 2 already-computed cell(s), 0 remaining.
Resuming from progress log: skipping 2 already-computed cell(s), 0 remaining.
Resuming from progress log: skipping 2 already-computed cell(s), 0 remaining.
Resuming from progress log: skipping 2 already-computed cell(s), 0 remaining.
Resuming from progress log: skipping 2 already-computed cell(s), 0 remaining.
Resuming from progress log: skipping 2 already-computed cell(s), 0 remaining.
Resuming from progress log: skipping 2 already-computed cell(s), 0 remaining.
Resuming from progress log: skipping 1 already-computed cell(s), 0 remaining.
Resuming from progress log: skipping 2 already-computed cell(s), 0 remaining.
Resuming from progress log: skipping 2 already-computed cell(s), 0 remaining.
Resuming from progress log: skipping 2 already-computed cell(s), 0 remaining.
Resuming from progress log: skipping 2 already-computed cell(s), 0 remaining.
Resuming from progress log: skipping 2 already-computed cell(s), 0 remaining.
Resuming from progress log: skipping 2 already-computed cell(s), 0 remaining.
Resuming from progress log: skipping 1 already-computed cell(s), 0 remaining.
Resuming from progress log: skipping 1 already-computed cell(s), 0 remaining.
Resuming from progress log: skipping 2 already-computed cell(s), 0 remaining.
Resuming from progress log: skipping 2 already-computed cell(s), 0 remaining.
Resuming from progress log: skipping 1 already-computed cell(s), 0 remaining.
Resuming from progress log: skipping 2 already-computed cell(s), 0 remaining.
Resuming from progress log: skipping 2 already-computed cell(s), 0 remaining.
Resuming from progress log: skipping 2 already-computed cell(s), 0 remaining.
Resuming from progress log: skipping 2 already-computed cell(s), 0 remaining.
Resuming from progress log: skipping 2 already-computed cell(s), 0 remaining.
Resuming from progress log: skipping 1 already-computed cell(s), 0 remaining.
Resuming from progress log: skipping 1 already-computed cell(s), 0 remaining.
Resuming from progress log: skipping 1 already-computed cell(s), 0 remaining.
Resuming from progress log: skipping 2 already-computed cell(s), 0 remaining.
Resuming from progress log: skipping 2 already-computed cell(s), 0 remaining.
Resuming from progress log: skipping 2 already-computed cell(s), 0 remaining.
Resuming from progress log: skipping 1 already-computed cell(s), 0 remaining.
Resuming from progress log: skipping 1 already-computed cell(s), 0 remaining.
Resuming from progress log: skipping 1 already-computed cell(s), 0 remaining.
Resuming from progress log: skipping 2 already-computed cell(s), 0 remaining.
Resuming from progress log: skipping 1 already-computed cell(s), 0 remaining.
Resuming from progress log: skipping 2 already-computed cell(s), 0 remaining.
Resuming from progress log: skipping 1 already-computed cell(s), 0 remaining.
Resuming from progress log: skipping 2 already-computed cell(s), 0 remaining.
Resuming from progress log: skipping 1 already-computed cell(s), 0 remaining.
Resuming from progress log: skipping 2 already-computed cell(s), 0 remaining.
Resuming from progress log: skipping 1 already-computed cell(s), 0 remaining.
Resuming from progress log: skipping 1 already-computed cell(s), 0 remaining.
Resuming from progress log: skipping 2 already-computed cell(s), 0 remaining.
Resuming from progress log: skipping 2 already-computed cell(s), 0 remaining.
Resuming from progress log: skipping 2 already-computed cell(s), 0 remaining.
Resuming from progress log: skipping 1 already-computed cell(s), 0 remaining.
Resuming from progress log: skipping 2 already-computed cell(s), 0 remaining.
Resuming from progress log: skipping 1 already-computed cell(s), 0 remaining.
Resuming from progress log: skipping 2 already-computed cell(s), 0 remaining.
Resuming from progress log: skipping 2 already-computed cell(s), 0 remaining.
Resuming from progress log: skipping 1 already-computed cell(s), 0 remaining.
Resuming from progress log: skipping 2 already-computed cell(s), 0 remaining.
Resuming from progress log: skipping 1 already-computed cell(s), 0 remaining.
Resuming from progress log: skipping 1 already-computed cell(s), 0 remaining.
Resuming from progress log: skipping 1 already-computed cell(s), 0 remaining.
Resuming from progress log: skipping 2 already-computed cell(s), 0 remaining.
Resuming from progress log: skipping 2 already-computed cell(s), 0 remaining.
Resuming from progress log: skipping 1 already-computed cell(s), 0 remaining.
Resuming from progress log: skipping 2 already-computed cell(s), 0 remaining.
Resuming from progress log: skipping 1 already-computed cell(s), 0 remaining.
Resuming from progress log: skipping 2 already-computed cell(s), 0 remaining.
Resuming from progress log: skipping 2 already-computed cell(s), 0 remaining.
Resuming from progress log: skipping 1 already-computed cell(s), 0 remaining.
Resuming from progress log: skipping 1 already-computed cell(s), 0 remaining.
Resuming from progress log: skipping 2 already-computed cell(s), 0 remaining.
Resuming from progress log: skipping 1 already-computed cell(s), 0 remaining.
Resuming from progress log: skipping 1 already-computed cell(s), 0 remaining.
Resuming from progress log: skipping 1 already-computed cell(s), 0 remaining.
Resuming from progress log: skipping 1 already-computed cell(s), 0 remaining.
Resuming from progress log: skipping 1 already-computed cell(s), 0 remaining.
Resuming from progress log: skipping 1 already-computed cell(s), 0 remaining.
Resuming from progress log: skipping 2 already-computed cell(s), 0 remaining.
Resuming from progress log: skipping 1 already-computed cell(s), 0 remaining.
Resuming from progress log: skipping 1 already-computed cell(s), 0 remaining.
Resuming from progress log: skipping 1 already-computed cell(s), 0 remaining.
Resuming from progress log: skipping 1 already-computed cell(s), 0 remaining.
Resuming from progress log: skipping 2 already-computed cell(s), 0 remaining.
Resuming from progress log: skipping 1 already-computed cell(s), 0 remaining.
Resuming from progress log: skipping 1 already-computed cell(s), 0 remaining.
Resuming from progress log: skipping 1 already-computed cell(s), 0 remaining.
Resuming from progress log: skipping 1 already-computed cell(s), 0 remaining.
Resuming from progress log: skipping 2 already-computed cell(s), 0 remaining.
Resuming from progress log: skipping 1 already-computed cell(s), 0 remaining.
Resuming from progress log: skipping 2 already-computed cell(s), 0 remaining.
Resuming from progress log: skipping 2 already-computed cell(s), 0 remaining.
Resuming from progress log: skipping 1 already-computed cell(s), 0 remaining.
Resuming from progress log: skipping 2 already-computed cell(s), 0 remaining.
Resuming from progress log: skipping 1 already-computed cell(s), 0 remaining.
Resuming from progress log: skipping 2 already-computed cell(s), 0 remaining.
Resuming from progress log: skipping 2 already-computed cell(s), 0 remaining.
Resuming from progress log: skipping 1 already-computed cell(s), 0 remaining.
Resuming from progress log: skipping 2 already-computed cell(s), 0 remaining.
Resuming from progress log: skipping 2 already-computed cell(s), 0 remaining.
Resuming from progress log: skipping 2 already-computed cell(s), 0 remaining.
Resuming from progress log: skipping 1 already-computed cell(s), 0 remaining.
Resuming from progress log: skipping 1 already-computed cell(s), 0 remaining.
Resuming from progress log: skipping 2 already-computed cell(s), 0 remaining.
Resuming from progress log: skipping 2 already-computed cell(s), 0 remaining.
Resuming from progress log: skipping 2 already-computed cell(s), 0 remaining.
Resuming from progress log: skipping 2 already-computed cell(s), 0 remaining.
Resuming from progress log: skipping 2 already-computed cell(s), 0 remaining.
Resuming from progress log: skipping 1 already-computed cell(s), 0 remaining.
Resuming from progress log: skipping 1 already-computed cell(s), 0 remaining.
Resuming from progress log: skipping 1 already-computed cell(s), 0 remaining.
Resuming from progress log: skipping 2 already-computed cell(s), 0 remaining.
Resuming from progress log: skipping 2 already-computed cell(s), 0 remaining.
Resuming from progress log: skipping 2 already-computed cell(s), 0 remaining.
Resuming from progress log: skipping 2 already-computed cell(s), 0 remaining.
Resuming from progress log: skipping 1 already-computed cell(s), 0 remaining.
Resuming from progress log: skipping 2 already-computed cell(s), 0 remaining.
Resuming from progress log: skipping 2 already-computed cell(s), 0 remaining.
Resuming from progress log: skipping 2 already-computed cell(s), 0 remaining.
Resuming from progress log: skipping 1 already-computed cell(s), 0 remaining.
Resuming from progress log: skipping 1 already-computed cell(s), 0 remaining.
Resuming from progress log: skipping 2 already-computed cell(s), 0 remaining.
Resuming from progress log: skipping 2 already-computed cell(s), 0 remaining.
Resuming from progress log: skipping 2 already-computed cell(s), 0 remaining.
[[1m[32m15:51:44[0m[1m[0m] [37mAnalytic (n_occ=0, t2=0.0) = 0.0[0m
[[1m[32m15:51:44[0m[1m[0m] [37mAnalytic (n_occ=0, t2=0.1) = 0.0[0m
[[1m[32m15:51:44[0m[1m[0m] [37mAnalytic (n_occ=0, t2=0.2) = 0.0[0m
[[1m[32m15:51:44[0m[1m[0m] [37mAnalytic (n_occ=0, t2=0.30000000000000004) = 0.0[0m
[[1m[32m15:51:44[0m[1m[0m] [37mAnalytic (n_occ=0, t2=0.4) = 0.0[0m
[[1m[32m15:51:44[0m[1m[0m] [37mAnalytic (n_occ=0, t2=0.5) = 0.0[0m
[[1m[32m15:51:44[0m[1m[0m] [37mAnalytic (n_occ=0, t2=0.6000000000000001) = 0.0[0m
[[1m[32m15:51:44[0m[1m[0m] [37mAnalytic (n_occ=0, t2=0.7000000000000001) = 0.0[0m
[[1m[32m15:51:44[0m[1m[0m] [37mAnalytic (n_occ=0, t2=0.8) = 0.0[0m
[[1m[32m15:51:44[0m[1m[0m] [37mAnalytic (n_occ=0, t2=0.9) = 0.0[0m
[[1m[32m15:51:44[0m[1m[0m] [37mAnalytic (n_occ=0, t2=1.0) = 0.0[0m
[[1m[32m15:51:44[0m[1m[0m] [37mAnalytic (n_occ=1, t2=0.0) = -3.0000000000000004[0m
[[1m[32m15:51:44[0m[1m[0m] [37mAnalytic (n_occ=1, t2=0.1) = -3.4242639814821487[0m
[[1m[32m15:51:44[0m[1m[0m] [37mAnalytic (n_occ=1, t2=0.2) = -3.8485279629642903[0m
[[1m[32m15:51:44[0m[1m[0m] [37mAnalytic (n_occ=1, t2=0.30000000000000004) = -4.272791944446436[0m
[[1m[32m15:51:44[0m[1m[0m] [37mAnalytic (n_occ=1, t2=0.4) = -4.697055925928576[0m
[[1m[32m15:51:44[0m[1m[0m] [37mAnalytic (n_occ=1, t2=0.5) = -5.121319907410726[0m
[[1m[32m15:51:44[0m[1m[0m] [37mAnalytic (n_occ=1, t2=0.6000000000000001) = -5.545583888892866[0m
[[1m[32m15:51:44[0m[1m[0m] [37mAnalytic (n_occ=1, t2=0.7000000000000001) = -5.969847870375013[0m
[[1m[32m15:51:44[0m[1m[0m] [37mAnalytic (n_occ=1, t2=0.8) = -6.394111851857154[0m
[[1m[32m15:51:44[0m[1m[0m] [37mAnalytic (n_occ=1, t2=0.9) = -6.818375833339301[0m
[[1m[32m15:51:44[0m[1m[0m] [37mAnalytic (n_occ=1, t2=1.0) = -7.242639814821445[0m
[[1m[32m15:51:44[0m[1m[0m] [37mAnalytic (n_occ=2, t2=0.0) = -4.000000000000001[0m
[[1m[32m15:51:44[0m[1m[0m] [37mAnalytic (n_occ=2, t2=0.1) = -4.282842654321435[0m
[[1m[32m15:51:44[0m[1m[0m] [37mAnalytic (n_occ=2, t2=0.2) = -4.565685308642861[0m
[[1m[32m15:51:44[0m[1m[0m] [37mAnalytic (n_occ=2, t2=0.30000000000000004) = -4.848527962964292[0m
[[1m[32m15:51:44[0m[1m[0m] [37mAnalytic (n_occ=2, t2=0.4) = -5.131370617285719[0m
[[1m[32m15:51:44[0m[1m[0m] [37mAnalytic (n_occ=2, t2=0.5) = -5.414213271607152[0m
[[1m[32m15:51:44[0m[1m[0m] [37mAnalytic (n_occ=2, t2=0.6000000000000001) = -5.697055925928578[0m
[[1m[32m15:51:44[0m[1m[0m] [37mAnalytic (n_occ=2, t2=0.7000000000000001) = -5.97989858025001[0m
[[1m[32m15:51:44[0m[1m[0m] [37mAnalytic (n_occ=2, t2=0.8) = -6.788223703714312[0m
[[1m[32m15:51:44[0m[1m[0m] [37mAnalytic (n_occ=2, t2=0.9) = -7.636751666678599[0m
[[1m[32m15:51:44[0m[1m[0m] [37mAnalytic (n_occ=2, t2=1.0) = -8.485279629642886[0m
[[1m[32m15:51:44[0m[1m[0m] [37mAnalytic (n_occ=3, t2=0.0) = -5.000000000000001[0m
[[1m[32m15:51:44[0m[1m[0m] [37mAnalytic (n_occ=3, t2=0.1) = -5.141421327160719[0m
[[1m[32m15:51:44[0m[1m[0m] [37mAnalytic (n_occ=3, t2=0.2) = -5.282842654321431[0m
[[1m[32m15:51:44[0m[1m[0m] [37mAnalytic (n_occ=3, t2=0.30000000000000004) = -5.424263981482148[0m
[[1m[32m15:51:44[0m[1m[0m] [37mAnalytic (n_occ=3, t2=0.4) = -5.56568530864286[0m
[[1m[32m15:51:44[0m[1m[0m] [37mAnalytic (n_occ=3, t2=0.5) = -5.707106635803578[0m
[[1m[32m15:51:44[0m[1m[0m] [37mAnalytic (n_occ=3, t2=0.6000000000000001) = -5.8485279629642895[0m
[[1m[32m15:51:44[0m[1m[0m] [37mAnalytic (n_occ=3, t2=0.7000000000000001) = -5.989949290125007[0m
[[1m[32m15:51:44[0m[1m[0m] [37mAnalytic (n_occ=3, t2=0.8) = -6.656853086428595[0m
[[1m[32m15:51:44[0m[1m[0m] [37mAnalytic (n_occ=3, t2=0.9) = -7.363959722232168[0m
[[1m[32m15:51:44[0m[1m[0m] [37mAnalytic (n_occ=3, t2=1.0) = -8.071066358035738[0m
[[1m[32m15:51:44[0m[1m[0m] [37mAnalytic (n_occ=4, t2=0.0) = -6.0[0m
[[1m[32m15:51:44[0m[1m[0m] [37mAnalytic (n_occ=4, t2=0.1) = -6.0000000000000036[0m
[[1m[32m15:51:44[0m[1m[0m] [37mAnalytic (n_occ=4, t2=0.2) = -6.000000000000001[0m
[[1m[32m15:51:44[0m[1m[0m] [37mAnalytic (n_occ=4, t2=0.30000000000000004) = -6.000000000000002[0m
[[1m[32m15:51:44[0m[1m[0m] [37mAnalytic (n_occ=4, t2=0.4) = -6.0[0m
[[1m[32m15:51:44[0m[1m[0m] [37mAnalytic (n_occ=4, t2=0.5) = -6.0000000000000036[0m
[[1m[32m15:51:44[0m[1m[0m] [37mAnalytic (n_occ=4, t2=0.6000000000000001) = -6.0[0m
[[1m[32m15:51:44[0m[1m[0m] [37mAnalytic (n_occ=4, t2=0.7000000000000001) = -6.000000000000003[0m
[[1m[32m15:51:44[0m[1m[0m] [37mAnalytic (n_occ=4, t2=0.8) = -6.525482469142876[0m
[[1m[32m15:51:44[0m[1m[0m] [37mAnalytic (n_occ=4, t2=0.9) = -7.091167777785735[0m
[[1m[32m15:51:44[0m[1m[0m] [37mAnalytic (n_occ=4, t2=1.0) = -7.65685308642859[0m
[[1m[32m15:51:44[0m[1m[0m] [37mAnalytic (n_occ=5, t2=0.0) = -5.0[0m
[[1m[32m15:51:44[0m[1m[0m] [37mAnalytic (n_occ=5, t2=0.1) = -4.858578672839289[0m
[[1m[32m15:51:44[0m[1m[0m] [37mAnalytic (n_occ=5, t2=0.2) = -4.717157345678571[0m
[[1m[32m15:51:44[0m[1m[0m] [37mAnalytic (n_occ=5, t2=0.30000000000000004) = -4.575736018517857[0m
[[1m[32m15:51:44[0m[1m[0m] [37mAnalytic (n_occ=5, t2=0.4) = -4.697055925928578[0m
[[1m[32m15:51:44[0m[1m[0m] [37mAnalytic (n_occ=5, t2=0.5) = -5.121319907410726[0m
[[1m[32m15:51:44[0m[1m[0m] [37mAnalytic (n_occ=5, t2=0.6000000000000001) = -5.5455838888928675[0m
[[1m[32m15:51:44[0m[1m[0m] [37mAnalytic (n_occ=5, t2=0.7000000000000001) = -5.9698478703750135[0m
[[1m[32m15:51:44[0m[1m[0m] [37mAnalytic (n_occ=5, t2=0.8) = -6.394111851857156[0m
[[1m[32m15:51:44[0m[1m[0m] [37mAnalytic (n_occ=5, t2=0.9) = -6.818375833339301[0m
[[1m[32m15:51:44[0m[1m[0m] [37mAnalytic (n_occ=5, t2=1.0) = -7.242639814821441[0m
[[1m[32m15:51:44[0m[1m[0m] [37mAnalytic (n_occ=6, t2=0.0) = -4.0[0m
[[1m[32m15:51:44[0m[1m[0m] [37mAnalytic (n_occ=6, t2=0.1) = -3.717157345678573[0m
[[1m[32m15:51:44[0m[1m[0m] [37mAnalytic (n_occ=6, t2=0.2) = -3.434314691357142[0m
[[1m[32m15:51:44[0m[1m[0m] [37mAnalytic (n_occ=6, t2=0.30000000000000004) = -3.1514720370357114[0m
[[1m[32m15:51:44[0m[1m[0m] [37mAnalytic (n_occ=6, t2=0.4) = -3.13137061728572[0m
[[1m[32m15:51:44[0m[1m[0m] [37mAnalytic (n_occ=6, t2=0.5) = -3.414213271607152[0m
[[1m[32m15:51:44[0m[1m[0m] [37mAnalytic (n_occ=6, t2=0.6000000000000001) = -3.69705592592858[0m
[[1m[32m15:51:44[0m[1m[0m] [37mAnalytic (n_occ=6, t2=0.7000000000000001) = -3.97989858025001[0m
[[1m[32m15:51:44[0m[1m[0m] [37mAnalytic (n_occ=6, t2=0.8) = -4.262741234571439[0m
[[1m[32m15:51:44[0m[1m[0m] [37mAnalytic (n_occ=6, t2=0.9) = -4.545583888892868[0m
[[1m[32m15:51:44[0m[1m[0m] [37mAnalytic (n_occ=6, t2=1.0) = -4.828426543214295[0m
[[1m[32m15:51:44[0m[1m[0m] [37mAnalytic (n_occ=7, t2=0.0) = -2.999999999999999[0m
[[1m[32m15:51:44[0m[1m[0m] [37mAnalytic (n_occ=7, t2=0.1) = -2.5757360185178575[0m
[[1m[32m15:51:44[0m[1m[0m] [37mAnalytic (n_occ=7, t2=0.2) = -2.1514720370357105[0m
[[1m[32m15:51:44[0m[1m[0m] [37mAnalytic (n_occ=7, t2=0.30000000000000004) = -1.727208055553565[0m
[[1m[32m15:51:44[0m[1m[0m] [37mAnalytic (n_occ=7, t2=0.4) = -1.5656853086428606[0m
[[1m[32m15:51:44[0m[1m[0m] [37mAnalytic (n_occ=7, t2=0.5) = -1.7071066358035767[0m
[[1m[32m15:51:44[0m[1m[0m] [37mAnalytic (n_occ=7, t2=0.6000000000000001) = -1.848527962964291[0m
[[1m[32m15:51:44[0m[1m[0m] [37mAnalytic (n_occ=7, t2=0.7000000000000001) = -1.989949290125006[0m
[[1m[32m15:51:44[0m[1m[0m] [37mAnalytic (n_occ=7, t2=0.8) = -2.1313706172857207[0m
[[1m[32m15:51:44[0m[1m[0m] [37mAnalytic (n_occ=7, t2=0.9) = -2.2727919444464355[0m
[[1m[32m15:51:44[0m[1m[0m] [37mAnalytic (n_occ=7, t2=1.0) = -2.4142132716071476[0m
[[1m[32m15:51:44[0m[1m[0m] [37mAnalytic (n_occ=8, t2=0.0) = -8.881784197001252e-16[0m
[[1m[32m15:51:44[0m[1m[0m] [37mAnalytic (n_occ=8, t2=0.1) = 0.0[0m
[[1m[32m15:51:44[0m[1m[0m] [37mAnalytic (n_occ=8, t2=0.2) = 8.881784197001252e-16[0m
[[1m[32m15:51:44[0m[1m[0m] [37mAnalytic (n_occ=8, t2=0.30000000000000004) = 8.881784197001252e-16[0m
[[1m[32m15:51:44[0m[1m[0m] [37mAnalytic (n_occ=8, t2=0.4) = -8.881784197001252e-16[0m
[[1m[32m15:51:44[0m[1m[0m] [37mAnalytic (n_occ=8, t2=0.5) = -1.7763568394002505e-15[0m
[[1m[32m15:51:44[0m[1m[0m] [37mAnalytic (n_occ=8, t2=0.6000000000000001) = -1.7763568394002505e-15[0m
[[1m[32m15:51:44[0m[1m[0m] [37mAnalytic (n_occ=8, t2=0.7000000000000001) = -8.881784197001252e-16[0m
[[1m[32m15:51:44[0m[1m[0m] [37mAnalytic (n_occ=8, t2=0.8) = -1.7763568394002505e-15[0m
[[1m[32m15:51:44[0m[1m[0m] [37mAnalytic (n_occ=8, t2=0.9) = 0.0[0m
[[1m[32m15:51:44[0m[1m[0m] [37mAnalytic (n_occ=8, t2=1.0) = -8.881784197001252e-16[0m
[[1m[32m15:51:45[0m[1m[0m] [37mIQPE (n_occ=0, t2=0.0) = -0.0[0m
[[1m[32m15:51:45[0m[1m[0m] [37mIQPE (n_occ=0, t2=0.1) = -0.0[0m
[[1m[32m15:51:45[0m[1m[0m] [37mIQPE (n_occ=0, t2=0.2) = -0.0[0m
[[1m[32m15:51:45[0m[1m[0m] [37mIQPE (n_occ=0, t2=0.30000000000000004) = -0.0[0m
[[1m[32m15:51:45[0m[1m[0m] [37mIQPE (n_occ=0, t2=0.4) = -0.0[0m
[[1m[32m15:51:45[0m[1m[0m] [37mIQPE (n_occ=0, t2=0.5) = -0.0[0m
[[1m[32m15:51:45[0m[1m[0m] [37mIQPE (n_occ=0, t2=0.6000000000000001) = -0.0[0m
[[1m[32m15:51:45[0m[1m[0m] [37mIQPE (n_occ=0, t2=0.7000000000000001) = -0.0[0m
[[1m[32m15:51:45[0m[1m[0m] [37mIQPE (n_occ=0, t2=0.8) = -0.0[0m
[[1m[32m15:51:45[0m[1m[0m] [37mIQPE (n_occ=0, t2=0.9) = -0.0[0m
[[1m[32m15:51:45[0m[1m[0m] [37mIQPE (n_occ=0, t2=1.0) = -0.0[0m
[[1m[32m15:51:45[0m[1m[0m] [37mIQPE (n_occ=1, t2=0.0) = -1.0799224746714915[0m
[[1m[32m15:51:45[0m[1m[0m] [37mIQPE (n_occ=1, t2=0.1) = -7.232208087951503[0m
[[1m[32m15:51:45[0m[1m[0m] [37mIQPE (n_occ=1, t2=0.2) = -7.1013083940519275[0m
[[1m[32m15:51:45[0m[1m[0m] [37mIQPE (n_occ=1, t2=0.30000000000000004) = -6.970408700152354[0m
[[1m[32m15:51:45[0m[1m[0m] [37mIQPE (n_occ=1, t2=0.4) = -0.5235987755982988[0m
[[1m[32m15:51:45[0m[1m[0m] [37mIQPE (n_occ=1, t2=0.5) = -0.35997415822383044[0m
[[1m[32m15:51:45[0m[1m[0m] [37mIQPE (n_occ=1, t2=0.6000000000000001) = -0.22907446432425574[0m
[[1m[32m15:51:45[0m[1m[0m] [37mIQPE (n_occ=1, t2=0.7000000000000001) = -0.09817477042468103[0m
[[1m[32m15:51:45[0m[1m[0m] [37mIQPE (n_occ=1, t2=0.8) = -6.250460383704692[0m
[[1m[32m15:51:45[0m[1m[0m] [37mIQPE (n_occ=1, t2=0.9) = -6.119560689805119[0m
[[1m[32m15:51:45[0m[1m[0m] [37mIQPE (n_occ=1, t2=1.0) = -5.955936072430649[0m
[[1m[32m15:51:45[0m[1m[0m] [37mIQPE (n_occ=2, t2=0.0) = -1.9634954084936205[0m
[[1m[32m15:51:45[0m[1m[0m] [37mIQPE (n_occ=2, t2=0.1) = -6.021385919380436[0m
[[1m[32m15:51:45[0m[1m[0m] [37mIQPE (n_occ=2, t2=0.2) = -7.821256710499589[0m
[[1m[32m15:51:45[0m[1m[0m] [37mIQPE (n_occ=2, t2=0.30000000000000004) = -7.526732399225547[0m
[[1m[32m15:51:45[0m[1m[0m] [37mIQPE (n_occ=2, t2=0.4) = -7.297657934901291[0m
[[1m[32m15:51:45[0m[1m[0m] [37mIQPE (n_occ=2, t2=0.5) = -7.0685834705770345[0m
[[1m[32m15:51:45[0m[1m[0m] [37mIQPE (n_occ=2, t2=0.6000000000000001) = -4.679664056909796[0m
[[1m[32m15:51:45[0m[1m[0m] [37mIQPE (n_occ=2, t2=0.7000000000000001) = -4.417864669110647[0m
[[1m[32m15:51:45[0m[1m[0m] [37mIQPE (n_occ=2, t2=0.8) = -6.250460383704692[0m
[[1m[32m15:51:45[0m[1m[0m] [37mIQPE (n_occ=2, t2=0.9) = -8.083056098298739[0m
[[1m[32m15:51:45[0m[1m[0m] [37mIQPE (n_occ=2, t2=1.0) = -5.726861608106393[0m
[[1m[32m15:51:45[0m[1m[0m] [37mIQPE (n_occ=3, t2=0.0) = -4.1887902047863905[0m
[[1m[32m15:51:45[0m[1m[0m] [37mIQPE (n_occ=3, t2=0.1) = -6.872233929727673[0m
[[1m[32m15:51:45[0m[1m[0m] [37mIQPE (n_occ=3, t2=0.2) = -6.414085001079161[0m
[[1m[32m15:51:45[0m[1m[0m] [37mIQPE (n_occ=3, t2=0.30000000000000004) = -6.103198228067671[0m
[[1m[32m15:51:45[0m[1m[0m] [37mIQPE (n_occ=3, t2=0.4) = -5.726861608106393[0m
[[1m[32m15:51:45[0m[1m[0m] [37mIQPE (n_occ=3, t2=0.5) = -6.119560689805119[0m
[[1m[32m15:51:45[0m[1m[0m] [37mIQPE (n_occ=3, t2=0.6000000000000001) = -6.250460383704692[0m
[[1m[32m15:51:45[0m[1m[0m] [37mIQPE (n_occ=3, t2=0.7000000000000001) = -6.4795348480289485[0m
[[1m[32m15:51:45[0m[1m[0m] [37mIQPE (n_occ=3, t2=0.8) = -4.074252972624263[0m
[[1m[32m15:51:45[0m[1m[0m] [37mIQPE (n_occ=3, t2=0.9) = -3.730641276137879[0m
[[1m[32m15:51:45[0m[1m[0m] [37mIQPE (n_occ=3, t2=1.0) = -3.3052172709642615[0m
[[1m[32m15:51:45[0m[1m[0m] [37mIQPE (n_occ=4, t2=0.0) = -4.1560652813114976[0m
[[1m[32m15:51:45[0m[1m[0m] [37mIQPE (n_occ=4, t2=0.1) = -1.6689710972195775[0m
[[1m[32m15:51:45[0m[1m[0m] [37mIQPE (n_occ=4, t2=0.2) = -1.1453723216212788[0m
[[1m[32m15:51:45[0m[1m[0m] [37mIQPE (n_occ=4, t2=0.30000000000000004) = -1.0635600129340446[0m
[[1m[32m15:51:45[0m[1m[0m] [37mIQPE (n_occ=4, t2=0.4) = -4.3360523604234125[0m
[[1m[32m15:51:45[0m[1m[0m] [37mIQPE (n_occ=4, t2=0.5) = -4.581489286485115[0m
[[1m[32m15:51:45[0m[1m[0m] [37mIQPE (n_occ=4, t2=0.6000000000000001) = -4.352414822160859[0m
[[1m[32m15:51:45[0m[1m[0m] [37mIQPE (n_occ=4, t2=0.7000000000000001) = -4.4505895925855405[0m
[[1m[32m15:51:45[0m[1m[0m] [37mIQPE (n_occ=4, t2=0.8) = -5.235987755982988[0m
[[1m[32m15:51:45[0m[1m[0m] [37mIQPE (n_occ=4, t2=0.9) = -4.025165587411922[0m
[[1m[32m15:51:45[0m[1m[0m] [37mIQPE (n_occ=4, t2=1.0) = -4.4505895925855405[0m
[[1m[32m15:51:45[0m[1m[0m] [37mIQPE (n_occ=5, t2=0.0) = -1.1453723216212788[0m
[[1m[32m15:51:45[0m[1m[0m] [37mIQPE (n_occ=5, t2=0.1) = -1.4889840181076623[0m
[[1m[32m15:51:45[0m[1m[0m] [37mIQPE (n_occ=5, t2=0.2) = -1.9634954084936205[0m
[[1m[32m15:51:45[0m[1m[0m] [37mIQPE (n_occ=5, t2=0.30000000000000004) = -2.2580197197676637[0m
[[1m[32m15:51:45[0m[1m[0m] [37mIQPE (n_occ=5, t2=0.4) = -2.699806186678728[0m
[[1m[32m15:51:45[0m[1m[0m] [37mIQPE (n_occ=5, t2=0.5) = -2.699806186678728[0m
[[1m[32m15:51:45[0m[1m[0m] [37mIQPE (n_occ=5, t2=0.6000000000000001) = -2.9125181892655374[0m
[[1m[32m15:51:45[0m[1m[0m] [37mIQPE (n_occ=5, t2=0.7000000000000001) = -3.861540970037454[0m
[[1m[32m15:51:45[0m[1m[0m] [37mIQPE (n_occ=5, t2=0.8) = -4.385139745635753[0m
[[1m[32m15:51:45[0m[1m[0m] [37mIQPE (n_occ=5, t2=0.9) = -4.7778388273344765[0m
[[1m[32m15:51:45[0m[1m[0m] [37mIQPE (n_occ=5, t2=1.0) = -5.07236313860852[0m
[[1m[32m15:51:45[0m[1m[0m] [37mIQPE (n_occ=6, t2=0.0) = -1.112647398146385[0m
[[1m[32m15:51:45[0m[1m[0m] [37mIQPE (n_occ=6, t2=0.1) = -4.4505895925855405[0m
[[1m[32m15:51:45[0m[1m[0m] [37mIQPE (n_occ=6, t2=0.2) = -0.5563236990731926[0m
[[1m[32m15:51:45[0m[1m[0m] [37mIQPE (n_occ=6, t2=0.30000000000000004) = -0.8508480103472357[0m
[[1m[32m15:51:45[0m[1m[0m] [37mIQPE (n_occ=6, t2=0.4) = -1.0799224746714915[0m
[[1m[32m15:51:45[0m[1m[0m] [37mIQPE (n_occ=6, t2=0.5) = -1.3089969389957472[0m
[[1m[32m15:51:45[0m[1m[0m] [37mIQPE (n_occ=6, t2=0.6000000000000001) = -3.6979163526629857[0m
[[1m[32m15:51:45[0m[1m[0m] [37mIQPE (n_occ=6, t2=0.7000000000000001) = -3.9597157404621353[0m
[[1m[32m15:51:45[0m[1m[0m] [37mIQPE (n_occ=6, t2=0.8) = -2.127120025868089[0m
[[1m[32m15:51:45[0m[1m[0m] [37mIQPE (n_occ=6, t2=0.9) = -0.2945243112740431[0m
[[1m[32m15:51:45[0m[1m[0m] [37mIQPE (n_occ=6, t2=1.0) = -2.650718801466388[0m
[[1m[32m15:51:45[0m[1m[0m] [37mIQPE (n_occ=7, t2=0.0) = -1.0799224746714915[0m
[[1m[32m15:51:45[0m[1m[0m] [37mIQPE (n_occ=7, t2=0.1) = -1.1453723216212788[0m
[[1m[32m15:51:45[0m[1m[0m] [37mIQPE (n_occ=7, t2=0.2) = -1.2762720155208533[0m
[[1m[32m15:51:45[0m[1m[0m] [37mIQPE (n_occ=7, t2=0.30000000000000004) = -1.4071717094204281[0m
[[1m[32m15:51:45[0m[1m[0m] [37mIQPE (n_occ=7, t2=0.4) = -7.853981633974482[0m
[[1m[32m15:51:45[0m[1m[0m] [37mIQPE (n_occ=7, t2=0.5) = -8.017606251348951[0m
[[1m[32m15:51:45[0m[1m[0m] [37mIQPE (n_occ=7, t2=0.6000000000000001) = -8.148505945248525[0m
[[1m[32m15:51:45[0m[1m[0m] [37mIQPE (n_occ=7, t2=0.7000000000000001) = -8.2794056391481[0m
[[1m[32m15:51:45[0m[1m[0m] [37mIQPE (n_occ=7, t2=0.8) = -2.0943951023931953[0m
[[1m[32m15:51:45[0m[1m[0m] [37mIQPE (n_occ=7, t2=0.9) = -2.2580197197676637[0m
[[1m[32m15:51:45[0m[1m[0m] [37mIQPE (n_occ=7, t2=1.0) = -2.421644337142132[0m
[[1m[32m15:51:45[0m[1m[0m] [37mIQPE (n_occ=8, t2=0.0) = -0.0[0m
[[1m[32m15:51:45[0m[1m[0m] [37mIQPE (n_occ=8, t2=0.1) = -0.0[0m
[[1m[32m15:51:45[0m[1m[0m] [37mIQPE (n_occ=8, t2=0.2) = -0.0[0m
[[1m[32m15:51:45[0m[1m[0m] [37mIQPE (n_occ=8, t2=0.30000000000000004) = -0.0[0m
[[1m[32m15:51:45[0m[1m[0m] [37mIQPE (n_occ=8, t2=0.4) = -0.0[0m
[[1m[32m15:51:45[0m[1m[0m] [37mIQPE (n_occ=8, t2=0.5) = -0.0[0m
[[1m[32m15:51:45[0m[1m[0m] [37mIQPE (n_occ=8, t2=0.6000000000000001) = -0.0[0m
[[1m[32m15:51:45[0m[1m[0m] [37mIQPE (n_occ=8, t2=0.7000000000000001) = -0.0[0m
[[1m[32m15:51:45[0m[1m[0m] [37mIQPE (n_occ=8, t2=0.8) = -0.0[0m
[[1m[32m15:51:45[0m[1m[0m] [37mIQPE (n_occ=8, t2=0.9) = -0.0[0m
[[1m[32m15:51:45[0m[1m[0m] [37mIQPE (n_occ=8, t2=1.0) = -0.0[0m
Completed analytic run at Fri Jul 10 03:51:45 PM PDT 2026
  summary: /pscratch/sd/m/mbao202/NNL-P7/manuscript-plots/logs/haldane/2x2/ground-state-energy/nocc-vs-t2/simulated-ideal-analytic-E-nocc-vs-t2.json
  plot:    /pscratch/sd/m/mbao202/NNL-P7/manuscript-plots/plots/haldane/2x2/ground-state-energy/nocc-vs-t2/simulated-ideal-analytic-E-nocc-vs-t2.pdf
[[1m[32m15:51:45[0m[1m[0m] [37mDMRG (n_occ=0, t2=0.0) = 0.0[0m
[[1m[32m15:51:45[0m[1m[0m] [37mDMRG (n_occ=0, t2=0.1) = 0.0[0m
[[1m[32m15:51:45[0m[1m[0m] [37mDMRG (n_occ=0, t2=0.2) = 0.0[0m
[[1m[32m15:51:45[0m[1m[0m] [37mDMRG (n_occ=0, t2=0.30000000000000004) = 0.0[0m
[[1m[32m15:51:45[0m[1m[0m] [37mDMRG (n_occ=0, t2=0.4) = 0.0[0m
[[1m[32m15:51:45[0m[1m[0m] [37mDMRG (n_occ=0, t2=0.5) = 0.0[0m
[[1m[32m15:51:45[0m[1m[0m] [37mDMRG (n_occ=0, t2=0.6000000000000001) = 0.0[0m
[[1m[32m15:51:45[0m[1m[0m] [37mDMRG (n_occ=0, t2=0.7000000000000001) = 0.0[0m
[[1m[32m15:51:45[0m[1m[0m] [37mDMRG (n_occ=0, t2=0.8) = 0.0[0m
[[1m[32m15:51:45[0m[1m[0m] [37mDMRG (n_occ=0, t2=0.9) = 0.0[0m
[[1m[32m15:51:45[0m[1m[0m] [37mDMRG (n_occ=0, t2=1.0) = 0.0[0m
[[1m[32m15:51:45[0m[1m[0m] [37mDMRG (n_occ=1, t2=0.0) = -2.9999999943035394[0m
[[1m[32m15:51:45[0m[1m[0m] [37mDMRG (n_occ=1, t2=0.1) = -3.424263981107946[0m
[[1m[32m15:51:45[0m[1m[0m] [37mDMRG (n_occ=1, t2=0.2) = -3.8485279625116844[0m
[[1m[32m15:51:45[0m[1m[0m] [37mDMRG (n_occ=1, t2=0.30000000000000004) = -4.272791944443952[0m
[[1m[32m15:51:45[0m[1m[0m] [37mDMRG (n_occ=1, t2=0.4) = -4.697055925928064[0m
[[1m[32m15:51:45[0m[1m[0m] [37mDMRG (n_occ=1, t2=0.5) = -5.121319907409988[0m
[[1m[32m15:51:45[0m[1m[0m] [37mDMRG (n_occ=1, t2=0.6000000000000001) = -5.545583888892778[0m
[[1m[32m15:51:45[0m[1m[0m] [37mDMRG (n_occ=1, t2=0.7000000000000001) = -5.96984787037501[0m
[[1m[32m15:51:45[0m[1m[0m] [37mDMRG (n_occ=1, t2=0.8) = -6.394111851857073[0m
[[1m[32m15:51:45[0m[1m[0m] [37mDMRG (n_occ=1, t2=0.9) = -6.818375833338765[0m
[[1m[32m15:51:45[0m[1m[0m] [37mDMRG (n_occ=1, t2=1.0) = -7.242639814748387[0m
[[1m[32m15:51:45[0m[1m[0m] [37mDMRG (n_occ=2, t2=0.0) = -3.9999999998406457[0m
[[1m[32m15:51:45[0m[1m[0m] [37mDMRG (n_occ=2, t2=0.1) = -4.282842654294638[0m
[[1m[32m15:51:45[0m[1m[0m] [37mDMRG (n_occ=2, t2=0.2) = -4.5656853086427525[0m
[[1m[32m15:51:45[0m[1m[0m] [37mDMRG (n_occ=2, t2=0.30000000000000004) = -4.8485279629642895[0m
[[1m[32m15:51:45[0m[1m[0m] [37mDMRG (n_occ=2, t2=0.4) = -5.13137061728571[0m
[[1m[32m15:51:45[0m[1m[0m] [37mDMRG (n_occ=2, t2=0.5) = -5.414213271583098[0m
[[1m[32m15:51:45[0m[1m[0m] [37mDMRG (n_occ=2, t2=0.6000000000000001) = -5.697055924448568[0m
[[1m[32m15:51:45[0m[1m[0m] [37mDMRG (n_occ=2, t2=0.7000000000000001) = -5.979874025371187[0m
[[1m[32m15:51:45[0m[1m[0m] [37mDMRG (n_occ=2, t2=0.8) = -6.787047594632996[0m
[[1m[32m15:51:45[0m[1m[0m] [37mDMRG (n_occ=2, t2=0.9) = -7.636750925895753[0m
[[1m[32m15:51:45[0m[1m[0m] [37mDMRG (n_occ=2, t2=1.0) = -8.485278979954728[0m
[[1m[32m15:51:45[0m[1m[0m] [37mDMRG (n_occ=3, t2=0.0) = -4.999999999995522[0m
[[1m[32m15:51:45[0m[1m[0m] [37mDMRG (n_occ=3, t2=0.1) = -5.141421326996257[0m
[[1m[32m15:51:45[0m[1m[0m] [37mDMRG (n_occ=3, t2=0.2) = -5.282842654319355[0m
[[1m[32m15:51:45[0m[1m[0m] [37mDMRG (n_occ=3, t2=0.30000000000000004) = -5.424263972216949[0m
[[1m[32m15:51:45[0m[1m[0m] [37mDMRG (n_occ=3, t2=0.4) = -5.565685308642827[0m
[[1m[32m15:51:45[0m[1m[0m] [37mDMRG (n_occ=3, t2=0.5) = -5.707106635493845[0m
[[1m[32m15:51:45[0m[1m[0m] [37mDMRG (n_occ=3, t2=0.6000000000000001) = -5.8485268572009685[0m
[[1m[32m15:51:45[0m[1m[0m] [37mDMRG (n_occ=3, t2=0.7000000000000001) = -5.9889757704781985[0m
[[1m[32m15:51:45[0m[1m[0m] [37mDMRG (n_occ=3, t2=0.8) = -6.656839131103331[0m
[[1m[32m15:51:45[0m[1m[0m] [37mDMRG (n_occ=3, t2=0.9) = -7.36395971785211[0m
[[1m[32m15:51:45[0m[1m[0m] [37mDMRG (n_occ=3, t2=1.0) = -8.071066356106934[0m
[[1m[32m15:51:45[0m[1m[0m] [37mDMRG (n_occ=4, t2=0.0) = -5.999999999999351[0m
[[1m[32m15:51:45[0m[1m[0m] [37mDMRG (n_occ=4, t2=0.1) = -5.999999999985461[0m
[[1m[32m15:51:45[0m[1m[0m] [37mDMRG (n_occ=4, t2=0.2) = -5.999999999997854[0m
[[1m[32m15:51:45[0m[1m[0m] [37mDMRG (n_occ=4, t2=0.30000000000000004) = -5.9999999999999165[0m
[[1m[32m15:51:45[0m[1m[0m] [37mDMRG (n_occ=4, t2=0.4) = -5.999999999998147[0m
[[1m[32m15:51:45[0m[1m[0m] [37mDMRG (n_occ=4, t2=0.5) = -5.999999999904527[0m
[[1m[32m15:51:45[0m[1m[0m] [37mDMRG (n_occ=4, t2=0.6000000000000001) = -5.999999860584065[0m
[[1m[32m15:51:45[0m[1m[0m] [37mDMRG (n_occ=4, t2=0.7000000000000001) = -5.98771380994202[0m
[[1m[32m15:51:45[0m[1m[0m] [37mDMRG (n_occ=4, t2=0.8) = -6.5254803004621[0m
[[1m[32m15:51:45[0m[1m[0m] [37mDMRG (n_occ=4, t2=0.9) = -7.091167777482745[0m
[[1m[32m15:51:45[0m[1m[0m] [37mDMRG (n_occ=4, t2=1.0) = -7.656853084320465[0m
[[1m[32m15:51:45[0m[1m[0m] [37mDMRG (n_occ=5, t2=0.0) = -4.9999999998992495[0m
[[1m[32m15:51:45[0m[1m[0m] [37mDMRG (n_occ=5, t2=0.1) = -4.858578672833366[0m
[[1m[32m15:51:45[0m[1m[0m] [37mDMRG (n_occ=5, t2=0.2) = -4.717157295220275[0m
[[1m[32m15:51:45[0m[1m[0m] [37mDMRG (n_occ=5, t2=0.30000000000000004) = -4.575735588236795[0m
[[1m[32m15:51:45[0m[1m[0m] [37mDMRG (n_occ=5, t2=0.4) = -4.695775837804252[0m
[[1m[32m15:51:45[0m[1m[0m] [37mDMRG (n_occ=5, t2=0.5) = -5.121316189543009[0m
[[1m[32m15:51:45[0m[1m[0m] [37mDMRG (n_occ=5, t2=0.6000000000000001) = -5.545583755421182[0m
[[1m[32m15:51:45[0m[1m[0m] [37mDMRG (n_occ=5, t2=0.7000000000000001) = -5.969847819958972[0m
[[1m[32m15:51:45[0m[1m[0m] [37mDMRG (n_occ=5, t2=0.8) = -4.394111713030548[0m
[[1m[32m15:51:45[0m[1m[0m] [37mDMRG (n_occ=5, t2=0.9) = -6.818370480713966[0m
[[1m[32m15:51:45[0m[1m[0m] [37mDMRG (n_occ=5, t2=1.0) = -5.242629226590973[0m
[[1m[32m15:51:45[0m[1m[0m] [37mDMRG (n_occ=6, t2=0.0) = -3.9999999998406466[0m
[[1m[32m15:51:45[0m[1m[0m] [37mDMRG (n_occ=6, t2=0.1) = -3.7171573136684155[0m
[[1m[32m15:51:45[0m[1m[0m] [37mDMRG (n_occ=6, t2=0.2) = -3.434314550069117[0m
[[1m[32m15:51:45[0m[1m[0m] [37mDMRG (n_occ=6, t2=0.30000000000000004) = -3.151471636121446[0m
[[1m[32m15:51:45[0m[1m[0m] [37mDMRG (n_occ=6, t2=0.4) = -3.1313691226273264[0m
[[1m[32m15:51:45[0m[1m[0m] [37mDMRG (n_occ=6, t2=0.5) = -3.414213270233165[0m
[[1m[32m15:51:45[0m[1m[0m] [37mDMRG (n_occ=6, t2=0.6000000000000001) = -3.6970559245149435[0m
[[1m[32m15:51:45[0m[1m[0m] [37mDMRG (n_occ=6, t2=0.7000000000000001) = -3.9798985631647334[0m
[[1m[32m15:51:45[0m[1m[0m] [37mDMRG (n_occ=6, t2=0.8) = -4.262741106177126[0m
[[1m[32m15:51:45[0m[1m[0m] [37mDMRG (n_occ=6, t2=0.9) = -4.545583258612369[0m
[[1m[32m15:51:45[0m[1m[0m] [37mDMRG (n_occ=6, t2=1.0) = -4.828426528663032[0m
[[1m[32m15:51:45[0m[1m[0m] [37mDMRG (n_occ=7, t2=0.0) = -2.99999999124084[0m
[[1m[32m15:51:45[0m[1m[0m] [37mDMRG (n_occ=7, t2=0.1) = -2.5757359137916747[0m
[[1m[32m15:51:45[0m[1m[0m] [37mDMRG (n_occ=7, t2=0.2) = -2.151465310559603[0m
[[1m[32m15:51:45[0m[1m[0m] [37mDMRG (n_occ=7, t2=0.30000000000000004) = -1.7267900012545963[0m
[[1m[32m15:51:45[0m[1m[0m] [37mDMRG (n_occ=7, t2=0.4) = -1.565685173208536[0m
[[1m[32m15:51:45[0m[1m[0m] [37mDMRG (n_occ=7, t2=0.5) = -1.7071064047036741[0m
[[1m[32m15:51:45[0m[1m[0m] [37mDMRG (n_occ=7, t2=0.6000000000000001) = -1.8485233936800822[0m
[[1m[32m15:51:45[0m[1m[0m] [37mDMRG (n_occ=7, t2=0.7000000000000001) = -1.9899467343499224[0m
[[1m[32m15:51:45[0m[1m[0m] [37mDMRG (n_occ=7, t2=0.8) = -2.1313690019160125[0m
[[1m[32m15:51:45[0m[1m[0m] [37mDMRG (n_occ=7, t2=0.9) = -2.272788368613883[0m
[[1m[32m15:51:45[0m[1m[0m] [37mDMRG (n_occ=7, t2=1.0) = -1.4142132716071483[0m
[[1m[32m15:51:45[0m[1m[0m] [37mDMRG (n_occ=8, t2=0.0) = 0.0[0m
[[1m[32m15:51:45[0m[1m[0m] [37mDMRG (n_occ=8, t2=0.1) = 0.0[0m
[[1m[32m15:51:45[0m[1m[0m] [37mDMRG (n_occ=8, t2=0.2) = 0.0[0m
[[1m[32m15:51:45[0m[1m[0m] [37mDMRG (n_occ=8, t2=0.30000000000000004) = 0.0[0m
[[1m[32m15:51:45[0m[1m[0m] [37mDMRG (n_occ=8, t2=0.4) = 0.0[0m
[[1m[32m15:51:45[0m[1m[0m] [37mDMRG (n_occ=8, t2=0.5) = 0.0[0m
[[1m[32m15:51:45[0m[1m[0m] [37mDMRG (n_occ=8, t2=0.6000000000000001) = 0.0[0m
[[1m[32m15:51:45[0m[1m[0m] [37mDMRG (n_occ=8, t2=0.7000000000000001) = 0.0[0m
[[1m[32m15:51:45[0m[1m[0m] [37mDMRG (n_occ=8, t2=0.8) = 0.0[0m
[[1m[32m15:51:45[0m[1m[0m] [37mDMRG (n_occ=8, t2=0.9) = 0.0[0m
[[1m[32m15:51:45[0m[1m[0m] [37mDMRG (n_occ=8, t2=1.0) = 0.0[0m
Completed iqpe run at Fri Jul 10 03:51:46 PM PDT 2026
  summary: /pscratch/sd/m/mbao202/NNL-P7/manuscript-plots/logs/haldane/2x2/ground-state-energy/nocc-vs-t2/simulated-ideal-iqpe-E-nocc-vs-t2.json
  plot:    /pscratch/sd/m/mbao202/NNL-P7/manuscript-plots/plots/haldane/2x2/ground-state-energy/nocc-vs-t2/simulated-ideal-iqpe-E-nocc-vs-t2.pdf
Completed dmrg run at Fri Jul 10 03:51:46 PM PDT 2026
  summary: /pscratch/sd/m/mbao202/NNL-P7/manuscript-plots/logs/haldane/2x2/ground-state-energy/nocc-vs-t2/simulated-ideal-dmrg-E-nocc-vs-t2.json
  plot:    /pscratch/sd/m/mbao202/NNL-P7/manuscript-plots/plots/haldane/2x2/ground-state-energy/nocc-vs-t2/simulated-ideal-dmrg-E-nocc-vs-t2.pdf
[[2m[37m16:06:51[0m[2m[0m] [2mVQE (lattice=(2, 2), n_occ=4, t1=1, phi=0.785398, M=0, boundary=periodic, t2=0, repetition=1) = -5.023193359375[0m
[[2m[37m16:07:18[0m[2m[0m] [2mVQE (lattice=(2, 2), n_occ=5, t1=1, phi=0.785398, M=0, boundary=periodic, t2=0, repetition=1) = -4.396484375[0m
[[2m[37m16:22:00[0m[2m[0m] [2mVQE (lattice=(2, 2), n_occ=4, t1=1, phi=0.785398, M=0, boundary=periodic, t2=0, repetition=2) = -4.91259765625[0m
[[2m[37m16:23:07[0m[2m[0m] [2mVQE (lattice=(2, 2), n_occ=5, t1=1, phi=0.785398, M=0, boundary=periodic, t2=0, repetition=2) = -4.56396484375[0m
[[2m[37m16:23:13[0m[2m[0m] [2mVQE (lattice=(2, 2), n_occ=3, t1=1, phi=0.785398, M=0, boundary=periodic, t2=0.7, repetition=1) = -5.071501873487646[0m
[[2m[37m16:24:05[0m[2m[0m] [2mVQE (lattice=(2, 2), n_occ=4, t1=1, phi=0.785398, M=0, boundary=periodic, t2=0.7, repetition=1) = -4.701920448431008[0m
[[2m[37m16:24:06[0m[2m[0m] [2mVQE (lattice=(2, 2), n_occ=3, t1=1, phi=0.785398, M=0, boundary=periodic, t2=0.3, repetition=1) = -4.342103072713759[0m
[[2m[37m16:24:14[0m[2m[0m] [2mVQE (lattice=(2, 2), n_occ=3, t1=1, phi=0.785398, M=0, boundary=periodic, t2=0.4, repetition=1) = -5.089258831260465[0m
[[2m[37m16:24:18[0m[2m[0m] [2mVQE (lattice=(2, 2), n_occ=4, t1=1, phi=0.785398, M=0, boundary=periodic, t2=0.4, repetition=1) = -3.9419861006224197[0m
[[2m[37m16:24:23[0m[2m[0m] [2mVQE (lattice=(2, 2), n_occ=3, t1=1, phi=0.785398, M=0, boundary=periodic, t2=0.2, repetition=1) = -4.925786567202359[0m
[[2m[37m16:24:29[0m[2m[0m] [2mVQE (lattice=(2, 2), n_occ=3, t1=1, phi=0.785398, M=0, boundary=periodic, t2=1, repetition=1) = -7.267187832915325[0m
[[2m[37m16:24:36[0m[2m[0m] [2mVQE (lattice=(2, 2), n_occ=4, t1=1, phi=0.785398, M=0, boundary=periodic, t2=0.9, repetition=1) = -5.913132068082107[0m
[[2m[37m16:24:37[0m[2m[0m] [2mVQE (lattice=(2, 2), n_occ=3, t1=1, phi=0.785398, M=0, boundary=periodic, t2=0.5, repetition=1) = -5.265233297956698[0m
[[2m[37m16:24:43[0m[2m[0m] [2mVQE (lattice=(2, 2), n_occ=3, t1=1, phi=0.785398, M=0, boundary=periodic, t2=0.9, repetition=1) = -6.5461693766359375[0m
[[2m[37m16:24:47[0m[2m[0m] [2mVQE (lattice=(2, 2), n_occ=3, t1=1, phi=0.785398, M=0, boundary=periodic, t2=0.6, repetition=1) = -5.529477208027121[0m
[[2m[37m16:24:55[0m[2m[0m] [2mVQE (lattice=(2, 2), n_occ=3, t1=1, phi=0.785398, M=0, boundary=periodic, t2=0.8, repetition=1) = -5.836485668469147[0m
[[2m[37m16:24:58[0m[2m[0m] [2mVQE (lattice=(2, 2), n_occ=4, t1=1, phi=0.785398, M=0, boundary=periodic, t2=0.3, repetition=1) = -4.97737537579569[0m
[[2m[37m16:25:02[0m[2m[0m] [2mVQE (lattice=(2, 2), n_occ=4, t1=1, phi=0.785398, M=0, boundary=periodic, t2=0.6, repetition=1) = -4.946394312518365[0m
[[2m[37m16:25:08[0m[2m[0m] [2mVQE (lattice=(2, 2), n_occ=5, t1=1, phi=0.785398, M=0, boundary=periodic, t2=0.4, repetition=1) = -3.5546948744947704[0m
[[2m[37m16:25:08[0m[2m[0m] [2mVQE (lattice=(2, 2), n_occ=4, t1=1, phi=0.785398, M=0, boundary=periodic, t2=0.8, repetition=1) = -5.826912534606386[0m
[[2m[37m16:25:08[0m[2m[0m] [2mVQE (lattice=(2, 2), n_occ=5, t1=1, phi=0.785398, M=0, boundary=periodic, t2=0.5, repetition=1) = -4.313766452102293[0m
[[2m[37m16:25:13[0m[2m[0m] [2mVQE (lattice=(2, 2), n_occ=4, t1=1, phi=0.785398, M=0, boundary=periodic, t2=1, repetition=1) = -6.168660787482014[0m
[[2m[37m16:25:15[0m[2m[0m] [2mVQE (lattice=(2, 2), n_occ=4, t1=1, phi=0.785398, M=0, boundary=periodic, t2=0.2, repetition=1) = -4.679100523968052[0m
[[2m[37m16:25:46[0m[2m[0m] [2mVQE (lattice=(2, 2), n_occ=5, t1=1, phi=0.785398, M=0, boundary=periodic, t2=0.7, repetition=1) = -4.590345617611795[0m
[[2m[37m16:25:53[0m[2m[0m] [2mVQE (lattice=(2, 2), n_occ=5, t1=1, phi=0.785398, M=0, boundary=periodic, t2=0.6, repetition=1) = -4.2608460743568966[0m
[[2m[37m16:26:02[0m[2m[0m] [2mVQE (lattice=(2, 2), n_occ=4, t1=1, phi=0.785398, M=0, boundary=periodic, t2=0.1, repetition=1) = -5.066399409677028[0m
[[2m[37m16:26:03[0m[2m[0m] [2mVQE (lattice=(2, 2), n_occ=5, t1=1, phi=0.785398, M=0, boundary=periodic, t2=0.8, repetition=1) = -5.148252151395762[0m
[[2m[37m16:26:24[0m[2m[0m] [2mVQE (lattice=(2, 2), n_occ=4, t1=1, phi=0.785398, M=0, boundary=periodic, t2=0.5, repetition=1) = -5.095318704336897[0m
[[2m[37m16:26:40[0m[2m[0m] [2mVQE (lattice=(2, 2), n_occ=5, t1=1, phi=0.785398, M=0, boundary=periodic, t2=0.3, repetition=1) = -3.9908761627418197[0m
[[2m[37m16:27:00[0m[2m[0m] [2mVQE (lattice=(2, 2), n_occ=5, t1=1, phi=0.785398, M=0, boundary=periodic, t2=0.2, repetition=1) = -4.390886775896622[0m
[[2m[37m16:27:21[0m[2m[0m] [2mVQE (lattice=(2, 2), n_occ=5, t1=1, phi=0.785398, M=0, boundary=periodic, t2=0.1, repetition=1) = -4.3777136474456695[0m
[[2m[37m16:36:54[0m[2m[0m] [2mVQE (lattice=(2, 2), n_occ=4, t1=1, phi=0.785398, M=0, boundary=periodic, t2=0, repetition=3) = -4.465576171875[0m
[[2m[37m16:38:50[0m[2m[0m] [2mVQE (lattice=(2, 2), n_occ=5, t1=1, phi=0.785398, M=0, boundary=periodic, t2=0, repetition=3) = -4.40869140625[0m
[[2m[37m16:52:08[0m[2m[0m] [2mVQE (lattice=(2, 2), n_occ=4, t1=1, phi=0.785398, M=0, boundary=periodic, t2=0, repetition=4) = -5.2412109375[0m
[[2m[37m16:54:15[0m[2m[0m] [2mVQE (lattice=(2, 2), n_occ=0, t1=1, phi=0.785398, M=0, boundary=periodic, t2=0, repetition=1) = 0.022216796875[0m
[[2m[37m16:54:24[0m[2m[0m] [2mVQE (lattice=(2, 2), n_occ=1, t1=1, phi=0.785398, M=0, boundary=periodic, t2=0, repetition=1) = -2.800048828125[0m
[[2m[37m16:54:36[0m[2m[0m] [2mVQE (lattice=(2, 2), n_occ=5, t1=1, phi=0.785398, M=0, boundary=periodic, t2=0, repetition=4) = -4.0634765625[0m
[[2m[37m16:55:11[0m[2m[0m] [2mVQE (lattice=(2, 2), n_occ=2, t1=1, phi=0.785398, M=0, boundary=periodic, t2=0, repetition=1) = -3.848388671875[0m
[[2m[37m16:55:41[0m[2m[0m] [2mVQE (lattice=(2, 2), n_occ=3, t1=1, phi=0.785398, M=0, boundary=periodic, t2=0.7, repetition=2) = -5.348817460645665[0m
[[2m[37m16:55:55[0m[2m[0m] [2mVQE (lattice=(2, 2), n_occ=3, t1=1, phi=0.785398, M=0, boundary=periodic, t2=0, repetition=1) = -4.549072265625[0m
[[2m[37m16:56:40[0m[2m[0m] [2mVQE (lattice=(2, 2), n_occ=3, t1=1, phi=0.785398, M=0, boundary=periodic, t2=0.4, repetition=2) = -5.058838709883356[0m
[[2m[37m16:56:59[0m[2m[0m] [2mVQE (lattice=(2, 2), n_occ=3, t1=1, phi=0.785398, M=0, boundary=periodic, t2=0.5, repetition=2) = -4.818106844076628[0m
[[2m[37m16:57:13[0m[2m[0m] [2mVQE (lattice=(2, 2), n_occ=4, t1=1, phi=0.785398, M=0, boundary=periodic, t2=0.9, repetition=2) = -5.251491201788498[0m
[[2m[37m16:57:14[0m[2m[0m] [2mVQE (lattice=(2, 2), n_occ=3, t1=1, phi=0.785398, M=0, boundary=periodic, t2=0.3, repetition=2) = -5.04876608104624[0m
[[2m[37m16:57:15[0m[2m[0m] [2mVQE (lattice=(2, 2), n_occ=7, t1=1, phi=0.785398, M=0, boundary=periodic, t2=0, repetition=1) = -2.294189453125[0m
[[2m[37m16:57:16[0m[2m[0m] [2mVQE (lattice=(2, 2), n_occ=8, t1=1, phi=0.785398, M=0, boundary=periodic, t2=0, repetition=1) = 0.0576171875[0m
[[2m[37m16:57:16[0m[2m[0m] [2mVQE (lattice=(2, 2), n_occ=4, t1=1, phi=0.785398, M=0, boundary=periodic, t2=0.6, repetition=2) = -3.8865151434110308[0m
[[2m[37m16:57:20[0m[2m[0m] [2mVQE (lattice=(2, 2), n_occ=3, t1=1, phi=0.785398, M=0, boundary=periodic, t2=0.2, repetition=2) = -4.826270088734933[0m
[[2m[37m16:57:25[0m[2m[0m] [2mVQE (lattice=(2, 2), n_occ=3, t1=1, phi=0.785398, M=0, boundary=periodic, t2=0.9, repetition=2) = -6.7154370389904905[0m
[[2m[37m16:57:28[0m[2m[0m] [2mVQE (lattice=(2, 2), n_occ=3, t1=1, phi=0.785398, M=0, boundary=periodic, t2=0.6, repetition=2) = -5.194345850334197[0m
[[2m[37m16:57:35[0m[2m[0m] [2mVQE (lattice=(2, 2), n_occ=4, t1=1, phi=0.785398, M=0, boundary=periodic, t2=1, repetition=2) = -5.248132823205666[0m
[[2m[37m16:57:38[0m[2m[0m] [2mVQE (lattice=(2, 2), n_occ=6, t1=1, phi=0.785398, M=0, boundary=periodic, t2=0, repetition=1) = -3.242431640625[0m
[[2m[37m16:57:39[0m[2m[0m] [2mVQE (lattice=(2, 2), n_occ=3, t1=1, phi=0.785398, M=0, boundary=periodic, t2=1, repetition=2) = -7.324554689620036[0m
[[2m[37m16:57:40[0m[2m[0m] [2mVQE (lattice=(2, 2), n_occ=4, t1=1, phi=0.785398, M=0, boundary=periodic, t2=0.7, repetition=2) = -4.749699724493446[0m
[[2m[37m16:58:00[0m[2m[0m] [2mVQE (lattice=(2, 2), n_occ=4, t1=1, phi=0.785398, M=0, boundary=periodic, t2=0.8, repetition=2) = -5.135912971589474[0m
[[2m[37m16:58:04[0m[2m[0m] [2mVQE (lattice=(2, 2), n_occ=4, t1=1, phi=0.785398, M=0, boundary=periodic, t2=0.4, repetition=2) = -5.086432487883824[0m
[[2m[37m16:58:13[0m[2m[0m] [2mVQE (lattice=(2, 2), n_occ=3, t1=1, phi=0.785398, M=0, boundary=periodic, t2=0.8, repetition=2) = -5.520356229026657[0m
[[2m[37m16:58:31[0m[2m[0m] [2mVQE (lattice=(2, 2), n_occ=5, t1=1, phi=0.785398, M=0, boundary=periodic, t2=0.5, repetition=2) = -3.673392539884624[0m
[[2m[37m16:58:42[0m[2m[0m] [2mVQE (lattice=(2, 2), n_occ=4, t1=1, phi=0.785398, M=0, boundary=periodic, t2=0.5, repetition=2) = -4.059101875211445[0m
[[2m[37m16:58:48[0m[2m[0m] [2mVQE (lattice=(2, 2), n_occ=4, t1=1, phi=0.785398, M=0, boundary=periodic, t2=0.3, repetition=2) = -5.510905874204313[0m
[[2m[37m16:58:56[0m[2m[0m] [2mVQE (lattice=(2, 2), n_occ=4, t1=1, phi=0.785398, M=0, boundary=periodic, t2=0.2, repetition=2) = -5.205141923451355[0m
[[2m[37m16:59:04[0m[2m[0m] [2mVQE (lattice=(2, 2), n_occ=5, t1=1, phi=0.785398, M=0, boundary=periodic, t2=0.4, repetition=2) = -3.8382127434775746[0m
[[2m[37m16:59:21[0m[2m[0m] [2mVQE (lattice=(2, 2), n_occ=5, t1=1, phi=0.785398, M=0, boundary=periodic, t2=0.6, repetition=2) = -4.122137005210384[0m
[[2m[37m16:59:57[0m[2m[0m] [2mVQE (lattice=(2, 2), n_occ=5, t1=1, phi=0.785398, M=0, boundary=periodic, t2=0.7, repetition=2) = -4.82666500952882[0m
[[2m[37m17:00:30[0m[2m[0m] [2mVQE (lattice=(2, 2), n_occ=5, t1=1, phi=0.785398, M=0, boundary=periodic, t2=0.8, repetition=2) = -4.955782240612559[0m
[[2m[37m17:00:41[0m[2m[0m] [2mVQE (lattice=(2, 2), n_occ=4, t1=1, phi=0.785398, M=0, boundary=periodic, t2=0.1, repetition=2) = -5.0188335284951355[0m
[[2m[37m17:01:36[0m[2m[0m] [2mVQE (lattice=(2, 2), n_occ=5, t1=1, phi=0.785398, M=0, boundary=periodic, t2=0.2, repetition=2) = -4.120704012134539[0m
[[2m[37m17:01:46[0m[2m[0m] [2mVQE (lattice=(2, 2), n_occ=5, t1=1, phi=0.785398, M=0, boundary=periodic, t2=0.3, repetition=2) = -4.066691779920697[0m
[[2m[37m17:02:45[0m[2m[0m] [2mVQE (lattice=(2, 2), n_occ=5, t1=1, phi=0.785398, M=0, boundary=periodic, t2=0.1, repetition=2) = -4.219814596022443[0m
[[2m[37m17:07:10[0m[2m[0m] [2mVQE (lattice=(2, 2), n_occ=4, t1=1, phi=0.785398, M=0, boundary=periodic, t2=0, repetition=5) = -4.73876953125[0m
[[2m[37m17:10:16[0m[2m[0m] [2mVQE (lattice=(2, 2), n_occ=5, t1=1, phi=0.785398, M=0, boundary=periodic, t2=0, repetition=5) = -4.640380859375[0m
[[2m[37m17:22:32[0m[2m[0m] [2mVQE (lattice=(2, 2), n_occ=4, t1=1, phi=0.785398, M=0, boundary=periodic, t2=0, repetition=6) = -5.143310546875[0m
[[2m[37m17:25:57[0m[2m[0m] [2mVQE (lattice=(2, 2), n_occ=5, t1=1, phi=0.785398, M=0, boundary=periodic, t2=0, repetition=6) = -4.39794921875[0m
[[2m[37m17:28:04[0m[2m[0m] [2mVQE (lattice=(2, 2), n_occ=3, t1=1, phi=0.785398, M=0, boundary=periodic, t2=0.7, repetition=3) = -5.3829260774606364[0m
[[2m[37m17:29:28[0m[2m[0m] [2mVQE (lattice=(2, 2), n_occ=3, t1=1, phi=0.785398, M=0, boundary=periodic, t2=0.3, repetition=3) = -4.403560885846973[0m
[[2m[37m17:29:32[0m[2m[0m] [2mVQE (lattice=(2, 2), n_occ=3, t1=1, phi=0.785398, M=0, boundary=periodic, t2=0.4, repetition=3) = -5.017375996968595[0m
[[2m[37m17:29:36[0m[2m[0m] [2mVQE (lattice=(2, 2), n_occ=3, t1=1, phi=0.785398, M=0, boundary=periodic, t2=0.6, repetition=3) = -5.281912548649456[0m
[[2m[37m17:29:50[0m[2m[0m] [2mVQE (lattice=(2, 2), n_occ=4, t1=1, phi=0.785398, M=0, boundary=periodic, t2=0.9, repetition=3) = -5.498004522440699[0m
[[2m[37m17:30:03[0m[2m[0m] [2mVQE (lattice=(2, 2), n_occ=3, t1=1, phi=0.785398, M=0, boundary=periodic, t2=0.2, repetition=3) = -4.806293487609507[0m
[[2m[37m17:30:20[0m[2m[0m] [2mVQE (lattice=(2, 2), n_occ=3, t1=1, phi=0.785398, M=0, boundary=periodic, t2=0.9, repetition=3) = -6.414759115405591[0m
[[2m[37m17:30:24[0m[2m[0m] [2mVQE (lattice=(2, 2), n_occ=3, t1=1, phi=0.785398, M=0, boundary=periodic, t2=0.5, repetition=3) = -5.38807197073589[0m
[[2m[37m17:30:27[0m[2m[0m] [2mVQE (lattice=(2, 2), n_occ=4, t1=1, phi=0.785398, M=0, boundary=periodic, t2=0.6, repetition=3) = -5.256204436805031[0m
[[2m[37m17:30:32[0m[2m[0m] [2mVQE (lattice=(2, 2), n_occ=4, t1=1, phi=0.785398, M=0, boundary=periodic, t2=0.4, repetition=3) = -4.523019857524327[0m
[[2m[37m17:30:40[0m[2m[0m] [2mVQE (lattice=(2, 2), n_occ=4, t1=1, phi=0.785398, M=0, boundary=periodic, t2=0.7, repetition=3) = -4.524901630741216[0m
[[2m[37m17:30:42[0m[2m[0m] [2mVQE (lattice=(2, 2), n_occ=3, t1=1, phi=0.785398, M=0, boundary=periodic, t2=0.8, repetition=3) = -5.5729827179810325[0m
[[2m[37m17:30:45[0m[2m[0m] [2mVQE (lattice=(2, 2), n_occ=3, t1=1, phi=0.785398, M=0, boundary=periodic, t2=1, repetition=3) = -7.29031650316278[0m
[[2m[37m17:31:27[0m[2m[0m] [2mVQE (lattice=(2, 2), n_occ=4, t1=1, phi=0.785398, M=0, boundary=periodic, t2=1, repetition=3) = -6.241072624458633[0m
[[2m[37m17:31:46[0m[2m[0m] [2mVQE (lattice=(2, 2), n_occ=4, t1=1, phi=0.785398, M=0, boundary=periodic, t2=0.5, repetition=3) = -4.622150392208036[0m
[[2m[37m17:32:03[0m[2m[0m] [2mVQE (lattice=(2, 2), n_occ=4, t1=1, phi=0.785398, M=0, boundary=periodic, t2=0.8, repetition=3) = -5.75453650234481[0m
[[2m[37m17:32:18[0m[2m[0m] [2mVQE (lattice=(2, 2), n_occ=4, t1=1, phi=0.785398, M=0, boundary=periodic, t2=0.2, repetition=3) = -4.3389721792865945[0m
[[2m[37m17:32:48[0m[2m[0m] [2mVQE (lattice=(2, 2), n_occ=4, t1=1, phi=0.785398, M=0, boundary=periodic, t2=0.3, repetition=3) = -5.2657063223153555[0m
[[2m[37m17:32:55[0m[2m[0m] [2mVQE (lattice=(2, 2), n_occ=5, t1=1, phi=0.785398, M=0, boundary=periodic, t2=0.5, repetition=3) = -3.963854419811772[0m
[[2m[37m17:33:17[0m[2m[0m] [2mVQE (lattice=(2, 2), n_occ=5, t1=1, phi=0.785398, M=0, boundary=periodic, t2=0.6, repetition=3) = -4.339694010735139[0m
[[2m[37m17:33:19[0m[2m[0m] [2mVQE (lattice=(2, 2), n_occ=5, t1=1, phi=0.785398, M=0, boundary=periodic, t2=0.8, repetition=3) = -4.039449324728594[0m
[[2m[37m17:33:37[0m[2m[0m] [2mVQE (lattice=(2, 2), n_occ=5, t1=1, phi=0.785398, M=0, boundary=periodic, t2=0.7, repetition=3) = -4.068484820326148[0m
[[2m[37m17:34:01[0m[2m[0m] [2mVQE (lattice=(2, 2), n_occ=5, t1=1, phi=0.785398, M=0, boundary=periodic, t2=0.4, repetition=3) = -4.142395378176076[0m
[[2m[37m17:34:46[0m[2m[0m] [2mVQE (lattice=(2, 2), n_occ=4, t1=1, phi=0.785398, M=0, boundary=periodic, t2=0.1, repetition=3) = -4.986079250480753[0m
[[2m[37m17:36:46[0m[2m[0m] [2mVQE (lattice=(2, 2), n_occ=5, t1=1, phi=0.785398, M=0, boundary=periodic, t2=0.2, repetition=3) = -4.113460942020961[0m
[[2m[37m17:36:55[0m[2m[0m] [2mVQE (lattice=(2, 2), n_occ=5, t1=1, phi=0.785398, M=0, boundary=periodic, t2=0.3, repetition=3) = -4.319471635041264[0m
[[2m[37m17:37:48[0m[2m[0m] [2mVQE (lattice=(2, 2), n_occ=4, t1=1, phi=0.785398, M=0, boundary=periodic, t2=0, repetition=7) = -5.44970703125[0m
[[2m[37m17:37:58[0m[2m[0m] [2mVQE (lattice=(2, 2), n_occ=5, t1=1, phi=0.785398, M=0, boundary=periodic, t2=0.1, repetition=3) = -4.43636663568171[0m
[[2m[37m17:41:34[0m[2m[0m] [2mVQE (lattice=(2, 2), n_occ=5, t1=1, phi=0.785398, M=0, boundary=periodic, t2=0, repetition=7) = -4.408203125[0m
[[2m[37m17:52:48[0m[2m[0m] [2mVQE (lattice=(2, 2), n_occ=4, t1=1, phi=0.785398, M=0, boundary=periodic, t2=0, repetition=8) = -4.505615234375[0m
[[2m[37m17:56:53[0m[2m[0m] [2mVQE (lattice=(2, 2), n_occ=0, t1=1, phi=0.785398, M=0, boundary=periodic, t2=0, repetition=2) = -0.0205078125[0m
[[2m[37m17:57:06[0m[2m[0m] [2mVQE (lattice=(2, 2), n_occ=5, t1=1, phi=0.785398, M=0, boundary=periodic, t2=0, repetition=8) = -4.3515625[0m
[[2m[37m17:57:12[0m[2m[0m] [2mVQE (lattice=(2, 2), n_occ=1, t1=1, phi=0.785398, M=0, boundary=periodic, t2=0, repetition=2) = -2.762939453125[0m
[[2m[37m17:58:32[0m[2m[0m] [2mVQE (lattice=(2, 2), n_occ=2, t1=1, phi=0.785398, M=0, boundary=periodic, t2=0, repetition=2) = -3.59716796875[0m
[[2m[37m17:59:46[0m[2m[0m] [2mVQE (lattice=(2, 2), n_occ=3, t1=1, phi=0.785398, M=0, boundary=periodic, t2=0.7, repetition=4) = -5.583214121376016[0m
[[2m[37m18:00:05[0m[2m[0m] [2mVQE (lattice=(2, 2), n_occ=3, t1=1, phi=0.785398, M=0, boundary=periodic, t2=0, repetition=2) = -4.71337890625[0m
[[2m[37m18:01:40[0m[2m[0m] [2mVQE (lattice=(2, 2), n_occ=3, t1=1, phi=0.785398, M=0, boundary=periodic, t2=0.6, repetition=4) = -4.804752830133704[0m
[[2m[37m18:01:56[0m[2m[0m] [2mVQE (lattice=(2, 2), n_occ=3, t1=1, phi=0.785398, M=0, boundary=periodic, t2=0.9, repetition=4) = -6.193782204392571[0m
[[2m[37m18:02:02[0m[2m[0m] [2mVQE (lattice=(2, 2), n_occ=3, t1=1, phi=0.785398, M=0, boundary=periodic, t2=0.3, repetition=4) = -4.864297785509446[0m
[[2m[37m18:02:24[0m[2m[0m] [2mVQE (lattice=(2, 2), n_occ=3, t1=1, phi=0.785398, M=0, boundary=periodic, t2=0.4, repetition=4) = -5.180158359647097[0m
[[2m[37m18:02:52[0m[2m[0m] [2mVQE (lattice=(2, 2), n_occ=8, t1=1, phi=0.785398, M=0, boundary=periodic, t2=0, repetition=2) = 0.02587890625[0m
[[2m[37m18:02:52[0m[2m[0m] [2mVQE (lattice=(2, 2), n_occ=4, t1=1, phi=0.785398, M=0, boundary=periodic, t2=0.9, repetition=4) = -5.9280365100841435[0m
[[2m[37m18:02:53[0m[2m[0m] [2mVQE (lattice=(2, 2), n_occ=4, t1=1, phi=0.785398, M=0, boundary=periodic, t2=0.7, repetition=4) = -4.261450373719123[0m
[[2m[37m18:02:57[0m[2m[0m] [2mVQE (lattice=(2, 2), n_occ=7, t1=1, phi=0.785398, M=0, boundary=periodic, t2=0, repetition=2) = -2.218505859375[0m
[[2m[37m18:02:59[0m[2m[0m] [2mVQE (lattice=(2, 2), n_occ=3, t1=1, phi=0.785398, M=0, boundary=periodic, t2=0.2, repetition=4) = -4.435052011658797[0m
[[2m[37m18:03:02[0m[2m[0m] [2mVQE (lattice=(2, 2), n_occ=4, t1=1, phi=0.785398, M=0, boundary=periodic, t2=0.4, repetition=4) = -4.39445079607931[0m
[[2m[37m18:03:05[0m[2m[0m] [2mVQE (lattice=(2, 2), n_occ=3, t1=1, phi=0.785398, M=0, boundary=periodic, t2=0.5, repetition=4) = -5.048420938676849[0m
[[2m[37m18:03:27[0m[2m[0m] [2mVQE (lattice=(2, 2), n_occ=6, t1=1, phi=0.785398, M=0, boundary=periodic, t2=0, repetition=2) = -3.338623046875[0m
[[2m[37m18:03:37[0m[2m[0m] [2mVQE (lattice=(2, 2), n_occ=3, t1=1, phi=0.785398, M=0, boundary=periodic, t2=0.8, repetition=4) = -5.846736609042283[0m
[[2m[37m18:03:37[0m[2m[0m] [2mVQE (lattice=(2, 2), n_occ=4, t1=1, phi=0.785398, M=0, boundary=periodic, t2=0.6, repetition=4) = -4.741286154197903[0m
[[2m[37m18:03:46[0m[2m[0m] [2mVQE (lattice=(2, 2), n_occ=3, t1=1, phi=0.785398, M=0, boundary=periodic, t2=1, repetition=4) = -7.6533432095100435[0m
[[2m[37m18:04:10[0m[2m[0m] [2mVQE (lattice=(2, 2), n_occ=4, t1=1, phi=0.785398, M=0, boundary=periodic, t2=1, repetition=4) = -6.270705360853463[0m
[[2m[37m18:04:56[0m[2m[0m] [2mVQE (lattice=(2, 2), n_occ=4, t1=1, phi=0.785398, M=0, boundary=periodic, t2=0.5, repetition=4) = -4.437561344664765[0m
[[2m[37m18:05:23[0m[2m[0m] [2mVQE (lattice=(2, 2), n_occ=4, t1=1, phi=0.785398, M=0, boundary=periodic, t2=0.8, repetition=4) = -5.337258615818443[0m
[[2m[37m18:05:24[0m[2m[0m] [2mVQE (lattice=(2, 2), n_occ=4, t1=1, phi=0.785398, M=0, boundary=periodic, t2=0.2, repetition=4) = -4.595432513759303[0m
[[2m[37m18:05:34[0m[2m[0m] [2mVQE (lattice=(2, 2), n_occ=0, t1=1, phi=0.785398, M=0, boundary=periodic, t2=0.2, repetition=1) = -0.03588936659073317[0m
[[2m[37m18:06:04[0m[2m[0m] [2mVQE (lattice=(2, 2), n_occ=4, t1=1, phi=0.785398, M=0, boundary=periodic, t2=0.3, repetition=4) = -5.000739088519039[0m
[[2m[37m18:06:14[0m[2m[0m] [2mVQE (lattice=(2, 2), n_occ=5, t1=1, phi=0.785398, M=0, boundary=periodic, t2=0.5, repetition=4) = -4.2682790972682865[0m
[[2m[37m18:06:35[0m[2m[0m] [2mVQE (lattice=(2, 2), n_occ=5, t1=1, phi=0.785398, M=0, boundary=periodic, t2=0.6, repetition=4) = -3.747309750074013[0m
[[2m[37m18:07:32[0m[2m[0m] [2mVQE (lattice=(2, 2), n_occ=5, t1=1, phi=0.785398, M=0, boundary=periodic, t2=0.8, repetition=4) = -5.673405342404588[0m
[[2m[37m18:07:40[0m[2m[0m] [2mVQE (lattice=(2, 2), n_occ=5, t1=1, phi=0.785398, M=0, boundary=periodic, t2=0.7, repetition=4) = -4.554775011900856[0m
[[2m[37m18:07:41[0m[2m[0m] [2mVQE (lattice=(2, 2), n_occ=5, t1=1, phi=0.785398, M=0, boundary=periodic, t2=0.4, repetition=4) = -3.703956241199569[0m
[[2m[37m18:08:02[0m[2m[0m] [2mVQE (lattice=(2, 2), n_occ=1, t1=1, phi=0.785398, M=0, boundary=periodic, t2=0.2, repetition=1) = -3.5147662101098227[0m
[[2m[37m18:08:08[0m[2m[0m] [2mVQE (lattice=(2, 2), n_occ=4, t1=1, phi=0.785398, M=0, boundary=periodic, t2=0, repetition=9) = -5.275634765625[0m
[[2m[37m18:09:05[0m[2m[0m] [2mVQE (lattice=(2, 2), n_occ=4, t1=1, phi=0.785398, M=0, boundary=periodic, t2=0.1, repetition=4) = -4.975413304043993[0m
[[2m[37m18:10:21[0m[2m[0m] [2mVQE (lattice=(2, 2), n_occ=2, t1=1, phi=0.785398, M=0, boundary=periodic, t2=0.2, repetition=1) = -4.046202288261529[0m
[[2m[37m18:10:49[0m[2m[0m] [2mVQE (lattice=(2, 2), n_occ=5, t1=1, phi=0.785398, M=0, boundary=periodic, t2=0.2, repetition=4) = -3.4889437723794554[0m
[[2m[37m18:11:37[0m[2m[0m] [2mVQE (lattice=(2, 2), n_occ=0, t1=1, phi=0.785398, M=0, boundary=periodic, t2=0.3, repetition=1) = 0.00042150797525458347[0m
[[2m[37m18:12:12[0m[2m[0m] [2mVQE (lattice=(2, 2), n_occ=0, t1=1, phi=0.785398, M=0, boundary=periodic, t2=1, repetition=1) = -0.13239535627960217[0m
[[2m[37m18:12:15[0m[2m[0m] [2mVQE (lattice=(2, 2), n_occ=0, t1=1, phi=0.785398, M=0, boundary=periodic, t2=0.6, repetition=1) = -0.03442313340926683[0m
[[2m[37m18:12:18[0m[2m[0m] [2mVQE (lattice=(2, 2), n_occ=5, t1=1, phi=0.785398, M=0, boundary=periodic, t2=0.3, repetition=4) = -4.2191078877760955[0m
[[2m[37m18:12:23[0m[2m[0m] [2mVQE (lattice=(2, 2), n_occ=0, t1=1, phi=0.785398, M=0, boundary=periodic, t2=0.4, repetition=1) = -0.051776204758667094[0m
[[2m[37m18:12:24[0m[2m[0m] [2mVQE (lattice=(2, 2), n_occ=0, t1=1, phi=0.785398, M=0, boundary=periodic, t2=0.9, repetition=1) = -0.06574199083121172[0m
[[2m[37m18:12:27[0m[2m[0m] [2mVQE (lattice=(2, 2), n_occ=0, t1=1, phi=0.785398, M=0, boundary=periodic, t2=0.5, repetition=1) = -0.04978523088620868[0m
[[2m[37m18:12:47[0m[2m[0m] [2mVQE (lattice=(2, 2), n_occ=5, t1=1, phi=0.785398, M=0, boundary=periodic, t2=0, repetition=9) = -4.59423828125[0m
[[2m[37m18:12:47[0m[2m[0m] [2mVQE (lattice=(2, 2), n_occ=5, t1=1, phi=0.785398, M=0, boundary=periodic, t2=0.1, repetition=4) = -4.152219715802053[0m
[[2m[37m18:12:55[0m[2m[0m] [2mVQE (lattice=(2, 2), n_occ=0, t1=1, phi=0.785398, M=0, boundary=periodic, t2=0.8, repetition=1) = 0.14815301215290208[0m
[[2m[37m18:13:38[0m[2m[0m] [2mVQE (lattice=(2, 2), n_occ=0, t1=1, phi=0.785398, M=0, boundary=periodic, t2=0.7, repetition=1) = 0.015818826859130976[0m
[[2m[37m18:14:06[0m[2m[0m] [2mVQE (lattice=(2, 2), n_occ=1, t1=1, phi=0.785398, M=0, boundary=periodic, t2=0.1, repetition=1) = -3.0635375552336352[0m
[[2m[37m18:14:34[0m[2m[0m] [2mVQE (lattice=(2, 2), n_occ=1, t1=1, phi=0.785398, M=0, boundary=periodic, t2=0.4, repetition=1) = -4.435981653407232[0m
[[2m[37m18:14:40[0m[2m[0m] [2mVQE (lattice=(2, 2), n_occ=1, t1=1, phi=0.785398, M=0, boundary=periodic, t2=0.7, repetition=1) = -5.675031597324506[0m
[[2m[37m18:14:53[0m[2m[0m] [2mVQE (lattice=(2, 2), n_occ=0, t1=1, phi=0.785398, M=0, boundary=periodic, t2=0.1, repetition=1) = -0.04574298055012731[0m
[[2m[37m18:15:33[0m[2m[0m] [2mVQE (lattice=(2, 2), n_occ=1, t1=1, phi=0.785398, M=0, boundary=periodic, t2=0.8, repetition=1) = -6.160152953503952[0m
[[2m[37m18:16:09[0m[2m[0m] [2mVQE (lattice=(2, 2), n_occ=1, t1=1, phi=0.785398, M=0, boundary=periodic, t2=0.6, repetition=1) = -5.237020519571193[0m
[[2m[37m18:16:27[0m[2m[0m] [2mVQE (lattice=(2, 2), n_occ=5, t1=1, phi=0.785398, M=0, boundary=periodic, t2=0.9, repetition=1) = -5.245633964645271[0m
[[2m[37m18:16:42[0m[2m[0m] [2mVQE (lattice=(2, 2), n_occ=1, t1=1, phi=0.785398, M=0, boundary=periodic, t2=0.9, repetition=1) = -6.516803577954207[0m
[[2m[37m18:16:45[0m[2m[0m] [2mVQE (lattice=(2, 2), n_occ=1, t1=1, phi=0.785398, M=0, boundary=periodic, t2=1, repetition=1) = -6.556780618781971[0m
[[2m[37m18:17:05[0m[2m[0m] [2mVQE (lattice=(2, 2), n_occ=1, t1=1, phi=0.785398, M=0, boundary=periodic, t2=0.3, repetition=1) = -4.031153941245314[0m
[[2m[37m18:17:17[0m[2m[0m] [2mVQE (lattice=(2, 2), n_occ=2, t1=1, phi=0.785398, M=0, boundary=periodic, t2=0.8, repetition=1) = -5.733527850002039[0m
[[2m[37m18:17:23[0m[2m[0m] [2mVQE (lattice=(2, 2), n_occ=1, t1=1, phi=0.785398, M=0, boundary=periodic, t2=0.5, repetition=1) = -4.615841109855767[0m
[[2m[37m18:17:29[0m[2m[0m] [2mVQE (lattice=(2, 2), n_occ=2, t1=1, phi=0.785398, M=0, boundary=periodic, t2=0.1, repetition=1) = -3.905347808084761[0m
[[2m[37m18:18:28[0m[2m[0m] [2mVQE (lattice=(2, 2), n_occ=2, t1=1, phi=0.785398, M=0, boundary=periodic, t2=0.6, repetition=1) = -5.20125107259358[0m
[[2m[37m18:18:30[0m[2m[0m] [2mVQE (lattice=(2, 2), n_occ=7, t1=1, phi=0.785398, M=0, boundary=periodic, t2=0.9, repetition=1) = -2.163770810752276[0m
[[2m[37m18:18:39[0m[2m[0m] [2mVQE (lattice=(2, 2), n_occ=6, t1=1, phi=0.785398, M=0, boundary=periodic, t2=0.9, repetition=1) = -3.842219985490653[0m
[[2m[37m18:18:46[0m[2m[0m] [2mVQE (lattice=(2, 2), n_occ=2, t1=1, phi=0.785398, M=0, boundary=periodic, t2=0.7, repetition=1) = -5.49701264992457[0m
[[2m[37m18:19:05[0m[2m[0m] [2mVQE (lattice=(2, 2), n_occ=2, t1=1, phi=0.785398, M=0, boundary=periodic, t2=0.4, repetition=1) = -4.571999627099405[0m
[[2m[37m18:19:19[0m[2m[0m] [2mVQE (lattice=(2, 2), n_occ=2, t1=1, phi=0.785398, M=0, boundary=periodic, t2=0.5, repetition=1) = -5.0409217572268705[0m
[[2m[37m18:19:23[0m[2m[0m] [2mVQE (lattice=(2, 2), n_occ=2, t1=1, phi=0.785398, M=0, boundary=periodic, t2=0.3, repetition=1) = -4.487759474985873[0m
[[2m[37m18:19:36[0m[2m[0m] [2mVQE (lattice=(2, 2), n_occ=8, t1=1, phi=0.785398, M=0, boundary=periodic, t2=0.9, repetition=1) = -0.06257042053234456[0m
[[2m[37m18:19:51[0m[2m[0m] [2mVQE (lattice=(2, 2), n_occ=2, t1=1, phi=0.785398, M=0, boundary=periodic, t2=1, repetition=1) = -6.703145109585374[0m
[[2m[37m18:20:21[0m[2m[0m] [2mVQE (lattice=(2, 2), n_occ=2, t1=1, phi=0.785398, M=0, boundary=periodic, t2=0.9, repetition=1) = -6.172877920538497[0m
[[2m[37m18:21:38[0m[2m[0m] [2mVQE (lattice=(2, 2), n_occ=3, t1=1, phi=0.785398, M=0, boundary=periodic, t2=0.1, repetition=1) = -4.771698655983473[0m
[[2m[37m18:22:28[0m[2m[0m] [2mVQE (lattice=(2, 2), n_occ=6, t1=1, phi=0.785398, M=0, boundary=periodic, t2=1, repetition=1) = -4.057382852290049[0m
[[2m[37m18:22:29[0m[2m[0m] [2mVQE (lattice=(2, 2), n_occ=6, t1=1, phi=0.785398, M=0, boundary=periodic, t2=0.7, repetition=1) = -2.7931459253782718[0m
[[2m[37m18:22:30[0m[2m[0m] [2mVQE (lattice=(2, 2), n_occ=5, t1=1, phi=0.785398, M=0, boundary=periodic, t2=1, repetition=1) = -5.623297160062663[0m
[[2m[37m18:22:33[0m[2m[0m] [2mVQE (lattice=(2, 2), n_occ=6, t1=1, phi=0.785398, M=0, boundary=periodic, t2=0.4, repetition=1) = -2.733593680645384[0m
[[2m[37m18:22:35[0m[2m[0m] [2mVQE (lattice=(2, 2), n_occ=6, t1=1, phi=0.785398, M=0, boundary=periodic, t2=0.6, repetition=1) = -3.0362930787504308[0m
[[2m[37m18:22:55[0m[2m[0m] [2mVQE (lattice=(2, 2), n_occ=7, t1=1, phi=0.785398, M=0, boundary=periodic, t2=0.2, repetition=1) = -1.7686588154651908[0m
[[2m[37m18:23:20[0m[2m[0m] [2mVQE (lattice=(2, 2), n_occ=4, t1=1, phi=0.785398, M=0, boundary=periodic, t2=0, repetition=10) = -4.955078125[0m
[[1m[32m18:23:20[0m[1m[0m] [37mVQE other benchmarks (lattice=(2, 2), n_occ=4, t1=1, phi=0.785398, M=0, boundary=periodic, t2=0): num_queries=2400000, circuit_depth=[52,45][0m
[[2m[37m18:23:26[0m[2m[0m] [2mVQE (lattice=(2, 2), n_occ=6, t1=1, phi=0.785398, M=0, boundary=periodic, t2=0.1, repetition=1) = -3.047597499894278[0m
[[2m[37m18:23:33[0m[2m[0m] [2mVQE (lattice=(2, 2), n_occ=6, t1=1, phi=0.785398, M=0, boundary=periodic, t2=0.2, repetition=1) = -2.9892462428560433[0m
[[2m[37m18:24:20[0m[2m[0m] [2mVQE (lattice=(2, 2), n_occ=7, t1=1, phi=0.785398, M=0, boundary=periodic, t2=1, repetition=1) = -2.2746637248495527[0m
[[2m[37m18:24:26[0m[2m[0m] [2mVQE (lattice=(2, 2), n_occ=6, t1=1, phi=0.785398, M=0, boundary=periodic, t2=0.8, repetition=1) = -3.6213552402252795[0m
[[2m[37m18:24:37[0m[2m[0m] [2mVQE (lattice=(2, 2), n_occ=7, t1=1, phi=0.785398, M=0, boundary=periodic, t2=0.5, repetition=1) = -1.5495059265523228[0m
[[2m[37m18:24:39[0m[2m[0m] [2mVQE (lattice=(2, 2), n_occ=7, t1=1, phi=0.785398, M=0, boundary=periodic, t2=0.6, repetition=1) = -1.3395230563704161[0m
[[2m[37m18:24:40[0m[2m[0m] [2mVQE (lattice=(2, 2), n_occ=7, t1=1, phi=0.785398, M=0, boundary=periodic, t2=0.4, repetition=1) = -1.2054714524250123[0m
[[2m[37m18:24:42[0m[2m[0m] [2mVQE (lattice=(2, 2), n_occ=6, t1=1, phi=0.785398, M=0, boundary=periodic, t2=0.3, repetition=1) = -2.7165008843535183[0m
[[2m[37m18:24:52[0m[2m[0m] [2mVQE (lattice=(2, 2), n_occ=6, t1=1, phi=0.785398, M=0, boundary=periodic, t2=0.5, repetition=1) = -2.7012687884295654[0m
[[2m[37m18:25:20[0m[2m[0m] [2mVQE (lattice=(2, 2), n_occ=7, t1=1, phi=0.785398, M=0, boundary=periodic, t2=0.3, repetition=1) = -1.5810779741968488[0m
[[2m[37m18:25:29[0m[2m[0m] [2mVQE (lattice=(2, 2), n_occ=8, t1=1, phi=0.785398, M=0, boundary=periodic, t2=0.6, repetition=1) = 0.013088764467634038[0m
[[2m[37m18:25:48[0m[2m[0m] [2mVQE (lattice=(2, 2), n_occ=7, t1=1, phi=0.785398, M=0, boundary=periodic, t2=0.1, repetition=1) = -2.049130573195063[0m
[[2m[37m18:26:03[0m[2m[0m] [2mVQE (lattice=(2, 2), n_occ=8, t1=1, phi=0.785398, M=0, boundary=periodic, t2=0.2, repetition=1) = -0.013124008156093027[0m
[[2m[37m18:26:09[0m[2m[0m] [2mVQE (lattice=(2, 2), n_occ=7, t1=1, phi=0.785398, M=0, boundary=periodic, t2=0.8, repetition=1) = -1.8887769199113806[0m
[[2m[37m18:26:18[0m[2m[0m] [2mVQE (lattice=(2, 2), n_occ=8, t1=1, phi=0.785398, M=0, boundary=periodic, t2=0.5, repetition=1) = 0.09073108550654833[0m
[[2m[37m18:26:21[0m[2m[0m] [2mVQE (lattice=(2, 2), n_occ=7, t1=1, phi=0.785398, M=0, boundary=periodic, t2=0.7, repetition=1) = -1.9301017220217933[0m
[[2m[37m18:26:57[0m[2m[0m] [2mVQE (lattice=(2, 2), n_occ=8, t1=1, phi=0.785398, M=0, boundary=periodic, t2=0.1, repetition=1) = 0.04148672974386597[0m
[[2m[37m18:27:01[0m[2m[0m] [2mVQE (lattice=(2, 2), n_occ=8, t1=1, phi=0.785398, M=0, boundary=periodic, t2=0.4, repetition=1) = 0.0052664493212717265[0m
[[2m[37m18:27:11[0m[2m[0m] [2mVQE (lattice=(2, 2), n_occ=8, t1=1, phi=0.785398, M=0, boundary=periodic, t2=1, repetition=1) = -0.05058370903869644[0m
[[2m[37m18:27:22[0m[2m[0m] [2mVQE (lattice=(2, 2), n_occ=8, t1=1, phi=0.785398, M=0, boundary=periodic, t2=0.8, repetition=1) = 0.09500114607463768[0m
[[2m[37m18:27:29[0m[2m[0m] [2mVQE (lattice=(2, 2), n_occ=8, t1=1, phi=0.785398, M=0, boundary=periodic, t2=0.7, repetition=1) = -0.040381332307098526[0m
[[2m[37m18:27:32[0m[2m[0m] [2mVQE (lattice=(2, 2), n_occ=8, t1=1, phi=0.785398, M=0, boundary=periodic, t2=0.3, repetition=1) = 0.031937037963836595[0m
[[2m[37m18:28:27[0m[2m[0m] [2mVQE (lattice=(2, 2), n_occ=5, t1=1, phi=0.785398, M=0, boundary=periodic, t2=0, repetition=10) = -4.67333984375[0m
[[1m[32m18:28:27[0m[1m[0m] [37mVQE other benchmarks (lattice=(2, 2), n_occ=5, t1=1, phi=0.785398, M=0, boundary=periodic, t2=0): num_queries=2400000, circuit_depth=[52,45][0m
[[2m[37m18:32:19[0m[2m[0m] [2mVQE (lattice=(2, 2), n_occ=3, t1=1, phi=0.785398, M=0, boundary=periodic, t2=0.7, repetition=5) = -5.502064137266424[0m
[[2m[37m18:34:10[0m[2m[0m] [2mVQE (lattice=(2, 2), n_occ=3, t1=1, phi=0.785398, M=0, boundary=periodic, t2=0.3, repetition=5) = -4.786781453699792[0m
[[2m[37m18:34:44[0m[2m[0m] [2mVQE (lattice=(2, 2), n_occ=3, t1=1, phi=0.785398, M=0, boundary=periodic, t2=0.9, repetition=5) = -6.6574922644131505[0m
[[2m[37m18:34:54[0m[2m[0m] [2mVQE (lattice=(2, 2), n_occ=3, t1=1, phi=0.785398, M=0, boundary=periodic, t2=0.4, repetition=5) = -5.0934938441005535[0m
[[2m[37m18:35:03[0m[2m[0m] [2mVQE (lattice=(2, 2), n_occ=4, t1=1, phi=0.785398, M=0, boundary=periodic, t2=0.7, repetition=5) = -4.264261576185306[0m
[[2m[37m18:35:07[0m[2m[0m] [2mVQE (lattice=(2, 2), n_occ=3, t1=1, phi=0.785398, M=0, boundary=periodic, t2=0.6, repetition=5) = -5.382451325459172[0m
[[2m[37m18:35:29[0m[2m[0m] [2mVQE (lattice=(2, 2), n_occ=3, t1=1, phi=0.785398, M=0, boundary=periodic, t2=0.2, repetition=5) = -4.812580320231542[0m
[[2m[37m18:35:54[0m[2m[0m] [2mVQE (lattice=(2, 2), n_occ=3, t1=1, phi=0.785398, M=0, boundary=periodic, t2=0.5, repetition=5) = -5.4800314458035535[0m
[[2m[37m18:36:02[0m[2m[0m] [2mVQE (lattice=(2, 2), n_occ=4, t1=1, phi=0.785398, M=0, boundary=periodic, t2=0.9, repetition=5) = -6.043866781013[0m
[[2m[37m18:36:18[0m[2m[0m] [2mVQE (lattice=(2, 2), n_occ=3, t1=1, phi=0.785398, M=0, boundary=periodic, t2=1, repetition=5) = -6.983703818774302[0m
[[2m[37m18:36:26[0m[2m[0m] [2mVQE (lattice=(2, 2), n_occ=3, t1=1, phi=0.785398, M=0, boundary=periodic, t2=0.8, repetition=5) = -5.384500196102939[0m
[[2m[37m18:36:37[0m[2m[0m] [2mVQE (lattice=(2, 2), n_occ=4, t1=1, phi=0.785398, M=0, boundary=periodic, t2=0.4, repetition=5) = -5.04762348946296[0m
[[2m[37m18:36:44[0m[2m[0m] [2mVQE (lattice=(2, 2), n_occ=4, t1=1, phi=0.785398, M=0, boundary=periodic, t2=0.6, repetition=5) = -4.56243047413232[0m
[[2m[37m18:36:56[0m[2m[0m] [2mVQE (lattice=(2, 2), n_occ=4, t1=1, phi=0.785398, M=0, boundary=periodic, t2=1, repetition=5) = -5.408072257871242[0m
[[2m[37m18:37:53[0m[2m[0m] [2mVQE (lattice=(2, 2), n_occ=4, t1=1, phi=0.785398, M=0, boundary=periodic, t2=0.8, repetition=5) = -5.390804236659158[0m
[[2m[37m18:38:17[0m[2m[0m] [2mVQE (lattice=(2, 2), n_occ=4, t1=1, phi=0.785398, M=0, boundary=periodic, t2=0.5, repetition=5) = -4.709487900006343[0m
[[2m[37m18:38:51[0m[2m[0m] [2mVQE (lattice=(2, 2), n_occ=4, t1=1, phi=0.785398, M=0, boundary=periodic, t2=0.3, repetition=5) = -4.995447860808354[0m
[[2m[37m18:39:02[0m[2m[0m] [2mVQE (lattice=(2, 2), n_occ=5, t1=1, phi=0.785398, M=0, boundary=periodic, t2=0.5, repetition=5) = -4.115430250005019[0m
[[2m[37m18:39:08[0m[2m[0m] [2mVQE (lattice=(2, 2), n_occ=4, t1=1, phi=0.785398, M=0, boundary=periodic, t2=0.2, repetition=5) = -5.178787525921109[0m
[[2m[37m18:40:41[0m[2m[0m] [2mVQE (lattice=(2, 2), n_occ=5, t1=1, phi=0.785398, M=0, boundary=periodic, t2=0.6, repetition=5) = -4.4060889847394735[0m
[[2m[37m18:41:06[0m[2m[0m] [2mVQE (lattice=(2, 2), n_occ=5, t1=1, phi=0.785398, M=0, boundary=periodic, t2=0.8, repetition=5) = -4.969812172494326[0m
[[2m[37m18:42:09[0m[2m[0m] [2mVQE (lattice=(2, 2), n_occ=5, t1=1, phi=0.785398, M=0, boundary=periodic, t2=0.4, repetition=5) = -4.132114235176811[0m
[[2m[37m18:42:30[0m[2m[0m] [2mVQE (lattice=(2, 2), n_occ=5, t1=1, phi=0.785398, M=0, boundary=periodic, t2=0.7, repetition=5) = -3.9966366509878894[0m
[[2m[37m18:43:38[0m[2m[0m] [2mVQE (lattice=(2, 2), n_occ=4, t1=1, phi=0.785398, M=0, boundary=periodic, t2=0.1, repetition=5) = -5.160806111525588[0m
[[2m[37m18:45:55[0m[2m[0m] [2mVQE (lattice=(2, 2), n_occ=5, t1=1, phi=0.785398, M=0, boundary=periodic, t2=0.2, repetition=5) = -4.413382262369349[0m
[[2m[37m18:46:48[0m[2m[0m] [2mVQE (lattice=(2, 2), n_occ=5, t1=1, phi=0.785398, M=0, boundary=periodic, t2=0.3, repetition=5) = -4.081717557237322[0m
[[2m[37m18:47:46[0m[2m[0m] [2mVQE (lattice=(2, 2), n_occ=5, t1=1, phi=0.785398, M=0, boundary=periodic, t2=0.1, repetition=5) = -3.770726417748543[0m
[[2m[37m18:59:19[0m[2m[0m] [2mVQE (lattice=(2, 2), n_occ=0, t1=1, phi=0.785398, M=0, boundary=periodic, t2=0, repetition=3) = 0.009521484375[0m
[[2m[37m18:59:34[0m[2m[0m] [2mVQE (lattice=(2, 2), n_occ=1, t1=1, phi=0.785398, M=0, boundary=periodic, t2=0, repetition=3) = -2.602294921875[0m
[[2m[37m19:02:07[0m[2m[0m] [2mVQE (lattice=(2, 2), n_occ=2, t1=1, phi=0.785398, M=0, boundary=periodic, t2=0, repetition=3) = -3.55224609375[0m
[[2m[37m19:04:18[0m[2m[0m] [2mVQE (lattice=(2, 2), n_occ=3, t1=1, phi=0.785398, M=0, boundary=periodic, t2=0, repetition=3) = -4.609619140625[0m
[[2m[37m19:05:00[0m[2m[0m] [2mVQE (lattice=(2, 2), n_occ=3, t1=1, phi=0.785398, M=0, boundary=periodic, t2=0.7, repetition=6) = -5.391702937872257[0m
[[2m[37m19:06:38[0m[2m[0m] [2mVQE (lattice=(2, 2), n_occ=3, t1=1, phi=0.785398, M=0, boundary=periodic, t2=0.3, repetition=6) = -5.092610071298769[0m
[[2m[37m19:07:02[0m[2m[0m] [2mVQE (lattice=(2, 2), n_occ=3, t1=1, phi=0.785398, M=0, boundary=periodic, t2=0.9, repetition=6) = -6.2911497176867135[0m
[[2m[37m19:07:29[0m[2m[0m] [2mVQE (lattice=(2, 2), n_occ=3, t1=1, phi=0.785398, M=0, boundary=periodic, t2=0.4, repetition=6) = -4.981872894664658[0m
[[2m[37m19:07:47[0m[2m[0m] [2mVQE (lattice=(2, 2), n_occ=3, t1=1, phi=0.785398, M=0, boundary=periodic, t2=1, repetition=6) = -5.898124429365642[0m
[[2m[37m19:08:01[0m[2m[0m] [2mVQE (lattice=(2, 2), n_occ=3, t1=1, phi=0.785398, M=0, boundary=periodic, t2=0.2, repetition=6) = -5.061817758201722[0m
[[2m[37m19:08:02[0m[2m[0m] [2mVQE (lattice=(2, 2), n_occ=3, t1=1, phi=0.785398, M=0, boundary=periodic, t2=0.6, repetition=6) = -5.475220487830413[0m
[[2m[37m19:08:19[0m[2m[0m] [2mVQE (lattice=(2, 2), n_occ=3, t1=1, phi=0.785398, M=0, boundary=periodic, t2=0.5, repetition=6) = -5.146688769419274[0m
[[2m[37m19:08:28[0m[2m[0m] [2mVQE (lattice=(2, 2), n_occ=8, t1=1, phi=0.785398, M=0, boundary=periodic, t2=0, repetition=3) = 0.010498046875[0m
[[2m[37m19:08:29[0m[2m[0m] [2mVQE (lattice=(2, 2), n_occ=4, t1=1, phi=0.785398, M=0, boundary=periodic, t2=0.7, repetition=6) = -5.187424635893163[0m
[[2m[37m19:08:31[0m[2m[0m] [2mVQE (lattice=(2, 2), n_occ=7, t1=1, phi=0.785398, M=0, boundary=periodic, t2=0, repetition=3) = -2.3564453125[0m
[[2m[37m19:08:51[0m[2m[0m] [2mVQE (lattice=(2, 2), n_occ=6, t1=1, phi=0.785398, M=0, boundary=periodic, t2=0, repetition=3) = -3.255126953125[0m
[[2m[37m19:08:58[0m[2m[0m] [2mVQE (lattice=(2, 2), n_occ=3, t1=1, phi=0.785398, M=0, boundary=periodic, t2=0.8, repetition=6) = -5.858725426379867[0m
[[2m[37m19:09:33[0m[2m[0m] [2mVQE (lattice=(2, 2), n_occ=4, t1=1, phi=0.785398, M=0, boundary=periodic, t2=0.9, repetition=6) = -6.1018723038119935[0m
[[2m[37m19:09:37[0m[2m[0m] [2mVQE (lattice=(2, 2), n_occ=4, t1=1, phi=0.785398, M=0, boundary=periodic, t2=0.6, repetition=6) = -4.3640864302130495[0m
[[2m[37m19:09:44[0m[2m[0m] [2mVQE (lattice=(2, 2), n_occ=4, t1=1, phi=0.785398, M=0, boundary=periodic, t2=0.4, repetition=6) = -4.580136775354667[0m
[[2m[37m19:10:35[0m[2m[0m] [2mVQE (lattice=(2, 2), n_occ=4, t1=1, phi=0.785398, M=0, boundary=periodic, t2=1, repetition=6) = -6.843084510189314[0m
[[2m[37m19:11:08[0m[2m[0m] [2mVQE (lattice=(2, 2), n_occ=4, t1=1, phi=0.785398, M=0, boundary=periodic, t2=0.5, repetition=6) = -4.670633232587759[0m
[[2m[37m19:11:19[0m[2m[0m] [2mVQE (lattice=(2, 2), n_occ=4, t1=1, phi=0.785398, M=0, boundary=periodic, t2=0.3, repetition=6) = -4.441805607051367[0m
[[2m[37m19:11:46[0m[2m[0m] [2mVQE (lattice=(2, 2), n_occ=4, t1=1, phi=0.785398, M=0, boundary=periodic, t2=0.8, repetition=6) = -5.543931692955791[0m
[[2m[37m19:12:49[0m[2m[0m] [2mVQE (lattice=(2, 2), n_occ=4, t1=1, phi=0.785398, M=0, boundary=periodic, t2=0.2, repetition=6) = -5.2079103557521105[0m
[[2m[37m19:12:50[0m[2m[0m] [2mVQE (lattice=(2, 2), n_occ=5, t1=1, phi=0.785398, M=0, boundary=periodic, t2=0.5, repetition=6) = -4.089299904041557[0m
[[2m[37m19:13:31[0m[2m[0m] [2mVQE (lattice=(2, 2), n_occ=5, t1=1, phi=0.785398, M=0, boundary=periodic, t2=0.6, repetition=6) = -3.691638045700949[0m
[[2m[37m19:14:28[0m[2m[0m] [2mVQE (lattice=(2, 2), n_occ=5, t1=1, phi=0.785398, M=0, boundary=periodic, t2=0.8, repetition=6) = -4.87518218521255[0m
[[2m[37m19:14:52[0m[2m[0m] [2mVQE (lattice=(2, 2), n_occ=5, t1=1, phi=0.785398, M=0, boundary=periodic, t2=0.4, repetition=6) = -3.187854315924806[0m
[[2m[37m19:16:50[0m[2m[0m] [2mVQE (lattice=(2, 2), n_occ=5, t1=1, phi=0.785398, M=0, boundary=periodic, t2=0.7, repetition=6) = -5.521991016495828[0m
[[2m[37m19:17:50[0m[2m[0m] [2mVQE (lattice=(2, 2), n_occ=4, t1=1, phi=0.785398, M=0, boundary=periodic, t2=0.1, repetition=6) = -5.17468725310152[0m
[[2m[37m19:20:59[0m[2m[0m] [2mVQE (lattice=(2, 2), n_occ=5, t1=1, phi=0.785398, M=0, boundary=periodic, t2=0.2, repetition=6) = -4.136519605938511[0m
[[2m[37m19:21:37[0m[2m[0m] [2mVQE (lattice=(2, 2), n_occ=5, t1=1, phi=0.785398, M=0, boundary=periodic, t2=0.3, repetition=6) = -4.0544621435545825[0m
[[2m[37m19:23:36[0m[2m[0m] [2mVQE (lattice=(2, 2), n_occ=5, t1=1, phi=0.785398, M=0, boundary=periodic, t2=0.1, repetition=6) = -3.974913644537232[0m
[[2m[37m19:36:25[0m[2m[0m] [2mVQE (lattice=(2, 2), n_occ=3, t1=1, phi=0.785398, M=0, boundary=periodic, t2=0.7, repetition=7) = -4.774514132993626[0m
[[2m[37m19:39:13[0m[2m[0m] [2mVQE (lattice=(2, 2), n_occ=3, t1=1, phi=0.785398, M=0, boundary=periodic, t2=0.9, repetition=7) = -6.024421088467328[0m
[[2m[37m19:39:26[0m[2m[0m] [2mVQE (lattice=(2, 2), n_occ=3, t1=1, phi=0.785398, M=0, boundary=periodic, t2=0.3, repetition=7) = -5.024547234836839[0m
[[2m[37m19:39:50[0m[2m[0m] [2mVQE (lattice=(2, 2), n_occ=3, t1=1, phi=0.785398, M=0, boundary=periodic, t2=0.4, repetition=7) = -4.714187800565223[0m
[[2m[37m19:40:27[0m[2m[0m] [2mVQE (lattice=(2, 2), n_occ=3, t1=1, phi=0.785398, M=0, boundary=periodic, t2=0.6, repetition=7) = -4.8000785403575925[0m
[[2m[37m19:40:32[0m[2m[0m] [2mVQE (lattice=(2, 2), n_occ=3, t1=1, phi=0.785398, M=0, boundary=periodic, t2=0.2, repetition=7) = -4.783811334424858[0m
[[2m[37m19:40:37[0m[2m[0m] [2mVQE (lattice=(2, 2), n_occ=3, t1=1, phi=0.785398, M=0, boundary=periodic, t2=1, repetition=7) = -7.083251532594934[0m
[[2m[37m19:41:24[0m[2m[0m] [2mVQE (lattice=(2, 2), n_occ=3, t1=1, phi=0.785398, M=0, boundary=periodic, t2=0.5, repetition=7) = -5.3977943405349755[0m
[[2m[37m19:41:59[0m[2m[0m] [2mVQE (lattice=(2, 2), n_occ=4, t1=1, phi=0.785398, M=0, boundary=periodic, t2=0.7, repetition=7) = -5.0979938253178485[0m
[[2m[37m19:42:01[0m[2m[0m] [2mVQE (lattice=(2, 2), n_occ=4, t1=1, phi=0.785398, M=0, boundary=periodic, t2=0.9, repetition=7) = -5.3308738985262885[0m
[[2m[37m19:42:08[0m[2m[0m] [2mVQE (lattice=(2, 2), n_occ=3, t1=1, phi=0.785398, M=0, boundary=periodic, t2=0.8, repetition=7) = -6.030813099689891[0m
[[2m[37m19:42:54[0m[2m[0m] [2mVQE (lattice=(2, 2), n_occ=4, t1=1, phi=0.785398, M=0, boundary=periodic, t2=0.4, repetition=7) = -4.656491664556884[0m
[[2m[37m19:43:05[0m[2m[0m] [2mVQE (lattice=(2, 2), n_occ=4, t1=1, phi=0.785398, M=0, boundary=periodic, t2=0.6, repetition=7) = -5.2159554884196755[0m
[[2m[37m19:43:36[0m[2m[0m] [2mVQE (lattice=(2, 2), n_occ=4, t1=1, phi=0.785398, M=0, boundary=periodic, t2=1, repetition=7) = -6.002479828114468[0m
[[2m[37m19:44:24[0m[2m[0m] [2mVQE (lattice=(2, 2), n_occ=4, t1=1, phi=0.785398, M=0, boundary=periodic, t2=0.5, repetition=7) = -5.269888193390329[0m
[[2m[37m19:44:41[0m[2m[0m] [2mVQE (lattice=(2, 2), n_occ=4, t1=1, phi=0.785398, M=0, boundary=periodic, t2=0.3, repetition=7) = -5.156001797914959[0m
[[2m[37m19:45:31[0m[2m[0m] [2mVQE (lattice=(2, 2), n_occ=4, t1=1, phi=0.785398, M=0, boundary=periodic, t2=0.8, repetition=7) = -5.781755585702442[0m
[[2m[37m19:45:59[0m[2m[0m] [2mVQE (lattice=(2, 2), n_occ=5, t1=1, phi=0.785398, M=0, boundary=periodic, t2=0.5, repetition=7) = -4.2281063322481245[0m
[[2m[37m19:46:11[0m[2m[0m] [2mVQE (lattice=(2, 2), n_occ=4, t1=1, phi=0.785398, M=0, boundary=periodic, t2=0.2, repetition=7) = -5.413353030598981[0m
[[2m[37m19:47:06[0m[2m[0m] [2mVQE (lattice=(2, 2), n_occ=5, t1=1, phi=0.785398, M=0, boundary=periodic, t2=0.6, repetition=7) = -4.046251007488949[0m
[[2m[37m19:48:35[0m[2m[0m] [2mVQE (lattice=(2, 2), n_occ=5, t1=1, phi=0.785398, M=0, boundary=periodic, t2=0.8, repetition=7) = -4.835555848468517[0m
[[2m[37m19:48:35[0m[2m[0m] [2mVQE (lattice=(2, 2), n_occ=5, t1=1, phi=0.785398, M=0, boundary=periodic, t2=0.4, repetition=7) = -3.816092619508632[0m
[[2m[37m19:50:24[0m[2m[0m] [2mVQE (lattice=(2, 2), n_occ=5, t1=1, phi=0.785398, M=0, boundary=periodic, t2=0.7, repetition=7) = -4.445566913952062[0m
[[2m[37m19:51:28[0m[2m[0m] [2mVQE (lattice=(2, 2), n_occ=4, t1=1, phi=0.785398, M=0, boundary=periodic, t2=0.1, repetition=7) = -4.784867072821703[0m
[[2m[37m19:55:23[0m[2m[0m] [2mVQE (lattice=(2, 2), n_occ=5, t1=1, phi=0.785398, M=0, boundary=periodic, t2=0.2, repetition=7) = -3.9739469863096915[0m
[[2m[37m19:57:20[0m[2m[0m] [2mVQE (lattice=(2, 2), n_occ=5, t1=1, phi=0.785398, M=0, boundary=periodic, t2=0.3, repetition=7) = -4.093553701646017[0m
[[2m[37m19:59:26[0m[2m[0m] [2mVQE (lattice=(2, 2), n_occ=5, t1=1, phi=0.785398, M=0, boundary=periodic, t2=0.1, repetition=7) = -4.41237916240908[0m
[[2m[37m20:01:36[0m[2m[0m] [2mVQE (lattice=(2, 2), n_occ=0, t1=1, phi=0.785398, M=0, boundary=periodic, t2=0, repetition=4) = -0.05078125[0m
[[2m[37m20:02:13[0m[2m[0m] [2mVQE (lattice=(2, 2), n_occ=1, t1=1, phi=0.785398, M=0, boundary=periodic, t2=0, repetition=4) = -2.828857421875[0m
[[2m[37m20:05:32[0m[2m[0m] [2mVQE (lattice=(2, 2), n_occ=2, t1=1, phi=0.785398, M=0, boundary=periodic, t2=0, repetition=4) = -3.610107421875[0m
[[2m[37m20:08:16[0m[2m[0m] [2mVQE (lattice=(2, 2), n_occ=3, t1=1, phi=0.785398, M=0, boundary=periodic, t2=0, repetition=4) = -4.572265625[0m
[[2m[37m20:08:39[0m[2m[0m] [2mVQE (lattice=(2, 2), n_occ=3, t1=1, phi=0.785398, M=0, boundary=periodic, t2=0.7, repetition=8) = -5.441025266914251[0m
[[2m[37m20:11:21[0m[2m[0m] [2mVQE (lattice=(2, 2), n_occ=3, t1=1, phi=0.785398, M=0, boundary=periodic, t2=0.9, repetition=8) = -6.377842044144108[0m
[[2m[37m20:11:58[0m[2m[0m] [2mVQE (lattice=(2, 2), n_occ=3, t1=1, phi=0.785398, M=0, boundary=periodic, t2=0.3, repetition=8) = -4.593480101183299[0m
[[2m[37m20:12:04[0m[2m[0m] [2mVQE (lattice=(2, 2), n_occ=3, t1=1, phi=0.785398, M=0, boundary=periodic, t2=0.4, repetition=8) = -4.775626767247543[0m
[[2m[37m20:12:41[0m[2m[0m] [2mVQE (lattice=(2, 2), n_occ=3, t1=1, phi=0.785398, M=0, boundary=periodic, t2=0.6, repetition=8) = -5.271846938387508[0m
[[2m[37m20:12:54[0m[2m[0m] [2mVQE (lattice=(2, 2), n_occ=3, t1=1, phi=0.785398, M=0, boundary=periodic, t2=0.2, repetition=8) = -4.67955223436944[0m
[[2m[37m20:13:46[0m[2m[0m] [2mVQE (lattice=(2, 2), n_occ=3, t1=1, phi=0.785398, M=0, boundary=periodic, t2=1, repetition=8) = -7.073345850372074[0m
[[2m[37m20:13:52[0m[2m[0m] [2mVQE (lattice=(2, 2), n_occ=7, t1=1, phi=0.785398, M=0, boundary=periodic, t2=0, repetition=4) = -2.2626953125[0m
[[2m[37m20:14:06[0m[2m[0m] [2mVQE (lattice=(2, 2), n_occ=8, t1=1, phi=0.785398, M=0, boundary=periodic, t2=0, repetition=4) = -0.04541015625[0m
[[2m[37m20:14:18[0m[2m[0m] [2mVQE (lattice=(2, 2), n_occ=6, t1=1, phi=0.785398, M=0, boundary=periodic, t2=0, repetition=4) = -3.382568359375[0m
[[2m[37m20:14:19[0m[2m[0m] [2mVQE (lattice=(2, 2), n_occ=3, t1=1, phi=0.785398, M=0, boundary=periodic, t2=0.5, repetition=8) = -5.314676606393675[0m
[[2m[37m20:14:44[0m[2m[0m] [2mVQE (lattice=(2, 2), n_occ=4, t1=1, phi=0.785398, M=0, boundary=periodic, t2=0.9, repetition=8) = -5.6147924248658265[0m
[[2m[37m20:14:52[0m[2m[0m] [2mVQE (lattice=(2, 2), n_occ=4, t1=1, phi=0.785398, M=0, boundary=periodic, t2=0.7, repetition=8) = -4.344673438443149[0m
[[2m[37m20:15:02[0m[2m[0m] [2mVQE (lattice=(2, 2), n_occ=3, t1=1, phi=0.785398, M=0, boundary=periodic, t2=0.8, repetition=8) = -5.891994327144062[0m
[[2m[37m20:15:34[0m[2m[0m] [2mVQE (lattice=(2, 2), n_occ=4, t1=1, phi=0.785398, M=0, boundary=periodic, t2=0.6, repetition=8) = -4.487231768618017[0m
[[2m[37m20:16:17[0m[2m[0m] [2mVQE (lattice=(2, 2), n_occ=4, t1=1, phi=0.785398, M=0, boundary=periodic, t2=0.4, repetition=8) = -5.378614423074655[0m
[[2m[37m20:16:39[0m[2m[0m] [2mVQE (lattice=(2, 2), n_occ=4, t1=1, phi=0.785398, M=0, boundary=periodic, t2=1, repetition=8) = -6.342292093091229[0m
[[2m[37m20:17:19[0m[2m[0m] [2mVQE (lattice=(2, 2), n_occ=4, t1=1, phi=0.785398, M=0, boundary=periodic, t2=0.5, repetition=8) = -4.627205210292883[0m
[[2m[37m20:17:24[0m[2m[0m] [2mVQE (lattice=(2, 2), n_occ=4, t1=1, phi=0.785398, M=0, boundary=periodic, t2=0.3, repetition=8) = -4.539122606630706[0m
[[2m[37m20:17:54[0m[2m[0m] [2mVQE (lattice=(2, 2), n_occ=5, t1=1, phi=0.785398, M=0, boundary=periodic, t2=0.5, repetition=8) = -3.5994712545154064[0m
[[2m[37m20:18:26[0m[2m[0m] [2mVQE (lattice=(2, 2), n_occ=4, t1=1, phi=0.785398, M=0, boundary=periodic, t2=0.8, repetition=8) = -5.0317113021477144[0m
[[2m[37m20:18:31[0m[2m[0m] [2mVQE (lattice=(2, 2), n_occ=0, t1=1, phi=0.785398, M=0, boundary=periodic, t2=0.2, repetition=2) = 0.021272307279610776[0m
[[2m[37m20:19:22[0m[2m[0m] [2mVQE (lattice=(2, 2), n_occ=4, t1=1, phi=0.785398, M=0, boundary=periodic, t2=0.2, repetition=8) = -5.200145889410322[0m
[[2m[37m20:20:40[0m[2m[0m] [2mVQE (lattice=(2, 2), n_occ=5, t1=1, phi=0.785398, M=0, boundary=periodic, t2=0.6, repetition=8) = -4.2655727351912915[0m
[[2m[37m20:20:54[0m[2m[0m] [2mVQE (lattice=(2, 2), n_occ=5, t1=1, phi=0.785398, M=0, boundary=periodic, t2=0.8, repetition=8) = -3.84547216568088[0m
[[2m[37m20:21:44[0m[2m[0m] [2mVQE (lattice=(2, 2), n_occ=5, t1=1, phi=0.785398, M=0, boundary=periodic, t2=0.4, repetition=8) = -3.6067626033839653[0m
[[2m[37m20:23:07[0m[2m[0m] [2mVQE (lattice=(2, 2), n_occ=5, t1=1, phi=0.785398, M=0, boundary=periodic, t2=0.7, repetition=8) = -3.8282431062479017[0m
[[2m[37m20:23:56[0m[2m[0m] [2mVQE (lattice=(2, 2), n_occ=1, t1=1, phi=0.785398, M=0, boundary=periodic, t2=0.2, repetition=2) = -3.297491759682375[0m
[[2m[37m20:25:49[0m[2m[0m] [2mVQE (lattice=(2, 2), n_occ=4, t1=1, phi=0.785398, M=0, boundary=periodic, t2=0.1, repetition=8) = -5.523383690373942[0m
[[2m[37m20:29:39[0m[2m[0m] [2mVQE (lattice=(2, 2), n_occ=2, t1=1, phi=0.785398, M=0, boundary=periodic, t2=0.2, repetition=2) = -3.991388429392876[0m
[[2m[37m20:29:54[0m[2m[0m] [2mVQE (lattice=(2, 2), n_occ=5, t1=1, phi=0.785398, M=0, boundary=periodic, t2=0.2, repetition=8) = -4.293683759418622[0m
[[2m[37m20:31:18[0m[2m[0m] [2mVQE (lattice=(2, 2), n_occ=0, t1=1, phi=0.785398, M=0, boundary=periodic, t2=0.3, repetition=2) = -0.02462104896827478[0m
[[2m[37m20:32:31[0m[2m[0m] [2mVQE (lattice=(2, 2), n_occ=5, t1=1, phi=0.785398, M=0, boundary=periodic, t2=0.3, repetition=8) = -4.220343487299573[0m
[[2m[37m20:32:48[0m[2m[0m] [2mVQE (lattice=(2, 2), n_occ=0, t1=1, phi=0.785398, M=0, boundary=periodic, t2=1, repetition=2) = -0.03198713348772339[0m
[[2m[37m20:33:00[0m[2m[0m] [2mVQE (lattice=(2, 2), n_occ=0, t1=1, phi=0.785398, M=0, boundary=periodic, t2=0.6, repetition=2) = 0.0195179167119229[0m
[[2m[37m20:33:00[0m[2m[0m] [2mVQE (lattice=(2, 2), n_occ=0, t1=1, phi=0.785398, M=0, boundary=periodic, t2=0.4, repetition=2) = -0.08887244243104775[0m
[[2m[37m20:33:07[0m[2m[0m] [2mVQE (lattice=(2, 2), n_occ=0, t1=1, phi=0.785398, M=0, boundary=periodic, t2=0.9, repetition=2) = -0.037420288899745406[0m
[[2m[37m20:33:07[0m[2m[0m] [2mVQE (lattice=(2, 2), n_occ=0, t1=1, phi=0.785398, M=0, boundary=periodic, t2=0.5, repetition=2) = 0.011081135125841492[0m
[[2m[37m20:33:23[0m[2m[0m] [2mVQE (lattice=(2, 2), n_occ=0, t1=1, phi=0.785398, M=0, boundary=periodic, t2=0.8, repetition=2) = -0.02089268735532926[0m
[[2m[37m20:34:53[0m[2m[0m] [2mVQE (lattice=(2, 2), n_occ=5, t1=1, phi=0.785398, M=0, boundary=periodic, t2=0.1, repetition=8) = -3.9818589603602073[0m
[[2m[37m20:35:11[0m[2m[0m] [2mVQE (lattice=(2, 2), n_occ=0, t1=1, phi=0.785398, M=0, boundary=periodic, t2=0.7, repetition=2) = 0.03587883444711322[0m
[[2m[37m20:36:39[0m[2m[0m] [2mVQE (lattice=(2, 2), n_occ=1, t1=1, phi=0.785398, M=0, boundary=periodic, t2=0.1, repetition=2) = -3.048791834664678[0m
[[2m[37m20:37:12[0m[2m[0m] [2mVQE (lattice=(2, 2), n_occ=1, t1=1, phi=0.785398, M=0, boundary=periodic, t2=0.4, repetition=2) = -4.343728961982759[0m
[[2m[37m20:37:15[0m[2m[0m] [2mVQE (lattice=(2, 2), n_occ=1, t1=1, phi=0.785398, M=0, boundary=periodic, t2=0.7, repetition=2) = -5.460121617368083[0m
[[2m[37m20:37:29[0m[2m[0m] [2mVQE (lattice=(2, 2), n_occ=0, t1=1, phi=0.785398, M=0, boundary=periodic, t2=0.1, repetition=2) = 0.08809743778934152[0m
[[2m[37m20:39:25[0m[2m[0m] [2mVQE (lattice=(2, 2), n_occ=1, t1=1, phi=0.785398, M=0, boundary=periodic, t2=0.8, repetition=2) = -5.647891377922374[0m
[[2m[37m20:40:13[0m[2m[0m] [2mVQE (lattice=(2, 2), n_occ=5, t1=1, phi=0.785398, M=0, boundary=periodic, t2=0.9, repetition=2) = -5.802216847675057[0m
[[2m[37m20:40:49[0m[2m[0m] [2mVQE (lattice=(2, 2), n_occ=1, t1=1, phi=0.785398, M=0, boundary=periodic, t2=0.9, repetition=2) = -6.206565011669952[0m
[[2m[37m20:40:51[0m[2m[0m] [2mVQE (lattice=(2, 2), n_occ=1, t1=1, phi=0.785398, M=0, boundary=periodic, t2=0.6, repetition=2) = -5.189148676625784[0m
[[2m[37m20:41:18[0m[2m[0m] [2mVQE (lattice=(2, 2), n_occ=3, t1=1, phi=0.785398, M=0, boundary=periodic, t2=0.7, repetition=9) = -5.139016989929817[0m
[[2m[37m20:41:33[0m[2m[0m] [2mVQE (lattice=(2, 2), n_occ=1, t1=1, phi=0.785398, M=0, boundary=periodic, t2=1, repetition=2) = -6.845839903435072[0m
[[2m[37m20:41:50[0m[2m[0m] [2mVQE (lattice=(2, 2), n_occ=1, t1=1, phi=0.785398, M=0, boundary=periodic, t2=0.3, repetition=2) = -3.8684956573278066[0m
[[2m[37m20:42:33[0m[2m[0m] [2mVQE (lattice=(2, 2), n_occ=1, t1=1, phi=0.785398, M=0, boundary=periodic, t2=0.5, repetition=2) = -4.475010383703075[0m
[[2m[37m20:42:57[0m[2m[0m] [2mVQE (lattice=(2, 2), n_occ=2, t1=1, phi=0.785398, M=0, boundary=periodic, t2=0.1, repetition=2) = -4.041783677911112[0m
[[2m[37m20:43:48[0m[2m[0m] [2mVQE (lattice=(2, 2), n_occ=2, t1=1, phi=0.785398, M=0, boundary=periodic, t2=0.8, repetition=2) = -5.356300427098745[0m
[[2m[37m20:43:58[0m[2m[0m] [2mVQE (lattice=(2, 2), n_occ=3, t1=1, phi=0.785398, M=0, boundary=periodic, t2=0.9, repetition=9) = -6.721500755284982[0m
[[2m[37m20:44:19[0m[2m[0m] [2mVQE (lattice=(2, 2), n_occ=3, t1=1, phi=0.785398, M=0, boundary=periodic, t2=0.3, repetition=9) = -5.045414190855252[0m
[[2m[37m20:44:49[0m[2m[0m] [2mVQE (lattice=(2, 2), n_occ=3, t1=1, phi=0.785398, M=0, boundary=periodic, t2=0.4, repetition=9) = -5.29281847656334[0m
[[2m[37m20:44:53[0m[2m[0m] [2mVQE (lattice=(2, 2), n_occ=3, t1=1, phi=0.785398, M=0, boundary=periodic, t2=0.2, repetition=9) = -4.869165225137216[0m
[[2m[37m20:44:58[0m[2m[0m] [2mVQE (lattice=(2, 2), n_occ=7, t1=1, phi=0.785398, M=0, boundary=periodic, t2=0.9, repetition=2) = -2.169716958959137[0m
[[2m[37m20:45:03[0m[2m[0m] [2mVQE (lattice=(2, 2), n_occ=2, t1=1, phi=0.785398, M=0, boundary=periodic, t2=0.6, repetition=2) = -5.114996513086597[0m
[[2m[37m20:45:16[0m[2m[0m] [2mVQE (lattice=(2, 2), n_occ=3, t1=1, phi=0.785398, M=0, boundary=periodic, t2=0.6, repetition=9) = -5.1886293736913[0m
[[2m[37m20:45:24[0m[2m[0m] [2mVQE (lattice=(2, 2), n_occ=6, t1=1, phi=0.785398, M=0, boundary=periodic, t2=0.9, repetition=2) = -3.82990322855981[0m
[[2m[37m20:45:46[0m[2m[0m] [2mVQE (lattice=(2, 2), n_occ=3, t1=1, phi=0.785398, M=0, boundary=periodic, t2=1, repetition=9) = -6.242917658306029[0m
[[2m[37m20:45:53[0m[2m[0m] [2mVQE (lattice=(2, 2), n_occ=2, t1=1, phi=0.785398, M=0, boundary=periodic, t2=0.7, repetition=2) = -5.447825301426582[0m
[[2m[37m20:46:10[0m[2m[0m] [2mVQE (lattice=(2, 2), n_occ=2, t1=1, phi=0.785398, M=0, boundary=periodic, t2=0.4, repetition=2) = -4.671948666722503[0m
[[2m[37m20:46:20[0m[2m[0m] [2mVQE (lattice=(2, 2), n_occ=2, t1=1, phi=0.785398, M=0, boundary=periodic, t2=0.5, repetition=2) = -4.661582251355465[0m
[[2m[37m20:46:31[0m[2m[0m] [2mVQE (lattice=(2, 2), n_occ=2, t1=1, phi=0.785398, M=0, boundary=periodic, t2=0.3, repetition=2) = -4.467599904221277[0m
[[2m[37m20:46:57[0m[2m[0m] [2mVQE (lattice=(2, 2), n_occ=3, t1=1, phi=0.785398, M=0, boundary=periodic, t2=0.5, repetition=9) = -4.994670460078106[0m
[[2m[37m20:47:14[0m[2m[0m] [2mVQE (lattice=(2, 2), n_occ=2, t1=1, phi=0.785398, M=0, boundary=periodic, t2=1, repetition=2) = -7.115456086421928[0m
[[2m[37m20:47:27[0m[2m[0m] [2mVQE (lattice=(2, 2), n_occ=8, t1=1, phi=0.785398, M=0, boundary=periodic, t2=0.9, repetition=2) = -0.0053272729492362374[0m
[[2m[37m20:47:44[0m[2m[0m] [2mVQE (lattice=(2, 2), n_occ=4, t1=1, phi=0.785398, M=0, boundary=periodic, t2=0.9, repetition=9) = -5.744018793749037[0m
[[2m[37m20:47:53[0m[2m[0m] [2mVQE (lattice=(2, 2), n_occ=4, t1=1, phi=0.785398, M=0, boundary=periodic, t2=0.7, repetition=9) = -4.465839888498363[0m
[[2m[37m20:47:54[0m[2m[0m] [2mVQE (lattice=(2, 2), n_occ=3, t1=1, phi=0.785398, M=0, boundary=periodic, t2=0.8, repetition=9) = -5.747776493966708[0m
[[2m[37m20:47:54[0m[2m[0m] [2mVQE (lattice=(2, 2), n_occ=2, t1=1, phi=0.785398, M=0, boundary=periodic, t2=0.9, repetition=2) = -6.311698398445612[0m
[[2m[37m20:48:21[0m[2m[0m] [2mVQE (lattice=(2, 2), n_occ=4, t1=1, phi=0.785398, M=0, boundary=periodic, t2=0.6, repetition=9) = -5.039684514613423[0m
[[2m[37m20:49:50[0m[2m[0m] [2mVQE (lattice=(2, 2), n_occ=4, t1=1, phi=0.785398, M=0, boundary=periodic, t2=1, repetition=9) = -6.4177320803880304[0m
[[2m[37m20:50:05[0m[2m[0m] [2mVQE (lattice=(2, 2), n_occ=4, t1=1, phi=0.785398, M=0, boundary=periodic, t2=0.4, repetition=9) = -5.314983445698381[0m
[[2m[37m20:50:07[0m[2m[0m] [2mVQE (lattice=(2, 2), n_occ=5, t1=1, phi=0.785398, M=0, boundary=periodic, t2=0.5, repetition=9) = -3.6664190743546663[0m
[[2m[37m20:50:20[0m[2m[0m] [2mVQE (lattice=(2, 2), n_occ=4, t1=1, phi=0.785398, M=0, boundary=periodic, t2=0.5, repetition=9) = -4.777594744082971[0m
[[2m[37m20:50:24[0m[2m[0m] [2mVQE (lattice=(2, 2), n_occ=3, t1=1, phi=0.785398, M=0, boundary=periodic, t2=0.1, repetition=2) = -4.501593959200061[0m
[[2m[37m20:50:34[0m[2m[0m] [2mVQE (lattice=(2, 2), n_occ=4, t1=1, phi=0.785398, M=0, boundary=periodic, t2=0.3, repetition=9) = -4.735220621134509[0m
[[2m[37m20:52:19[0m[2m[0m] [2mVQE (lattice=(2, 2), n_occ=4, t1=1, phi=0.785398, M=0, boundary=periodic, t2=0.8, repetition=9) = -6.090139565797972[0m
[[2m[37m20:52:26[0m[2m[0m] [2mVQE (lattice=(2, 2), n_occ=4, t1=1, phi=0.785398, M=0, boundary=periodic, t2=0.2, repetition=9) = -5.031215994345599[0m
[[2m[37m20:52:41[0m[2m[0m] [2mVQE (lattice=(2, 2), n_occ=5, t1=1, phi=0.785398, M=0, boundary=periodic, t2=1, repetition=2) = -5.516328367187254[0m
[[2m[37m20:53:09[0m[2m[0m] [2mVQE (lattice=(2, 2), n_occ=6, t1=1, phi=0.785398, M=0, boundary=periodic, t2=0.6, repetition=2) = -2.6965659884536057[0m
[[2m[37m20:53:55[0m[2m[0m] [2mVQE (lattice=(2, 2), n_occ=6, t1=1, phi=0.785398, M=0, boundary=periodic, t2=0.7, repetition=2) = -3.1190072961077036[0m
[[2m[37m20:53:55[0m[2m[0m] [2mVQE (lattice=(2, 2), n_occ=7, t1=1, phi=0.785398, M=0, boundary=periodic, t2=0.2, repetition=2) = -1.610825646640519[0m
[[2m[37m20:53:57[0m[2m[0m] [2mVQE (lattice=(2, 2), n_occ=6, t1=1, phi=0.785398, M=0, boundary=periodic, t2=0.1, repetition=2) = -3.139747871560729[0m
[[2m[37m20:54:04[0m[2m[0m] [2mVQE (lattice=(2, 2), n_occ=5, t1=1, phi=0.785398, M=0, boundary=periodic, t2=0.6, repetition=9) = -4.415738003745873[0m
[[2m[37m20:54:14[0m[2m[0m] [2mVQE (lattice=(2, 2), n_occ=5, t1=1, phi=0.785398, M=0, boundary=periodic, t2=0.8, repetition=9) = -4.693650283809579[0m
[[2m[37m20:54:19[0m[2m[0m] [2mVQE (lattice=(2, 2), n_occ=6, t1=1, phi=0.785398, M=0, boundary=periodic, t2=1, repetition=2) = -4.309909014444283[0m
[[2m[37m20:54:20[0m[2m[0m] [2mVQE (lattice=(2, 2), n_occ=6, t1=1, phi=0.785398, M=0, boundary=periodic, t2=0.4, repetition=2) = -2.7985915017054426[0m
[[2m[37m20:54:31[0m[2m[0m] [2mVQE (lattice=(2, 2), n_occ=6, t1=1, phi=0.785398, M=0, boundary=periodic, t2=0.2, repetition=2) = -2.9903845147475145[0m
[[2m[37m20:55:31[0m[2m[0m] [2mVQE (lattice=(2, 2), n_occ=5, t1=1, phi=0.785398, M=0, boundary=periodic, t2=0.4, repetition=9) = -3.966528606138272[0m
[[2m[37m20:56:59[0m[2m[0m] [2mVQE (lattice=(2, 2), n_occ=6, t1=1, phi=0.785398, M=0, boundary=periodic, t2=0.8, repetition=2) = -3.746248271125845[0m
[[2m[37m20:57:10[0m[2m[0m] [2mVQE (lattice=(2, 2), n_occ=6, t1=1, phi=0.785398, M=0, boundary=periodic, t2=0.3, repetition=2) = -2.7193833843084483[0m
[[2m[37m20:57:20[0m[2m[0m] [2mVQE (lattice=(2, 2), n_occ=7, t1=1, phi=0.785398, M=0, boundary=periodic, t2=0.6, repetition=2) = -1.3571520830176587[0m
[[2m[37m20:57:21[0m[2m[0m] [2mVQE (lattice=(2, 2), n_occ=6, t1=1, phi=0.785398, M=0, boundary=periodic, t2=0.5, repetition=2) = -2.6670556385934887[0m
[[2m[37m20:57:33[0m[2m[0m] [2mVQE (lattice=(2, 2), n_occ=7, t1=1, phi=0.785398, M=0, boundary=periodic, t2=1, repetition=2) = -2.1426220611968607[0m
[[2m[37m20:57:52[0m[2m[0m] [2mVQE (lattice=(2, 2), n_occ=7, t1=1, phi=0.785398, M=0, boundary=periodic, t2=0.5, repetition=2) = -1.7099250345123314[0m
[[2m[37m20:58:00[0m[2m[0m] [2mVQE (lattice=(2, 2), n_occ=7, t1=1, phi=0.785398, M=0, boundary=periodic, t2=0.4, repetition=2) = -1.301228364769547[0m
[[2m[37m20:58:07[0m[2m[0m] [2mVQE (lattice=(2, 2), n_occ=7, t1=1, phi=0.785398, M=0, boundary=periodic, t2=0.3, repetition=2) = -1.5717087537063485[0m
[[2m[37m20:58:18[0m[2m[0m] [2mVQE (lattice=(2, 2), n_occ=5, t1=1, phi=0.785398, M=0, boundary=periodic, t2=0.7, repetition=9) = -5.2246891244736435[0m
[[2m[37m20:58:59[0m[2m[0m] [2mVQE (lattice=(2, 2), n_occ=7, t1=1, phi=0.785398, M=0, boundary=periodic, t2=0.1, repetition=2) = -1.9015981062445453[0m
[[2m[37m20:59:09[0m[2m[0m] [2mVQE (lattice=(2, 2), n_occ=8, t1=1, phi=0.785398, M=0, boundary=periodic, t2=0.6, repetition=2) = -0.04246748281978947[0m
[[2m[37m20:59:36[0m[2m[0m] [2mVQE (lattice=(2, 2), n_occ=4, t1=1, phi=0.785398, M=0, boundary=periodic, t2=0.1, repetition=9) = -4.767144174412859[0m
[[2m[37m21:00:02[0m[2m[0m] [2mVQE (lattice=(2, 2), n_occ=8, t1=1, phi=0.785398, M=0, boundary=periodic, t2=0.2, repetition=2) = 0.008949774380920442[0m
[[2m[37m21:00:04[0m[2m[0m] [2mVQE (lattice=(2, 2), n_occ=7, t1=1, phi=0.785398, M=0, boundary=periodic, t2=0.7, repetition=2) = -1.8285294068754308[0m
[[2m[37m21:00:30[0m[2m[0m] [2mVQE (lattice=(2, 2), n_occ=7, t1=1, phi=0.785398, M=0, boundary=periodic, t2=0.8, repetition=2) = -1.9062497057669192[0m
[[2m[37m21:00:59[0m[2m[0m] [2mVQE (lattice=(2, 2), n_occ=8, t1=1, phi=0.785398, M=0, boundary=periodic, t2=0.5, repetition=2) = 0.019844791365269267[0m
[[2m[37m21:01:16[0m[2m[0m] [2mVQE (lattice=(2, 2), n_occ=8, t1=1, phi=0.785398, M=0, boundary=periodic, t2=0.1, repetition=2) = -0.03307518073942351[0m
[[2m[37m21:01:23[0m[2m[0m] [2mVQE (lattice=(2, 2), n_occ=8, t1=1, phi=0.785398, M=0, boundary=periodic, t2=1, repetition=2) = 0.004086939531511628[0m
[[2m[37m21:01:51[0m[2m[0m] [2mVQE (lattice=(2, 2), n_occ=8, t1=1, phi=0.785398, M=0, boundary=periodic, t2=0.4, repetition=2) = 0.07363950496721541[0m
[[2m[37m21:02:03[0m[2m[0m] [2mVQE (lattice=(2, 2), n_occ=8, t1=1, phi=0.785398, M=0, boundary=periodic, t2=0.7, repetition=2) = 0.05098979957867443[0m
[[2m[37m21:02:17[0m[2m[0m] [2mVQE (lattice=(2, 2), n_occ=8, t1=1, phi=0.785398, M=0, boundary=periodic, t2=0.8, repetition=2) = 0.009691512647007346[0m
[[2m[37m21:02:23[0m[2m[0m] [2mVQE (lattice=(2, 2), n_occ=8, t1=1, phi=0.785398, M=0, boundary=periodic, t2=0.3, repetition=2) = 0.01856871550381027[0m
[[2m[37m21:03:50[0m[2m[0m] [2mVQE (lattice=(2, 2), n_occ=0, t1=1, phi=0.785398, M=0, boundary=periodic, t2=0, repetition=5) = -0.069580078125[0m
[[2m[37m21:04:45[0m[2m[0m] [2mVQE (lattice=(2, 2), n_occ=5, t1=1, phi=0.785398, M=0, boundary=periodic, t2=0.2, repetition=9) = -4.1909129989055085[0m
[[2m[37m21:04:49[0m[2m[0m] [2mVQE (lattice=(2, 2), n_occ=1, t1=1, phi=0.785398, M=0, boundary=periodic, t2=0, repetition=5) = -2.759521484375[0m
[[2m[37m21:07:42[0m[2m[0m] [2mVQE (lattice=(2, 2), n_occ=5, t1=1, phi=0.785398, M=0, boundary=periodic, t2=0.3, repetition=9) = -4.189988246437203[0m
[[2m[37m21:08:51[0m[2m[0m] [2mVQE (lattice=(2, 2), n_occ=2, t1=1, phi=0.785398, M=0, boundary=periodic, t2=0, repetition=5) = -3.69091796875[0m
[[2m[37m21:09:08[0m[2m[0m] [2mVQE (lattice=(2, 2), n_occ=5, t1=1, phi=0.785398, M=0, boundary=periodic, t2=0.1, repetition=9) = -3.8594747368555473[0m
[[2m[37m21:12:16[0m[2m[0m] [2mVQE (lattice=(2, 2), n_occ=3, t1=1, phi=0.785398, M=0, boundary=periodic, t2=0, repetition=5) = -4.77001953125[0m
[[2m[37m21:13:32[0m[2m[0m] [2mVQE (lattice=(2, 2), n_occ=3, t1=1, phi=0.785398, M=0, boundary=periodic, t2=0.7, repetition=10) = -5.345069335050849[0m
[[1m[32m21:13:32[0m[1m[0m] [37mVQE other benchmarks (lattice=(2, 2), n_occ=3, t1=1, phi=0.785398, M=0, boundary=periodic, t2=0.7): num_queries=4800000, circuit_depth=[52,45][0m
[[2m[37m21:16:28[0m[2m[0m] [2mVQE (lattice=(2, 2), n_occ=3, t1=1, phi=0.785398, M=0, boundary=periodic, t2=0.4, repetition=10) = -4.732621232730209[0m
[[1m[32m21:16:29[0m[1m[0m] [37mVQE other benchmarks (lattice=(2, 2), n_occ=3, t1=1, phi=0.785398, M=0, boundary=periodic, t2=0.4): num_queries=4800000, circuit_depth=[52,45][0m
[[2m[37m21:16:44[0m[2m[0m] [2mVQE (lattice=(2, 2), n_occ=3, t1=1, phi=0.785398, M=0, boundary=periodic, t2=0.3, repetition=10) = -4.95273610367442[0m
[[1m[32m21:16:44[0m[1m[0m] [37mVQE other benchmarks (lattice=(2, 2), n_occ=3, t1=1, phi=0.785398, M=0, boundary=periodic, t2=0.3): num_queries=4800000, circuit_depth=[52,45][0m
[[2m[37m21:16:50[0m[2m[0m] [2mVQE (lattice=(2, 2), n_occ=3, t1=1, phi=0.785398, M=0, boundary=periodic, t2=0.9, repetition=10) = -6.792428282751286[0m
[[1m[32m21:16:50[0m[1m[0m] [37mVQE other benchmarks (lattice=(2, 2), n_occ=3, t1=1, phi=0.785398, M=0, boundary=periodic, t2=0.9): num_queries=4800000, circuit_depth=[52,45][0m
[[2m[37m21:17:50[0m[2m[0m] [2mVQE (lattice=(2, 2), n_occ=3, t1=1, phi=0.785398, M=0, boundary=periodic, t2=0.2, repetition=10) = -4.82686737866852[0m
[[1m[32m21:17:50[0m[1m[0m] [37mVQE other benchmarks (lattice=(2, 2), n_occ=3, t1=1, phi=0.785398, M=0, boundary=periodic, t2=0.2): num_queries=4800000, circuit_depth=[52,45][0m
[[2m[37m21:17:54[0m[2m[0m] [2mVQE (lattice=(2, 2), n_occ=3, t1=1, phi=0.785398, M=0, boundary=periodic, t2=1, repetition=10) = -6.626388796892852[0m
[[1m[32m21:17:54[0m[1m[0m] [37mVQE other benchmarks (lattice=(2, 2), n_occ=3, t1=1, phi=0.785398, M=0, boundary=periodic, t2=1): num_queries=4800000, circuit_depth=[52,45][0m
[[2m[37m21:18:11[0m[2m[0m] [2mVQE (lattice=(2, 2), n_occ=3, t1=1, phi=0.785398, M=0, boundary=periodic, t2=0.6, repetition=10) = -5.222371494774608[0m
[[1m[32m21:18:11[0m[1m[0m] [37mVQE other benchmarks (lattice=(2, 2), n_occ=3, t1=1, phi=0.785398, M=0, boundary=periodic, t2=0.6): num_queries=4800000, circuit_depth=[52,45][0m
[[2m[37m21:19:29[0m[2m[0m] [2mVQE (lattice=(2, 2), n_occ=7, t1=1, phi=0.785398, M=0, boundary=periodic, t2=0, repetition=5) = -2.320556640625[0m
[[2m[37m21:19:34[0m[2m[0m] [2mVQE (lattice=(2, 2), n_occ=6, t1=1, phi=0.785398, M=0, boundary=periodic, t2=0, repetition=5) = -3.347412109375[0m
[[2m[37m21:19:45[0m[2m[0m] [2mVQE (lattice=(2, 2), n_occ=3, t1=1, phi=0.785398, M=0, boundary=periodic, t2=0.5, repetition=10) = -5.143610117934507[0m
[[1m[32m21:19:45[0m[1m[0m] [37mVQE other benchmarks (lattice=(2, 2), n_occ=3, t1=1, phi=0.785398, M=0, boundary=periodic, t2=0.5): num_queries=4800000, circuit_depth=[52,45][0m
[[2m[37m21:19:47[0m[2m[0m] [2mVQE (lattice=(2, 2), n_occ=8, t1=1, phi=0.785398, M=0, boundary=periodic, t2=0, repetition=5) = -0.046875[0m
[[2m[37m21:20:29[0m[2m[0m] [2mVQE (lattice=(2, 2), n_occ=3, t1=1, phi=0.785398, M=0, boundary=periodic, t2=0.8, repetition=10) = -5.8615280248789565[0m
[[1m[32m21:20:29[0m[1m[0m] [37mVQE other benchmarks (lattice=(2, 2), n_occ=3, t1=1, phi=0.785398, M=0, boundary=periodic, t2=0.8): num_queries=4800000, circuit_depth=[52,45][0m
[[2m[37m21:21:06[0m[2m[0m] [2mVQE (lattice=(2, 2), n_occ=4, t1=1, phi=0.785398, M=0, boundary=periodic, t2=0.9, repetition=10) = -6.294176506014999[0m
[[1m[32m21:21:06[0m[1m[0m] [37mVQE other benchmarks (lattice=(2, 2), n_occ=4, t1=1, phi=0.785398, M=0, boundary=periodic, t2=0.9): num_queries=4800000, circuit_depth=[52,45][0m
[[2m[37m21:21:06[0m[2m[0m] [2mVQE (lattice=(2, 2), n_occ=4, t1=1, phi=0.785398, M=0, boundary=periodic, t2=0.7, repetition=10) = -4.66530941492414[0m
[[1m[32m21:21:06[0m[1m[0m] [37mVQE other benchmarks (lattice=(2, 2), n_occ=4, t1=1, phi=0.785398, M=0, boundary=periodic, t2=0.7): num_queries=4800000, circuit_depth=[52,45][0m
[[2m[37m21:21:33[0m[2m[0m] [2mVQE (lattice=(2, 2), n_occ=4, t1=1, phi=0.785398, M=0, boundary=periodic, t2=0.6, repetition=10) = -4.778205603254878[0m
[[1m[32m21:21:34[0m[1m[0m] [37mVQE other benchmarks (lattice=(2, 2), n_occ=4, t1=1, phi=0.785398, M=0, boundary=periodic, t2=0.6): num_queries=4800000, circuit_depth=[52,45][0m
[[2m[37m21:22:49[0m[2m[0m] [2mVQE (lattice=(2, 2), n_occ=4, t1=1, phi=0.785398, M=0, boundary=periodic, t2=0.4, repetition=10) = -4.339478870503523[0m
[[1m[32m21:22:49[0m[1m[0m] [37mVQE other benchmarks (lattice=(2, 2), n_occ=4, t1=1, phi=0.785398, M=0, boundary=periodic, t2=0.4): num_queries=4800000, circuit_depth=[52,45][0m
[[2m[37m21:22:53[0m[2m[0m] [2mVQE (lattice=(2, 2), n_occ=4, t1=1, phi=0.785398, M=0, boundary=periodic, t2=0.3, repetition=10) = -4.369115975726471[0m
[[1m[32m21:22:53[0m[1m[0m] [37mVQE other benchmarks (lattice=(2, 2), n_occ=4, t1=1, phi=0.785398, M=0, boundary=periodic, t2=0.3): num_queries=4800000, circuit_depth=[52,45][0m
[[2m[37m21:23:12[0m[2m[0m] [2mVQE (lattice=(2, 2), n_occ=4, t1=1, phi=0.785398, M=0, boundary=periodic, t2=0.5, repetition=10) = -4.781188174288222[0m
[[1m[32m21:23:12[0m[1m[0m] [37mVQE other benchmarks (lattice=(2, 2), n_occ=4, t1=1, phi=0.785398, M=0, boundary=periodic, t2=0.5): num_queries=4800000, circuit_depth=[52,45][0m
[[2m[37m21:23:27[0m[2m[0m] [2mVQE (lattice=(2, 2), n_occ=5, t1=1, phi=0.785398, M=0, boundary=periodic, t2=0.5, repetition=10) = -3.926484346405273[0m
[[1m[32m21:23:27[0m[1m[0m] [37mVQE other benchmarks (lattice=(2, 2), n_occ=5, t1=1, phi=0.785398, M=0, boundary=periodic, t2=0.5): num_queries=4800000, circuit_depth=[52,45][0m
[[2m[37m21:23:28[0m[2m[0m] [2mVQE (lattice=(2, 2), n_occ=4, t1=1, phi=0.785398, M=0, boundary=periodic, t2=1, repetition=10) = -6.975937918437999[0m
[[1m[32m21:23:28[0m[1m[0m] [37mVQE other benchmarks (lattice=(2, 2), n_occ=4, t1=1, phi=0.785398, M=0, boundary=periodic, t2=1): num_queries=4800000, circuit_depth=[52,45][0m
[[2m[37m21:25:20[0m[2m[0m] [2mVQE (lattice=(2, 2), n_occ=4, t1=1, phi=0.785398, M=0, boundary=periodic, t2=0.2, repetition=10) = -4.646199237000218[0m
[[1m[32m21:25:20[0m[1m[0m] [37mVQE other benchmarks (lattice=(2, 2), n_occ=4, t1=1, phi=0.785398, M=0, boundary=periodic, t2=0.2): num_queries=4800000, circuit_depth=[52,45][0m
[[2m[37m21:25:36[0m[2m[0m] [2mVQE (lattice=(2, 2), n_occ=4, t1=1, phi=0.785398, M=0, boundary=periodic, t2=0.8, repetition=10) = -5.614941932753706[0m
[[1m[32m21:25:36[0m[1m[0m] [37mVQE other benchmarks (lattice=(2, 2), n_occ=4, t1=1, phi=0.785398, M=0, boundary=periodic, t2=0.8): num_queries=4800000, circuit_depth=[52,45][0m
[[2m[37m21:27:47[0m[2m[0m] [2mVQE (lattice=(2, 2), n_occ=5, t1=1, phi=0.785398, M=0, boundary=periodic, t2=0.8, repetition=10) = -5.032362183465376[0m
[[1m[32m21:27:47[0m[1m[0m] [37mVQE other benchmarks (lattice=(2, 2), n_occ=5, t1=1, phi=0.785398, M=0, boundary=periodic, t2=0.8): num_queries=4800000, circuit_depth=[52,45][0m
[[2m[37m21:27:55[0m[2m[0m] [2mVQE (lattice=(2, 2), n_occ=5, t1=1, phi=0.785398, M=0, boundary=periodic, t2=0.6, repetition=10) = -4.1431313890258386[0m
[[1m[32m21:27:56[0m[1m[0m] [37mVQE other benchmarks (lattice=(2, 2), n_occ=5, t1=1, phi=0.785398, M=0, boundary=periodic, t2=0.6): num_queries=4800000, circuit_depth=[52,45][0m
[[2m[37m21:28:26[0m[2m[0m] [2mVQE (lattice=(2, 2), n_occ=5, t1=1, phi=0.785398, M=0, boundary=periodic, t2=0.4, repetition=10) = -3.3958192428632823[0m
[[1m[32m21:28:26[0m[1m[0m] [37mVQE other benchmarks (lattice=(2, 2), n_occ=5, t1=1, phi=0.785398, M=0, boundary=periodic, t2=0.4): num_queries=4800000, circuit_depth=[52,45][0m
[[2m[37m21:32:02[0m[2m[0m] [2mVQE (lattice=(2, 2), n_occ=5, t1=1, phi=0.785398, M=0, boundary=periodic, t2=0.7, repetition=10) = -4.832200596106485[0m
[[1m[32m21:32:02[0m[1m[0m] [37mVQE other benchmarks (lattice=(2, 2), n_occ=5, t1=1, phi=0.785398, M=0, boundary=periodic, t2=0.7): num_queries=4800000, circuit_depth=[52,45][0m
[[2m[37m21:32:42[0m[2m[0m] [2mVQE (lattice=(2, 2), n_occ=4, t1=1, phi=0.785398, M=0, boundary=periodic, t2=0.1, repetition=10) = -4.599856664127323[0m
[[1m[32m21:32:42[0m[1m[0m] [37mVQE other benchmarks (lattice=(2, 2), n_occ=4, t1=1, phi=0.785398, M=0, boundary=periodic, t2=0.1): num_queries=4800000, circuit_depth=[52,45][0m
[[2m[37m21:38:59[0m[2m[0m] [2mVQE (lattice=(2, 2), n_occ=5, t1=1, phi=0.785398, M=0, boundary=periodic, t2=0.2, repetition=10) = -4.057670912573224[0m
[[1m[32m21:38:59[0m[1m[0m] [37mVQE other benchmarks (lattice=(2, 2), n_occ=5, t1=1, phi=0.785398, M=0, boundary=periodic, t2=0.2): num_queries=4800000, circuit_depth=[52,45][0m
[[2m[37m21:41:53[0m[2m[0m] [2mVQE (lattice=(2, 2), n_occ=5, t1=1, phi=0.785398, M=0, boundary=periodic, t2=0.3, repetition=10) = -3.7556630766460164[0m
[[1m[32m21:41:53[0m[1m[0m] [37mVQE other benchmarks (lattice=(2, 2), n_occ=5, t1=1, phi=0.785398, M=0, boundary=periodic, t2=0.3): num_queries=4800000, circuit_depth=[52,45][0m
[[2m[37m21:43:03[0m[2m[0m] [2mVQE (lattice=(2, 2), n_occ=5, t1=1, phi=0.785398, M=0, boundary=periodic, t2=0.1, repetition=10) = -3.7489645911848757[0m
[[1m[32m21:43:04[0m[1m[0m] [37mVQE other benchmarks (lattice=(2, 2), n_occ=5, t1=1, phi=0.785398, M=0, boundary=periodic, t2=0.1): num_queries=4800000, circuit_depth=[52,45][0m
[[2m[37m22:05:47[0m[2m[0m] [2mVQE (lattice=(2, 2), n_occ=0, t1=1, phi=0.785398, M=0, boundary=periodic, t2=0, repetition=6) = -0.04150390625[0m
[[2m[37m22:07:16[0m[2m[0m] [2mVQE (lattice=(2, 2), n_occ=1, t1=1, phi=0.785398, M=0, boundary=periodic, t2=0, repetition=6) = -2.771728515625[0m
[[2m[37m22:12:12[0m[2m[0m] [2mVQE (lattice=(2, 2), n_occ=2, t1=1, phi=0.785398, M=0, boundary=periodic, t2=0, repetition=6) = -3.67626953125[0m
[[2m[37m22:16:11[0m[2m[0m] [2mVQE (lattice=(2, 2), n_occ=3, t1=1, phi=0.785398, M=0, boundary=periodic, t2=0, repetition=6) = -4.5166015625[0m
[[2m[37m22:23:56[0m[2m[0m] [2mVQE (lattice=(2, 2), n_occ=6, t1=1, phi=0.785398, M=0, boundary=periodic, t2=0, repetition=6) = -3.181396484375[0m
[[2m[37m22:24:41[0m[2m[0m] [2mVQE (lattice=(2, 2), n_occ=7, t1=1, phi=0.785398, M=0, boundary=periodic, t2=0, repetition=6) = -2.131103515625[0m
[[2m[37m22:25:12[0m[2m[0m] [2mVQE (lattice=(2, 2), n_occ=8, t1=1, phi=0.785398, M=0, boundary=periodic, t2=0, repetition=6) = -0.03369140625[0m
[[2m[37m22:29:30[0m[2m[0m] [2mVQE (lattice=(2, 2), n_occ=0, t1=1, phi=0.785398, M=0, boundary=periodic, t2=0.2, repetition=3) = 0.03245037811654222[0m
[[2m[37m22:39:49[0m[2m[0m] [2mVQE (lattice=(2, 2), n_occ=1, t1=1, phi=0.785398, M=0, boundary=periodic, t2=0.2, repetition=3) = -3.570508250462397[0m
[[2m[37m22:44:59[0m[2m[0m] [2mVQE (lattice=(2, 2), n_occ=0, t1=1, phi=0.785398, M=0, boundary=periodic, t2=0.5, repetition=3) = -0.06602715111251836[0m
[[2m[37m22:47:57[0m[2m[0m] [2mVQE (lattice=(2, 2), n_occ=2, t1=1, phi=0.785398, M=0, boundary=periodic, t2=0.2, repetition=3) = -4.281103048744597[0m
[[2m[37m22:48:43[0m[2m[0m] [2mVQE (lattice=(2, 2), n_occ=1, t1=1, phi=0.785398, M=0, boundary=periodic, t2=0.1, repetition=3) = -3.1844204532657794[0m
[[2m[37m22:49:29[0m[2m[0m] [2mVQE (lattice=(2, 2), n_occ=1, t1=1, phi=0.785398, M=0, boundary=periodic, t2=0.7, repetition=3) = -5.5301261782917255[0m
[[2m[37m22:50:23[0m[2m[0m] [2mVQE (lattice=(2, 2), n_occ=0, t1=1, phi=0.785398, M=0, boundary=periodic, t2=0.3, repetition=3) = 0.007463563548862906[0m
[[2m[37m22:52:39[0m[2m[0m] [2mVQE (lattice=(2, 2), n_occ=0, t1=1, phi=0.785398, M=0, boundary=periodic, t2=1, repetition=3) = -0.10911276991115056[0m
[[2m[37m22:53:11[0m[2m[0m] [2mVQE (lattice=(2, 2), n_occ=0, t1=1, phi=0.785398, M=0, boundary=periodic, t2=0.9, repetition=3) = 0.11861182284896879[0m
[[2m[37m22:53:42[0m[2m[0m] [2mVQE (lattice=(2, 2), n_occ=0, t1=1, phi=0.785398, M=0, boundary=periodic, t2=0.8, repetition=3) = -0.03819792100697554[0m
[[2m[37m22:53:46[0m[2m[0m] [2mVQE (lattice=(2, 2), n_occ=0, t1=1, phi=0.785398, M=0, boundary=periodic, t2=0.6, repetition=3) = 0.025634070909266827[0m
[[2m[37m22:53:50[0m[2m[0m] [2mVQE (lattice=(2, 2), n_occ=0, t1=1, phi=0.785398, M=0, boundary=periodic, t2=0.4, repetition=3) = 0.05562217444902692[0m
[[2m[37m22:55:42[0m[2m[0m] [2mVQE (lattice=(2, 2), n_occ=0, t1=1, phi=0.785398, M=0, boundary=periodic, t2=0.7, repetition=3) = -0.010626837248718497[0m
[[2m[37m22:58:48[0m[2m[0m] [2mVQE (lattice=(2, 2), n_occ=0, t1=1, phi=0.785398, M=0, boundary=periodic, t2=0.1, repetition=3) = -0.07010025860067748[0m
[[2m[37m22:59:15[0m[2m[0m] [2mVQE (lattice=(2, 2), n_occ=1, t1=1, phi=0.785398, M=0, boundary=periodic, t2=0.4, repetition=3) = -4.446282551241843[0m
[[2m[37m23:00:30[0m[2m[0m] [2mVQE (lattice=(2, 2), n_occ=5, t1=1, phi=0.785398, M=0, boundary=periodic, t2=0.9, repetition=3) = -4.163123545264163[0m
[[2m[37m23:01:53[0m[2m[0m] [2mVQE (lattice=(2, 2), n_occ=2, t1=1, phi=0.785398, M=0, boundary=periodic, t2=0.4, repetition=3) = -4.816048201679971[0m
[[2m[37m23:02:19[0m[2m[0m] [2mVQE (lattice=(2, 2), n_occ=1, t1=1, phi=0.785398, M=0, boundary=periodic, t2=0.8, repetition=3) = -5.80129353377453[0m
[[2m[37m23:03:40[0m[2m[0m] [2mVQE (lattice=(2, 2), n_occ=1, t1=1, phi=0.785398, M=0, boundary=periodic, t2=0.6, repetition=3) = -5.071853014055342[0m
[[2m[37m23:03:42[0m[2m[0m] [2mVQE (lattice=(2, 2), n_occ=1, t1=1, phi=0.785398, M=0, boundary=periodic, t2=0.9, repetition=3) = -6.225498254739108[0m
[[2m[37m23:05:20[0m[2m[0m] [2mVQE (lattice=(2, 2), n_occ=1, t1=1, phi=0.785398, M=0, boundary=periodic, t2=0.3, repetition=3) = -3.839704044123482[0m
[[2m[37m23:05:54[0m[2m[0m] [2mVQE (lattice=(2, 2), n_occ=1, t1=1, phi=0.785398, M=0, boundary=periodic, t2=1, repetition=3) = -6.638758081437436[0m
[[2m[37m23:06:11[0m[2m[0m] [2mVQE (lattice=(2, 2), n_occ=1, t1=1, phi=0.785398, M=0, boundary=periodic, t2=0.5, repetition=3) = -4.6526057166990284[0m
[[2m[37m23:07:25[0m[2m[0m] [2mVQE (lattice=(2, 2), n_occ=0, t1=1, phi=0.785398, M=0, boundary=periodic, t2=0, repetition=7) = 0.03564453125[0m
[[2m[37m23:08:39[0m[2m[0m] [2mVQE (lattice=(2, 2), n_occ=2, t1=1, phi=0.785398, M=0, boundary=periodic, t2=0.1, repetition=3) = -3.8528144476247306[0m
[[2m[37m23:09:31[0m[2m[0m] [2mVQE (lattice=(2, 2), n_occ=1, t1=1, phi=0.785398, M=0, boundary=periodic, t2=0, repetition=7) = -2.701416015625[0m
[[2m[37m23:09:43[0m[2m[0m] [2mVQE (lattice=(2, 2), n_occ=2, t1=1, phi=0.785398, M=0, boundary=periodic, t2=0.8, repetition=3) = -5.710133761758414[0m
[[2m[37m23:10:19[0m[2m[0m] [2mVQE (lattice=(2, 2), n_occ=2, t1=1, phi=0.785398, M=0, boundary=periodic, t2=0.6, repetition=3) = -4.959412749568226[0m
[[2m[37m23:11:08[0m[2m[0m] [2mVQE (lattice=(2, 2), n_occ=7, t1=1, phi=0.785398, M=0, boundary=periodic, t2=0.9, repetition=3) = -2.0057539375829156[0m
[[2m[37m23:11:27[0m[2m[0m] [2mVQE (lattice=(2, 2), n_occ=2, t1=1, phi=0.785398, M=0, boundary=periodic, t2=0.7, repetition=3) = -5.283645175640907[0m
[[2m[37m23:11:46[0m[2m[0m] [2mVQE (lattice=(2, 2), n_occ=6, t1=1, phi=0.785398, M=0, boundary=periodic, t2=0.9, repetition=3) = -3.720339224721025[0m
[[2m[37m23:12:13[0m[2m[0m] [2mVQE (lattice=(2, 2), n_occ=2, t1=1, phi=0.785398, M=0, boundary=periodic, t2=0.5, repetition=3) = -4.80974586249656[0m
[[2m[37m23:12:17[0m[2m[0m] [2mVQE (lattice=(2, 2), n_occ=2, t1=1, phi=0.785398, M=0, boundary=periodic, t2=0.3, repetition=3) = -4.429344134409728[0m
[[2m[37m23:12:48[0m[2m[0m] [2mVQE (lattice=(2, 2), n_occ=6, t1=1, phi=0.785398, M=0, boundary=periodic, t2=1, repetition=3) = -3.8599005993543454[0m
[[2m[37m23:13:58[0m[2m[0m] [2mVQE (lattice=(2, 2), n_occ=2, t1=1, phi=0.785398, M=0, boundary=periodic, t2=1, repetition=3) = -7.28079080593033[0m
[[2m[37m23:14:11[0m[2m[0m] [2mVQE (lattice=(2, 2), n_occ=2, t1=1, phi=0.785398, M=0, boundary=periodic, t2=0.9, repetition=3) = -5.548107672666821[0m
[[2m[37m23:14:38[0m[2m[0m] [2mVQE (lattice=(2, 2), n_occ=8, t1=1, phi=0.785398, M=0, boundary=periodic, t2=0.9, repetition=3) = -0.014295439588823742[0m
[[2m[37m23:15:32[0m[2m[0m] [2mVQE (lattice=(2, 2), n_occ=2, t1=1, phi=0.785398, M=0, boundary=periodic, t2=0, repetition=7) = -3.69873046875[0m
[[2m[37m23:16:41[0m[2m[0m] [2mVQE (lattice=(2, 2), n_occ=6, t1=1, phi=0.785398, M=0, boundary=periodic, t2=0.3, repetition=3) = -2.9346563510013413[0m
[[2m[37m23:17:12[0m[2m[0m] [2mVQE (lattice=(2, 2), n_occ=7, t1=1, phi=0.785398, M=0, boundary=periodic, t2=0.5, repetition=3) = -1.4092879077684914[0m
[[2m[37m23:17:22[0m[2m[0m] [2mVQE (lattice=(2, 2), n_occ=3, t1=1, phi=0.785398, M=0, boundary=periodic, t2=0.1, repetition=3) = -4.648729607438638[0m
[[2m[37m23:19:49[0m[2m[0m] [2mVQE (lattice=(2, 2), n_occ=3, t1=1, phi=0.785398, M=0, boundary=periodic, t2=0, repetition=7) = -4.45361328125[0m
[[2m[37m23:20:49[0m[2m[0m] [2mVQE (lattice=(2, 2), n_occ=8, t1=1, phi=0.785398, M=0, boundary=periodic, t2=0.2, repetition=3) = 5.170319733537737e-05[0m
[[2m[37m23:21:05[0m[2m[0m] [2mVQE (lattice=(2, 2), n_occ=5, t1=1, phi=0.785398, M=0, boundary=periodic, t2=1, repetition=3) = -5.376001776203801[0m
[[2m[37m23:24:35[0m[2m[0m] [2mVQE (lattice=(2, 2), n_occ=6, t1=1, phi=0.785398, M=0, boundary=periodic, t2=0.6, repetition=3) = -3.516379118021874[0m
[[2m[37m23:24:50[0m[2m[0m] [2mVQE (lattice=(2, 2), n_occ=7, t1=1, phi=0.785398, M=0, boundary=periodic, t2=0.2, repetition=3) = -1.7427306820859707[0m
[[2m[37m23:24:51[0m[2m[0m] [2mVQE (lattice=(2, 2), n_occ=6, t1=1, phi=0.785398, M=0, boundary=periodic, t2=0.1, repetition=3) = -3.186933785460475[0m
[[2m[37m23:25:14[0m[2m[0m] [2mVQE (lattice=(2, 2), n_occ=6, t1=1, phi=0.785398, M=0, boundary=periodic, t2=0.7, repetition=3) = -3.3418684038657296[0m
[[2m[37m23:25:18[0m[2m[0m] [2mVQE (lattice=(2, 2), n_occ=6, t1=1, phi=0.785398, M=0, boundary=periodic, t2=0.2, repetition=3) = -2.732527151873151[0m
[[2m[37m23:25:42[0m[2m[0m] [2mVQE (lattice=(2, 2), n_occ=6, t1=1, phi=0.785398, M=0, boundary=periodic, t2=0.4, repetition=3) = -2.747270810576432[0m
[[2m[37m23:26:44[0m[2m[0m] [2mVQE (lattice=(2, 2), n_occ=6, t1=1, phi=0.785398, M=0, boundary=periodic, t2=0.8, repetition=3) = -3.0486953171445026[0m
[[2m[37m23:28:22[0m[2m[0m] [2mVQE (lattice=(2, 2), n_occ=6, t1=1, phi=0.785398, M=0, boundary=periodic, t2=0, repetition=7) = -3.197021484375[0m
[[2m[37m23:29:29[0m[2m[0m] [2mVQE (lattice=(2, 2), n_occ=7, t1=1, phi=0.785398, M=0, boundary=periodic, t2=1, repetition=3) = -1.9768409130729068[0m
[[2m[37m23:29:53[0m[2m[0m] [2mVQE (lattice=(2, 2), n_occ=7, t1=1, phi=0.785398, M=0, boundary=periodic, t2=0, repetition=7) = -2.255615234375[0m
[[2m[37m23:30:03[0m[2m[0m] [2mVQE (lattice=(2, 2), n_occ=7, t1=1, phi=0.785398, M=0, boundary=periodic, t2=0.3, repetition=3) = -1.4990069648561242[0m
[[2m[37m23:30:03[0m[2m[0m] [2mVQE (lattice=(2, 2), n_occ=7, t1=1, phi=0.785398, M=0, boundary=periodic, t2=0.4, repetition=3) = -1.333982593647618[0m
[[2m[37m23:30:16[0m[2m[0m] [2mVQE (lattice=(2, 2), n_occ=7, t1=1, phi=0.785398, M=0, boundary=periodic, t2=0.6, repetition=3) = -1.7136407352714094[0m
[[2m[37m23:30:25[0m[2m[0m] [2mVQE (lattice=(2, 2), n_occ=6, t1=1, phi=0.785398, M=0, boundary=periodic, t2=0.5, repetition=3) = -3.0665050824595688[0m
[[2m[37m23:30:36[0m[2m[0m] [2mVQE (lattice=(2, 2), n_occ=8, t1=1, phi=0.785398, M=0, boundary=periodic, t2=0, repetition=7) = 0.111083984375[0m
[[2m[37m23:30:54[0m[2m[0m] [2mVQE (lattice=(2, 2), n_occ=7, t1=1, phi=0.785398, M=0, boundary=periodic, t2=0.1, repetition=3) = -2.151403410990748[0m
[[2m[37m23:31:40[0m[2m[0m] [2mVQE (lattice=(2, 2), n_occ=7, t1=1, phi=0.785398, M=0, boundary=periodic, t2=0.7, repetition=3) = -1.836021743429172[0m
[[2m[37m23:32:30[0m[2m[0m] [2mVQE (lattice=(2, 2), n_occ=8, t1=1, phi=0.785398, M=0, boundary=periodic, t2=0.6, repetition=3) = -0.11439889408819584[0m
[[2m[37m23:33:22[0m[2m[0m] [2mVQE (lattice=(2, 2), n_occ=8, t1=1, phi=0.785398, M=0, boundary=periodic, t2=1, repetition=3) = -0.0525003968792289[0m
[[2m[37m23:33:46[0m[2m[0m] [2mVQE (lattice=(2, 2), n_occ=8, t1=1, phi=0.785398, M=0, boundary=periodic, t2=0.1, repetition=3) = 0.008233834296321296[0m
[[2m[37m23:33:56[0m[2m[0m] [2mVQE (lattice=(2, 2), n_occ=7, t1=1, phi=0.785398, M=0, boundary=periodic, t2=0.8, repetition=3) = -1.7735768533605996[0m
[[2m[37m23:34:16[0m[2m[0m] [2mVQE (lattice=(2, 2), n_occ=8, t1=1, phi=0.785398, M=0, boundary=periodic, t2=0.5, repetition=3) = -0.0036785911654008564[0m
[[2m[37m23:35:15[0m[2m[0m] [2mVQE (lattice=(2, 2), n_occ=8, t1=1, phi=0.785398, M=0, boundary=periodic, t2=0.7, repetition=3) = 0.016121858362304783[0m
[[2m[37m23:35:31[0m[2m[0m] [2mVQE (lattice=(2, 2), n_occ=8, t1=1, phi=0.785398, M=0, boundary=periodic, t2=0.4, repetition=3) = 0.03132202820579315[0m
[[2m[37m23:35:44[0m[2m[0m] [2mVQE (lattice=(2, 2), n_occ=8, t1=1, phi=0.785398, M=0, boundary=periodic, t2=0.3, repetition=3) = -0.043316297019670755[0m
[[2m[37m23:36:12[0m[2m[0m] [2mVQE (lattice=(2, 2), n_occ=8, t1=1, phi=0.785398, M=0, boundary=periodic, t2=0.8, repetition=3) = -0.07320099416476011[0m
[[2m[37m00:09:07[0m[2m[0m] [2mVQE (lattice=(2, 2), n_occ=0, t1=1, phi=0.785398, M=0, boundary=periodic, t2=0, repetition=8) = -0.03173828125[0m
[[2m[37m00:11:51[0m[2m[0m] [2mVQE (lattice=(2, 2), n_occ=1, t1=1, phi=0.785398, M=0, boundary=periodic, t2=0, repetition=8) = -2.608154296875[0m
[[2m[37m00:18:47[0m[2m[0m] [2mVQE (lattice=(2, 2), n_occ=2, t1=1, phi=0.785398, M=0, boundary=periodic, t2=0, repetition=8) = -3.601318359375[0m
[[2m[37m00:23:30[0m[2m[0m] [2mVQE (lattice=(2, 2), n_occ=3, t1=1, phi=0.785398, M=0, boundary=periodic, t2=0, repetition=8) = -4.538818359375[0m
[[2m[37m00:32:34[0m[2m[0m] [2mVQE (lattice=(2, 2), n_occ=6, t1=1, phi=0.785398, M=0, boundary=periodic, t2=0, repetition=8) = -2.94091796875[0m
[[2m[37m00:35:03[0m[2m[0m] [2mVQE (lattice=(2, 2), n_occ=7, t1=1, phi=0.785398, M=0, boundary=periodic, t2=0, repetition=8) = -2.30126953125[0m
[[2m[37m00:36:06[0m[2m[0m] [2mVQE (lattice=(2, 2), n_occ=8, t1=1, phi=0.785398, M=0, boundary=periodic, t2=0, repetition=8) = 0.026123046875[0m
[[2m[37m00:38:54[0m[2m[0m] [2mVQE (lattice=(2, 2), n_occ=0, t1=1, phi=0.785398, M=0, boundary=periodic, t2=0.2, repetition=4) = 0.007321591284476139[0m
[[2m[37m00:48:43[0m[2m[0m] [2mVQE (lattice=(2, 2), n_occ=0, t1=1, phi=0.785398, M=0, boundary=periodic, t2=0.5, repetition=4) = 0.05635422668463586[0m
[[2m[37m00:55:06[0m[2m[0m] [2mVQE (lattice=(2, 2), n_occ=1, t1=1, phi=0.785398, M=0, boundary=periodic, t2=0.2, repetition=4) = -3.38797310227501[0m
[[2m[37m00:55:17[0m[2m[0m] [2mVQE (lattice=(2, 2), n_occ=1, t1=1, phi=0.785398, M=0, boundary=periodic, t2=0.1, repetition=4) = -3.035627198773194[0m
[[2m[37m00:55:45[0m[2m[0m] [2mVQE (lattice=(2, 2), n_occ=1, t1=1, phi=0.785398, M=0, boundary=periodic, t2=0.7, repetition=4) = -5.436801943687478[0m
[[2m[37m01:05:53[0m[2m[0m] [2mVQE (lattice=(2, 2), n_occ=2, t1=1, phi=0.785398, M=0, boundary=periodic, t2=0.2, repetition=4) = -4.124274347030136[0m
[[2m[37m01:09:38[0m[2m[0m] [2mVQE (lattice=(2, 2), n_occ=0, t1=1, phi=0.785398, M=0, boundary=periodic, t2=0.3, repetition=4) = 0.030585393473345178[0m
[[2m[37m01:10:59[0m[2m[0m] [2mVQE (lattice=(2, 2), n_occ=0, t1=1, phi=0.785398, M=0, boundary=periodic, t2=0, repetition=9) = -0.048828125[0m
[[2m[37m01:11:03[0m[2m[0m] [2mVQE (lattice=(2, 2), n_occ=2, t1=1, phi=0.785398, M=0, boundary=periodic, t2=0.4, repetition=4) = -4.398444785368674[0m
[[2m[37m01:12:36[0m[2m[0m] [2mVQE (lattice=(2, 2), n_occ=0, t1=1, phi=0.785398, M=0, boundary=periodic, t2=1, repetition=4) = -0.1000532921309119[0m
[[2m[37m01:13:10[0m[2m[0m] [2mVQE (lattice=(2, 2), n_occ=0, t1=1, phi=0.785398, M=0, boundary=periodic, t2=0.9, repetition=4) = 0.09879347981787147[0m
[[2m[37m01:14:09[0m[2m[0m] [2mVQE (lattice=(2, 2), n_occ=1, t1=1, phi=0.785398, M=0, boundary=periodic, t2=0, repetition=9) = -2.7275390625[0m
[[2m[37m01:14:10[0m[2m[0m] [2mVQE (lattice=(2, 2), n_occ=0, t1=1, phi=0.785398, M=0, boundary=periodic, t2=0.4, repetition=4) = 0.06532821385511994[0m
[[2m[37m01:14:12[0m[2m[0m] [2mVQE (lattice=(2, 2), n_occ=0, t1=1, phi=0.785398, M=0, boundary=periodic, t2=0.8, repetition=4) = 0.0022600220027552058[0m
[[2m[37m01:14:18[0m[2m[0m] [2mVQE (lattice=(2, 2), n_occ=0, t1=1, phi=0.785398, M=0, boundary=periodic, t2=0.6, repetition=4) = 0.06602241721827051[0m
[[2m[37m01:15:42[0m[2m[0m] [2mVQE (lattice=(2, 2), n_occ=0, t1=1, phi=0.785398, M=0, boundary=periodic, t2=0.7, repetition=4) = 0.13161998199850491[0m
[[2m[37m01:19:35[0m[2m[0m] [2mVQE (lattice=(2, 2), n_occ=0, t1=1, phi=0.785398, M=0, boundary=periodic, t2=0.1, repetition=4) = 0.04155858427072584[0m
[[2m[37m01:21:37[0m[2m[0m] [2mVQE (lattice=(2, 2), n_occ=1, t1=1, phi=0.785398, M=0, boundary=periodic, t2=0.4, repetition=4) = -4.218742642628702[0m
[[2m[37m01:21:45[0m[2m[0m] [2mVQE (lattice=(2, 2), n_occ=5, t1=1, phi=0.785398, M=0, boundary=periodic, t2=0.9, repetition=4) = -4.965257401263893[0m
[[2m[37m01:22:05[0m[2m[0m] [2mVQE (lattice=(2, 2), n_occ=2, t1=1, phi=0.785398, M=0, boundary=periodic, t2=0, repetition=9) = -3.74560546875[0m
[[2m[37m01:25:34[0m[2m[0m] [2mVQE (lattice=(2, 2), n_occ=1, t1=1, phi=0.785398, M=0, boundary=periodic, t2=0.8, repetition=4) = -5.3721849760124964[0m
[[2m[37m01:26:04[0m[2m[0m] [2mVQE (lattice=(2, 2), n_occ=1, t1=1, phi=0.785398, M=0, boundary=periodic, t2=0.9, repetition=4) = -6.386346753070946[0m
[[2m[37m01:26:06[0m[2m[0m] [2mVQE (lattice=(2, 2), n_occ=1, t1=1, phi=0.785398, M=0, boundary=periodic, t2=0.6, repetition=4) = -5.253107374768546[0m
[[2m[37m01:26:32[0m[2m[0m] [2mVQE (lattice=(2, 2), n_occ=6, t1=1, phi=0.785398, M=0, boundary=periodic, t2=1, repetition=4) = -3.971597789853482[0m
[[2m[37m01:27:17[0m[2m[0m] [2mVQE (lattice=(2, 2), n_occ=3, t1=1, phi=0.785398, M=0, boundary=periodic, t2=0, repetition=9) = -4.63134765625[0m
[[2m[37m01:28:17[0m[2m[0m] [2mVQE (lattice=(2, 2), n_occ=1, t1=1, phi=0.785398, M=0, boundary=periodic, t2=0.3, repetition=4) = -3.7727634342465866[0m
[[2m[37m01:29:55[0m[2m[0m] [2mVQE (lattice=(2, 2), n_occ=1, t1=1, phi=0.785398, M=0, boundary=periodic, t2=0.5, repetition=4) = -4.790217622736477[0m
[[2m[37m01:30:01[0m[2m[0m] [2mVQE (lattice=(2, 2), n_occ=1, t1=1, phi=0.785398, M=0, boundary=periodic, t2=1, repetition=4) = -7.066721740653746[0m
[[2m[37m01:30:33[0m[2m[0m] [2mVQE (lattice=(2, 2), n_occ=6, t1=1, phi=0.785398, M=0, boundary=periodic, t2=0.3, repetition=4) = -2.480054282881438[0m
[[2m[37m01:33:07[0m[2m[0m] [2mVQE (lattice=(2, 2), n_occ=7, t1=1, phi=0.785398, M=0, boundary=periodic, t2=0.5, repetition=4) = -1.4934666083828976[0m
[[2m[37m01:34:12[0m[2m[0m] [2mVQE (lattice=(2, 2), n_occ=2, t1=1, phi=0.785398, M=0, boundary=periodic, t2=0.1, repetition=4) = -3.6438598877032087[0m
[[2m[37m01:35:11[0m[2m[0m] [2mVQE (lattice=(2, 2), n_occ=2, t1=1, phi=0.785398, M=0, boundary=periodic, t2=0.8, repetition=4) = -5.886844279878984[0m
[[2m[37m01:35:21[0m[2m[0m] [2mVQE (lattice=(2, 2), n_occ=2, t1=1, phi=0.785398, M=0, boundary=periodic, t2=0.6, repetition=4) = -4.931453664733841[0m
[[2m[37m01:35:43[0m[2m[0m] [2mVQE (lattice=(2, 2), n_occ=6, t1=1, phi=0.785398, M=0, boundary=periodic, t2=0.9, repetition=4) = -3.379089735517918[0m
[[2m[37m01:36:07[0m[2m[0m] [2mVQE (lattice=(2, 2), n_occ=2, t1=1, phi=0.785398, M=0, boundary=periodic, t2=0.7, repetition=4) = -5.486180051106635[0m
[[2m[37m01:36:36[0m[2m[0m] [2mVQE (lattice=(2, 2), n_occ=6, t1=1, phi=0.785398, M=0, boundary=periodic, t2=0, repetition=9) = -3.2880859375[0m
[[2m[37m01:36:39[0m[2m[0m] [2mVQE (lattice=(2, 2), n_occ=8, t1=1, phi=0.785398, M=0, boundary=periodic, t2=0.2, repetition=4) = -0.0278418463963623[0m
[[2m[37m01:37:08[0m[2m[0m] [2mVQE (lattice=(2, 2), n_occ=7, t1=1, phi=0.785398, M=0, boundary=periodic, t2=0.9, repetition=4) = -2.0607625985397253[0m
[[2m[37m01:37:15[0m[2m[0m] [2mVQE (lattice=(2, 2), n_occ=2, t1=1, phi=0.785398, M=0, boundary=periodic, t2=0.3, repetition=4) = -4.005589863530952[0m
[[2m[37m01:37:18[0m[2m[0m] [2mVQE (lattice=(2, 2), n_occ=2, t1=1, phi=0.785398, M=0, boundary=periodic, t2=0.5, repetition=4) = -5.043041067280823[0m
[[2m[37m01:40:01[0m[2m[0m] [2mVQE (lattice=(2, 2), n_occ=2, t1=1, phi=0.785398, M=0, boundary=periodic, t2=1, repetition=4) = -7.188419691158562[0m
[[2m[37m01:40:02[0m[2m[0m] [2mVQE (lattice=(2, 2), n_occ=2, t1=1, phi=0.785398, M=0, boundary=periodic, t2=0.9, repetition=4) = -6.9726754728976585[0m
[[2m[37m01:40:09[0m[2m[0m] [2mVQE (lattice=(2, 2), n_occ=7, t1=1, phi=0.785398, M=0, boundary=periodic, t2=0, repetition=9) = -2.19873046875[0m
[[2m[37m01:41:23[0m[2m[0m] [2mVQE (lattice=(2, 2), n_occ=8, t1=1, phi=0.785398, M=0, boundary=periodic, t2=0, repetition=9) = 0.03515625[0m
[[2m[37m01:41:35[0m[2m[0m] [2mVQE (lattice=(2, 2), n_occ=8, t1=1, phi=0.785398, M=0, boundary=periodic, t2=0.9, repetition=4) = 0.15947338033056244[0m
[[2m[37m01:43:26[0m[2m[0m] [2mVQE (lattice=(2, 2), n_occ=3, t1=1, phi=0.785398, M=0, boundary=periodic, t2=0.1, repetition=4) = -4.6352829374866475[0m
[[2m[37m01:50:15[0m[2m[0m] [2mVQE (lattice=(2, 2), n_occ=5, t1=1, phi=0.785398, M=0, boundary=periodic, t2=1, repetition=4) = -6.553588701193121[0m
[[2m[37m01:53:57[0m[2m[0m] [2mVQE (lattice=(2, 2), n_occ=6, t1=1, phi=0.785398, M=0, boundary=periodic, t2=0.7, repetition=4) = -2.7338296577757317[0m
[[2m[37m01:55:24[0m[2m[0m] [2mVQE (lattice=(2, 2), n_occ=7, t1=1, phi=0.785398, M=0, boundary=periodic, t2=0.2, repetition=4) = -1.556416836238245[0m
[[2m[37m01:55:31[0m[2m[0m] [2mVQE (lattice=(2, 2), n_occ=6, t1=1, phi=0.785398, M=0, boundary=periodic, t2=0.6, repetition=4) = -2.9040783851475536[0m
[[2m[37m01:55:35[0m[2m[0m] [2mVQE (lattice=(2, 2), n_occ=6, t1=1, phi=0.785398, M=0, boundary=periodic, t2=0.1, repetition=4) = -3.187291690944832[0m
[[2m[37m01:56:05[0m[2m[0m] [2mVQE (lattice=(2, 2), n_occ=6, t1=1, phi=0.785398, M=0, boundary=periodic, t2=0.2, repetition=4) = -2.953993533618704[0m
[[2m[37m01:56:31[0m[2m[0m] [2mVQE (lattice=(2, 2), n_occ=6, t1=1, phi=0.785398, M=0, boundary=periodic, t2=0.8, repetition=4) = -3.253527974359348[0m
[[2m[37m01:56:44[0m[2m[0m] [2mVQE (lattice=(2, 2), n_occ=6, t1=1, phi=0.785398, M=0, boundary=periodic, t2=0.4, repetition=4) = -2.7240468299995984[0m
[[2m[37m02:01:46[0m[2m[0m] [2mVQE (lattice=(2, 2), n_occ=6, t1=1, phi=0.785398, M=0, boundary=periodic, t2=0.5, repetition=4) = -2.6104727555637024[0m
[[2m[37m02:01:48[0m[2m[0m] [2mVQE (lattice=(2, 2), n_occ=7, t1=1, phi=0.785398, M=0, boundary=periodic, t2=1, repetition=4) = -2.2893922243493265[0m
[[2m[37m02:02:07[0m[2m[0m] [2mVQE (lattice=(2, 2), n_occ=7, t1=1, phi=0.785398, M=0, boundary=periodic, t2=0.3, repetition=4) = -1.5001558311625263[0m
[[2m[37m02:02:31[0m[2m[0m] [2mVQE (lattice=(2, 2), n_occ=7, t1=1, phi=0.785398, M=0, boundary=periodic, t2=0.1, repetition=4) = -1.9670132669854596[0m
[[2m[37m02:02:49[0m[2m[0m] [2mVQE (lattice=(2, 2), n_occ=7, t1=1, phi=0.785398, M=0, boundary=periodic, t2=0.4, repetition=4) = -1.5571251652930402[0m
[[2m[37m02:02:53[0m[2m[0m] [2mVQE (lattice=(2, 2), n_occ=7, t1=1, phi=0.785398, M=0, boundary=periodic, t2=0.7, repetition=4) = -1.7861544955118747[0m
[[2m[37m02:03:02[0m[2m[0m] [2mVQE (lattice=(2, 2), n_occ=7, t1=1, phi=0.785398, M=0, boundary=periodic, t2=0.6, repetition=4) = -1.7822391473627697[0m
[[2m[37m02:04:49[0m[2m[0m] [2mVQE (lattice=(2, 2), n_occ=8, t1=1, phi=0.785398, M=0, boundary=periodic, t2=1, repetition=4) = 0.02031027153869644[0m
[[2m[37m02:06:01[0m[2m[0m] [2mVQE (lattice=(2, 2), n_occ=8, t1=1, phi=0.785398, M=0, boundary=periodic, t2=0.6, repetition=4) = -0.06580806939022399[0m
[[2m[37m02:06:02[0m[2m[0m] [2mVQE (lattice=(2, 2), n_occ=8, t1=1, phi=0.785398, M=0, boundary=periodic, t2=0.1, repetition=4) = 0.025647555594752756[0m
[[2m[37m02:07:13[0m[2m[0m] [2mVQE (lattice=(2, 2), n_occ=7, t1=1, phi=0.785398, M=0, boundary=periodic, t2=0.8, repetition=4) = -1.7247943305137456[0m
[[2m[37m02:07:16[0m[2m[0m] [2mVQE (lattice=(2, 2), n_occ=8, t1=1, phi=0.785398, M=0, boundary=periodic, t2=0.5, repetition=4) = -0.027397038589259487[0m
[[2m[37m02:08:11[0m[2m[0m] [2mVQE (lattice=(2, 2), n_occ=8, t1=1, phi=0.785398, M=0, boundary=periodic, t2=0.7, repetition=4) = 0.05765640352240026[0m
[[2m[37m02:08:41[0m[2m[0m] [2mVQE (lattice=(2, 2), n_occ=8, t1=1, phi=0.785398, M=0, boundary=periodic, t2=0.4, repetition=4) = -0.09269561104483473[0m
[[2m[37m02:08:54[0m[2m[0m] [2mVQE (lattice=(2, 2), n_occ=8, t1=1, phi=0.785398, M=0, boundary=periodic, t2=0.3, repetition=4) = 0.02376313661928886[0m
[[2m[37m02:09:51[0m[2m[0m] [2mVQE (lattice=(2, 2), n_occ=8, t1=1, phi=0.785398, M=0, boundary=periodic, t2=0.8, repetition=4) = 0.014176464361467564[0m
[[2m[37m02:12:48[0m[2m[0m] [2mVQE (lattice=(2, 2), n_occ=0, t1=1, phi=0.785398, M=0, boundary=periodic, t2=0, repetition=10) = 0.03466796875[0m
[[1m[32m02:12:48[0m[1m[0m] [37mVQE other benchmarks (lattice=(2, 2), n_occ=0, t1=1, phi=0.785398, M=0, boundary=periodic, t2=0): num_queries=2400000, circuit_depth=[51,45][0m
[[2m[37m02:16:28[0m[2m[0m] [2mVQE (lattice=(2, 2), n_occ=1, t1=1, phi=0.785398, M=0, boundary=periodic, t2=0, repetition=10) = -2.799072265625[0m
[[1m[32m02:16:29[0m[1m[0m] [37mVQE other benchmarks (lattice=(2, 2), n_occ=1, t1=1, phi=0.785398, M=0, boundary=periodic, t2=0): num_queries=2400000, circuit_depth=[52,45][0m
[[2m[37m02:25:10[0m[2m[0m] [2mVQE (lattice=(2, 2), n_occ=2, t1=1, phi=0.785398, M=0, boundary=periodic, t2=0, repetition=10) = -3.763427734375[0m
[[1m[32m02:25:10[0m[1m[0m] [37mVQE other benchmarks (lattice=(2, 2), n_occ=2, t1=1, phi=0.785398, M=0, boundary=periodic, t2=0): num_queries=2400000, circuit_depth=[52,45][0m
[[2m[37m02:31:16[0m[2m[0m] [2mVQE (lattice=(2, 2), n_occ=3, t1=1, phi=0.785398, M=0, boundary=periodic, t2=0, repetition=10) = -4.41748046875[0m
[[1m[32m02:31:16[0m[1m[0m] [37mVQE other benchmarks (lattice=(2, 2), n_occ=3, t1=1, phi=0.785398, M=0, boundary=periodic, t2=0): num_queries=2400000, circuit_depth=[52,45][0m
[[2m[37m02:34:46[0m[2m[0m] [2mVQE (lattice=(2, 2), n_occ=5, t1=1, phi=0.785398, M=0, boundary=periodic, t2=0.9, repetition=5) = -5.147641590445412[0m
[[2m[37m02:41:07[0m[2m[0m] [2mVQE (lattice=(2, 2), n_occ=6, t1=1, phi=0.785398, M=0, boundary=periodic, t2=0, repetition=10) = -3.397705078125[0m
[[1m[32m02:41:07[0m[1m[0m] [37mVQE other benchmarks (lattice=(2, 2), n_occ=6, t1=1, phi=0.785398, M=0, boundary=periodic, t2=0): num_queries=2400000, circuit_depth=[52,45][0m
[[2m[37m02:41:22[0m[2m[0m] [2mVQE (lattice=(2, 2), n_occ=6, t1=1, phi=0.785398, M=0, boundary=periodic, t2=0.9, repetition=5) = -3.0185331638624824[0m
[[2m[37m02:42:36[0m[2m[0m] [2mVQE (lattice=(2, 2), n_occ=0, t1=1, phi=0.785398, M=0, boundary=periodic, t2=0.2, repetition=5) = 0.015025777316624234[0m
[[2m[37m02:45:11[0m[2m[0m] [2mVQE (lattice=(2, 2), n_occ=7, t1=1, phi=0.785398, M=0, boundary=periodic, t2=0, repetition=10) = -2.307373046875[0m
[[1m[32m02:45:11[0m[1m[0m] [37mVQE other benchmarks (lattice=(2, 2), n_occ=7, t1=1, phi=0.785398, M=0, boundary=periodic, t2=0): num_queries=2400000, circuit_depth=[52,45][0m
[[2m[37m02:46:39[0m[2m[0m] [2mVQE (lattice=(2, 2), n_occ=8, t1=1, phi=0.785398, M=0, boundary=periodic, t2=0, repetition=10) = 0.073486328125[0m
[[1m[32m02:46:39[0m[1m[0m] [37mVQE other benchmarks (lattice=(2, 2), n_occ=8, t1=1, phi=0.785398, M=0, boundary=periodic, t2=0): num_queries=2400000, circuit_depth=[52,45][0m
[[2m[37m02:50:06[0m[2m[0m] [2mVQE (lattice=(2, 2), n_occ=7, t1=1, phi=0.785398, M=0, boundary=periodic, t2=0.9, repetition=5) = -2.0202782071958225[0m
[[2m[37m02:50:40[0m[2m[0m] [2mVQE (lattice=(2, 2), n_occ=1, t1=1, phi=0.785398, M=0, boundary=periodic, t2=0.2, repetition=5) = -3.2375215022496358[0m
[[2m[37m02:52:06[0m[2m[0m] [2mVQE (lattice=(2, 2), n_occ=0, t1=1, phi=0.785398, M=0, boundary=periodic, t2=0.5, repetition=5) = 0.02942551397630967[0m
[[2m[37m02:54:57[0m[2m[0m] [2mVQE (lattice=(2, 2), n_occ=2, t1=1, phi=0.785398, M=0, boundary=periodic, t2=0.2, repetition=5) = -4.397765634374671[0m
[[2m[37m02:56:06[0m[2m[0m] [2mVQE (lattice=(2, 2), n_occ=8, t1=1, phi=0.785398, M=0, boundary=periodic, t2=0.9, repetition=5) = -0.012006364067897193[0m
[[2m[37m03:01:54[0m[2m[0m] [2mVQE (lattice=(2, 2), n_occ=1, t1=1, phi=0.785398, M=0, boundary=periodic, t2=0.1, repetition=5) = -3.102423035241247[0m
[[2m[37m03:02:03[0m[2m[0m] [2mVQE (lattice=(2, 2), n_occ=1, t1=1, phi=0.785398, M=0, boundary=periodic, t2=0.7, repetition=5) = -5.470879765621684[0m
[[2m[37m03:07:52[0m[2m[0m] [2mVQE (lattice=(2, 2), n_occ=5, t1=1, phi=0.785398, M=0, boundary=periodic, t2=0.9, repetition=6) = -4.7202976080368195[0m
[[2m[37m03:10:24[0m[2m[0m] [2mVQE (lattice=(2, 2), n_occ=0, t1=1, phi=0.785398, M=0, boundary=periodic, t2=0.2, repetition=6) = 0.013351493311758871[0m
[[2m[37m03:15:29[0m[2m[0m] [2mVQE (lattice=(2, 2), n_occ=6, t1=1, phi=0.785398, M=0, boundary=periodic, t2=0.9, repetition=6) = -3.0643128712318957[0m
[[2m[37m03:20:13[0m[2m[0m] [2mVQE (lattice=(2, 2), n_occ=1, t1=1, phi=0.785398, M=0, boundary=periodic, t2=0.2, repetition=6) = -3.504136006116798[0m
[[2m[37m03:20:17[0m[2m[0m] [2mVQE (lattice=(2, 2), n_occ=2, t1=1, phi=0.785398, M=0, boundary=periodic, t2=0.4, repetition=5) = -4.757418210480961[0m
[[2m[37m03:25:50[0m[2m[0m] [2mVQE (lattice=(2, 2), n_occ=2, t1=1, phi=0.785398, M=0, boundary=periodic, t2=0.2, repetition=6) = -4.128037778652608[0m
[[2m[37m03:27:13[0m[2m[0m] [2mVQE (lattice=(2, 2), n_occ=7, t1=1, phi=0.785398, M=0, boundary=periodic, t2=0.9, repetition=6) = -2.1661477015536637[0m
[[2m[37m03:28:49[0m[2m[0m] [2mVQE (lattice=(2, 2), n_occ=0, t1=1, phi=0.785398, M=0, boundary=periodic, t2=0.3, repetition=5) = -0.013553745885785805[0m
[[2m[37m03:32:20[0m[2m[0m] [2mVQE (lattice=(2, 2), n_occ=0, t1=1, phi=0.785398, M=0, boundary=periodic, t2=1, repetition=5) = -0.0712459364149694[0m
[[2m[37m03:33:02[0m[2m[0m] [2mVQE (lattice=(2, 2), n_occ=0, t1=1, phi=0.785398, M=0, boundary=periodic, t2=0.9, repetition=5) = -0.09246651821572033[0m
[[2m[37m03:33:38[0m[2m[0m] [2mVQE (lattice=(2, 2), n_occ=8, t1=1, phi=0.785398, M=0, boundary=periodic, t2=0.9, repetition=6) = 0.023172317369284587[0m
[[2m[37m03:34:13[0m[2m[0m] [2mVQE (lattice=(2, 2), n_occ=0, t1=1, phi=0.785398, M=0, boundary=periodic, t2=0.8, repetition=5) = -0.09211265190987761[0m
[[2m[37m03:34:22[0m[2m[0m] [2mVQE (lattice=(2, 2), n_occ=0, t1=1, phi=0.785398, M=0, boundary=periodic, t2=0.4, repetition=5) = -0.0029323149655238676[0m
[[2m[37m03:34:54[0m[2m[0m] [2mVQE (lattice=(2, 2), n_occ=0, t1=1, phi=0.785398, M=0, boundary=periodic, t2=0.6, repetition=5) = -0.008265884919407596[0m
[[2m[37m03:35:22[0m[2m[0m] [2mVQE (lattice=(2, 2), n_occ=0, t1=1, phi=0.785398, M=0, boundary=periodic, t2=0.7, repetition=5) = 0.06501623560025031[0m
[[2m[37m03:38:10[0m[2m[0m] [2mVQE (lattice=(2, 2), n_occ=0, t1=1, phi=0.785398, M=0, boundary=periodic, t2=0.2, repetition=7) = 0.0035168149293561754[0m
[[2m[37m03:40:13[0m[2m[0m] [2mVQE (lattice=(2, 2), n_occ=0, t1=1, phi=0.785398, M=0, boundary=periodic, t2=0.1, repetition=5) = -0.05817469581133598[0m
[[2m[37m03:40:54[0m[2m[0m] [2mVQE (lattice=(2, 2), n_occ=6, t1=1, phi=0.785398, M=0, boundary=periodic, t2=1, repetition=5) = -3.7195588937304347[0m
[[2m[37m03:41:30[0m[2m[0m] [2mVQE (lattice=(2, 2), n_occ=5, t1=1, phi=0.785398, M=0, boundary=periodic, t2=0.9, repetition=7) = -5.251967873404754[0m
[[2m[37m03:43:56[0m[2m[0m] [2mVQE (lattice=(2, 2), n_occ=1, t1=1, phi=0.785398, M=0, boundary=periodic, t2=0.4, repetition=5) = -4.356200610263627[0m
[[2m[37m03:44:19[0m[2m[0m] [2mVQE (lattice=(2, 2), n_occ=6, t1=1, phi=0.785398, M=0, boundary=periodic, t2=0.3, repetition=5) = -2.637034206406798[0m
[[2m[37m03:48:00[0m[2m[0m] [2mVQE (lattice=(2, 2), n_occ=1, t1=1, phi=0.785398, M=0, boundary=periodic, t2=0.9, repetition=5) = -6.597441273131217[0m
[[2m[37m03:48:22[0m[2m[0m] [2mVQE (lattice=(2, 2), n_occ=1, t1=1, phi=0.785398, M=0, boundary=periodic, t2=0.8, repetition=5) = -5.883337529181235[0m
[[2m[37m03:48:26[0m[2m[0m] [2mVQE (lattice=(2, 2), n_occ=1, t1=1, phi=0.785398, M=0, boundary=periodic, t2=0.6, repetition=5) = -4.781498174645465[0m
[[2m[37m03:48:58[0m[2m[0m] [2mVQE (lattice=(2, 2), n_occ=7, t1=1, phi=0.785398, M=0, boundary=periodic, t2=0.5, repetition=5) = -1.5792293684981669[0m
[[2m[37m03:49:48[0m[2m[0m] [2mVQE (lattice=(2, 2), n_occ=1, t1=1, phi=0.785398, M=0, boundary=periodic, t2=0.2, repetition=7) = -3.536268282652757[0m
[[2m[37m03:50:48[0m[2m[0m] [2mVQE (lattice=(2, 2), n_occ=1, t1=1, phi=0.785398, M=0, boundary=periodic, t2=0.3, repetition=5) = -3.9311985823360422[0m
[[2m[37m03:51:15[0m[2m[0m] [2mVQE (lattice=(2, 2), n_occ=6, t1=1, phi=0.785398, M=0, boundary=periodic, t2=0.9, repetition=7) = -4.137128807715868[0m
[[2m[37m03:52:16[0m[2m[0m] [2mVQE (lattice=(2, 2), n_occ=8, t1=1, phi=0.785398, M=0, boundary=periodic, t2=0.2, repetition=5) = 0.044406775776436966[0m
[[2m[37m03:53:24[0m[2m[0m] [2mVQE (lattice=(2, 2), n_occ=1, t1=1, phi=0.785398, M=0, boundary=periodic, t2=0.5, repetition=5) = -4.76107913494669[0m
[[2m[37m03:53:54[0m[2m[0m] [2mVQE (lattice=(2, 2), n_occ=1, t1=1, phi=0.785398, M=0, boundary=periodic, t2=1, repetition=5) = -6.819092748652925[0m
[[2m[37m03:56:48[0m[2m[0m] [2mVQE (lattice=(2, 2), n_occ=2, t1=1, phi=0.785398, M=0, boundary=periodic, t2=0.2, repetition=7) = -4.151921475891176[0m
[[2m[37m03:59:02[0m[2m[0m] [2mVQE (lattice=(2, 2), n_occ=2, t1=1, phi=0.785398, M=0, boundary=periodic, t2=0.1, repetition=5) = -4.038624398826723[0m
[[2m[37m04:00:24[0m[2m[0m] [2mVQE (lattice=(2, 2), n_occ=2, t1=1, phi=0.785398, M=0, boundary=periodic, t2=0.7, repetition=5) = -5.731975632613594[0m
[[2m[37m04:00:40[0m[2m[0m] [2mVQE (lattice=(2, 2), n_occ=2, t1=1, phi=0.785398, M=0, boundary=periodic, t2=0.6, repetition=5) = -5.245484453353706[0m
[[2m[37m04:01:12[0m[2m[0m] [2mVQE (lattice=(2, 2), n_occ=2, t1=1, phi=0.785398, M=0, boundary=periodic, t2=0.8, repetition=5) = -5.833014171191171[0m
[[2m[37m04:02:18[0m[2m[0m] [2mVQE (lattice=(2, 2), n_occ=2, t1=1, phi=0.785398, M=0, boundary=periodic, t2=0.5, repetition=5) = -5.009603964160053[0m
[[2m[37m04:02:23[0m[2m[0m] [2mVQE (lattice=(2, 2), n_occ=2, t1=1, phi=0.785398, M=0, boundary=periodic, t2=0.3, repetition=5) = -4.4732019789871345[0m
[[2m[37m04:04:19[0m[2m[0m] [2mVQE (lattice=(2, 2), n_occ=7, t1=1, phi=0.785398, M=0, boundary=periodic, t2=0.9, repetition=7) = -2.1805486985289306[0m
[[2m[37m04:05:28[0m[2m[0m] [2mVQE (lattice=(2, 2), n_occ=2, t1=1, phi=0.785398, M=0, boundary=periodic, t2=0.9, repetition=5) = -6.265361486144466[0m
[[2m[37m04:05:49[0m[2m[0m] [2mVQE (lattice=(2, 2), n_occ=0, t1=1, phi=0.785398, M=0, boundary=periodic, t2=0.2, repetition=8) = 0.015763454122671973[0m
[[2m[37m04:06:21[0m[2m[0m] [2mVQE (lattice=(2, 2), n_occ=2, t1=1, phi=0.785398, M=0, boundary=periodic, t2=1, repetition=5) = -7.223344421397644[0m
[[2m[37m04:09:09[0m[2m[0m] [2mVQE (lattice=(2, 2), n_occ=3, t1=1, phi=0.785398, M=0, boundary=periodic, t2=0.1, repetition=5) = -4.675114666160505[0m
[[2m[37m04:11:13[0m[2m[0m] [2mVQE (lattice=(2, 2), n_occ=8, t1=1, phi=0.785398, M=0, boundary=periodic, t2=0.9, repetition=7) = -0.0834526203071028[0m
[[2m[37m04:14:57[0m[2m[0m] [2mVQE (lattice=(2, 2), n_occ=5, t1=1, phi=0.785398, M=0, boundary=periodic, t2=0.9, repetition=8) = -5.250768559643336[0m
[[2m[37m04:18:18[0m[2m[0m] [2mVQE (lattice=(2, 2), n_occ=5, t1=1, phi=0.785398, M=0, boundary=periodic, t2=1, repetition=5) = -5.431648007471719[0m
[[2m[37m04:19:26[0m[2m[0m] [2mVQE (lattice=(2, 2), n_occ=1, t1=1, phi=0.785398, M=0, boundary=periodic, t2=0.2, repetition=8) = -3.5321031693082134[0m
[[2m[37m04:22:26[0m[2m[0m] [2mVQE (lattice=(2, 2), n_occ=6, t1=1, phi=0.785398, M=0, boundary=periodic, t2=0.7, repetition=5) = -2.8441285864124186[0m
[[2m[37m04:26:07[0m[2m[0m] [2mVQE (lattice=(2, 2), n_occ=7, t1=1, phi=0.785398, M=0, boundary=periodic, t2=0.2, repetition=5) = -1.6737260903285336[0m
[[2m[37m04:26:21[0m[2m[0m] [2mVQE (lattice=(2, 2), n_occ=6, t1=1, phi=0.785398, M=0, boundary=periodic, t2=0.6, repetition=5) = -2.8356160579451095[0m
[[2m[37m04:26:26[0m[2m[0m] [2mVQE (lattice=(2, 2), n_occ=6, t1=1, phi=0.785398, M=0, boundary=periodic, t2=0.1, repetition=5) = -3.1531083339057084[0m
[[2m[37m04:26:40[0m[2m[0m] [2mVQE (lattice=(2, 2), n_occ=6, t1=1, phi=0.785398, M=0, boundary=periodic, t2=0.2, repetition=5) = -2.9036893157278265[0m
[[2m[37m04:27:01[0m[2m[0m] [2mVQE (lattice=(2, 2), n_occ=6, t1=1, phi=0.785398, M=0, boundary=periodic, t2=0.9, repetition=8) = -4.041686523373252[0m
[[2m[37m04:27:06[0m[2m[0m] [2mVQE (lattice=(2, 2), n_occ=6, t1=1, phi=0.785398, M=0, boundary=periodic, t2=0.8, repetition=5) = -3.329857194495962[0m
[[2m[37m04:27:41[0m[2m[0m] [2mVQE (lattice=(2, 2), n_occ=2, t1=1, phi=0.785398, M=0, boundary=periodic, t2=0.2, repetition=8) = -4.0627227021251064[0m
[[2m[37m04:27:57[0m[2m[0m] [2mVQE (lattice=(2, 2), n_occ=6, t1=1, phi=0.785398, M=0, boundary=periodic, t2=0.4, repetition=5) = -2.726097714542306[0m
[[2m[37m04:32:24[0m[2m[0m] [2mVQE (lattice=(2, 2), n_occ=6, t1=1, phi=0.785398, M=0, boundary=periodic, t2=0.5, repetition=5) = -2.6480689332561385[0m
[[2m[37m04:33:27[0m[2m[0m] [2mVQE (lattice=(2, 2), n_occ=0, t1=1, phi=0.785398, M=0, boundary=periodic, t2=0.2, repetition=9) = -0.018130552059221542[0m
[[2m[37m04:33:30[0m[2m[0m] [2mVQE (lattice=(2, 2), n_occ=7, t1=1, phi=0.785398, M=0, boundary=periodic, t2=1, repetition=5) = -1.856858795243011[0m
[[2m[37m04:33:45[0m[2m[0m] [2mVQE (lattice=(2, 2), n_occ=7, t1=1, phi=0.785398, M=0, boundary=periodic, t2=0.3, repetition=5) = -1.6338644397418371[0m
[[2m[37m04:34:02[0m[2m[0m] [2mVQE (lattice=(2, 2), n_occ=7, t1=1, phi=0.785398, M=0, boundary=periodic, t2=0.7, repetition=5) = -1.8210150530869476[0m
[[2m[37m04:34:07[0m[2m[0m] [2mVQE (lattice=(2, 2), n_occ=7, t1=1, phi=0.785398, M=0, boundary=periodic, t2=0.1, repetition=5) = -1.9143432114736147[0m
[[2m[37m04:35:36[0m[2m[0m] [2mVQE (lattice=(2, 2), n_occ=7, t1=1, phi=0.785398, M=0, boundary=periodic, t2=0.6, repetition=5) = -1.5136610531965617[0m
[[2m[37m04:35:43[0m[2m[0m] [2mVQE (lattice=(2, 2), n_occ=7, t1=1, phi=0.785398, M=0, boundary=periodic, t2=0.4, repetition=5) = -1.2923102622257971[0m
[[2m[37m04:36:02[0m[2m[0m] [2mVQE (lattice=(2, 2), n_occ=8, t1=1, phi=0.785398, M=0, boundary=periodic, t2=1, repetition=5) = -0.027823605535104032[0m
[[2m[37m04:38:03[0m[2m[0m] [2mVQE (lattice=(2, 2), n_occ=8, t1=1, phi=0.785398, M=0, boundary=periodic, t2=0.1, repetition=5) = -0.007667031875422888[0m
[[2m[37m04:39:15[0m[2m[0m] [2mVQE (lattice=(2, 2), n_occ=8, t1=1, phi=0.785398, M=0, boundary=periodic, t2=0.6, repetition=5) = 0.03708062427664627[0m
[[2m[37m04:40:20[0m[2m[0m] [2mVQE (lattice=(2, 2), n_occ=8, t1=1, phi=0.785398, M=0, boundary=periodic, t2=0.5, repetition=5) = -0.012564567094966339[0m
[[2m[37m04:40:42[0m[2m[0m] [2mVQE (lattice=(2, 2), n_occ=8, t1=1, phi=0.785398, M=0, boundary=periodic, t2=0.7, repetition=5) = 0.057074900663482864[0m
[[2m[37m04:40:56[0m[2m[0m] [2mVQE (lattice=(2, 2), n_occ=7, t1=1, phi=0.785398, M=0, boundary=periodic, t2=0.8, repetition=5) = -1.9068673652720112[0m
[[2m[37m04:41:26[0m[2m[0m] [2mVQE (lattice=(2, 2), n_occ=7, t1=1, phi=0.785398, M=0, boundary=periodic, t2=0.9, repetition=8) = -2.1276785191533074[0m
[[2m[37m04:41:52[0m[2m[0m] [2mVQE (lattice=(2, 2), n_occ=8, t1=1, phi=0.785398, M=0, boundary=periodic, t2=0.4, repetition=5) = -0.07766824833628642[0m
[[2m[37m04:42:05[0m[2m[0m] [2mVQE (lattice=(2, 2), n_occ=8, t1=1, phi=0.785398, M=0, boundary=periodic, t2=0.3, repetition=5) = 0.0003389699073659651[0m
[[2m[37m04:43:10[0m[2m[0m] [2mVQE (lattice=(2, 2), n_occ=8, t1=1, phi=0.785398, M=0, boundary=periodic, t2=0.8, repetition=5) = 0.03436246117871114[0m
[[2m[37m04:48:47[0m[2m[0m] [2mVQE (lattice=(2, 2), n_occ=8, t1=1, phi=0.785398, M=0, boundary=periodic, t2=0.9, repetition=8) = 0.020196724921321296[0m
[[2m[37m04:48:52[0m[2m[0m] [2mVQE (lattice=(2, 2), n_occ=5, t1=1, phi=0.785398, M=0, boundary=periodic, t2=0.9, repetition=9) = -5.333897039596977[0m
[[2m[37m04:49:00[0m[2m[0m] [2mVQE (lattice=(2, 2), n_occ=1, t1=1, phi=0.785398, M=0, boundary=periodic, t2=0.2, repetition=9) = -3.545206852455847[0m
[[2m[37m04:55:46[0m[2m[0m] [2mVQE (lattice=(2, 2), n_occ=0, t1=1, phi=0.785398, M=0, boundary=periodic, t2=0.5, repetition=6) = -0.0156901878828213[0m
[[2m[37m04:58:26[0m[2m[0m] [2mVQE (lattice=(2, 2), n_occ=2, t1=1, phi=0.785398, M=0, boundary=periodic, t2=0.2, repetition=9) = -4.15367428106694[0m
[[2m[37m05:01:06[0m[2m[0m] [2mVQE (lattice=(2, 2), n_occ=0, t1=1, phi=0.785398, M=0, boundary=periodic, t2=0.2, repetition=10) = -0.024646107870980413[0m
[[1m[32m05:01:06[0m[1m[0m] [37mVQE other benchmarks (lattice=(2, 2), n_occ=0, t1=1, phi=0.785398, M=0, boundary=periodic, t2=0.2): num_queries=4800000, circuit_depth=[51,45][0m
[[2m[37m05:01:52[0m[2m[0m] [2mVQE (lattice=(2, 2), n_occ=6, t1=1, phi=0.785398, M=0, boundary=periodic, t2=0.9, repetition=9) = -3.021581461523711[0m
[[2m[37m05:08:23[0m[2m[0m] [2mVQE (lattice=(2, 2), n_occ=1, t1=1, phi=0.785398, M=0, boundary=periodic, t2=0.7, repetition=6) = -5.380173565338907[0m
[[2m[37m05:08:39[0m[2m[0m] [2mVQE (lattice=(2, 2), n_occ=1, t1=1, phi=0.785398, M=0, boundary=periodic, t2=0.1, repetition=6) = -3.1550271858730135[0m
[[2m[37m05:18:27[0m[2m[0m] [2mVQE (lattice=(2, 2), n_occ=7, t1=1, phi=0.785398, M=0, boundary=periodic, t2=0.9, repetition=9) = -2.1003585900219557[0m
[[2m[37m05:18:36[0m[2m[0m] [2mVQE (lattice=(2, 2), n_occ=1, t1=1, phi=0.785398, M=0, boundary=periodic, t2=0.2, repetition=10) = -3.6348700643217446[0m
[[1m[32m05:18:36[0m[1m[0m] [37mVQE other benchmarks (lattice=(2, 2), n_occ=1, t1=1, phi=0.785398, M=0, boundary=periodic, t2=0.2): num_queries=4800000, circuit_depth=[52,45][0m
[[2m[37m05:22:10[0m[2m[0m] [2mVQE (lattice=(2, 2), n_occ=5, t1=1, phi=0.785398, M=0, boundary=periodic, t2=0.9, repetition=10) = -5.279608442456115[0m
[[1m[32m05:22:10[0m[1m[0m] [37mVQE other benchmarks (lattice=(2, 2), n_occ=5, t1=1, phi=0.785398, M=0, boundary=periodic, t2=0.9): num_queries=4800000, circuit_depth=[52,45][0m
[[2m[37m05:26:19[0m[2m[0m] [2mVQE (lattice=(2, 2), n_occ=8, t1=1, phi=0.785398, M=0, boundary=periodic, t2=0.9, repetition=9) = -0.14640090169287145[0m
[[2m[37m05:29:06[0m[2m[0m] [2mVQE (lattice=(2, 2), n_occ=2, t1=1, phi=0.785398, M=0, boundary=periodic, t2=0.2, repetition=10) = -4.255348417216049[0m
[[1m[32m05:29:07[0m[1m[0m] [37mVQE other benchmarks (lattice=(2, 2), n_occ=2, t1=1, phi=0.785398, M=0, boundary=periodic, t2=0.2): num_queries=4800000, circuit_depth=[52,45][0m
[[2m[37m05:29:15[0m[2m[0m] [2mVQE (lattice=(2, 2), n_occ=2, t1=1, phi=0.785398, M=0, boundary=periodic, t2=0.4, repetition=6) = -4.799104890409672[0m
[[2m[37m05:37:08[0m[2m[0m] [2mVQE (lattice=(2, 2), n_occ=6, t1=1, phi=0.785398, M=0, boundary=periodic, t2=0.9, repetition=10) = -3.6493716705357[0m
[[1m[32m05:37:08[0m[1m[0m] [37mVQE other benchmarks (lattice=(2, 2), n_occ=6, t1=1, phi=0.785398, M=0, boundary=periodic, t2=0.9): num_queries=4800000, circuit_depth=[52,45][0m
[[2m[37m05:48:00[0m[2m[0m] [2mVQE (lattice=(2, 2), n_occ=0, t1=1, phi=0.785398, M=0, boundary=periodic, t2=0.3, repetition=6) = 0.02024158779568483[0m
[[2m[37m05:52:12[0m[2m[0m] [2mVQE (lattice=(2, 2), n_occ=0, t1=1, phi=0.785398, M=0, boundary=periodic, t2=1, repetition=6) = -0.012838326837986552[0m
[[2m[37m05:52:33[0m[2m[0m] [2mVQE (lattice=(2, 2), n_occ=0, t1=1, phi=0.785398, M=0, boundary=periodic, t2=0.9, repetition=6) = 0.06303297044543024[0m
[[2m[37m05:54:20[0m[2m[0m] [2mVQE (lattice=(2, 2), n_occ=0, t1=1, phi=0.785398, M=0, boundary=periodic, t2=0.8, repetition=6) = 0.045128144471017144[0m
[[2m[37m05:54:25[0m[2m[0m] [2mVQE (lattice=(2, 2), n_occ=0, t1=1, phi=0.785398, M=0, boundary=periodic, t2=0.4, repetition=6) = 0.033549433985613226[0m
[[2m[37m05:54:37[0m[2m[0m] [2mVQE (lattice=(2, 2), n_occ=0, t1=1, phi=0.785398, M=0, boundary=periodic, t2=0.6, repetition=6) = -0.11826236536103182[0m
[[2m[37m05:55:01[0m[2m[0m] [2mVQE (lattice=(2, 2), n_occ=0, t1=1, phi=0.785398, M=0, boundary=periodic, t2=0.7, repetition=6) = -0.00417123667025765[0m
[[2m[37m05:55:30[0m[2m[0m] [2mVQE (lattice=(2, 2), n_occ=6, t1=1, phi=0.785398, M=0, boundary=periodic, t2=1, repetition=6) = -3.772692322986983[0m
[[2m[37m05:55:30[0m[2m[0m] [2mVQE (lattice=(2, 2), n_occ=7, t1=1, phi=0.785398, M=0, boundary=periodic, t2=0.9, repetition=10) = -2.090436987035283[0m
[[1m[32m05:55:30[0m[1m[0m] [37mVQE other benchmarks (lattice=(2, 2), n_occ=7, t1=1, phi=0.785398, M=0, boundary=periodic, t2=0.9): num_queries=4800000, circuit_depth=[52,45][0m
[[2m[37m05:57:36[0m[2m[0m] [2mVQE (lattice=(2, 2), n_occ=6, t1=1, phi=0.785398, M=0, boundary=periodic, t2=0.3, repetition=6) = -2.5918296471936064[0m
[[2m[37m05:59:39[0m[2m[0m] [2mVQE (lattice=(2, 2), n_occ=0, t1=1, phi=0.785398, M=0, boundary=periodic, t2=0.1, repetition=6) = 0.017977375217006115[0m
[[2m[37m06:03:49[0m[2m[0m] [2mVQE (lattice=(2, 2), n_occ=8, t1=1, phi=0.785398, M=0, boundary=periodic, t2=0.9, repetition=10) = -0.07086807556154529[0m
[[1m[32m06:03:49[0m[1m[0m] [37mVQE other benchmarks (lattice=(2, 2), n_occ=8, t1=1, phi=0.785398, M=0, boundary=periodic, t2=0.9): num_queries=4800000, circuit_depth=[52,45][0m
[[2m[37m06:04:42[0m[2m[0m] [2mVQE (lattice=(2, 2), n_occ=7, t1=1, phi=0.785398, M=0, boundary=periodic, t2=0.5, repetition=6) = -1.5613317524861166[0m
[[2m[37m06:06:06[0m[2m[0m] [2mVQE (lattice=(2, 2), n_occ=1, t1=1, phi=0.785398, M=0, boundary=periodic, t2=0.4, repetition=6) = -4.3791163666775486[0m
[[2m[37m06:07:21[0m[2m[0m] [2mVQE (lattice=(2, 2), n_occ=8, t1=1, phi=0.785398, M=0, boundary=periodic, t2=0.2, repetition=6) = -0.002744090395307229[0m
[[2m[37m06:09:46[0m[2m[0m] [2mVQE (lattice=(2, 2), n_occ=1, t1=1, phi=0.785398, M=0, boundary=periodic, t2=0.9, repetition=6) = -6.398241828347601[0m
[[2m[37m06:10:35[0m[2m[0m] [2mVQE (lattice=(2, 2), n_occ=1, t1=1, phi=0.785398, M=0, boundary=periodic, t2=0.8, repetition=6) = -6.0679335730181485[0m
[[2m[37m06:10:41[0m[2m[0m] [2mVQE (lattice=(2, 2), n_occ=1, t1=1, phi=0.785398, M=0, boundary=periodic, t2=0.6, repetition=6) = -4.9363052412958455[0m
[[2m[37m06:12:58[0m[2m[0m] [2mVQE (lattice=(2, 2), n_occ=1, t1=1, phi=0.785398, M=0, boundary=periodic, t2=0.3, repetition=6) = -3.7345678379103173[0m
[[2m[37m06:16:38[0m[2m[0m] [2mVQE (lattice=(2, 2), n_occ=1, t1=1, phi=0.785398, M=0, boundary=periodic, t2=0.5, repetition=6) = -4.533657422292334[0m
[[2m[37m06:17:47[0m[2m[0m] [2mVQE (lattice=(2, 2), n_occ=1, t1=1, phi=0.785398, M=0, boundary=periodic, t2=1, repetition=6) = -6.3124176567229915[0m
[[2m[37m06:24:26[0m[2m[0m] [2mVQE (lattice=(2, 2), n_occ=2, t1=1, phi=0.785398, M=0, boundary=periodic, t2=0.1, repetition=6) = -3.9702113878795964[0m
[[2m[37m06:24:49[0m[2m[0m] [2mVQE (lattice=(2, 2), n_occ=2, t1=1, phi=0.785398, M=0, boundary=periodic, t2=0.7, repetition=6) = -5.6334066185649485[0m
[[2m[37m06:25:23[0m[2m[0m] [2mVQE (lattice=(2, 2), n_occ=2, t1=1, phi=0.785398, M=0, boundary=periodic, t2=0.6, repetition=6) = -5.231741984142427[0m
[[2m[37m06:26:37[0m[2m[0m] [2mVQE (lattice=(2, 2), n_occ=2, t1=1, phi=0.785398, M=0, boundary=periodic, t2=0.8, repetition=6) = -5.656957678317323[0m
[[2m[37m06:26:38[0m[2m[0m] [2mVQE (lattice=(2, 2), n_occ=2, t1=1, phi=0.785398, M=0, boundary=periodic, t2=0.3, repetition=6) = -4.2985673643221896[0m
[[2m[37m06:27:30[0m[2m[0m] [2mVQE (lattice=(2, 2), n_occ=2, t1=1, phi=0.785398, M=0, boundary=periodic, t2=0.5, repetition=6) = -5.179283065684995[0m
[[2m[37m06:30:48[0m[2m[0m] [2mVQE (lattice=(2, 2), n_occ=2, t1=1, phi=0.785398, M=0, boundary=periodic, t2=0.9, repetition=6) = -6.473215030592341[0m
[[2m[37m06:32:31[0m[2m[0m] [2mVQE (lattice=(2, 2), n_occ=2, t1=1, phi=0.785398, M=0, boundary=periodic, t2=1, repetition=6) = -7.311831882139002[0m
[[2m[37m06:34:31[0m[2m[0m] [2mVQE (lattice=(2, 2), n_occ=3, t1=1, phi=0.785398, M=0, boundary=periodic, t2=0.1, repetition=6) = -4.013540216637251[0m
[[2m[37m06:46:19[0m[2m[0m] [2mVQE (lattice=(2, 2), n_occ=5, t1=1, phi=0.785398, M=0, boundary=periodic, t2=1, repetition=6) = -5.521569583926885[0m
[[2m[37m06:53:11[0m[2m[0m] [2mVQE (lattice=(2, 2), n_occ=6, t1=1, phi=0.785398, M=0, boundary=periodic, t2=0.7, repetition=6) = -3.666336224345436[0m
[[2m[37m06:55:39[0m[2m[0m] [2mVQE (lattice=(2, 2), n_occ=6, t1=1, phi=0.785398, M=0, boundary=periodic, t2=0.4, repetition=6) = -2.7785467555820658[0m
[[2m[37m06:56:23[0m[2m[0m] [2mVQE (lattice=(2, 2), n_occ=6, t1=1, phi=0.785398, M=0, boundary=periodic, t2=0.2, repetition=6) = -2.8658132726749175[0m
[[2m[37m06:56:38[0m[2m[0m] [2mVQE (lattice=(2, 2), n_occ=7, t1=1, phi=0.785398, M=0, boundary=periodic, t2=0.2, repetition=6) = -1.7328318578943465[0m
[[2m[37m06:57:22[0m[2m[0m] [2mVQE (lattice=(2, 2), n_occ=6, t1=1, phi=0.785398, M=0, boundary=periodic, t2=0.1, repetition=6) = -3.038948476908874[0m
[[2m[37m06:58:00[0m[2m[0m] [2mVQE (lattice=(2, 2), n_occ=6, t1=1, phi=0.785398, M=0, boundary=periodic, t2=0.8, repetition=6) = -3.2985919730211433[0m
[[2m[37m06:58:01[0m[2m[0m] [2mVQE (lattice=(2, 2), n_occ=6, t1=1, phi=0.785398, M=0, boundary=periodic, t2=0.6, repetition=6) = -3.2896569927776027[0m
[[2m[37m06:58:28[0m[2m[0m] [2mVQE (lattice=(2, 2), n_occ=0, t1=1, phi=0.785398, M=0, boundary=periodic, t2=0.5, repetition=7) = 0.05778858292194921[0m
[[2m[37m07:03:02[0m[2m[0m] [2mVQE (lattice=(2, 2), n_occ=6, t1=1, phi=0.785398, M=0, boundary=periodic, t2=0.5, repetition=6) = -2.543939990724379[0m
[[2m[37m07:03:44[0m[2m[0m] [2mVQE (lattice=(2, 2), n_occ=7, t1=1, phi=0.785398, M=0, boundary=periodic, t2=0.6, repetition=6) = -1.6210781720207894[0m
[[2m[37m07:04:18[0m[2m[0m] [2mVQE (lattice=(2, 2), n_occ=7, t1=1, phi=0.785398, M=0, boundary=periodic, t2=0.7, repetition=6) = -1.617857004953311[0m
[[2m[37m07:05:12[0m[2m[0m] [2mVQE (lattice=(2, 2), n_occ=7, t1=1, phi=0.785398, M=0, boundary=periodic, t2=0.3, repetition=6) = -1.5857152566403825[0m
[[2m[37m07:05:30[0m[2m[0m] [2mVQE (lattice=(2, 2), n_occ=7, t1=1, phi=0.785398, M=0, boundary=periodic, t2=0.1, repetition=6) = -2.0500561272134608[0m
[[2m[37m07:05:46[0m[2m[0m] [2mVQE (lattice=(2, 2), n_occ=7, t1=1, phi=0.785398, M=0, boundary=periodic, t2=1, repetition=6) = -2.307856687345324[0m
[[2m[37m07:06:50[0m[2m[0m] [2mVQE (lattice=(2, 2), n_occ=8, t1=1, phi=0.785398, M=0, boundary=periodic, t2=1, repetition=6) = -0.035633130711713576[0m
[[2m[37m07:06:56[0m[2m[0m] [2mVQE (lattice=(2, 2), n_occ=7, t1=1, phi=0.785398, M=0, boundary=periodic, t2=0.4, repetition=6) = -1.162075788121301[0m
[[2m[37m07:09:23[0m[2m[0m] [2mVQE (lattice=(2, 2), n_occ=8, t1=1, phi=0.785398, M=0, boundary=periodic, t2=0.1, repetition=6) = -0.004539652016710527[0m
[[2m[37m07:12:21[0m[2m[0m] [2mVQE (lattice=(2, 2), n_occ=8, t1=1, phi=0.785398, M=0, boundary=periodic, t2=0.6, repetition=6) = -0.08340126446763405[0m
[[2m[37m07:13:07[0m[2m[0m] [2mVQE (lattice=(2, 2), n_occ=8, t1=1, phi=0.785398, M=0, boundary=periodic, t2=0.7, repetition=6) = -0.0030793684820250872[0m
[[2m[37m07:13:12[0m[2m[0m] [2mVQE (lattice=(2, 2), n_occ=8, t1=1, phi=0.785398, M=0, boundary=periodic, t2=0.5, repetition=6) = -0.062787765465306[0m
[[2m[37m07:13:58[0m[2m[0m] [2mVQE (lattice=(2, 2), n_occ=7, t1=1, phi=0.785398, M=0, boundary=periodic, t2=0.8, repetition=6) = -1.868298944771383[0m
[[2m[37m07:14:45[0m[2m[0m] [2mVQE (lattice=(2, 2), n_occ=8, t1=1, phi=0.785398, M=0, boundary=periodic, t2=0.3, repetition=6) = 0.02345239639847674[0m
[[2m[37m07:14:47[0m[2m[0m] [2mVQE (lattice=(2, 2), n_occ=1, t1=1, phi=0.785398, M=0, boundary=periodic, t2=0.7, repetition=7) = -5.562059524434917[0m
[[2m[37m07:14:57[0m[2m[0m] [2mVQE (lattice=(2, 2), n_occ=8, t1=1, phi=0.785398, M=0, boundary=periodic, t2=0.4, repetition=6) = -0.002284212510794364[0m
[[2m[37m07:15:04[0m[2m[0m] [2mVQE (lattice=(2, 2), n_occ=1, t1=1, phi=0.785398, M=0, boundary=periodic, t2=0.1, repetition=7) = -2.7847533256706076[0m
[[2m[37m07:16:02[0m[2m[0m] [2mVQE (lattice=(2, 2), n_occ=8, t1=1, phi=0.785398, M=0, boundary=periodic, t2=0.8, repetition=6) = 0.022653374927664637[0m
[[2m[37m07:38:21[0m[2m[0m] [2mVQE (lattice=(2, 2), n_occ=2, t1=1, phi=0.785398, M=0, boundary=periodic, t2=0.4, repetition=7) = -4.886360006964236[0m
[[2m[37m08:06:38[0m[2m[0m] [2mVQE (lattice=(2, 2), n_occ=0, t1=1, phi=0.785398, M=0, boundary=periodic, t2=0.6, repetition=7) = 0.07361546585658509[0m
[[2m[37m08:06:45[0m[2m[0m] [2mVQE (lattice=(2, 2), n_occ=0, t1=1, phi=0.785398, M=0, boundary=periodic, t2=0.3, repetition=7) = -0.031547406932735014[0m
[[2m[37m08:10:24[0m[2m[0m] [2mVQE (lattice=(2, 2), n_occ=6, t1=1, phi=0.785398, M=0, boundary=periodic, t2=1, repetition=7) = -3.83975985733238[0m
[[2m[37m08:11:00[0m[2m[0m] [2mVQE (lattice=(2, 2), n_occ=6, t1=1, phi=0.785398, M=0, boundary=periodic, t2=0.3, repetition=7) = -2.6462470347081855[0m
[[2m[37m08:11:55[0m[2m[0m] [2mVQE (lattice=(2, 2), n_occ=0, t1=1, phi=0.785398, M=0, boundary=periodic, t2=1, repetition=7) = 0.008120590473763761[0m
[[2m[37m08:12:17[0m[2m[0m] [2mVQE (lattice=(2, 2), n_occ=0, t1=1, phi=0.785398, M=0, boundary=periodic, t2=0.9, repetition=7) = 0.008967645602787644[0m
[[2m[37m08:13:18[0m[2m[0m] [2mVQE (lattice=(2, 2), n_occ=0, t1=1, phi=0.785398, M=0, boundary=periodic, t2=0.4, repetition=7) = 0.08322057493612241[0m
[[2m[37m08:14:26[0m[2m[0m] [2mVQE (lattice=(2, 2), n_occ=0, t1=1, phi=0.785398, M=0, boundary=periodic, t2=0.8, repetition=7) = -0.0016749787205985363[0m
[[2m[37m08:14:29[0m[2m[0m] [2mVQE (lattice=(2, 2), n_occ=0, t1=1, phi=0.785398, M=0, boundary=periodic, t2=0.7, repetition=7) = -0.053427514008026325[0m
[[2m[37m08:18:55[0m[2m[0m] [2mVQE (lattice=(2, 2), n_occ=0, t1=1, phi=0.785398, M=0, boundary=periodic, t2=0.1, repetition=7) = 0.036973548342851895[0m
[[2m[37m08:19:16[0m[2m[0m] [2mVQE (lattice=(2, 2), n_occ=7, t1=1, phi=0.785398, M=0, boundary=periodic, t2=0.5, repetition=7) = -1.2838420716075765[0m
[[2m[37m08:22:24[0m[2m[0m] [2mVQE (lattice=(2, 2), n_occ=8, t1=1, phi=0.785398, M=0, boundary=periodic, t2=0.2, repetition=7) = -0.02206029785152754[0m
[[2m[37m08:23:52[0m[2m[0m] [2mVQE (lattice=(2, 2), n_occ=1, t1=1, phi=0.785398, M=0, boundary=periodic, t2=0.8, repetition=7) = -5.878357108535935[0m
[[2m[37m08:28:00[0m[2m[0m] [2mVQE (lattice=(2, 2), n_occ=1, t1=1, phi=0.785398, M=0, boundary=periodic, t2=0.4, repetition=7) = -4.387202452741635[0m
[[2m[37m08:31:01[0m[2m[0m] [2mVQE (lattice=(2, 2), n_occ=1, t1=1, phi=0.785398, M=0, boundary=periodic, t2=0.9, repetition=7) = -6.368260346888829[0m
[[2m[37m08:32:59[0m[2m[0m] [2mVQE (lattice=(2, 2), n_occ=1, t1=1, phi=0.785398, M=0, boundary=periodic, t2=0.6, repetition=7) = -4.7967810785172995[0m
[[2m[37m08:35:23[0m[2m[0m] [2mVQE (lattice=(2, 2), n_occ=1, t1=1, phi=0.785398, M=0, boundary=periodic, t2=0.3, repetition=7) = -3.9395866578297034[0m
[[2m[37m08:39:21[0m[2m[0m] [2mVQE (lattice=(2, 2), n_occ=1, t1=1, phi=0.785398, M=0, boundary=periodic, t2=0.5, repetition=7) = -4.610086944884345[0m
[[2m[37m08:41:04[0m[2m[0m] [2mVQE (lattice=(2, 2), n_occ=1, t1=1, phi=0.785398, M=0, boundary=periodic, t2=1, repetition=7) = -6.822207338541887[0m
[[2m[37m08:49:18[0m[2m[0m] [2mVQE (lattice=(2, 2), n_occ=2, t1=1, phi=0.785398, M=0, boundary=periodic, t2=0.7, repetition=7) = -5.248250863778572[0m
[[2m[37m08:49:22[0m[2m[0m] [2mVQE (lattice=(2, 2), n_occ=2, t1=1, phi=0.785398, M=0, boundary=periodic, t2=0.1, repetition=7) = -4.005053401798594[0m
[[2m[37m08:49:53[0m[2m[0m] [2mVQE (lattice=(2, 2), n_occ=2, t1=1, phi=0.785398, M=0, boundary=periodic, t2=0.6, repetition=7) = -5.248707900528841[0m
[[2m[37m08:51:04[0m[2m[0m] [2mVQE (lattice=(2, 2), n_occ=2, t1=1, phi=0.785398, M=0, boundary=periodic, t2=0.3, repetition=7) = -4.118738956412927[0m
[[2m[37m08:52:19[0m[2m[0m] [2mVQE (lattice=(2, 2), n_occ=2, t1=1, phi=0.785398, M=0, boundary=periodic, t2=0.8, repetition=7) = -5.635794691662642[0m
[[2m[37m08:52:22[0m[2m[0m] [2mVQE (lattice=(2, 2), n_occ=2, t1=1, phi=0.785398, M=0, boundary=periodic, t2=0.5, repetition=7) = -5.091081504503724[0m
[[2m[37m08:55:57[0m[2m[0m] [2mVQE (lattice=(2, 2), n_occ=2, t1=1, phi=0.785398, M=0, boundary=periodic, t2=0.9, repetition=7) = -6.241689505279946[0m
[[2m[37m08:58:14[0m[2m[0m] [2mVQE (lattice=(2, 2), n_occ=2, t1=1, phi=0.785398, M=0, boundary=periodic, t2=1, repetition=7) = -7.2975468364313905[0m
[[2m[37m09:00:16[0m[2m[0m] [2mVQE (lattice=(2, 2), n_occ=3, t1=1, phi=0.785398, M=0, boundary=periodic, t2=0.1, repetition=7) = -4.813268293434619[0m
[[2m[37m09:01:35[0m[2m[0m] [2mVQE (lattice=(2, 2), n_occ=0, t1=1, phi=0.785398, M=0, boundary=periodic, t2=0.5, repetition=8) = 0.0478570133915055[0m
[[2m[37m09:14:01[0m[2m[0m] [2mVQE (lattice=(2, 2), n_occ=5, t1=1, phi=0.785398, M=0, boundary=periodic, t2=1, repetition=7) = -5.9333837652572345[0m
[[2m[37m09:16:52[0m[2m[0m] [2mVQE (lattice=(2, 2), n_occ=6, t1=1, phi=0.785398, M=0, boundary=periodic, t2=0.4, repetition=7) = -2.7107836284420515[0m
[[2m[37m09:20:57[0m[2m[0m] [2mVQE (lattice=(2, 2), n_occ=1, t1=1, phi=0.785398, M=0, boundary=periodic, t2=0.7, repetition=8) = -5.4059947741817425[0m
[[2m[37m09:21:27[0m[2m[0m] [2mVQE (lattice=(2, 2), n_occ=1, t1=1, phi=0.785398, M=0, boundary=periodic, t2=0.1, repetition=8) = -3.227056031607785[0m
[[2m[37m09:22:07[0m[2m[0m] [2mVQE (lattice=(2, 2), n_occ=6, t1=1, phi=0.785398, M=0, boundary=periodic, t2=0.7, repetition=7) = -2.8385183264551737[0m
[[2m[37m09:26:28[0m[2m[0m] [2mVQE (lattice=(2, 2), n_occ=6, t1=1, phi=0.785398, M=0, boundary=periodic, t2=0.2, repetition=7) = -3.038042054427925[0m
[[2m[37m09:26:46[0m[2m[0m] [2mVQE (lattice=(2, 2), n_occ=7, t1=1, phi=0.785398, M=0, boundary=periodic, t2=0.2, repetition=7) = -1.762649434406824[0m
[[2m[37m09:26:53[0m[2m[0m] [2mVQE (lattice=(2, 2), n_occ=7, t1=1, phi=0.785398, M=0, boundary=periodic, t2=0.6, repetition=7) = -1.7340307660150611[0m
[[2m[37m09:27:15[0m[2m[0m] [2mVQE (lattice=(2, 2), n_occ=6, t1=1, phi=0.785398, M=0, boundary=periodic, t2=0.1, repetition=7) = -3.1817204287680045[0m
[[2m[37m09:27:16[0m[2m[0m] [2mVQE (lattice=(2, 2), n_occ=6, t1=1, phi=0.785398, M=0, boundary=periodic, t2=0.8, repetition=7) = -3.096770365611441[0m
[[2m[37m09:29:48[0m[2m[0m] [2mVQE (lattice=(2, 2), n_occ=6, t1=1, phi=0.785398, M=0, boundary=periodic, t2=0.6, repetition=7) = -3.1970639420142963[0m
[[2m[37m09:33:27[0m[2m[0m] [2mVQE (lattice=(2, 2), n_occ=6, t1=1, phi=0.785398, M=0, boundary=periodic, t2=0.5, repetition=7) = -2.6029329240968115[0m
[[2m[37m09:34:29[0m[2m[0m] [2mVQE (lattice=(2, 2), n_occ=7, t1=1, phi=0.785398, M=0, boundary=periodic, t2=0.7, repetition=7) = -1.7262725521148714[0m
[[2m[37m09:36:26[0m[2m[0m] [2mVQE (lattice=(2, 2), n_occ=7, t1=1, phi=0.785398, M=0, boundary=periodic, t2=0.3, repetition=7) = -1.5909994434943744[0m
[[2m[37m09:36:28[0m[2m[0m] [2mVQE (lattice=(2, 2), n_occ=7, t1=1, phi=0.785398, M=0, boundary=periodic, t2=0.1, repetition=7) = -1.9066390254414667[0m
[[2m[37m09:37:22[0m[2m[0m] [2mVQE (lattice=(2, 2), n_occ=8, t1=1, phi=0.785398, M=0, boundary=periodic, t2=1, repetition=7) = -0.013351644709167698[0m
[[2m[37m09:37:46[0m[2m[0m] [2mVQE (lattice=(2, 2), n_occ=7, t1=1, phi=0.785398, M=0, boundary=periodic, t2=1, repetition=7) = -2.3720200695671783[0m
[[2m[37m09:39:06[0m[2m[0m] [2mVQE (lattice=(2, 2), n_occ=7, t1=1, phi=0.785398, M=0, boundary=periodic, t2=0.4, repetition=7) = -1.4094174597025169[0m
[[2m[37m09:40:33[0m[2m[0m] [2mVQE (lattice=(2, 2), n_occ=8, t1=1, phi=0.785398, M=0, boundary=periodic, t2=0.1, repetition=7) = -0.01727018592364504[0m
[[2m[37m09:45:30[0m[2m[0m] [2mVQE (lattice=(2, 2), n_occ=8, t1=1, phi=0.785398, M=0, boundary=periodic, t2=0.7, repetition=7) = 0.012463418526428401[0m
[[2m[37m09:45:30[0m[2m[0m] [2mVQE (lattice=(2, 2), n_occ=8, t1=1, phi=0.785398, M=0, boundary=periodic, t2=0.6, repetition=7) = -0.03638379344797185[0m
[[2m[37m09:45:49[0m[2m[0m] [2mVQE (lattice=(2, 2), n_occ=8, t1=1, phi=0.785398, M=0, boundary=periodic, t2=0.5, repetition=7) = -0.01663031322335373[0m
[[2m[37m09:46:40[0m[2m[0m] [2mVQE (lattice=(2, 2), n_occ=2, t1=1, phi=0.785398, M=0, boundary=periodic, t2=0.4, repetition=8) = -4.760503702288699[0m
[[2m[37m09:46:59[0m[2m[0m] [2mVQE (lattice=(2, 2), n_occ=7, t1=1, phi=0.785398, M=0, boundary=periodic, t2=0.8, repetition=7) = -2.112652786399732[0m
[[2m[37m09:47:22[0m[2m[0m] [2mVQE (lattice=(2, 2), n_occ=8, t1=1, phi=0.785398, M=0, boundary=periodic, t2=0.3, repetition=7) = 0.0694242738172607[0m
[[2m[37m09:47:43[0m[2m[0m] [2mVQE (lattice=(2, 2), n_occ=8, t1=1, phi=0.785398, M=0, boundary=periodic, t2=0.4, repetition=7) = 0.029928517945853127[0m
[[2m[37m09:49:07[0m[2m[0m] [2mVQE (lattice=(2, 2), n_occ=8, t1=1, phi=0.785398, M=0, boundary=periodic, t2=0.8, repetition=7) = 0.04741969606005874[0m
[[2m[37m10:17:56[0m[2m[0m] [2mVQE (lattice=(2, 2), n_occ=0, t1=1, phi=0.785398, M=0, boundary=periodic, t2=0.6, repetition=8) = 0.0007396095558384365[0m
[[2m[37m10:23:47[0m[2m[0m] [2mVQE (lattice=(2, 2), n_occ=6, t1=1, phi=0.785398, M=0, boundary=periodic, t2=0.3, repetition=8) = -2.887582420608572[0m
[[2m[37m10:24:23[0m[2m[0m] [2mVQE (lattice=(2, 2), n_occ=6, t1=1, phi=0.785398, M=0, boundary=periodic, t2=1, repetition=8) = -3.3752551663658448[0m
[[2m[37m10:25:53[0m[2m[0m] [2mVQE (lattice=(2, 2), n_occ=0, t1=1, phi=0.785398, M=0, boundary=periodic, t2=0.3, repetition=8) = -0.03863293594924051[0m
[[2m[37m10:31:04[0m[2m[0m] [2mVQE (lattice=(2, 2), n_occ=0, t1=1, phi=0.785398, M=0, boundary=periodic, t2=1, repetition=8) = -0.09853342300231947[0m
[[2m[37m10:31:58[0m[2m[0m] [2mVQE (lattice=(2, 2), n_occ=0, t1=1, phi=0.785398, M=0, boundary=periodic, t2=0.9, repetition=8) = 0.1431370004612778[0m
[[2m[37m10:32:41[0m[2m[0m] [2mVQE (lattice=(2, 2), n_occ=0, t1=1, phi=0.785398, M=0, boundary=periodic, t2=0.4, repetition=8) = 0.05624593499830845[0m
[[2m[37m10:33:50[0m[2m[0m] [2mVQE (lattice=(2, 2), n_occ=0, t1=1, phi=0.785398, M=0, boundary=periodic, t2=0.7, repetition=8) = 0.06936662097314443[0m
[[2m[37m10:34:44[0m[2m[0m] [2mVQE (lattice=(2, 2), n_occ=0, t1=1, phi=0.785398, M=0, boundary=periodic, t2=0.8, repetition=8) = -0.061125576714460214[0m
[[2m[37m10:35:00[0m[2m[0m] [2mVQE (lattice=(2, 2), n_occ=7, t1=1, phi=0.785398, M=0, boundary=periodic, t2=0.5, repetition=8) = -1.7292784406883266[0m
[[2m[37m10:37:13[0m[2m[0m] [2mVQE (lattice=(2, 2), n_occ=8, t1=1, phi=0.785398, M=0, boundary=periodic, t2=0.2, repetition=8) = 0.0728916656569388[0m
[[2m[37m10:37:36[0m[2m[0m] [2mVQE (lattice=(2, 2), n_occ=1, t1=1, phi=0.785398, M=0, boundary=periodic, t2=0.8, repetition=8) = -5.745783494229887[0m
[[2m[37m10:38:23[0m[2m[0m] [2mVQE (lattice=(2, 2), n_occ=0, t1=1, phi=0.785398, M=0, boundary=periodic, t2=0.1, repetition=8) = -0.09371564698773195[0m
[[2m[37m10:49:49[0m[2m[0m] [2mVQE (lattice=(2, 2), n_occ=1, t1=1, phi=0.785398, M=0, boundary=periodic, t2=0.4, repetition=8) = -4.39591368878647[0m
[[2m[37m10:52:27[0m[2m[0m] [2mVQE (lattice=(2, 2), n_occ=1, t1=1, phi=0.785398, M=0, boundary=periodic, t2=0.9, repetition=8) = -5.913193364195346[0m
[[2m[37m10:55:15[0m[2m[0m] [2mVQE (lattice=(2, 2), n_occ=1, t1=1, phi=0.785398, M=0, boundary=periodic, t2=0.6, repetition=8) = -5.118134936979205[0m
[[2m[37m10:57:54[0m[2m[0m] [2mVQE (lattice=(2, 2), n_occ=1, t1=1, phi=0.785398, M=0, boundary=periodic, t2=0.3, repetition=8) = -4.058299976605077[0m
[[2m[37m11:02:39[0m[2m[0m] [2mVQE (lattice=(2, 2), n_occ=1, t1=1, phi=0.785398, M=0, boundary=periodic, t2=0.5, repetition=8) = -4.722086276210466[0m
[[2m[37m11:04:13[0m[2m[0m] [2mVQE (lattice=(2, 2), n_occ=0, t1=1, phi=0.785398, M=0, boundary=periodic, t2=0.5, repetition=9) = -0.02415467811865667[0m
[[2m[37m11:04:32[0m[2m[0m] [2mVQE (lattice=(2, 2), n_occ=1, t1=1, phi=0.785398, M=0, boundary=periodic, t2=1, repetition=8) = -6.316824826545336[0m
[[2m[37m11:14:02[0m[2m[0m] [2mVQE (lattice=(2, 2), n_occ=2, t1=1, phi=0.785398, M=0, boundary=periodic, t2=0.7, repetition=8) = -5.786439860315375[0m
[[2m[37m11:14:23[0m[2m[0m] [2mVQE (lattice=(2, 2), n_occ=2, t1=1, phi=0.785398, M=0, boundary=periodic, t2=0.1, repetition=8) = -3.786832876383833[0m
[[2m[37m11:14:38[0m[2m[0m] [2mVQE (lattice=(2, 2), n_occ=2, t1=1, phi=0.785398, M=0, boundary=periodic, t2=0.6, repetition=8) = -5.234273356664662[0m
[[2m[37m11:15:44[0m[2m[0m] [2mVQE (lattice=(2, 2), n_occ=2, t1=1, phi=0.785398, M=0, boundary=periodic, t2=0.3, repetition=8) = -4.3610929219801715[0m
[[2m[37m11:16:24[0m[2m[0m] [2mVQE (lattice=(2, 2), n_occ=2, t1=1, phi=0.785398, M=0, boundary=periodic, t2=0.5, repetition=8) = -4.9317183931723285[0m
[[2m[37m11:17:47[0m[2m[0m] [2mVQE (lattice=(2, 2), n_occ=2, t1=1, phi=0.785398, M=0, boundary=periodic, t2=0.8, repetition=8) = -5.877193123015811[0m
[[2m[37m11:19:50[0m[2m[0m] [2mVQE (lattice=(2, 2), n_occ=2, t1=1, phi=0.785398, M=0, boundary=periodic, t2=0.9, repetition=8) = -5.186107352976676[0m
[[2m[37m11:23:36[0m[2m[0m] [2mVQE (lattice=(2, 2), n_occ=2, t1=1, phi=0.785398, M=0, boundary=periodic, t2=1, repetition=8) = -6.384724448203444[0m
[[2m[37m11:25:45[0m[2m[0m] [2mVQE (lattice=(2, 2), n_occ=3, t1=1, phi=0.785398, M=0, boundary=periodic, t2=0.1, repetition=8) = -4.449644925024929[0m
[[2m[37m11:27:26[0m[2m[0m] [2mVQE (lattice=(2, 2), n_occ=1, t1=1, phi=0.785398, M=0, boundary=periodic, t2=0.7, repetition=9) = -5.447209155895578[0m
[[2m[37m11:27:40[0m[2m[0m] [2mVQE (lattice=(2, 2), n_occ=1, t1=1, phi=0.785398, M=0, boundary=periodic, t2=0.1, repetition=9) = -3.1851577827139597[0m
[[2m[37m11:37:55[0m[2m[0m] [2mVQE (lattice=(2, 2), n_occ=6, t1=1, phi=0.785398, M=0, boundary=periodic, t2=0.4, repetition=8) = -2.5560470046055386[0m
[[2m[37m11:42:11[0m[2m[0m] [2mVQE (lattice=(2, 2), n_occ=5, t1=1, phi=0.785398, M=0, boundary=periodic, t2=1, repetition=8) = -5.266271053139265[0m
[[2m[37m11:49:47[0m[2m[0m] [2mVQE (lattice=(2, 2), n_occ=7, t1=1, phi=0.785398, M=0, boundary=periodic, t2=0.6, repetition=8) = -1.737113478959868[0m
[[2m[37m11:50:41[0m[2m[0m] [2mVQE (lattice=(2, 2), n_occ=6, t1=1, phi=0.785398, M=0, boundary=periodic, t2=0.7, repetition=8) = -2.7308879241580235[0m
