Traceback (most recent call last):
  File "/global/common/software/nersc/pe/conda-envs/26.1.0/python-3.13/nersc-python/lib/python3.13/multiprocessing/resource_tracker.py", line 371, in main
    raise ValueError(
        f'Cannot register {name} for automatic cleanup: '
        f'unknown resource type {rtype}')
ValueError: Cannot register /dev/shm/joblib_memmapping_folder_341945_c7b9210a3c9f4d8ba4a402ca62384db4_d6a76ada29864db2a206d38e5085cd80 for automatic cleanup: unknown resource type folder
Traceback (most recent call last):
  File "/global/common/software/nersc/pe/conda-envs/26.1.0/python-3.13/nersc-python/lib/python3.13/multiprocessing/resource_tracker.py", line 371, in main
    raise ValueError(
        f'Cannot register {name} for automatic cleanup: '
        f'unknown resource type {rtype}')
ValueError: Cannot register /loky-341945-iskgxym7 for automatic cleanup: unknown resource type semlock
Traceback (most recent call last):
  File "/global/common/software/nersc/pe/conda-envs/26.1.0/python-3.13/nersc-python/lib/python3.13/multiprocessing/resource_tracker.py", line 371, in main
    raise ValueError(
        f'Cannot register {name} for automatic cleanup: '
        f'unknown resource type {rtype}')
ValueError: Cannot register /loky-341945-q1t0ot5r for automatic cleanup: unknown resource type semlock
Traceback (most recent call last):
  File "/global/common/software/nersc/pe/conda-envs/26.1.0/python-3.13/nersc-python/lib/python3.13/multiprocessing/resource_tracker.py", line 371, in main
    raise ValueError(
        f'Cannot register {name} for automatic cleanup: '
        f'unknown resource type {rtype}')
ValueError: Cannot register /loky-341945-ptl5c1ti for automatic cleanup: unknown resource type semlock
Traceback (most recent call last):
  File "/global/common/software/nersc/pe/conda-envs/26.1.0/python-3.13/nersc-python/lib/python3.13/multiprocessing/resource_tracker.py", line 371, in main
    raise ValueError(
        f'Cannot register {name} for automatic cleanup: '
        f'unknown resource type {rtype}')
ValueError: Cannot register /loky-341945-ir46_ey5 for automatic cleanup: unknown resource type semlock
Traceback (most recent call last):
  File "/global/common/software/nersc/pe/conda-envs/26.1.0/python-3.13/nersc-python/lib/python3.13/multiprocessing/resource_tracker.py", line 371, in main
    raise ValueError(
        f'Cannot register {name} for automatic cleanup: '
        f'unknown resource type {rtype}')
ValueError: Cannot register /loky-341945-3ake1hr1 for automatic cleanup: unknown resource type semlock
Traceback (most recent call last):
  File "/global/common/software/nersc/pe/conda-envs/26.1.0/python-3.13/nersc-python/lib/python3.13/multiprocessing/resource_tracker.py", line 371, in main
    raise ValueError(
        f'Cannot register {name} for automatic cleanup: '
        f'unknown resource type {rtype}')
ValueError: Cannot register /loky-341945-s8l1w7kz for automatic cleanup: unknown resource type semlock
Traceback (most recent call last):
  File "/global/common/software/nersc/pe/conda-envs/26.1.0/python-3.13/nersc-python/lib/python3.13/multiprocessing/resource_tracker.py", line 371, in main
    raise ValueError(
        f'Cannot register {name} for automatic cleanup: '
        f'unknown resource type {rtype}')
ValueError: Cannot register /dev/shm/joblib_memmapping_folder_341945_c7b9210a3c9f4d8ba4a402ca62384db4_5a25bfb464f0433f8cb79e94cae18dc7 for automatic cleanup: unknown resource type folder
Traceback (most recent call last):
  File "/global/common/software/nersc/pe/conda-envs/26.1.0/python-3.13/nersc-python/lib/python3.13/multiprocessing/resource_tracker.py", line 371, in main
    raise ValueError(
        f'Cannot register {name} for automatic cleanup: '
        f'unknown resource type {rtype}')
ValueError: Cannot register /loky-341945-ti8dewoa for automatic cleanup: unknown resource type semlock
Traceback (most recent call last):
  File "/global/common/software/nersc/pe/conda-envs/26.1.0/python-3.13/nersc-python/lib/python3.13/multiprocessing/resource_tracker.py", line 371, in main
    raise ValueError(
        f'Cannot register {name} for automatic cleanup: '
        f'unknown resource type {rtype}')
ValueError: Cannot register /loky-341945-n8w758nb for automatic cleanup: unknown resource type semlock
Traceback (most recent call last):
  File "/global/common/software/nersc/pe/conda-envs/26.1.0/python-3.13/nersc-python/lib/python3.13/multiprocessing/resource_tracker.py", line 371, in main
    raise ValueError(
        f'Cannot register {name} for automatic cleanup: '
        f'unknown resource type {rtype}')
ValueError: Cannot register /loky-341945-b4r16dk9 for automatic cleanup: unknown resource type semlock
Traceback (most recent call last):
  File "/global/common/software/nersc/pe/conda-envs/26.1.0/python-3.13/nersc-python/lib/python3.13/multiprocessing/resource_tracker.py", line 371, in main
    raise ValueError(
        f'Cannot register {name} for automatic cleanup: '
        f'unknown resource type {rtype}')
ValueError: Cannot register /loky-341945-sc9_dnqj for automatic cleanup: unknown resource type semlock
Traceback (most recent call last):
  File "/global/common/software/nersc/pe/conda-envs/26.1.0/python-3.13/nersc-python/lib/python3.13/multiprocessing/resource_tracker.py", line 371, in main
    raise ValueError(
        f'Cannot register {name} for automatic cleanup: '
        f'unknown resource type {rtype}')
ValueError: Cannot register /loky-341945-wdg6w5wa for automatic cleanup: unknown resource type semlock
Traceback (most recent call last):
  File "/global/common/software/nersc/pe/conda-envs/26.1.0/python-3.13/nersc-python/lib/python3.13/multiprocessing/resource_tracker.py", line 371, in main
    raise ValueError(
        f'Cannot register {name} for automatic cleanup: '
        f'unknown resource type {rtype}')
ValueError: Cannot register /loky-341945-rqr8jo26 for automatic cleanup: unknown resource type semlock
Traceback (most recent call last):
  File "/global/common/software/nersc/pe/conda-envs/26.1.0/python-3.13/nersc-python/lib/python3.13/multiprocessing/resource_tracker.py", line 371, in main
    raise ValueError(
        f'Cannot register {name} for automatic cleanup: '
        f'unknown resource type {rtype}')
ValueError: Cannot register /loky-341945-3bm08k56 for automatic cleanup: unknown resource type semlock
Traceback (most recent call last):
  File "/global/common/software/nersc/pe/conda-envs/26.1.0/python-3.13/nersc-python/lib/python3.13/multiprocessing/resource_tracker.py", line 371, in main
    raise ValueError(
        f'Cannot register {name} for automatic cleanup: '
        f'unknown resource type {rtype}')
ValueError: Cannot register /loky-341945-tpe7xd6c for automatic cleanup: unknown resource type semlock
Traceback (most recent call last):
  File "/global/common/software/nersc/pe/conda-envs/26.1.0/python-3.13/nersc-python/lib/python3.13/multiprocessing/resource_tracker.py", line 371, in main
    raise ValueError(
        f'Cannot register {name} for automatic cleanup: '
        f'unknown resource type {rtype}')
ValueError: Cannot register /loky-341945-wv9escxv for automatic cleanup: unknown resource type semlock
Traceback (most recent call last):
  File "/global/common/software/nersc/pe/conda-envs/26.1.0/python-3.13/nersc-python/lib/python3.13/multiprocessing/resource_tracker.py", line 371, in main
    raise ValueError(
        f'Cannot register {name} for automatic cleanup: '
        f'unknown resource type {rtype}')
ValueError: Cannot register /loky-341945-co07lico for automatic cleanup: unknown resource type semlock
Traceback (most recent call last):
  File "/global/common/software/nersc/pe/conda-envs/26.1.0/python-3.13/nersc-python/lib/python3.13/multiprocessing/resource_tracker.py", line 371, in main
    raise ValueError(
        f'Cannot register {name} for automatic cleanup: '
        f'unknown resource type {rtype}')
ValueError: Cannot register /loky-341945-0_m1fpyd for automatic cleanup: unknown resource type semlock
Traceback (most recent call last):
  File "/global/common/software/nersc/pe/conda-envs/26.1.0/python-3.13/nersc-python/lib/python3.13/multiprocessing/resource_tracker.py", line 371, in main
    raise ValueError(
        f'Cannot register {name} for automatic cleanup: '
        f'unknown resource type {rtype}')
ValueError: Cannot register /loky-341945-q7al5cls for automatic cleanup: unknown resource type semlock
Traceback (most recent call last):
  File "/global/common/software/nersc/pe/conda-envs/26.1.0/python-3.13/nersc-python/lib/python3.13/multiprocessing/resource_tracker.py", line 371, in main
    raise ValueError(
        f'Cannot register {name} for automatic cleanup: '
        f'unknown resource type {rtype}')
ValueError: Cannot register /loky-341945-ex_52nko for automatic cleanup: unknown resource type semlock
Traceback (most recent call last):
  File "/global/common/software/nersc/pe/conda-envs/26.1.0/python-3.13/nersc-python/lib/python3.13/multiprocessing/resource_tracker.py", line 371, in main
    raise ValueError(
        f'Cannot register {name} for automatic cleanup: '
        f'unknown resource type {rtype}')
ValueError: Cannot register /loky-341945-v_ealo0f for automatic cleanup: unknown resource type semlock
Traceback (most recent call last):
  File "/global/common/software/nersc/pe/conda-envs/26.1.0/python-3.13/nersc-python/lib/python3.13/multiprocessing/resource_tracker.py", line 371, in main
    raise ValueError(
        f'Cannot register {name} for automatic cleanup: '
        f'unknown resource type {rtype}')
ValueError: Cannot register /loky-341945-lo1bxaya for automatic cleanup: unknown resource type semlock
Traceback (most recent call last):
  File "/global/common/software/nersc/pe/conda-envs/26.1.0/python-3.13/nersc-python/lib/python3.13/multiprocessing/resource_tracker.py", line 371, in main
    raise ValueError(
        f'Cannot register {name} for automatic cleanup: '
        f'unknown resource type {rtype}')
ValueError: Cannot register /loky-341945-q8lel743 for automatic cleanup: unknown resource type semlock
Traceback (most recent call last):
  File "/global/common/software/nersc/pe/conda-envs/26.1.0/python-3.13/nersc-python/lib/python3.13/multiprocessing/resource_tracker.py", line 371, in main
    raise ValueError(
        f'Cannot register {name} for automatic cleanup: '
        f'unknown resource type {rtype}')
ValueError: Cannot register /dev/shm/joblib_memmapping_folder_341925_f202ddf901a14f8fabaf07e06fd6261e_9de2dc9b9c0b4d0f9de1ad142597fbe6 for automatic cleanup: unknown resource type folder
Traceback (most recent call last):
  File "/global/common/software/nersc/pe/conda-envs/26.1.0/python-3.13/nersc-python/lib/python3.13/multiprocessing/resource_tracker.py", line 371, in main
    raise ValueError(
        f'Cannot register {name} for automatic cleanup: '
        f'unknown resource type {rtype}')
ValueError: Cannot register /loky-341925-wk0s7qc7 for automatic cleanup: unknown resource type semlock
Traceback (most recent call last):
  File "/global/common/software/nersc/pe/conda-envs/26.1.0/python-3.13/nersc-python/lib/python3.13/multiprocessing/resource_tracker.py", line 371, in main
    raise ValueError(
        f'Cannot register {name} for automatic cleanup: '
        f'unknown resource type {rtype}')
ValueError: Cannot register /loky-341925-sb4p23so for automatic cleanup: unknown resource type semlock
Traceback (most recent call last):
Traceback (most recent call last):
  File "/global/common/software/nersc/pe/conda-envs/26.1.0/python-3.13/nersc-python/lib/python3.13/multiprocessing/resource_tracker.py", line 371, in main
    raise ValueError(
        f'Cannot register {name} for automatic cleanup: '
        f'unknown resource type {rtype}')
ValueError: Cannot register /loky-341925-yjdqug0w for automatic cleanup: unknown resource type semlock
Traceback (most recent call last):
  File "/global/common/software/nersc/pe/conda-envs/26.1.0/python-3.13/nersc-python/lib/python3.13/multiprocessing/resource_tracker.py", line 371, in main
    raise ValueError(
        f'Cannot register {name} for automatic cleanup: '
        f'unknown resource type {rtype}')
ValueError: Cannot register /loky-341925-n8szp00_ for automatic cleanup: unknown resource type semlock
Traceback (most recent call last):
  File "/global/common/software/nersc/pe/conda-envs/26.1.0/python-3.13/nersc-python/lib/python3.13/multiprocessing/resource_tracker.py", line 371, in main
    raise ValueError(
        f'Cannot register {name} for automatic cleanup: '
        f'unknown resource type {rtype}')
ValueError: Cannot register /loky-341925-l0po1mu3 for automatic cleanup: unknown resource type semlock
Traceback (most recent call last):
  File "/global/common/software/nersc/pe/conda-envs/26.1.0/python-3.13/nersc-python/lib/python3.13/multiprocessing/resource_tracker.py", line 371, in main
    raise ValueError(
        f'Cannot register {name} for automatic cleanup: '
        f'unknown resource type {rtype}')
ValueError: Cannot register /loky-341925-4cap03og for automatic cleanup: unknown resource type semlock
Traceback (most recent call last):
  File "/global/common/software/nersc/pe/conda-envs/26.1.0/python-3.13/nersc-python/lib/python3.13/multiprocessing/resource_tracker.py", line 371, in main
    raise ValueError(
        f'Cannot register {name} for automatic cleanup: '
        f'unknown resource type {rtype}')
ValueError: Cannot register /dev/shm/joblib_memmapping_folder_341925_f202ddf901a14f8fabaf07e06fd6261e_f72fe9743ad34b09b7fd5b45056aa464 for automatic cleanup: unknown resource type folder
Traceback (most recent call last):
  File "/global/common/software/nersc/pe/conda-envs/26.1.0/python-3.13/nersc-python/lib/python3.13/multiprocessing/resource_tracker.py", line 371, in main
    raise ValueError(
        f'Cannot register {name} for automatic cleanup: '
        f'unknown resource type {rtype}')
ValueError: Cannot register /loky-341925-eh5q99po for automatic cleanup: unknown resource type semlock
Traceback (most recent call last):
  File "/global/common/software/nersc/pe/conda-envs/26.1.0/python-3.13/nersc-python/lib/python3.13/multiprocessing/resource_tracker.py", line 371, in main
    raise ValueError(
        f'Cannot register {name} for automatic cleanup: '
        f'unknown resource type {rtype}')
ValueError: Cannot register /loky-341925-8_1uhx0c for automatic cleanup: unknown resource type semlock
Traceback (most recent call last):
  File "/global/common/software/nersc/pe/conda-envs/26.1.0/python-3.13/nersc-python/lib/python3.13/multiprocessing/resource_tracker.py", line 371, in main
    raise ValueError(
        f'Cannot register {name} for automatic cleanup: '
        f'unknown resource type {rtype}')
ValueError: Cannot register /loky-341925-br2dqo4a for automatic cleanup: unknown resource type semlock
Traceback (most recent call last):
  File "/global/common/software/nersc/pe/conda-envs/26.1.0/python-3.13/nersc-python/lib/python3.13/multiprocessing/resource_tracker.py", line 371, in main
    raise ValueError(
        f'Cannot register {name} for automatic cleanup: '
        f'unknown resource type {rtype}')
ValueError: Cannot register /loky-341925-615f0rce for automatic cleanup: unknown resource type semlock
Traceback (most recent call last):
  File "/global/common/software/nersc/pe/conda-envs/26.1.0/python-3.13/nersc-python/lib/python3.13/multiprocessing/resource_tracker.py", line 371, in main
    raise ValueError(
        f'Cannot register {name} for automatic cleanup: '
        f'unknown resource type {rtype}')
ValueError: Cannot register /loky-341925-5mln8_gt for automatic cleanup: unknown resource type semlock
Traceback (most recent call last):
  File "/global/common/software/nersc/pe/conda-envs/26.1.0/python-3.13/nersc-python/lib/python3.13/multiprocessing/resource_tracker.py", line 371, in main
    raise ValueError(
        f'Cannot register {name} for automatic cleanup: '
        f'unknown resource type {rtype}')
ValueError: Cannot register /loky-341925-xr51scm9 for automatic cleanup: unknown resource type semlock
Traceback (most recent call last):
  File "/global/common/software/nersc/pe/conda-envs/26.1.0/python-3.13/nersc-python/lib/python3.13/multiprocessing/resource_tracker.py", line 371, in main
    raise ValueError(
        f'Cannot register {name} for automatic cleanup: '
        f'unknown resource type {rtype}')
ValueError: Cannot register /loky-341925-s4k04bel for automatic cleanup: unknown resource type semlock
Traceback (most recent call last):
  File "/global/common/software/nersc/pe/conda-envs/26.1.0/python-3.13/nersc-python/lib/python3.13/multiprocessing/resource_tracker.py", line 371, in main
    raise ValueError(
        f'Cannot register {name} for automatic cleanup: '
        f'unknown resource type {rtype}')
ValueError: Cannot register /loky-341925-s6i3t7ho for automatic cleanup: unknown resource type semlock
Traceback (most recent call last):
  File "/global/common/software/nersc/pe/conda-envs/26.1.0/python-3.13/nersc-python/lib/python3.13/multiprocessing/resource_tracker.py", line 371, in main
    raise ValueError(
        f'Cannot register {name} for automatic cleanup: '
        f'unknown resource type {rtype}')
ValueError: Cannot register /loky-341925-2oym1tte for automatic cleanup: unknown resource type semlock
Traceback (most recent call last):
  File "/global/common/software/nersc/pe/conda-envs/26.1.0/python-3.13/nersc-python/lib/python3.13/multiprocessing/resource_tracker.py", line 371, in main
    raise ValueError(
        f'Cannot register {name} for automatic cleanup: '
        f'unknown resource type {rtype}')
ValueError: Cannot register /loky-341925-fidel2jm for automatic cleanup: unknown resource type semlock
Traceback (most recent call last):
  File "/global/common/software/nersc/pe/conda-envs/26.1.0/python-3.13/nersc-python/lib/python3.13/multiprocessing/resource_tracker.py", line 371, in main
    raise ValueError(
        f'Cannot register {name} for automatic cleanup: '
        f'unknown resource type {rtype}')
ValueError: Cannot register /loky-341925-wx09vn84 for automatic cleanup: unknown resource type semlock
Traceback (most recent call last):
  File "/global/common/software/nersc/pe/conda-envs/26.1.0/python-3.13/nersc-python/lib/python3.13/multiprocessing/resource_tracker.py", line 371, in main
    raise ValueError(
        f'Cannot register {name} for automatic cleanup: '
        f'unknown resource type {rtype}')
ValueError: Cannot register /loky-341925-jdbzrs3o for automatic cleanup: unknown resource type semlock
Traceback (most recent call last):
  File "/global/common/software/nersc/pe/conda-envs/26.1.0/python-3.13/nersc-python/lib/python3.13/multiprocessing/resource_tracker.py", line 371, in main
    raise ValueError(
        f'Cannot register {name} for automatic cleanup: '
        f'unknown resource type {rtype}')
ValueError: Cannot register /loky-341925-a50mnfrf for automatic cleanup: unknown resource type semlock
Traceback (most recent call last):
  File "/global/common/software/nersc/pe/conda-envs/26.1.0/python-3.13/nersc-python/lib/python3.13/multiprocessing/resource_tracker.py", line 371, in main
    raise ValueError(
        f'Cannot register {name} for automatic cleanup: '
        f'unknown resource type {rtype}')
ValueError: Cannot register /loky-341925-pfcr01yi for automatic cleanup: unknown resource type semlock
Traceback (most recent call last):
  File "/global/common/software/nersc/pe/conda-envs/26.1.0/python-3.13/nersc-python/lib/python3.13/multiprocessing/resource_tracker.py", line 371, in main
    raise ValueError(
        f'Cannot register {name} for automatic cleanup: '
        f'unknown resource type {rtype}')
ValueError: Cannot register /loky-341925-gfk7p8os for automatic cleanup: unknown resource type semlock
Traceback (most recent call last):
  File "/global/common/software/nersc/pe/conda-envs/26.1.0/python-3.13/nersc-python/lib/python3.13/multiprocessing/resource_tracker.py", line 371, in main
  File "/global/common/software/nersc/pe/conda-envs/26.1.0/python-3.13/nersc-python/lib/python3.13/multiprocessing/resource_tracker.py", line 371, in main
    raise ValueError(
    raise ValueError(
        f'Cannot register {name} for automatic cleanup: '
        f'Cannot register {name} for automatic cleanup: '
        f'unknown resource type {rtype}')
        f'unknown resource type {rtype}')
ValueError: Cannot register /dev/shm/joblib_memmapping_folder_341943_a9991ca4eee944c4bf58aa9ae76f4b8c_87ddbb3d92d5441dbc33a98bd4033840 for automatic cleanup: unknown resource type folder
ValueError: Cannot register /loky-341925-x47yy37k for automatic cleanup: unknown resource type semlock
Traceback (most recent call last):
  File "/global/common/software/nersc/pe/conda-envs/26.1.0/python-3.13/nersc-python/lib/python3.13/multiprocessing/resource_tracker.py", line 371, in main
    raise ValueError(
        f'Cannot register {name} for automatic cleanup: '
        f'unknown resource type {rtype}')
ValueError: Cannot register /loky-341943-e70rx8fr for automatic cleanup: unknown resource type semlock
Traceback (most recent call last):
  File "/global/common/software/nersc/pe/conda-envs/26.1.0/python-3.13/nersc-python/lib/python3.13/multiprocessing/resource_tracker.py", line 371, in main
    raise ValueError(
        f'Cannot register {name} for automatic cleanup: '
        f'unknown resource type {rtype}')
ValueError: Cannot register /loky-341943-1lmk64gn for automatic cleanup: unknown resource type semlock
Traceback (most recent call last):
  File "/global/common/software/nersc/pe/conda-envs/26.1.0/python-3.13/nersc-python/lib/python3.13/multiprocessing/resource_tracker.py", line 371, in main
    raise ValueError(
        f'Cannot register {name} for automatic cleanup: '
        f'unknown resource type {rtype}')
ValueError: Cannot register /loky-341943-dndiwkwm for automatic cleanup: unknown resource type semlock
Traceback (most recent call last):
  File "/global/common/software/nersc/pe/conda-envs/26.1.0/python-3.13/nersc-python/lib/python3.13/multiprocessing/resource_tracker.py", line 371, in main
    raise ValueError(
        f'Cannot register {name} for automatic cleanup: '
        f'unknown resource type {rtype}')
ValueError: Cannot register /loky-341943-abrbhsi3 for automatic cleanup: unknown resource type semlock
Traceback (most recent call last):
  File "/global/common/software/nersc/pe/conda-envs/26.1.0/python-3.13/nersc-python/lib/python3.13/multiprocessing/resource_tracker.py", line 371, in main
    raise ValueError(
        f'Cannot register {name} for automatic cleanup: '
        f'unknown resource type {rtype}')
ValueError: Cannot register /loky-341943-d026a8f_ for automatic cleanup: unknown resource type semlock
Traceback (most recent call last):
  File "/global/common/software/nersc/pe/conda-envs/26.1.0/python-3.13/nersc-python/lib/python3.13/multiprocessing/resource_tracker.py", line 371, in main
    raise ValueError(
        f'Cannot register {name} for automatic cleanup: '
        f'unknown resource type {rtype}')
ValueError: Cannot register /loky-341943-5ynjnf7n for automatic cleanup: unknown resource type semlock
Traceback (most recent call last):
  File "/global/common/software/nersc/pe/conda-envs/26.1.0/python-3.13/nersc-python/lib/python3.13/multiprocessing/resource_tracker.py", line 371, in main
    raise ValueError(
        f'Cannot register {name} for automatic cleanup: '
        f'unknown resource type {rtype}')
ValueError: Cannot register /dev/shm/joblib_memmapping_folder_341943_a9991ca4eee944c4bf58aa9ae76f4b8c_5d41a043d5af4b379ed37cd6f3384905 for automatic cleanup: unknown resource type folder
Traceback (most recent call last):
  File "/global/common/software/nersc/pe/conda-envs/26.1.0/python-3.13/nersc-python/lib/python3.13/multiprocessing/resource_tracker.py", line 371, in main
    raise ValueError(
        f'Cannot register {name} for automatic cleanup: '
        f'unknown resource type {rtype}')
ValueError: Cannot register /loky-341943-udr1rsjl for automatic cleanup: unknown resource type semlock
Traceback (most recent call last):
  File "/global/common/software/nersc/pe/conda-envs/26.1.0/python-3.13/nersc-python/lib/python3.13/multiprocessing/resource_tracker.py", line 371, in main
    raise ValueError(
        f'Cannot register {name} for automatic cleanup: '
        f'unknown resource type {rtype}')
ValueError: Cannot register /loky-341943-ash5c3oj for automatic cleanup: unknown resource type semlock
Traceback (most recent call last):
  File "/global/common/software/nersc/pe/conda-envs/26.1.0/python-3.13/nersc-python/lib/python3.13/multiprocessing/resource_tracker.py", line 371, in main
    raise ValueError(
        f'Cannot register {name} for automatic cleanup: '
        f'unknown resource type {rtype}')
ValueError: Cannot register /loky-341943-rsts3lbo for automatic cleanup: unknown resource type semlock
Traceback (most recent call last):
  File "/global/common/software/nersc/pe/conda-envs/26.1.0/python-3.13/nersc-python/lib/python3.13/multiprocessing/resource_tracker.py", line 371, in main
    raise ValueError(
        f'Cannot register {name} for automatic cleanup: '
        f'unknown resource type {rtype}')
ValueError: Cannot register /loky-341943-t8ne_8e8 for automatic cleanup: unknown resource type semlock
Traceback (most recent call last):
  File "/global/common/software/nersc/pe/conda-envs/26.1.0/python-3.13/nersc-python/lib/python3.13/multiprocessing/resource_tracker.py", line 371, in main
    raise ValueError(
        f'Cannot register {name} for automatic cleanup: '
        f'unknown resource type {rtype}')
ValueError: Cannot register /loky-341943-5wdg_dh0 for automatic cleanup: unknown resource type semlock
Traceback (most recent call last):
  File "/global/common/software/nersc/pe/conda-envs/26.1.0/python-3.13/nersc-python/lib/python3.13/multiprocessing/resource_tracker.py", line 371, in main
    raise ValueError(
        f'Cannot register {name} for automatic cleanup: '
        f'unknown resource type {rtype}')
ValueError: Cannot register /loky-341943-abz3a1vi for automatic cleanup: unknown resource type semlock
Traceback (most recent call last):
  File "/global/common/software/nersc/pe/conda-envs/26.1.0/python-3.13/nersc-python/lib/python3.13/multiprocessing/resource_tracker.py", line 371, in main
    raise ValueError(
        f'Cannot register {name} for automatic cleanup: '
        f'unknown resource type {rtype}')
ValueError: Cannot register /loky-341943-1j4v62lv for automatic cleanup: unknown resource type semlock
Traceback (most recent call last):
  File "/global/common/software/nersc/pe/conda-envs/26.1.0/python-3.13/nersc-python/lib/python3.13/multiprocessing/resource_tracker.py", line 371, in main
    raise ValueError(
        f'Cannot register {name} for automatic cleanup: '
        f'unknown resource type {rtype}')
ValueError: Cannot register /loky-341943-o6w5g8cb for automatic cleanup: unknown resource type semlock
Traceback (most recent call last):
  File "/global/common/software/nersc/pe/conda-envs/26.1.0/python-3.13/nersc-python/lib/python3.13/multiprocessing/resource_tracker.py", line 371, in main
    raise ValueError(
        f'Cannot register {name} for automatic cleanup: '
        f'unknown resource type {rtype}')
ValueError: Cannot register /loky-341943-tbuils4z for automatic cleanup: unknown resource type semlock
Traceback (most recent call last):
  File "/global/common/software/nersc/pe/conda-envs/26.1.0/python-3.13/nersc-python/lib/python3.13/multiprocessing/resource_tracker.py", line 371, in main
    raise ValueError(
        f'Cannot register {name} for automatic cleanup: '
        f'unknown resource type {rtype}')
ValueError: Cannot register /loky-341943-zpmkg2au for automatic cleanup: unknown resource type semlock
Traceback (most recent call last):
  File "/global/common/software/nersc/pe/conda-envs/26.1.0/python-3.13/nersc-python/lib/python3.13/multiprocessing/resource_tracker.py", line 371, in main
    raise ValueError(
        f'Cannot register {name} for automatic cleanup: '
        f'unknown resource type {rtype}')
ValueError: Cannot register /loky-341943-lsipy1ma for automatic cleanup: unknown resource type semlock
Traceback (most recent call last):
  File "/global/common/software/nersc/pe/conda-envs/26.1.0/python-3.13/nersc-python/lib/python3.13/multiprocessing/resource_tracker.py", line 371, in main
    raise ValueError(
        f'Cannot register {name} for automatic cleanup: '
        f'unknown resource type {rtype}')
ValueError: Cannot register /loky-341943-7kedd_sj for automatic cleanup: unknown resource type semlock
Traceback (most recent call last):
  File "/global/common/software/nersc/pe/conda-envs/26.1.0/python-3.13/nersc-python/lib/python3.13/multiprocessing/resource_tracker.py", line 371, in main
    raise ValueError(
        f'Cannot register {name} for automatic cleanup: '
        f'unknown resource type {rtype}')
ValueError: Cannot register /loky-341943-wug_rp01 for automatic cleanup: unknown resource type semlock
Traceback (most recent call last):
  File "/global/common/software/nersc/pe/conda-envs/26.1.0/python-3.13/nersc-python/lib/python3.13/multiprocessing/resource_tracker.py", line 371, in main
    raise ValueError(
        f'Cannot register {name} for automatic cleanup: '
        f'unknown resource type {rtype}')
ValueError: Cannot register /loky-341943-7in272d4 for automatic cleanup: unknown resource type semlock
Traceback (most recent call last):
  File "/global/common/software/nersc/pe/conda-envs/26.1.0/python-3.13/nersc-python/lib/python3.13/multiprocessing/resource_tracker.py", line 371, in main
    raise ValueError(
        f'Cannot register {name} for automatic cleanup: '
        f'unknown resource type {rtype}')
ValueError: Cannot register /loky-341943-thsmjub6 for automatic cleanup: unknown resource type semlock
Traceback (most recent call last):
  File "/global/common/software/nersc/pe/conda-envs/26.1.0/python-3.13/nersc-python/lib/python3.13/multiprocessing/resource_tracker.py", line 371, in main
    raise ValueError(
        f'Cannot register {name} for automatic cleanup: '
        f'unknown resource type {rtype}')
ValueError: Cannot register /loky-341943-45jczmax for automatic cleanup: unknown resource type semlock
Traceback (most recent call last):
Traceback (most recent call last):
Traceback (most recent call last):
Traceback (most recent call last):
  File "/global/common/software/nersc/pe/conda-envs/26.1.0/python-3.13/nersc-python/lib/python3.13/multiprocessing/resource_tracker.py", line 371, in main
    raise ValueError(
        f'Cannot register {name} for automatic cleanup: '
        f'unknown resource type {rtype}')
ValueError: Cannot register /dev/shm/joblib_memmapping_folder_341931_dfa4bdd7a9694a2e9c0cdb22a86581bd_bce65024adae4ec18f7178d4e55f6c5e for automatic cleanup: unknown resource type folder
Traceback (most recent call last):
  File "/global/common/software/nersc/pe/conda-envs/26.1.0/python-3.13/nersc-python/lib/python3.13/multiprocessing/resource_tracker.py", line 371, in main
    raise ValueError(
        f'Cannot register {name} for automatic cleanup: '
        f'unknown resource type {rtype}')
ValueError: Cannot register /loky-341931-f_5janv4 for automatic cleanup: unknown resource type semlock
Traceback (most recent call last):
  File "/global/common/software/nersc/pe/conda-envs/26.1.0/python-3.13/nersc-python/lib/python3.13/multiprocessing/resource_tracker.py", line 371, in main
  File "/global/common/software/nersc/pe/conda-envs/26.1.0/python-3.13/nersc-python/lib/python3.13/multiprocessing/resource_tracker.py", line 371, in main
  File "/global/common/software/nersc/pe/conda-envs/26.1.0/python-3.13/nersc-python/lib/python3.13/multiprocessing/resource_tracker.py", line 371, in main
    raise ValueError(
    raise ValueError(
    raise ValueError(
        f'Cannot register {name} for automatic cleanup: '
        f'Cannot register {name} for automatic cleanup: '
        f'Cannot register {name} for automatic cleanup: '
        f'unknown resource type {rtype}')
        f'unknown resource type {rtype}')
        f'unknown resource type {rtype}')
ValueError: Cannot register /dev/shm/joblib_memmapping_folder_341928_152292c24df64c5e91bf8a8be28f28ec_6131b83244b049dd8f3030c65a41b4b9 for automatic cleanup: unknown resource type folder
ValueError: Cannot register /dev/shm/joblib_memmapping_folder_341937_21bd96e13c4c4d71a0c0051adb213e75_edf50f64781541b6a5c0e5c56c57a619 for automatic cleanup: unknown resource type folder
ValueError: Cannot register /loky-341931-w8so1j7a for automatic cleanup: unknown resource type semlock
Traceback (most recent call last):
Traceback (most recent call last):
Traceback (most recent call last):
  File "/global/common/software/nersc/pe/conda-envs/26.1.0/python-3.13/nersc-python/lib/python3.13/multiprocessing/resource_tracker.py", line 371, in main
  File "/global/common/software/nersc/pe/conda-envs/26.1.0/python-3.13/nersc-python/lib/python3.13/multiprocessing/resource_tracker.py", line 371, in main
  File "/global/common/software/nersc/pe/conda-envs/26.1.0/python-3.13/nersc-python/lib/python3.13/multiprocessing/resource_tracker.py", line 371, in main
    raise ValueError(
    raise ValueError(
    raise ValueError(
        f'Cannot register {name} for automatic cleanup: '
        f'Cannot register {name} for automatic cleanup: '
        f'Cannot register {name} for automatic cleanup: '
        f'unknown resource type {rtype}')
        f'unknown resource type {rtype}')
ValueError: Cannot register /loky-341937-p58gl7x2 for automatic cleanup: unknown resource type semlock
        f'unknown resource type {rtype}')
Traceback (most recent call last):
ValueError: Cannot register /loky-341931-7hcskbbh for automatic cleanup: unknown resource type semlock
ValueError: Cannot register /loky-341928-6su2h5si for automatic cleanup: unknown resource type semlock
  File "/global/common/software/nersc/pe/conda-envs/26.1.0/python-3.13/nersc-python/lib/python3.13/multiprocessing/resource_tracker.py", line 371, in main
    raise ValueError(
Traceback (most recent call last):
        f'Cannot register {name} for automatic cleanup: '
Traceback (most recent call last):
  File "/global/common/software/nersc/pe/conda-envs/26.1.0/python-3.13/nersc-python/lib/python3.13/multiprocessing/resource_tracker.py", line 371, in main
        f'unknown resource type {rtype}')
  File "/global/common/software/nersc/pe/conda-envs/26.1.0/python-3.13/nersc-python/lib/python3.13/multiprocessing/resource_tracker.py", line 371, in main
    raise ValueError(
ValueError: Cannot register /loky-341937-lhd2asvx for automatic cleanup: unknown resource type semlock
    raise ValueError(
        f'Cannot register {name} for automatic cleanup: '
Traceback (most recent call last):
        f'Cannot register {name} for automatic cleanup: '
        f'unknown resource type {rtype}')
  File "/global/common/software/nersc/pe/conda-envs/26.1.0/python-3.13/nersc-python/lib/python3.13/multiprocessing/resource_tracker.py", line 371, in main
    raise ValueError(
        f'unknown resource type {rtype}')
        f'Cannot register {name} for automatic cleanup: '
ValueError: Cannot register /loky-341931-52wdg8mc for automatic cleanup: unknown resource type semlock
        f'unknown resource type {rtype}')
ValueError: Cannot register /loky-341928-6nyljlqq for automatic cleanup: unknown resource type semlock
Traceback (most recent call last):
ValueError: Cannot register /loky-341937-e65o14ox for automatic cleanup: unknown resource type semlock
Traceback (most recent call last):
  File "/global/common/software/nersc/pe/conda-envs/26.1.0/python-3.13/nersc-python/lib/python3.13/multiprocessing/resource_tracker.py", line 371, in main
  File "/global/common/software/nersc/pe/conda-envs/26.1.0/python-3.13/nersc-python/lib/python3.13/multiprocessing/resource_tracker.py", line 371, in main
Traceback (most recent call last):
    raise ValueError(
    raise ValueError(
        f'Cannot register {name} for automatic cleanup: '
  File "/global/common/software/nersc/pe/conda-envs/26.1.0/python-3.13/nersc-python/lib/python3.13/multiprocessing/resource_tracker.py", line 371, in main
        f'Cannot register {name} for automatic cleanup: '
        f'unknown resource type {rtype}')
    raise ValueError(
        f'unknown resource type {rtype}')
ValueError: Cannot register /loky-341931-3ks5o2v2 for automatic cleanup: unknown resource type semlock
        f'Cannot register {name} for automatic cleanup: '
ValueError: Cannot register /loky-341928-7opedbir for automatic cleanup: unknown resource type semlock
Traceback (most recent call last):
        f'unknown resource type {rtype}')
  File "/global/common/software/nersc/pe/conda-envs/26.1.0/python-3.13/nersc-python/lib/python3.13/multiprocessing/resource_tracker.py", line 371, in main
Traceback (most recent call last):
ValueError: Cannot register /loky-341937-8y56o0nl for automatic cleanup: unknown resource type semlock
    raise ValueError(
  File "/global/common/software/nersc/pe/conda-envs/26.1.0/python-3.13/nersc-python/lib/python3.13/multiprocessing/resource_tracker.py", line 371, in main
Traceback (most recent call last):
        f'Cannot register {name} for automatic cleanup: '
    raise ValueError(
  File "/global/common/software/nersc/pe/conda-envs/26.1.0/python-3.13/nersc-python/lib/python3.13/multiprocessing/resource_tracker.py", line 371, in main
        f'unknown resource type {rtype}')
        f'Cannot register {name} for automatic cleanup: '
    raise ValueError(
ValueError: Cannot register /loky-341931-436re8ia for automatic cleanup: unknown resource type semlock
        f'unknown resource type {rtype}')
        f'Cannot register {name} for automatic cleanup: '
Traceback (most recent call last):
ValueError: Cannot register /loky-341928-cgggrot5 for automatic cleanup: unknown resource type semlock
        f'unknown resource type {rtype}')
  File "/global/common/software/nersc/pe/conda-envs/26.1.0/python-3.13/nersc-python/lib/python3.13/multiprocessing/resource_tracker.py", line 371, in main
Traceback (most recent call last):
ValueError: Cannot register /loky-341937-ee6w210z for automatic cleanup: unknown resource type semlock
    raise ValueError(
  File "/global/common/software/nersc/pe/conda-envs/26.1.0/python-3.13/nersc-python/lib/python3.13/multiprocessing/resource_tracker.py", line 371, in main
Traceback (most recent call last):
        f'Cannot register {name} for automatic cleanup: '
    raise ValueError(
  File "/global/common/software/nersc/pe/conda-envs/26.1.0/python-3.13/nersc-python/lib/python3.13/multiprocessing/resource_tracker.py", line 371, in main
        f'unknown resource type {rtype}')
        f'Cannot register {name} for automatic cleanup: '
    raise ValueError(
ValueError: Cannot register /dev/shm/joblib_memmapping_folder_341931_dfa4bdd7a9694a2e9c0cdb22a86581bd_b59205dea745424fa77b34045eec7b4f for automatic cleanup: unknown resource type folder
        f'unknown resource type {rtype}')
        f'Cannot register {name} for automatic cleanup: '
Traceback (most recent call last):
ValueError: Cannot register /loky-341928-95dorf_l for automatic cleanup: unknown resource type semlock
        f'unknown resource type {rtype}')
  File "/global/common/software/nersc/pe/conda-envs/26.1.0/python-3.13/nersc-python/lib/python3.13/multiprocessing/resource_tracker.py", line 371, in main
Traceback (most recent call last):
ValueError: Cannot register /loky-341937-tdvk5s2w for automatic cleanup: unknown resource type semlock
    raise ValueError(
  File "/global/common/software/nersc/pe/conda-envs/26.1.0/python-3.13/nersc-python/lib/python3.13/multiprocessing/resource_tracker.py", line 371, in main
Traceback (most recent call last):
        f'Cannot register {name} for automatic cleanup: '
    raise ValueError(
  File "/global/common/software/nersc/pe/conda-envs/26.1.0/python-3.13/nersc-python/lib/python3.13/multiprocessing/resource_tracker.py", line 371, in main
  File "/global/common/software/nersc/pe/conda-envs/26.1.0/python-3.13/nersc-python/lib/python3.13/multiprocessing/resource_tracker.py", line 371, in main
        f'unknown resource type {rtype}')
        f'Cannot register {name} for automatic cleanup: '
    raise ValueError(
    raise ValueError(
ValueError: Cannot register /loky-341931-xy0zt8ao for automatic cleanup: unknown resource type semlock
Traceback (most recent call last):
        f'Cannot register {name} for automatic cleanup: '
  File "/global/common/software/nersc/pe/conda-envs/26.1.0/python-3.13/nersc-python/lib/python3.13/multiprocessing/resource_tracker.py", line 371, in main
        f'unknown resource type {rtype}')
        f'unknown resource type {rtype}')
        f'Cannot register {name} for automatic cleanup: '
    raise ValueError(
ValueError: Cannot register /loky-341928-fmnfum18 for automatic cleanup: unknown resource type semlock
ValueError: Cannot register /dev/shm/joblib_memmapping_folder_341937_21bd96e13c4c4d71a0c0051adb213e75_6fba61603d8e4e8aa6ec565b37bc8ddf for automatic cleanup: unknown resource type folder
        f'unknown resource type {rtype}')
        f'Cannot register {name} for automatic cleanup: '
Traceback (most recent call last):
Traceback (most recent call last):
ValueError: Cannot register /dev/shm/joblib_memmapping_folder_341934_6d866b6989574d03b685eb29dc67638c_4a63bdfad6e94d2fb037bce827d96fbb for automatic cleanup: unknown resource type folder
        f'unknown resource type {rtype}')
  File "/global/common/software/nersc/pe/conda-envs/26.1.0/python-3.13/nersc-python/lib/python3.13/multiprocessing/resource_tracker.py", line 371, in main
  File "/global/common/software/nersc/pe/conda-envs/26.1.0/python-3.13/nersc-python/lib/python3.13/multiprocessing/resource_tracker.py", line 371, in main
Traceback (most recent call last):
ValueError: Cannot register /loky-341931-zgi97ipt for automatic cleanup: unknown resource type semlock
    raise ValueError(
  File "/global/common/software/nersc/pe/conda-envs/26.1.0/python-3.13/nersc-python/lib/python3.13/multiprocessing/resource_tracker.py", line 371, in main
    raise ValueError(
        f'Cannot register {name} for automatic cleanup: '
Traceback (most recent call last):
    raise ValueError(
        f'Cannot register {name} for automatic cleanup: '
        f'unknown resource type {rtype}')
  File "/global/common/software/nersc/pe/conda-envs/26.1.0/python-3.13/nersc-python/lib/python3.13/multiprocessing/resource_tracker.py", line 371, in main
        f'Cannot register {name} for automatic cleanup: '
        f'unknown resource type {rtype}')
ValueError: Cannot register /loky-341937-ye0hdza8 for automatic cleanup: unknown resource type semlock
    raise ValueError(
        f'unknown resource type {rtype}')
ValueError: Cannot register /dev/shm/joblib_memmapping_folder_341928_152292c24df64c5e91bf8a8be28f28ec_22945bf8f06f43298faa83805291423f for automatic cleanup: unknown resource type folder
Traceback (most recent call last):
        f'Cannot register {name} for automatic cleanup: '
ValueError: Cannot register /loky-341934-cysy5rcf for automatic cleanup: unknown resource type semlock
Traceback (most recent call last):
  File "/global/common/software/nersc/pe/conda-envs/26.1.0/python-3.13/nersc-python/lib/python3.13/multiprocessing/resource_tracker.py", line 371, in main
        f'unknown resource type {rtype}')
Traceback (most recent call last):
  File "/global/common/software/nersc/pe/conda-envs/26.1.0/python-3.13/nersc-python/lib/python3.13/multiprocessing/resource_tracker.py", line 371, in main
    raise ValueError(
ValueError: Cannot register /loky-341931-h_dj5fwb for automatic cleanup: unknown resource type semlock
  File "/global/common/software/nersc/pe/conda-envs/26.1.0/python-3.13/nersc-python/lib/python3.13/multiprocessing/resource_tracker.py", line 371, in main
    raise ValueError(
        f'Cannot register {name} for automatic cleanup: '
Traceback (most recent call last):
    raise ValueError(
        f'Cannot register {name} for automatic cleanup: '
        f'unknown resource type {rtype}')
  File "/global/common/software/nersc/pe/conda-envs/26.1.0/python-3.13/nersc-python/lib/python3.13/multiprocessing/resource_tracker.py", line 371, in main
        f'Cannot register {name} for automatic cleanup: '
        f'unknown resource type {rtype}')
ValueError: Cannot register /loky-341937-q8v_7ldp for automatic cleanup: unknown resource type semlock
    raise ValueError(
        f'unknown resource type {rtype}')
ValueError: Cannot register /loky-341928-8_0czrkm for automatic cleanup: unknown resource type semlock
Traceback (most recent call last):
        f'Cannot register {name} for automatic cleanup: '
ValueError: Cannot register /loky-341934-0r9iqfll for automatic cleanup: unknown resource type semlock
Traceback (most recent call last):
  File "/global/common/software/nersc/pe/conda-envs/26.1.0/python-3.13/nersc-python/lib/python3.13/multiprocessing/resource_tracker.py", line 371, in main
        f'unknown resource type {rtype}')
Traceback (most recent call last):
  File "/global/common/software/nersc/pe/conda-envs/26.1.0/python-3.13/nersc-python/lib/python3.13/multiprocessing/resource_tracker.py", line 371, in main
    raise ValueError(
ValueError: Cannot register /loky-341931-i2i5lvjv for automatic cleanup: unknown resource type semlock
  File "/global/common/software/nersc/pe/conda-envs/26.1.0/python-3.13/nersc-python/lib/python3.13/multiprocessing/resource_tracker.py", line 371, in main
    raise ValueError(
        f'Cannot register {name} for automatic cleanup: '
Traceback (most recent call last):
    raise ValueError(
        f'Cannot register {name} for automatic cleanup: '
        f'unknown resource type {rtype}')
  File "/global/common/software/nersc/pe/conda-envs/26.1.0/python-3.13/nersc-python/lib/python3.13/multiprocessing/resource_tracker.py", line 371, in main
        f'Cannot register {name} for automatic cleanup: '
        f'unknown resource type {rtype}')
ValueError: Cannot register /loky-341937-fcktsgfh for automatic cleanup: unknown resource type semlock
    raise ValueError(
        f'unknown resource type {rtype}')
ValueError: Cannot register /loky-341928-hew3j2nx for automatic cleanup: unknown resource type semlock
Traceback (most recent call last):
        f'Cannot register {name} for automatic cleanup: '
ValueError: Cannot register /loky-341934-yx2ca7yg for automatic cleanup: unknown resource type semlock
Traceback (most recent call last):
  File "/global/common/software/nersc/pe/conda-envs/26.1.0/python-3.13/nersc-python/lib/python3.13/multiprocessing/resource_tracker.py", line 371, in main
        f'unknown resource type {rtype}')
Traceback (most recent call last):
  File "/global/common/software/nersc/pe/conda-envs/26.1.0/python-3.13/nersc-python/lib/python3.13/multiprocessing/resource_tracker.py", line 371, in main
    raise ValueError(
ValueError: Cannot register /loky-341931-hbwu6gwn for automatic cleanup: unknown resource type semlock
  File "/global/common/software/nersc/pe/conda-envs/26.1.0/python-3.13/nersc-python/lib/python3.13/multiprocessing/resource_tracker.py", line 371, in main
    raise ValueError(
        f'Cannot register {name} for automatic cleanup: '
Traceback (most recent call last):
    raise ValueError(
        f'Cannot register {name} for automatic cleanup: '
        f'unknown resource type {rtype}')
  File "/global/common/software/nersc/pe/conda-envs/26.1.0/python-3.13/nersc-python/lib/python3.13/multiprocessing/resource_tracker.py", line 371, in main
        f'Cannot register {name} for automatic cleanup: '
        f'unknown resource type {rtype}')
ValueError: Cannot register /loky-341937-so71o001 for automatic cleanup: unknown resource type semlock
    raise ValueError(
        f'unknown resource type {rtype}')
ValueError: Cannot register /loky-341928-l6zrmvg0 for automatic cleanup: unknown resource type semlock
Traceback (most recent call last):
        f'Cannot register {name} for automatic cleanup: '
ValueError: Cannot register /loky-341934-ordr4z42 for automatic cleanup: unknown resource type semlock
Traceback (most recent call last):
  File "/global/common/software/nersc/pe/conda-envs/26.1.0/python-3.13/nersc-python/lib/python3.13/multiprocessing/resource_tracker.py", line 371, in main
        f'unknown resource type {rtype}')
Traceback (most recent call last):
  File "/global/common/software/nersc/pe/conda-envs/26.1.0/python-3.13/nersc-python/lib/python3.13/multiprocessing/resource_tracker.py", line 371, in main
    raise ValueError(
ValueError: Cannot register /loky-341931-1asyef2d for automatic cleanup: unknown resource type semlock
  File "/global/common/software/nersc/pe/conda-envs/26.1.0/python-3.13/nersc-python/lib/python3.13/multiprocessing/resource_tracker.py", line 371, in main
    raise ValueError(
        f'Cannot register {name} for automatic cleanup: '
Traceback (most recent call last):
    raise ValueError(
        f'Cannot register {name} for automatic cleanup: '
        f'unknown resource type {rtype}')
  File "/global/common/software/nersc/pe/conda-envs/26.1.0/python-3.13/nersc-python/lib/python3.13/multiprocessing/resource_tracker.py", line 371, in main
        f'Cannot register {name} for automatic cleanup: '
        f'unknown resource type {rtype}')
ValueError: Cannot register /loky-341937-l5sdhpcy for automatic cleanup: unknown resource type semlock
    raise ValueError(
        f'unknown resource type {rtype}')
ValueError: Cannot register /loky-341928-c29e8vtd for automatic cleanup: unknown resource type semlock
Traceback (most recent call last):
        f'Cannot register {name} for automatic cleanup: '
ValueError: Cannot register /loky-341934-5f2vm8g4 for automatic cleanup: unknown resource type semlock
Traceback (most recent call last):
  File "/global/common/software/nersc/pe/conda-envs/26.1.0/python-3.13/nersc-python/lib/python3.13/multiprocessing/resource_tracker.py", line 371, in main
        f'unknown resource type {rtype}')
Traceback (most recent call last):
  File "/global/common/software/nersc/pe/conda-envs/26.1.0/python-3.13/nersc-python/lib/python3.13/multiprocessing/resource_tracker.py", line 371, in main
    raise ValueError(
ValueError: Cannot register /loky-341931-s5i8ui_1 for automatic cleanup: unknown resource type semlock
  File "/global/common/software/nersc/pe/conda-envs/26.1.0/python-3.13/nersc-python/lib/python3.13/multiprocessing/resource_tracker.py", line 371, in main
        f'Cannot register {name} for automatic cleanup: '
Traceback (most recent call last):
    raise ValueError(
    raise ValueError(
        f'unknown resource type {rtype}')
  File "/global/common/software/nersc/pe/conda-envs/26.1.0/python-3.13/nersc-python/lib/python3.13/multiprocessing/resource_tracker.py", line 371, in main
        f'Cannot register {name} for automatic cleanup: '
        f'Cannot register {name} for automatic cleanup: '
ValueError: Cannot register /loky-341937-qr35akrn for automatic cleanup: unknown resource type semlock
    raise ValueError(
        f'unknown resource type {rtype}')
        f'unknown resource type {rtype}')
Traceback (most recent call last):
        f'Cannot register {name} for automatic cleanup: '
ValueError: Cannot register /loky-341928-xj450001 for automatic cleanup: unknown resource type semlock
ValueError: Cannot register /loky-341934-0ns48lx1 for automatic cleanup: unknown resource type semlock
  File "/global/common/software/nersc/pe/conda-envs/26.1.0/python-3.13/nersc-python/lib/python3.13/multiprocessing/resource_tracker.py", line 371, in main
        f'unknown resource type {rtype}')
Traceback (most recent call last):
Traceback (most recent call last):
    raise ValueError(
ValueError: Cannot register /loky-341931-j438bw7t for automatic cleanup: unknown resource type semlock
  File "/global/common/software/nersc/pe/conda-envs/26.1.0/python-3.13/nersc-python/lib/python3.13/multiprocessing/resource_tracker.py", line 371, in main
  File "/global/common/software/nersc/pe/conda-envs/26.1.0/python-3.13/nersc-python/lib/python3.13/multiprocessing/resource_tracker.py", line 371, in main
        f'Cannot register {name} for automatic cleanup: '
Traceback (most recent call last):
    raise ValueError(
    raise ValueError(
        f'unknown resource type {rtype}')
  File "/global/common/software/nersc/pe/conda-envs/26.1.0/python-3.13/nersc-python/lib/python3.13/multiprocessing/resource_tracker.py", line 371, in main
        f'Cannot register {name} for automatic cleanup: '
        f'Cannot register {name} for automatic cleanup: '
ValueError: Cannot register /loky-341937-a0app64m for automatic cleanup: unknown resource type semlock
    raise ValueError(
        f'unknown resource type {rtype}')
        f'unknown resource type {rtype}')
Traceback (most recent call last):
        f'Cannot register {name} for automatic cleanup: '
ValueError: Cannot register /loky-341928-84f5l_yb for automatic cleanup: unknown resource type semlock
ValueError: Cannot register /dev/shm/joblib_memmapping_folder_341934_6d866b6989574d03b685eb29dc67638c_d32b1fa7ea9d42228104d141d2d3e2e2 for automatic cleanup: unknown resource type folder
  File "/global/common/software/nersc/pe/conda-envs/26.1.0/python-3.13/nersc-python/lib/python3.13/multiprocessing/resource_tracker.py", line 371, in main
        f'unknown resource type {rtype}')
Traceback (most recent call last):
Traceback (most recent call last):
    raise ValueError(
ValueError: Cannot register /loky-341931-jwp3q_ru for automatic cleanup: unknown resource type semlock
  File "/global/common/software/nersc/pe/conda-envs/26.1.0/python-3.13/nersc-python/lib/python3.13/multiprocessing/resource_tracker.py", line 371, in main
  File "/global/common/software/nersc/pe/conda-envs/26.1.0/python-3.13/nersc-python/lib/python3.13/multiprocessing/resource_tracker.py", line 371, in main
        f'Cannot register {name} for automatic cleanup: '
Traceback (most recent call last):
    raise ValueError(
    raise ValueError(
        f'unknown resource type {rtype}')
  File "/global/common/software/nersc/pe/conda-envs/26.1.0/python-3.13/nersc-python/lib/python3.13/multiprocessing/resource_tracker.py", line 371, in main
        f'Cannot register {name} for automatic cleanup: '
        f'Cannot register {name} for automatic cleanup: '
ValueError: Cannot register /loky-341937-6yov8p9k for automatic cleanup: unknown resource type semlock
    raise ValueError(
Traceback (most recent call last):
        f'unknown resource type {rtype}')
        f'unknown resource type {rtype}')
        f'Cannot register {name} for automatic cleanup: '
  File "/global/common/software/nersc/pe/conda-envs/26.1.0/python-3.13/nersc-python/lib/python3.13/multiprocessing/resource_tracker.py", line 371, in main
ValueError: Cannot register /loky-341934-yfenjeel for automatic cleanup: unknown resource type semlock
ValueError: Cannot register /loky-341928-a4j0eco5 for automatic cleanup: unknown resource type semlock
        f'unknown resource type {rtype}')
    raise ValueError(
Traceback (most recent call last):
Traceback (most recent call last):
ValueError: Cannot register /loky-341931-pue_pyg9 for automatic cleanup: unknown resource type semlock
        f'Cannot register {name} for automatic cleanup: '
  File "/global/common/software/nersc/pe/conda-envs/26.1.0/python-3.13/nersc-python/lib/python3.13/multiprocessing/resource_tracker.py", line 371, in main
  File "/global/common/software/nersc/pe/conda-envs/26.1.0/python-3.13/nersc-python/lib/python3.13/multiprocessing/resource_tracker.py", line 371, in main
Traceback (most recent call last):
        f'unknown resource type {rtype}')
    raise ValueError(
    raise ValueError(
  File "/global/common/software/nersc/pe/conda-envs/26.1.0/python-3.13/nersc-python/lib/python3.13/multiprocessing/resource_tracker.py", line 371, in main
ValueError: Cannot register /loky-341937-vn7aqsfv for automatic cleanup: unknown resource type semlock
        f'Cannot register {name} for automatic cleanup: '
        f'Cannot register {name} for automatic cleanup: '
    raise ValueError(
Traceback (most recent call last):
        f'unknown resource type {rtype}')
        f'unknown resource type {rtype}')
        f'Cannot register {name} for automatic cleanup: '
        f'unknown resource type {rtype}')
ValueError: Cannot register /loky-341934-de397uh9 for automatic cleanup: unknown resource type semlock
ValueError: Cannot register /loky-341931-j4cvl4q2 for automatic cleanup: unknown resource type semlock
ValueError: Cannot register /loky-341928-pirkx_36 for automatic cleanup: unknown resource type semlock
Traceback (most recent call last):
  File "/global/common/software/nersc/pe/conda-envs/26.1.0/python-3.13/nersc-python/lib/python3.13/multiprocessing/resource_tracker.py", line 371, in main
Traceback (most recent call last):
Traceback (most recent call last):
  File "/global/common/software/nersc/pe/conda-envs/26.1.0/python-3.13/nersc-python/lib/python3.13/multiprocessing/resource_tracker.py", line 371, in main
    raise ValueError(
  File "/global/common/software/nersc/pe/conda-envs/26.1.0/python-3.13/nersc-python/lib/python3.13/multiprocessing/resource_tracker.py", line 371, in main
  File "/global/common/software/nersc/pe/conda-envs/26.1.0/python-3.13/nersc-python/lib/python3.13/multiprocessing/resource_tracker.py", line 371, in main
    raise ValueError(
        f'Cannot register {name} for automatic cleanup: '
    raise ValueError(
    raise ValueError(
        f'Cannot register {name} for automatic cleanup: '
        f'unknown resource type {rtype}')
        f'Cannot register {name} for automatic cleanup: '
        f'Cannot register {name} for automatic cleanup: '
        f'unknown resource type {rtype}')
ValueError: Cannot register /loky-341937-k0rym05c for automatic cleanup: unknown resource type semlock
        f'unknown resource type {rtype}')
        f'unknown resource type {rtype}')
ValueError: Cannot register /loky-341934-cqn2wt1r for automatic cleanup: unknown resource type semlock
Traceback (most recent call last):
ValueError: Cannot register /loky-341931-19r2ivkl for automatic cleanup: unknown resource type semlock
ValueError: Cannot register /loky-341928-90vipf66 for automatic cleanup: unknown resource type semlock
Traceback (most recent call last):
  File "/global/common/software/nersc/pe/conda-envs/26.1.0/python-3.13/nersc-python/lib/python3.13/multiprocessing/resource_tracker.py", line 371, in main
Traceback (most recent call last):
Traceback (most recent call last):
  File "/global/common/software/nersc/pe/conda-envs/26.1.0/python-3.13/nersc-python/lib/python3.13/multiprocessing/resource_tracker.py", line 371, in main
    raise ValueError(
  File "/global/common/software/nersc/pe/conda-envs/26.1.0/python-3.13/nersc-python/lib/python3.13/multiprocessing/resource_tracker.py", line 371, in main
  File "/global/common/software/nersc/pe/conda-envs/26.1.0/python-3.13/nersc-python/lib/python3.13/multiprocessing/resource_tracker.py", line 371, in main
    raise ValueError(
        f'Cannot register {name} for automatic cleanup: '
    raise ValueError(
    raise ValueError(
        f'Cannot register {name} for automatic cleanup: '
        f'unknown resource type {rtype}')
        f'Cannot register {name} for automatic cleanup: '
        f'Cannot register {name} for automatic cleanup: '
        f'unknown resource type {rtype}')
ValueError: Cannot register /loky-341937-29ksjr0b for automatic cleanup: unknown resource type semlock
        f'unknown resource type {rtype}')
        f'unknown resource type {rtype}')
ValueError: Cannot register /loky-341934-dr05bzfu for automatic cleanup: unknown resource type semlock
Traceback (most recent call last):
ValueError: Cannot register /loky-341931-gg_8necz for automatic cleanup: unknown resource type semlock
ValueError: Cannot register /loky-341928-kl8dal50 for automatic cleanup: unknown resource type semlock
Traceback (most recent call last):
  File "/global/common/software/nersc/pe/conda-envs/26.1.0/python-3.13/nersc-python/lib/python3.13/multiprocessing/resource_tracker.py", line 371, in main
Traceback (most recent call last):
Traceback (most recent call last):
  File "/global/common/software/nersc/pe/conda-envs/26.1.0/python-3.13/nersc-python/lib/python3.13/multiprocessing/resource_tracker.py", line 371, in main
    raise ValueError(
  File "/global/common/software/nersc/pe/conda-envs/26.1.0/python-3.13/nersc-python/lib/python3.13/multiprocessing/resource_tracker.py", line 371, in main
  File "/global/common/software/nersc/pe/conda-envs/26.1.0/python-3.13/nersc-python/lib/python3.13/multiprocessing/resource_tracker.py", line 371, in main
    raise ValueError(
        f'Cannot register {name} for automatic cleanup: '
    raise ValueError(
    raise ValueError(
        f'Cannot register {name} for automatic cleanup: '
        f'unknown resource type {rtype}')
        f'Cannot register {name} for automatic cleanup: '
        f'Cannot register {name} for automatic cleanup: '
        f'unknown resource type {rtype}')
ValueError: Cannot register /loky-341937-fio3upf2 for automatic cleanup: unknown resource type semlock
        f'unknown resource type {rtype}')
        f'unknown resource type {rtype}')
ValueError: Cannot register /loky-341934-s0875nn9 for automatic cleanup: unknown resource type semlock
Traceback (most recent call last):
ValueError: Cannot register /loky-341931-cp8twex6 for automatic cleanup: unknown resource type semlock
ValueError: Cannot register /loky-341928-ql4g7j9c for automatic cleanup: unknown resource type semlock
Traceback (most recent call last):
  File "/global/common/software/nersc/pe/conda-envs/26.1.0/python-3.13/nersc-python/lib/python3.13/multiprocessing/resource_tracker.py", line 371, in main
Traceback (most recent call last):
Traceback (most recent call last):
  File "/global/common/software/nersc/pe/conda-envs/26.1.0/python-3.13/nersc-python/lib/python3.13/multiprocessing/resource_tracker.py", line 371, in main
    raise ValueError(
  File "/global/common/software/nersc/pe/conda-envs/26.1.0/python-3.13/nersc-python/lib/python3.13/multiprocessing/resource_tracker.py", line 371, in main
  File "/global/common/software/nersc/pe/conda-envs/26.1.0/python-3.13/nersc-python/lib/python3.13/multiprocessing/resource_tracker.py", line 371, in main
    raise ValueError(
        f'Cannot register {name} for automatic cleanup: '
    raise ValueError(
    raise ValueError(
        f'Cannot register {name} for automatic cleanup: '
        f'unknown resource type {rtype}')
        f'Cannot register {name} for automatic cleanup: '
        f'Cannot register {name} for automatic cleanup: '
        f'unknown resource type {rtype}')
ValueError: Cannot register /loky-341937-i_3eeg6u for automatic cleanup: unknown resource type semlock
        f'unknown resource type {rtype}')
        f'unknown resource type {rtype}')
ValueError: Cannot register /loky-341934-wtg9nbzd for automatic cleanup: unknown resource type semlock
Traceback (most recent call last):
ValueError: Cannot register /loky-341931-aql9s0ex for automatic cleanup: unknown resource type semlock
ValueError: Cannot register /loky-341928-xiglgzw6 for automatic cleanup: unknown resource type semlock
Traceback (most recent call last):
  File "/global/common/software/nersc/pe/conda-envs/26.1.0/python-3.13/nersc-python/lib/python3.13/multiprocessing/resource_tracker.py", line 371, in main
Traceback (most recent call last):
Traceback (most recent call last):
  File "/global/common/software/nersc/pe/conda-envs/26.1.0/python-3.13/nersc-python/lib/python3.13/multiprocessing/resource_tracker.py", line 371, in main
    raise ValueError(
  File "/global/common/software/nersc/pe/conda-envs/26.1.0/python-3.13/nersc-python/lib/python3.13/multiprocessing/resource_tracker.py", line 371, in main
  File "/global/common/software/nersc/pe/conda-envs/26.1.0/python-3.13/nersc-python/lib/python3.13/multiprocessing/resource_tracker.py", line 371, in main
    raise ValueError(
        f'Cannot register {name} for automatic cleanup: '
    raise ValueError(
    raise ValueError(
        f'Cannot register {name} for automatic cleanup: '
        f'unknown resource type {rtype}')
        f'Cannot register {name} for automatic cleanup: '
        f'Cannot register {name} for automatic cleanup: '
        f'unknown resource type {rtype}')
ValueError: Cannot register /loky-341937-83s2is70 for automatic cleanup: unknown resource type semlock
        f'unknown resource type {rtype}')
        f'unknown resource type {rtype}')
ValueError: Cannot register /loky-341934-th0hys7a for automatic cleanup: unknown resource type semlock
Traceback (most recent call last):
ValueError: Cannot register /loky-341928-1hmfodvd for automatic cleanup: unknown resource type semlock
ValueError: Cannot register /loky-341931-1p8w2570 for automatic cleanup: unknown resource type semlock
Traceback (most recent call last):
  File "/global/common/software/nersc/pe/conda-envs/26.1.0/python-3.13/nersc-python/lib/python3.13/multiprocessing/resource_tracker.py", line 371, in main
Traceback (most recent call last):
  File "/global/common/software/nersc/pe/conda-envs/26.1.0/python-3.13/nersc-python/lib/python3.13/multiprocessing/resource_tracker.py", line 371, in main
    raise ValueError(
  File "/global/common/software/nersc/pe/conda-envs/26.1.0/python-3.13/nersc-python/lib/python3.13/multiprocessing/resource_tracker.py", line 371, in main
    raise ValueError(
        f'Cannot register {name} for automatic cleanup: '
    raise ValueError(
        f'Cannot register {name} for automatic cleanup: '
        f'unknown resource type {rtype}')
        f'Cannot register {name} for automatic cleanup: '
        f'unknown resource type {rtype}')
ValueError: Cannot register /loky-341937-55i7w8p_ for automatic cleanup: unknown resource type semlock
        f'unknown resource type {rtype}')
ValueError: Cannot register /loky-341934-79f_38q5 for automatic cleanup: unknown resource type semlock
Traceback (most recent call last):
Traceback (most recent call last):
  File "/global/common/software/nersc/pe/conda-envs/26.1.0/python-3.13/nersc-python/lib/python3.13/multiprocessing/resource_tracker.py", line 371, in main
ValueError: Cannot register /loky-341928-jet9057j for automatic cleanup: unknown resource type semlock
  File "/global/common/software/nersc/pe/conda-envs/26.1.0/python-3.13/nersc-python/lib/python3.13/multiprocessing/resource_tracker.py", line 371, in main
    raise ValueError(
Traceback (most recent call last):
    raise ValueError(
        f'Cannot register {name} for automatic cleanup: '
  File "/global/common/software/nersc/pe/conda-envs/26.1.0/python-3.13/nersc-python/lib/python3.13/multiprocessing/resource_tracker.py", line 371, in main
        f'Cannot register {name} for automatic cleanup: '
        f'unknown resource type {rtype}')
        f'unknown resource type {rtype}')
ValueError: Cannot register /loky-341937-z22rj15z for automatic cleanup: unknown resource type semlock
    raise ValueError(
        f'Cannot register {name} for automatic cleanup: '
        f'unknown resource type {rtype}')
ValueError: Cannot register /loky-341934-921rmaf0 for automatic cleanup: unknown resource type semlock
ValueError: Cannot register /loky-341928-rtpvsp0y for automatic cleanup: unknown resource type semlock
Traceback (most recent call last):
Traceback (most recent call last):
  File "/global/common/software/nersc/pe/conda-envs/26.1.0/python-3.13/nersc-python/lib/python3.13/multiprocessing/resource_tracker.py", line 371, in main
  File "/global/common/software/nersc/pe/conda-envs/26.1.0/python-3.13/nersc-python/lib/python3.13/multiprocessing/resource_tracker.py", line 371, in main
    raise ValueError(
    raise ValueError(
        f'Cannot register {name} for automatic cleanup: '
        f'unknown resource type {rtype}')
        f'Cannot register {name} for automatic cleanup: '
ValueError: Cannot register /loky-341934-ugkj5btb for automatic cleanup: unknown resource type semlock
        f'unknown resource type {rtype}')
Traceback (most recent call last):
ValueError: Cannot register /loky-341928-_19_6tl1 for automatic cleanup: unknown resource type semlock
  File "/global/common/software/nersc/pe/conda-envs/26.1.0/python-3.13/nersc-python/lib/python3.13/multiprocessing/resource_tracker.py", line 371, in main
    raise ValueError(
        f'Cannot register {name} for automatic cleanup: '
        f'unknown resource type {rtype}')
ValueError: Cannot register /loky-341934-qv4yx9ue for automatic cleanup: unknown resource type semlock
Traceback (most recent call last):
  File "/global/common/software/nersc/pe/conda-envs/26.1.0/python-3.13/nersc-python/lib/python3.13/multiprocessing/resource_tracker.py", line 371, in main
    raise ValueError(
        f'Cannot register {name} for automatic cleanup: '
        f'unknown resource type {rtype}')
ValueError: Cannot register /loky-341934-5wlplawd for automatic cleanup: unknown resource type semlock
Traceback (most recent call last):
  File "/global/common/software/nersc/pe/conda-envs/26.1.0/python-3.13/nersc-python/lib/python3.13/multiprocessing/resource_tracker.py", line 371, in main
    raise ValueError(
        f'Cannot register {name} for automatic cleanup: '
        f'unknown resource type {rtype}')
ValueError: Cannot register /loky-341934-tltix66_ for automatic cleanup: unknown resource type semlock
Traceback (most recent call last):
  File "/global/common/software/nersc/pe/conda-envs/26.1.0/python-3.13/nersc-python/lib/python3.13/multiprocessing/resource_tracker.py", line 371, in main
    raise ValueError(
        f'Cannot register {name} for automatic cleanup: '
        f'unknown resource type {rtype}')
ValueError: Cannot register /loky-341934-r6soeu5z for automatic cleanup: unknown resource type semlock
Traceback (most recent call last):
  File "/global/common/software/nersc/pe/conda-envs/26.1.0/python-3.13/nersc-python/lib/python3.13/multiprocessing/resource_tracker.py", line 371, in main
    raise ValueError(
        f'Cannot register {name} for automatic cleanup: '
        f'unknown resource type {rtype}')
ValueError: Cannot register /loky-341934-8e5bbimh for automatic cleanup: unknown resource type semlock
Traceback (most recent call last):
  File "/global/common/software/nersc/pe/conda-envs/26.1.0/python-3.13/nersc-python/lib/python3.13/multiprocessing/resource_tracker.py", line 371, in main
    raise ValueError(
        f'Cannot register {name} for automatic cleanup: '
        f'unknown resource type {rtype}')
ValueError: Cannot register /loky-341934-nmirc0rp for automatic cleanup: unknown resource type semlock
Traceback (most recent call last):
  File "/global/common/software/nersc/pe/conda-envs/26.1.0/python-3.13/nersc-python/lib/python3.13/multiprocessing/resource_tracker.py", line 371, in main
    raise ValueError(
        f'Cannot register {name} for automatic cleanup: '
        f'unknown resource type {rtype}')
ValueError: Cannot register /dev/shm/joblib_memmapping_folder_341941_69ee4aa30ea940c0b17870285ac7307e_cf21f0c0f7bc44d7bee156749de350cf for automatic cleanup: unknown resource type folder
Traceback (most recent call last):
  File "/global/common/software/nersc/pe/conda-envs/26.1.0/python-3.13/nersc-python/lib/python3.13/multiprocessing/resource_tracker.py", line 371, in main
    raise ValueError(
        f'Cannot register {name} for automatic cleanup: '
        f'unknown resource type {rtype}')
ValueError: Cannot register /loky-341941-e0sa40q5 for automatic cleanup: unknown resource type semlock
Traceback (most recent call last):
  File "/global/common/software/nersc/pe/conda-envs/26.1.0/python-3.13/nersc-python/lib/python3.13/multiprocessing/resource_tracker.py", line 371, in main
    raise ValueError(
        f'Cannot register {name} for automatic cleanup: '
        f'unknown resource type {rtype}')
ValueError: Cannot register /loky-341941-9y4g2xp1 for automatic cleanup: unknown resource type semlock
Traceback (most recent call last):
  File "/global/common/software/nersc/pe/conda-envs/26.1.0/python-3.13/nersc-python/lib/python3.13/multiprocessing/resource_tracker.py", line 371, in main
    raise ValueError(
        f'Cannot register {name} for automatic cleanup: '
        f'unknown resource type {rtype}')
ValueError: Cannot register /loky-341941-xv_tvwpa for automatic cleanup: unknown resource type semlock
Traceback (most recent call last):
  File "/global/common/software/nersc/pe/conda-envs/26.1.0/python-3.13/nersc-python/lib/python3.13/multiprocessing/resource_tracker.py", line 371, in main
    raise ValueError(
        f'Cannot register {name} for automatic cleanup: '
        f'unknown resource type {rtype}')
ValueError: Cannot register /loky-341941-fh748tgf for automatic cleanup: unknown resource type semlock
Traceback (most recent call last):
  File "/global/common/software/nersc/pe/conda-envs/26.1.0/python-3.13/nersc-python/lib/python3.13/multiprocessing/resource_tracker.py", line 371, in main
    raise ValueError(
        f'Cannot register {name} for automatic cleanup: '
        f'unknown resource type {rtype}')
ValueError: Cannot register /loky-341941-p0o_eybn for automatic cleanup: unknown resource type semlock
Traceback (most recent call last):
  File "/global/common/software/nersc/pe/conda-envs/26.1.0/python-3.13/nersc-python/lib/python3.13/multiprocessing/resource_tracker.py", line 371, in main
    raise ValueError(
        f'Cannot register {name} for automatic cleanup: '
        f'unknown resource type {rtype}')
ValueError: Cannot register /loky-341941-7quity1c for automatic cleanup: unknown resource type semlock
Traceback (most recent call last):
  File "/global/common/software/nersc/pe/conda-envs/26.1.0/python-3.13/nersc-python/lib/python3.13/multiprocessing/resource_tracker.py", line 371, in main
    raise ValueError(
        f'Cannot register {name} for automatic cleanup: '
        f'unknown resource type {rtype}')
ValueError: Cannot register /dev/shm/joblib_memmapping_folder_341941_69ee4aa30ea940c0b17870285ac7307e_d112a99659e94be28fe948e4a979a6a5 for automatic cleanup: unknown resource type folder
Traceback (most recent call last):
  File "/global/common/software/nersc/pe/conda-envs/26.1.0/python-3.13/nersc-python/lib/python3.13/multiprocessing/resource_tracker.py", line 371, in main
    raise ValueError(
        f'Cannot register {name} for automatic cleanup: '
        f'unknown resource type {rtype}')
ValueError: Cannot register /loky-341941-q6q7paqk for automatic cleanup: unknown resource type semlock
Traceback (most recent call last):
  File "/global/common/software/nersc/pe/conda-envs/26.1.0/python-3.13/nersc-python/lib/python3.13/multiprocessing/resource_tracker.py", line 371, in main
    raise ValueError(
        f'Cannot register {name} for automatic cleanup: '
        f'unknown resource type {rtype}')
ValueError: Cannot register /loky-341941-rwjpfc0m for automatic cleanup: unknown resource type semlock
Traceback (most recent call last):
  File "/global/common/software/nersc/pe/conda-envs/26.1.0/python-3.13/nersc-python/lib/python3.13/multiprocessing/resource_tracker.py", line 371, in main
    raise ValueError(
        f'Cannot register {name} for automatic cleanup: '
        f'unknown resource type {rtype}')
ValueError: Cannot register /loky-341941-zry4ngho for automatic cleanup: unknown resource type semlock
Traceback (most recent call last):
  File "/global/common/software/nersc/pe/conda-envs/26.1.0/python-3.13/nersc-python/lib/python3.13/multiprocessing/resource_tracker.py", line 371, in main
    raise ValueError(
        f'Cannot register {name} for automatic cleanup: '
        f'unknown resource type {rtype}')
ValueError: Cannot register /loky-341941-rv0osl69 for automatic cleanup: unknown resource type semlock
Traceback (most recent call last):
  File "/global/common/software/nersc/pe/conda-envs/26.1.0/python-3.13/nersc-python/lib/python3.13/multiprocessing/resource_tracker.py", line 371, in main
    raise ValueError(
        f'Cannot register {name} for automatic cleanup: '
        f'unknown resource type {rtype}')
ValueError: Cannot register /loky-341941-m4795zr6 for automatic cleanup: unknown resource type semlock
Traceback (most recent call last):
  File "/global/common/software/nersc/pe/conda-envs/26.1.0/python-3.13/nersc-python/lib/python3.13/multiprocessing/resource_tracker.py", line 371, in main
    raise ValueError(
        f'Cannot register {name} for automatic cleanup: '
        f'unknown resource type {rtype}')
ValueError: Cannot register /loky-341941-snditnjh for automatic cleanup: unknown resource type semlock
Traceback (most recent call last):
  File "/global/common/software/nersc/pe/conda-envs/26.1.0/python-3.13/nersc-python/lib/python3.13/multiprocessing/resource_tracker.py", line 371, in main
    raise ValueError(
        f'Cannot register {name} for automatic cleanup: '
        f'unknown resource type {rtype}')
ValueError: Cannot register /loky-341941-3peigaok for automatic cleanup: unknown resource type semlock
Traceback (most recent call last):
  File "/global/common/software/nersc/pe/conda-envs/26.1.0/python-3.13/nersc-python/lib/python3.13/multiprocessing/resource_tracker.py", line 371, in main
    raise ValueError(
        f'Cannot register {name} for automatic cleanup: '
        f'unknown resource type {rtype}')
ValueError: Cannot register /loky-341941-slw5jixo for automatic cleanup: unknown resource type semlock
Traceback (most recent call last):
  File "/global/common/software/nersc/pe/conda-envs/26.1.0/python-3.13/nersc-python/lib/python3.13/multiprocessing/resource_tracker.py", line 371, in main
    raise ValueError(
        f'Cannot register {name} for automatic cleanup: '
        f'unknown resource type {rtype}')
ValueError: Cannot register /loky-341941-8x_2_uh5 for automatic cleanup: unknown resource type semlock
Traceback (most recent call last):
  File "/global/common/software/nersc/pe/conda-envs/26.1.0/python-3.13/nersc-python/lib/python3.13/multiprocessing/resource_tracker.py", line 371, in main
    raise ValueError(
        f'Cannot register {name} for automatic cleanup: '
        f'unknown resource type {rtype}')
ValueError: Cannot register /loky-341941-b4ydqgou for automatic cleanup: unknown resource type semlock
Traceback (most recent call last):
  File "/global/common/software/nersc/pe/conda-envs/26.1.0/python-3.13/nersc-python/lib/python3.13/multiprocessing/resource_tracker.py", line 371, in main
    raise ValueError(
        f'Cannot register {name} for automatic cleanup: '
        f'unknown resource type {rtype}')
ValueError: Cannot register /loky-341941-wa5bknl5 for automatic cleanup: unknown resource type semlock
Traceback (most recent call last):
  File "/global/common/software/nersc/pe/conda-envs/26.1.0/python-3.13/nersc-python/lib/python3.13/multiprocessing/resource_tracker.py", line 371, in main
    raise ValueError(
        f'Cannot register {name} for automatic cleanup: '
        f'unknown resource type {rtype}')
ValueError: Cannot register /loky-341941-70ui6sga for automatic cleanup: unknown resource type semlock
Traceback (most recent call last):
  File "/global/common/software/nersc/pe/conda-envs/26.1.0/python-3.13/nersc-python/lib/python3.13/multiprocessing/resource_tracker.py", line 371, in main
    raise ValueError(
        f'Cannot register {name} for automatic cleanup: '
        f'unknown resource type {rtype}')
ValueError: Cannot register /loky-341941-z3ji0lpn for automatic cleanup: unknown resource type semlock
Traceback (most recent call last):
  File "/global/common/software/nersc/pe/conda-envs/26.1.0/python-3.13/nersc-python/lib/python3.13/multiprocessing/resource_tracker.py", line 371, in main
    raise ValueError(
        f'Cannot register {name} for automatic cleanup: '
        f'unknown resource type {rtype}')
ValueError: Cannot register /loky-341941-8kdtec8e for automatic cleanup: unknown resource type semlock
Traceback (most recent call last):
  File "/global/common/software/nersc/pe/conda-envs/26.1.0/python-3.13/nersc-python/lib/python3.13/multiprocessing/resource_tracker.py", line 371, in main
    raise ValueError(
        f'Cannot register {name} for automatic cleanup: '
        f'unknown resource type {rtype}')
ValueError: Cannot register /loky-341941-d60bxpox for automatic cleanup: unknown resource type semlock
Traceback (most recent call last):
  File "/global/common/software/nersc/pe/conda-envs/26.1.0/python-3.13/nersc-python/lib/python3.13/multiprocessing/resource_tracker.py", line 371, in main
    raise ValueError(
        f'Cannot register {name} for automatic cleanup: '
        f'unknown resource type {rtype}')
ValueError: Cannot register /loky-341941-fudx50m1 for automatic cleanup: unknown resource type semlock
Traceback (most recent call last):
  File "/global/common/software/nersc/pe/conda-envs/26.1.0/python-3.13/nersc-python/lib/python3.13/multiprocessing/resource_tracker.py", line 371, in main
    raise ValueError(
        f'Cannot register {name} for automatic cleanup: '
        f'unknown resource type {rtype}')
ValueError: Cannot register /dev/shm/joblib_memmapping_folder_1214536_afc13c581707492e9a7c53ecb100a8d2_3ab44c65dd2645e8a2a3363d020156c8 for automatic cleanup: unknown resource type folder
Traceback (most recent call last):
  File "/global/common/software/nersc/pe/conda-envs/26.1.0/python-3.13/nersc-python/lib/python3.13/multiprocessing/resource_tracker.py", line 371, in main
    raise ValueError(
        f'Cannot register {name} for automatic cleanup: '
        f'unknown resource type {rtype}')
ValueError: Cannot register /loky-1214536-iyc789wg for automatic cleanup: unknown resource type semlock
Traceback (most recent call last):
  File "/global/common/software/nersc/pe/conda-envs/26.1.0/python-3.13/nersc-python/lib/python3.13/multiprocessing/resource_tracker.py", line 371, in main
    raise ValueError(
        f'Cannot register {name} for automatic cleanup: '
        f'unknown resource type {rtype}')
ValueError: Cannot register /loky-1214536-3y895602 for automatic cleanup: unknown resource type semlock
Traceback (most recent call last):
  File "/global/common/software/nersc/pe/conda-envs/26.1.0/python-3.13/nersc-python/lib/python3.13/multiprocessing/resource_tracker.py", line 371, in main
    raise ValueError(
        f'Cannot register {name} for automatic cleanup: '
        f'unknown resource type {rtype}')
ValueError: Cannot register /loky-1214536-fv9ujjos for automatic cleanup: unknown resource type semlock
Traceback (most recent call last):
  File "/global/common/software/nersc/pe/conda-envs/26.1.0/python-3.13/nersc-python/lib/python3.13/multiprocessing/resource_tracker.py", line 371, in main
    raise ValueError(
        f'Cannot register {name} for automatic cleanup: '
        f'unknown resource type {rtype}')
ValueError: Cannot register /loky-1214536-t0mt77_x for automatic cleanup: unknown resource type semlock
Traceback (most recent call last):
  File "/global/common/software/nersc/pe/conda-envs/26.1.0/python-3.13/nersc-python/lib/python3.13/multiprocessing/resource_tracker.py", line 371, in main
    raise ValueError(
        f'Cannot register {name} for automatic cleanup: '
        f'unknown resource type {rtype}')
ValueError: Cannot register /loky-1214536-o4ekigss for automatic cleanup: unknown resource type semlock
Traceback (most recent call last):
  File "/global/common/software/nersc/pe/conda-envs/26.1.0/python-3.13/nersc-python/lib/python3.13/multiprocessing/resource_tracker.py", line 371, in main
    raise ValueError(
        f'Cannot register {name} for automatic cleanup: '
        f'unknown resource type {rtype}')
ValueError: Cannot register /loky-1214536-1xxvfzxs for automatic cleanup: unknown resource type semlock
Traceback (most recent call last):
  File "/global/common/software/nersc/pe/conda-envs/26.1.0/python-3.13/nersc-python/lib/python3.13/multiprocessing/resource_tracker.py", line 371, in main
    raise ValueError(
        f'Cannot register {name} for automatic cleanup: '
        f'unknown resource type {rtype}')
ValueError: Cannot register /dev/shm/joblib_memmapping_folder_1214536_afc13c581707492e9a7c53ecb100a8d2_8ee6d17a7baf4325a3ad534aad0d4079 for automatic cleanup: unknown resource type folder
Traceback (most recent call last):
  File "/global/common/software/nersc/pe/conda-envs/26.1.0/python-3.13/nersc-python/lib/python3.13/multiprocessing/resource_tracker.py", line 371, in main
    raise ValueError(
        f'Cannot register {name} for automatic cleanup: '
        f'unknown resource type {rtype}')
ValueError: Cannot register /loky-1214536-mpm5t4si for automatic cleanup: unknown resource type semlock
Traceback (most recent call last):
  File "/global/common/software/nersc/pe/conda-envs/26.1.0/python-3.13/nersc-python/lib/python3.13/multiprocessing/resource_tracker.py", line 371, in main
    raise ValueError(
        f'Cannot register {name} for automatic cleanup: '
        f'unknown resource type {rtype}')
ValueError: Cannot register /loky-1214536-m_rqp92_ for automatic cleanup: unknown resource type semlock
Traceback (most recent call last):
  File "/global/common/software/nersc/pe/conda-envs/26.1.0/python-3.13/nersc-python/lib/python3.13/multiprocessing/resource_tracker.py", line 371, in main
    raise ValueError(
        f'Cannot register {name} for automatic cleanup: '
        f'unknown resource type {rtype}')
ValueError: Cannot register /loky-1214536-tvjw29ng for automatic cleanup: unknown resource type semlock
Traceback (most recent call last):
  File "/global/common/software/nersc/pe/conda-envs/26.1.0/python-3.13/nersc-python/lib/python3.13/multiprocessing/resource_tracker.py", line 371, in main
    raise ValueError(
        f'Cannot register {name} for automatic cleanup: '
        f'unknown resource type {rtype}')
ValueError: Cannot register /loky-1214536-zoifk8hc for automatic cleanup: unknown resource type semlock
Traceback (most recent call last):
  File "/global/common/software/nersc/pe/conda-envs/26.1.0/python-3.13/nersc-python/lib/python3.13/multiprocessing/resource_tracker.py", line 371, in main
    raise ValueError(
        f'Cannot register {name} for automatic cleanup: '
        f'unknown resource type {rtype}')
ValueError: Cannot register /loky-1214536-aohwc5u8 for automatic cleanup: unknown resource type semlock
Traceback (most recent call last):
  File "/global/common/software/nersc/pe/conda-envs/26.1.0/python-3.13/nersc-python/lib/python3.13/multiprocessing/resource_tracker.py", line 371, in main
    raise ValueError(
        f'Cannot register {name} for automatic cleanup: '
        f'unknown resource type {rtype}')
ValueError: Cannot register /loky-1214536-25oh0wlx for automatic cleanup: unknown resource type semlock
Traceback (most recent call last):
  File "/global/common/software/nersc/pe/conda-envs/26.1.0/python-3.13/nersc-python/lib/python3.13/multiprocessing/resource_tracker.py", line 371, in main
    raise ValueError(
        f'Cannot register {name} for automatic cleanup: '
        f'unknown resource type {rtype}')
ValueError: Cannot register /loky-1214536-9fs6s_f0 for automatic cleanup: unknown resource type semlock
Traceback (most recent call last):
  File "/global/common/software/nersc/pe/conda-envs/26.1.0/python-3.13/nersc-python/lib/python3.13/multiprocessing/resource_tracker.py", line 371, in main
    raise ValueError(
        f'Cannot register {name} for automatic cleanup: '
        f'unknown resource type {rtype}')
ValueError: Cannot register /loky-1214536-47sjre35 for automatic cleanup: unknown resource type semlock
Traceback (most recent call last):
  File "/global/common/software/nersc/pe/conda-envs/26.1.0/python-3.13/nersc-python/lib/python3.13/multiprocessing/resource_tracker.py", line 371, in main
    raise ValueError(
        f'Cannot register {name} for automatic cleanup: '
        f'unknown resource type {rtype}')
ValueError: Cannot register /loky-1214536-sdqidl3v for automatic cleanup: unknown resource type semlock
Traceback (most recent call last):
  File "/global/common/software/nersc/pe/conda-envs/26.1.0/python-3.13/nersc-python/lib/python3.13/multiprocessing/resource_tracker.py", line 371, in main
    raise ValueError(
        f'Cannot register {name} for automatic cleanup: '
        f'unknown resource type {rtype}')
ValueError: Cannot register /loky-1214536-njmeuerd for automatic cleanup: unknown resource type semlock
Traceback (most recent call last):
  File "/global/common/software/nersc/pe/conda-envs/26.1.0/python-3.13/nersc-python/lib/python3.13/multiprocessing/resource_tracker.py", line 371, in main
    raise ValueError(
        f'Cannot register {name} for automatic cleanup: '
        f'unknown resource type {rtype}')
ValueError: Cannot register /loky-1214536-ey33d3vj for automatic cleanup: unknown resource type semlock
Traceback (most recent call last):
  File "/global/common/software/nersc/pe/conda-envs/26.1.0/python-3.13/nersc-python/lib/python3.13/multiprocessing/resource_tracker.py", line 371, in main
    raise ValueError(
        f'Cannot register {name} for automatic cleanup: '
        f'unknown resource type {rtype}')
ValueError: Cannot register /loky-1214536-jgebbqwg for automatic cleanup: unknown resource type semlock
Traceback (most recent call last):
  File "/global/common/software/nersc/pe/conda-envs/26.1.0/python-3.13/nersc-python/lib/python3.13/multiprocessing/resource_tracker.py", line 371, in main
    raise ValueError(
        f'Cannot register {name} for automatic cleanup: '
        f'unknown resource type {rtype}')
ValueError: Cannot register /loky-1214536-conuenns for automatic cleanup: unknown resource type semlock
Traceback (most recent call last):
  File "/global/common/software/nersc/pe/conda-envs/26.1.0/python-3.13/nersc-python/lib/python3.13/multiprocessing/resource_tracker.py", line 371, in main
    raise ValueError(
        f'Cannot register {name} for automatic cleanup: '
        f'unknown resource type {rtype}')
ValueError: Cannot register /loky-1214536-u63ro1te for automatic cleanup: unknown resource type semlock
Traceback (most recent call last):
  File "/global/common/software/nersc/pe/conda-envs/26.1.0/python-3.13/nersc-python/lib/python3.13/multiprocessing/resource_tracker.py", line 371, in main
    raise ValueError(
        f'Cannot register {name} for automatic cleanup: '
        f'unknown resource type {rtype}')
ValueError: Cannot register /loky-1214536-nkk80gkh for automatic cleanup: unknown resource type semlock
Traceback (most recent call last):
  File "/global/common/software/nersc/pe/conda-envs/26.1.0/python-3.13/nersc-python/lib/python3.13/multiprocessing/resource_tracker.py", line 371, in main
    raise ValueError(
        f'Cannot register {name} for automatic cleanup: '
        f'unknown resource type {rtype}')
ValueError: Cannot register /loky-1214536-gs0epmk_ for automatic cleanup: unknown resource type semlock
Traceback (most recent call last):
  File "/global/common/software/nersc/pe/conda-envs/26.1.0/python-3.13/nersc-python/lib/python3.13/multiprocessing/resource_tracker.py", line 371, in main
    raise ValueError(
        f'Cannot register {name} for automatic cleanup: '
        f'unknown resource type {rtype}')
ValueError: Cannot register /dev/shm/joblib_memmapping_folder_1214550_698e3c4bac42474c951f090c7a9f9ac8_c6faf491ca3e4aec8353ae7ef2f05e08 for automatic cleanup: unknown resource type folder
Traceback (most recent call last):
  File "/global/common/software/nersc/pe/conda-envs/26.1.0/python-3.13/nersc-python/lib/python3.13/multiprocessing/resource_tracker.py", line 371, in main
    raise ValueError(
        f'Cannot register {name} for automatic cleanup: '
        f'unknown resource type {rtype}')
ValueError: Cannot register /loky-1214550-zn0hlvrj for automatic cleanup: unknown resource type semlock
Traceback (most recent call last):
  File "/global/common/software/nersc/pe/conda-envs/26.1.0/python-3.13/nersc-python/lib/python3.13/multiprocessing/resource_tracker.py", line 371, in main
    raise ValueError(
        f'Cannot register {name} for automatic cleanup: '
        f'unknown resource type {rtype}')
ValueError: Cannot register /loky-1214550-j6uin45q for automatic cleanup: unknown resource type semlock
Traceback (most recent call last):
  File "/global/common/software/nersc/pe/conda-envs/26.1.0/python-3.13/nersc-python/lib/python3.13/multiprocessing/resource_tracker.py", line 371, in main
    raise ValueError(
        f'Cannot register {name} for automatic cleanup: '
        f'unknown resource type {rtype}')
ValueError: Cannot register /loky-1214550-rwk50d90 for automatic cleanup: unknown resource type semlock
Traceback (most recent call last):
  File "/global/common/software/nersc/pe/conda-envs/26.1.0/python-3.13/nersc-python/lib/python3.13/multiprocessing/resource_tracker.py", line 371, in main
    raise ValueError(
        f'Cannot register {name} for automatic cleanup: '
        f'unknown resource type {rtype}')
ValueError: Cannot register /loky-1214550-nho_z_ma for automatic cleanup: unknown resource type semlock
Traceback (most recent call last):
  File "/global/common/software/nersc/pe/conda-envs/26.1.0/python-3.13/nersc-python/lib/python3.13/multiprocessing/resource_tracker.py", line 371, in main
    raise ValueError(
        f'Cannot register {name} for automatic cleanup: '
        f'unknown resource type {rtype}')
ValueError: Cannot register /loky-1214550-mt9_5txs for automatic cleanup: unknown resource type semlock
Traceback (most recent call last):
  File "/global/common/software/nersc/pe/conda-envs/26.1.0/python-3.13/nersc-python/lib/python3.13/multiprocessing/resource_tracker.py", line 371, in main
    raise ValueError(
        f'Cannot register {name} for automatic cleanup: '
        f'unknown resource type {rtype}')
ValueError: Cannot register /loky-1214550-mj1cl99p for automatic cleanup: unknown resource type semlock
Traceback (most recent call last):
  File "/global/common/software/nersc/pe/conda-envs/26.1.0/python-3.13/nersc-python/lib/python3.13/multiprocessing/resource_tracker.py", line 371, in main
    raise ValueError(
        f'Cannot register {name} for automatic cleanup: '
        f'unknown resource type {rtype}')
ValueError: Cannot register /dev/shm/joblib_memmapping_folder_1214550_698e3c4bac42474c951f090c7a9f9ac8_40c14d9069854530aa9a3a67deda092e for automatic cleanup: unknown resource type folder
Traceback (most recent call last):
  File "/global/common/software/nersc/pe/conda-envs/26.1.0/python-3.13/nersc-python/lib/python3.13/multiprocessing/resource_tracker.py", line 371, in main
    raise ValueError(
        f'Cannot register {name} for automatic cleanup: '
        f'unknown resource type {rtype}')
ValueError: Cannot register /loky-1214550-lstf2l7h for automatic cleanup: unknown resource type semlock
Traceback (most recent call last):
  File "/global/common/software/nersc/pe/conda-envs/26.1.0/python-3.13/nersc-python/lib/python3.13/multiprocessing/resource_tracker.py", line 371, in main
    raise ValueError(
        f'Cannot register {name} for automatic cleanup: '
        f'unknown resource type {rtype}')
ValueError: Cannot register /loky-1214550-j55z926u for automatic cleanup: unknown resource type semlock
Traceback (most recent call last):
  File "/global/common/software/nersc/pe/conda-envs/26.1.0/python-3.13/nersc-python/lib/python3.13/multiprocessing/resource_tracker.py", line 371, in main
    raise ValueError(
        f'Cannot register {name} for automatic cleanup: '
        f'unknown resource type {rtype}')
ValueError: Cannot register /loky-1214550-c2efewi_ for automatic cleanup: unknown resource type semlock
Traceback (most recent call last):
  File "/global/common/software/nersc/pe/conda-envs/26.1.0/python-3.13/nersc-python/lib/python3.13/multiprocessing/resource_tracker.py", line 371, in main
    raise ValueError(
        f'Cannot register {name} for automatic cleanup: '
        f'unknown resource type {rtype}')
ValueError: Cannot register /loky-1214550-_nqumvz6 for automatic cleanup: unknown resource type semlock
Traceback (most recent call last):
  File "/global/common/software/nersc/pe/conda-envs/26.1.0/python-3.13/nersc-python/lib/python3.13/multiprocessing/resource_tracker.py", line 371, in main
    raise ValueError(
        f'Cannot register {name} for automatic cleanup: '
        f'unknown resource type {rtype}')
ValueError: Cannot register /loky-1214550-wdvmqrb8 for automatic cleanup: unknown resource type semlock
Traceback (most recent call last):
  File "/global/common/software/nersc/pe/conda-envs/26.1.0/python-3.13/nersc-python/lib/python3.13/multiprocessing/resource_tracker.py", line 371, in main
    raise ValueError(
        f'Cannot register {name} for automatic cleanup: '
        f'unknown resource type {rtype}')
ValueError: Cannot register /loky-1214550-qnigvr84 for automatic cleanup: unknown resource type semlock
Traceback (most recent call last):
  File "/global/common/software/nersc/pe/conda-envs/26.1.0/python-3.13/nersc-python/lib/python3.13/multiprocessing/resource_tracker.py", line 371, in main
    raise ValueError(
        f'Cannot register {name} for automatic cleanup: '
        f'unknown resource type {rtype}')
ValueError: Cannot register /loky-1214550-k6xj510u for automatic cleanup: unknown resource type semlock
Traceback (most recent call last):
  File "/global/common/software/nersc/pe/conda-envs/26.1.0/python-3.13/nersc-python/lib/python3.13/multiprocessing/resource_tracker.py", line 371, in main
    raise ValueError(
        f'Cannot register {name} for automatic cleanup: '
        f'unknown resource type {rtype}')
ValueError: Cannot register /loky-1214550-7yt6in27 for automatic cleanup: unknown resource type semlock
Traceback (most recent call last):
  File "/global/common/software/nersc/pe/conda-envs/26.1.0/python-3.13/nersc-python/lib/python3.13/multiprocessing/resource_tracker.py", line 371, in main
    raise ValueError(
        f'Cannot register {name} for automatic cleanup: '
        f'unknown resource type {rtype}')
ValueError: Cannot register /loky-1214550-pz4yppb3 for automatic cleanup: unknown resource type semlock
Traceback (most recent call last):
  File "/global/common/software/nersc/pe/conda-envs/26.1.0/python-3.13/nersc-python/lib/python3.13/multiprocessing/resource_tracker.py", line 371, in main
    raise ValueError(
        f'Cannot register {name} for automatic cleanup: '
        f'unknown resource type {rtype}')
ValueError: Cannot register /loky-1214550-glaupti4 for automatic cleanup: unknown resource type semlock
Traceback (most recent call last):
  File "/global/common/software/nersc/pe/conda-envs/26.1.0/python-3.13/nersc-python/lib/python3.13/multiprocessing/resource_tracker.py", line 371, in main
    raise ValueError(
        f'Cannot register {name} for automatic cleanup: '
        f'unknown resource type {rtype}')
ValueError: Cannot register /loky-1214550-6ubvlyle for automatic cleanup: unknown resource type semlock
Traceback (most recent call last):
  File "/global/common/software/nersc/pe/conda-envs/26.1.0/python-3.13/nersc-python/lib/python3.13/multiprocessing/resource_tracker.py", line 371, in main
    raise ValueError(
        f'Cannot register {name} for automatic cleanup: '
        f'unknown resource type {rtype}')
ValueError: Cannot register /loky-1214550-yktoa9b_ for automatic cleanup: unknown resource type semlock
Traceback (most recent call last):
  File "/global/common/software/nersc/pe/conda-envs/26.1.0/python-3.13/nersc-python/lib/python3.13/multiprocessing/resource_tracker.py", line 371, in main
    raise ValueError(
        f'Cannot register {name} for automatic cleanup: '
        f'unknown resource type {rtype}')
ValueError: Cannot register /loky-1214550-_57jyijg for automatic cleanup: unknown resource type semlock
Traceback (most recent call last):
  File "/global/common/software/nersc/pe/conda-envs/26.1.0/python-3.13/nersc-python/lib/python3.13/multiprocessing/resource_tracker.py", line 371, in main
    raise ValueError(
        f'Cannot register {name} for automatic cleanup: '
        f'unknown resource type {rtype}')
ValueError: Cannot register /loky-1214550-im8v2m4h for automatic cleanup: unknown resource type semlock
Traceback (most recent call last):
  File "/global/common/software/nersc/pe/conda-envs/26.1.0/python-3.13/nersc-python/lib/python3.13/multiprocessing/resource_tracker.py", line 371, in main
    raise ValueError(
        f'Cannot register {name} for automatic cleanup: '
        f'unknown resource type {rtype}')
ValueError: Cannot register /loky-1214550-t_std6ua for automatic cleanup: unknown resource type semlock
Traceback (most recent call last):
  File "/global/common/software/nersc/pe/conda-envs/26.1.0/python-3.13/nersc-python/lib/python3.13/multiprocessing/resource_tracker.py", line 371, in main
    raise ValueError(
        f'Cannot register {name} for automatic cleanup: '
        f'unknown resource type {rtype}')
ValueError: Cannot register /loky-1214550-2xevk472 for automatic cleanup: unknown resource type semlock
Traceback (most recent call last):
  File "/global/common/software/nersc/pe/conda-envs/26.1.0/python-3.13/nersc-python/lib/python3.13/multiprocessing/resource_tracker.py", line 371, in main
    raise ValueError(
        f'Cannot register {name} for automatic cleanup: '
        f'unknown resource type {rtype}')
ValueError: Cannot register /dev/shm/joblib_memmapping_folder_1214542_0dea5cea396d4048aa94abfa3cf24ae7_46fba7bd028f465b89d90ec400fccead for automatic cleanup: unknown resource type folder
Traceback (most recent call last):
  File "/global/common/software/nersc/pe/conda-envs/26.1.0/python-3.13/nersc-python/lib/python3.13/multiprocessing/resource_tracker.py", line 371, in main
    raise ValueError(
        f'Cannot register {name} for automatic cleanup: '
        f'unknown resource type {rtype}')
ValueError: Cannot register /loky-1214542-sj40qtkm for automatic cleanup: unknown resource type semlock
Traceback (most recent call last):
  File "/global/common/software/nersc/pe/conda-envs/26.1.0/python-3.13/nersc-python/lib/python3.13/multiprocessing/resource_tracker.py", line 371, in main
    raise ValueError(
        f'Cannot register {name} for automatic cleanup: '
        f'unknown resource type {rtype}')
ValueError: Cannot register /loky-1214542-phf14ciy for automatic cleanup: unknown resource type semlock
Traceback (most recent call last):
  File "/global/common/software/nersc/pe/conda-envs/26.1.0/python-3.13/nersc-python/lib/python3.13/multiprocessing/resource_tracker.py", line 371, in main
    raise ValueError(
        f'Cannot register {name} for automatic cleanup: '
        f'unknown resource type {rtype}')
ValueError: Cannot register /loky-1214542-1q232e6j for automatic cleanup: unknown resource type semlock
Traceback (most recent call last):
  File "/global/common/software/nersc/pe/conda-envs/26.1.0/python-3.13/nersc-python/lib/python3.13/multiprocessing/resource_tracker.py", line 371, in main
    raise ValueError(
        f'Cannot register {name} for automatic cleanup: '
        f'unknown resource type {rtype}')
ValueError: Cannot register /loky-1214542-qti4ccks for automatic cleanup: unknown resource type semlock
Traceback (most recent call last):
  File "/global/common/software/nersc/pe/conda-envs/26.1.0/python-3.13/nersc-python/lib/python3.13/multiprocessing/resource_tracker.py", line 371, in main
    raise ValueError(
        f'Cannot register {name} for automatic cleanup: '
        f'unknown resource type {rtype}')
ValueError: Cannot register /loky-1214542-tns52cq1 for automatic cleanup: unknown resource type semlock
Traceback (most recent call last):
  File "/global/common/software/nersc/pe/conda-envs/26.1.0/python-3.13/nersc-python/lib/python3.13/multiprocessing/resource_tracker.py", line 371, in main
    raise ValueError(
        f'Cannot register {name} for automatic cleanup: '
        f'unknown resource type {rtype}')
ValueError: Cannot register /loky-1214542-6s128bq8 for automatic cleanup: unknown resource type semlock
Traceback (most recent call last):
  File "/global/common/software/nersc/pe/conda-envs/26.1.0/python-3.13/nersc-python/lib/python3.13/multiprocessing/resource_tracker.py", line 371, in main
    raise ValueError(
        f'Cannot register {name} for automatic cleanup: '
        f'unknown resource type {rtype}')
ValueError: Cannot register /dev/shm/joblib_memmapping_folder_1214542_0dea5cea396d4048aa94abfa3cf24ae7_4d9d97855c98440a95eccc573e01313e for automatic cleanup: unknown resource type folder
Traceback (most recent call last):
  File "/global/common/software/nersc/pe/conda-envs/26.1.0/python-3.13/nersc-python/lib/python3.13/multiprocessing/resource_tracker.py", line 371, in main
    raise ValueError(
        f'Cannot register {name} for automatic cleanup: '
        f'unknown resource type {rtype}')
ValueError: Cannot register /loky-1214542-e48iury1 for automatic cleanup: unknown resource type semlock
Traceback (most recent call last):
  File "/global/common/software/nersc/pe/conda-envs/26.1.0/python-3.13/nersc-python/lib/python3.13/multiprocessing/resource_tracker.py", line 371, in main
    raise ValueError(
        f'Cannot register {name} for automatic cleanup: '
        f'unknown resource type {rtype}')
ValueError: Cannot register /loky-1214542-4vekk8yt for automatic cleanup: unknown resource type semlock
Traceback (most recent call last):
  File "/global/common/software/nersc/pe/conda-envs/26.1.0/python-3.13/nersc-python/lib/python3.13/multiprocessing/resource_tracker.py", line 371, in main
    raise ValueError(
        f'Cannot register {name} for automatic cleanup: '
        f'unknown resource type {rtype}')
ValueError: Cannot register /loky-1214542-il6n6cw_ for automatic cleanup: unknown resource type semlock
Traceback (most recent call last):
  File "/global/common/software/nersc/pe/conda-envs/26.1.0/python-3.13/nersc-python/lib/python3.13/multiprocessing/resource_tracker.py", line 371, in main
    raise ValueError(
        f'Cannot register {name} for automatic cleanup: '
        f'unknown resource type {rtype}')
ValueError: Cannot register /loky-1214542-914epapm for automatic cleanup: unknown resource type semlock
Traceback (most recent call last):
  File "/global/common/software/nersc/pe/conda-envs/26.1.0/python-3.13/nersc-python/lib/python3.13/multiprocessing/resource_tracker.py", line 371, in main
    raise ValueError(
        f'Cannot register {name} for automatic cleanup: '
        f'unknown resource type {rtype}')
ValueError: Cannot register /loky-1214542-ogqkonpv for automatic cleanup: unknown resource type semlock
Traceback (most recent call last):
  File "/global/common/software/nersc/pe/conda-envs/26.1.0/python-3.13/nersc-python/lib/python3.13/multiprocessing/resource_tracker.py", line 371, in main
    raise ValueError(
        f'Cannot register {name} for automatic cleanup: '
        f'unknown resource type {rtype}')
ValueError: Cannot register /loky-1214542-gxpn6cd5 for automatic cleanup: unknown resource type semlock
Traceback (most recent call last):
  File "/global/common/software/nersc/pe/conda-envs/26.1.0/python-3.13/nersc-python/lib/python3.13/multiprocessing/resource_tracker.py", line 371, in main
    raise ValueError(
        f'Cannot register {name} for automatic cleanup: '
        f'unknown resource type {rtype}')
ValueError: Cannot register /loky-1214542-iprd0u15 for automatic cleanup: unknown resource type semlock
Traceback (most recent call last):
  File "/global/common/software/nersc/pe/conda-envs/26.1.0/python-3.13/nersc-python/lib/python3.13/multiprocessing/resource_tracker.py", line 371, in main
    raise ValueError(
        f'Cannot register {name} for automatic cleanup: '
        f'unknown resource type {rtype}')
ValueError: Cannot register /loky-1214542-emqrv969 for automatic cleanup: unknown resource type semlock
Traceback (most recent call last):
  File "/global/common/software/nersc/pe/conda-envs/26.1.0/python-3.13/nersc-python/lib/python3.13/multiprocessing/resource_tracker.py", line 371, in main
    raise ValueError(
        f'Cannot register {name} for automatic cleanup: '
        f'unknown resource type {rtype}')
ValueError: Cannot register /loky-1214542-92qbp6x7 for automatic cleanup: unknown resource type semlock
Traceback (most recent call last):
  File "/global/common/software/nersc/pe/conda-envs/26.1.0/python-3.13/nersc-python/lib/python3.13/multiprocessing/resource_tracker.py", line 371, in main
    raise ValueError(
        f'Cannot register {name} for automatic cleanup: '
        f'unknown resource type {rtype}')
ValueError: Cannot register /loky-1214542-kpnnnvxt for automatic cleanup: unknown resource type semlock
Traceback (most recent call last):
  File "/global/common/software/nersc/pe/conda-envs/26.1.0/python-3.13/nersc-python/lib/python3.13/multiprocessing/resource_tracker.py", line 371, in main
    raise ValueError(
        f'Cannot register {name} for automatic cleanup: '
        f'unknown resource type {rtype}')
ValueError: Cannot register /loky-1214542-76qhoewg for automatic cleanup: unknown resource type semlock
Traceback (most recent call last):
  File "/global/common/software/nersc/pe/conda-envs/26.1.0/python-3.13/nersc-python/lib/python3.13/multiprocessing/resource_tracker.py", line 371, in main
    raise ValueError(
        f'Cannot register {name} for automatic cleanup: '
        f'unknown resource type {rtype}')
ValueError: Cannot register /loky-1214542-j0fktub2 for automatic cleanup: unknown resource type semlock
Traceback (most recent call last):
  File "/global/common/software/nersc/pe/conda-envs/26.1.0/python-3.13/nersc-python/lib/python3.13/multiprocessing/resource_tracker.py", line 371, in main
    raise ValueError(
        f'Cannot register {name} for automatic cleanup: '
        f'unknown resource type {rtype}')
ValueError: Cannot register /loky-1214542-d80od2cr for automatic cleanup: unknown resource type semlock
Traceback (most recent call last):
  File "/global/common/software/nersc/pe/conda-envs/26.1.0/python-3.13/nersc-python/lib/python3.13/multiprocessing/resource_tracker.py", line 371, in main
    raise ValueError(
        f'Cannot register {name} for automatic cleanup: '
        f'unknown resource type {rtype}')
ValueError: Cannot register /loky-1214542-weuwrqng for automatic cleanup: unknown resource type semlock
Traceback (most recent call last):
  File "/global/common/software/nersc/pe/conda-envs/26.1.0/python-3.13/nersc-python/lib/python3.13/multiprocessing/resource_tracker.py", line 371, in main
    raise ValueError(
        f'Cannot register {name} for automatic cleanup: '
        f'unknown resource type {rtype}')
ValueError: Cannot register /loky-1214542-8lj131f_ for automatic cleanup: unknown resource type semlock
Traceback (most recent call last):
  File "/global/common/software/nersc/pe/conda-envs/26.1.0/python-3.13/nersc-python/lib/python3.13/multiprocessing/resource_tracker.py", line 371, in main
    raise ValueError(
        f'Cannot register {name} for automatic cleanup: '
        f'unknown resource type {rtype}')
ValueError: Cannot register /loky-1214542-sjdhmen5 for automatic cleanup: unknown resource type semlock
Traceback (most recent call last):
  File "/global/common/software/nersc/pe/conda-envs/26.1.0/python-3.13/nersc-python/lib/python3.13/multiprocessing/resource_tracker.py", line 371, in main
    raise ValueError(
        f'Cannot register {name} for automatic cleanup: '
        f'unknown resource type {rtype}')
ValueError: Cannot register /dev/shm/joblib_memmapping_folder_1214553_c1a107bc77434656be20a0334d50f55d_2581e92cb2e54101a18bc02c1223080a for automatic cleanup: unknown resource type folder
Traceback (most recent call last):
  File "/global/common/software/nersc/pe/conda-envs/26.1.0/python-3.13/nersc-python/lib/python3.13/multiprocessing/resource_tracker.py", line 371, in main
    raise ValueError(
        f'Cannot register {name} for automatic cleanup: '
        f'unknown resource type {rtype}')
ValueError: Cannot register /loky-1214553-5qfggjxv for automatic cleanup: unknown resource type semlock
Traceback (most recent call last):
  File "/global/common/software/nersc/pe/conda-envs/26.1.0/python-3.13/nersc-python/lib/python3.13/multiprocessing/resource_tracker.py", line 371, in main
    raise ValueError(
        f'Cannot register {name} for automatic cleanup: '
        f'unknown resource type {rtype}')
ValueError: Cannot register /loky-1214553-oamfrhta for automatic cleanup: unknown resource type semlock
Traceback (most recent call last):
  File "/global/common/software/nersc/pe/conda-envs/26.1.0/python-3.13/nersc-python/lib/python3.13/multiprocessing/resource_tracker.py", line 371, in main
    raise ValueError(
        f'Cannot register {name} for automatic cleanup: '
        f'unknown resource type {rtype}')
ValueError: Cannot register /loky-1214553-b2aj_9ir for automatic cleanup: unknown resource type semlock
Traceback (most recent call last):
  File "/global/common/software/nersc/pe/conda-envs/26.1.0/python-3.13/nersc-python/lib/python3.13/multiprocessing/resource_tracker.py", line 371, in main
    raise ValueError(
        f'Cannot register {name} for automatic cleanup: '
        f'unknown resource type {rtype}')
ValueError: Cannot register /loky-1214553-tj56u949 for automatic cleanup: unknown resource type semlock
Traceback (most recent call last):
  File "/global/common/software/nersc/pe/conda-envs/26.1.0/python-3.13/nersc-python/lib/python3.13/multiprocessing/resource_tracker.py", line 371, in main
    raise ValueError(
        f'Cannot register {name} for automatic cleanup: '
        f'unknown resource type {rtype}')
ValueError: Cannot register /loky-1214553-ft9wrsxe for automatic cleanup: unknown resource type semlock
Traceback (most recent call last):
  File "/global/common/software/nersc/pe/conda-envs/26.1.0/python-3.13/nersc-python/lib/python3.13/multiprocessing/resource_tracker.py", line 371, in main
    raise ValueError(
        f'Cannot register {name} for automatic cleanup: '
        f'unknown resource type {rtype}')
ValueError: Cannot register /loky-1214553-32v52mjt for automatic cleanup: unknown resource type semlock
Traceback (most recent call last):
  File "/global/common/software/nersc/pe/conda-envs/26.1.0/python-3.13/nersc-python/lib/python3.13/multiprocessing/resource_tracker.py", line 371, in main
    raise ValueError(
        f'Cannot register {name} for automatic cleanup: '
        f'unknown resource type {rtype}')
ValueError: Cannot register /dev/shm/joblib_memmapping_folder_1214553_c1a107bc77434656be20a0334d50f55d_d78e27ca1d7741a2a4d796e159c304ae for automatic cleanup: unknown resource type folder
Traceback (most recent call last):
  File "/global/common/software/nersc/pe/conda-envs/26.1.0/python-3.13/nersc-python/lib/python3.13/multiprocessing/resource_tracker.py", line 371, in main
    raise ValueError(
        f'Cannot register {name} for automatic cleanup: '
        f'unknown resource type {rtype}')
ValueError: Cannot register /loky-1214553-6pa4vvjl for automatic cleanup: unknown resource type semlock
Traceback (most recent call last):
  File "/global/common/software/nersc/pe/conda-envs/26.1.0/python-3.13/nersc-python/lib/python3.13/multiprocessing/resource_tracker.py", line 371, in main
    raise ValueError(
        f'Cannot register {name} for automatic cleanup: '
        f'unknown resource type {rtype}')
ValueError: Cannot register /loky-1214553-483m78u0 for automatic cleanup: unknown resource type semlock
Traceback (most recent call last):
  File "/global/common/software/nersc/pe/conda-envs/26.1.0/python-3.13/nersc-python/lib/python3.13/multiprocessing/resource_tracker.py", line 371, in main
    raise ValueError(
        f'Cannot register {name} for automatic cleanup: '
        f'unknown resource type {rtype}')
ValueError: Cannot register /loky-1214553-no45z1qk for automatic cleanup: unknown resource type semlock
Traceback (most recent call last):
  File "/global/common/software/nersc/pe/conda-envs/26.1.0/python-3.13/nersc-python/lib/python3.13/multiprocessing/resource_tracker.py", line 371, in main
    raise ValueError(
        f'Cannot register {name} for automatic cleanup: '
        f'unknown resource type {rtype}')
ValueError: Cannot register /loky-1214553-2wt3_epo for automatic cleanup: unknown resource type semlock
Traceback (most recent call last):
  File "/global/common/software/nersc/pe/conda-envs/26.1.0/python-3.13/nersc-python/lib/python3.13/multiprocessing/resource_tracker.py", line 371, in main
    raise ValueError(
        f'Cannot register {name} for automatic cleanup: '
        f'unknown resource type {rtype}')
ValueError: Cannot register /loky-1214553-l_3r2hm7 for automatic cleanup: unknown resource type semlock
Traceback (most recent call last):
  File "/global/common/software/nersc/pe/conda-envs/26.1.0/python-3.13/nersc-python/lib/python3.13/multiprocessing/resource_tracker.py", line 371, in main
    raise ValueError(
        f'Cannot register {name} for automatic cleanup: '
        f'unknown resource type {rtype}')
ValueError: Cannot register /loky-1214553-wsd53x1t for automatic cleanup: unknown resource type semlock
Traceback (most recent call last):
  File "/global/common/software/nersc/pe/conda-envs/26.1.0/python-3.13/nersc-python/lib/python3.13/multiprocessing/resource_tracker.py", line 371, in main
    raise ValueError(
        f'Cannot register {name} for automatic cleanup: '
        f'unknown resource type {rtype}')
ValueError: Cannot register /loky-1214553-8fo9igug for automatic cleanup: unknown resource type semlock
Traceback (most recent call last):
  File "/global/common/software/nersc/pe/conda-envs/26.1.0/python-3.13/nersc-python/lib/python3.13/multiprocessing/resource_tracker.py", line 371, in main
    raise ValueError(
        f'Cannot register {name} for automatic cleanup: '
        f'unknown resource type {rtype}')
ValueError: Cannot register /loky-1214553-py1zv81_ for automatic cleanup: unknown resource type semlock
Traceback (most recent call last):
  File "/global/common/software/nersc/pe/conda-envs/26.1.0/python-3.13/nersc-python/lib/python3.13/multiprocessing/resource_tracker.py", line 371, in main
    raise ValueError(
        f'Cannot register {name} for automatic cleanup: '
        f'unknown resource type {rtype}')
ValueError: Cannot register /loky-1214553-6b2lkw26 for automatic cleanup: unknown resource type semlock
Traceback (most recent call last):
  File "/global/common/software/nersc/pe/conda-envs/26.1.0/python-3.13/nersc-python/lib/python3.13/multiprocessing/resource_tracker.py", line 371, in main
    raise ValueError(
        f'Cannot register {name} for automatic cleanup: '
        f'unknown resource type {rtype}')
ValueError: Cannot register /loky-1214553-lpk2r7zx for automatic cleanup: unknown resource type semlock
Traceback (most recent call last):
  File "/global/common/software/nersc/pe/conda-envs/26.1.0/python-3.13/nersc-python/lib/python3.13/multiprocessing/resource_tracker.py", line 371, in main
    raise ValueError(
        f'Cannot register {name} for automatic cleanup: '
        f'unknown resource type {rtype}')
ValueError: Cannot register /loky-1214553-nw0cq1kj for automatic cleanup: unknown resource type semlock
Traceback (most recent call last):
  File "/global/common/software/nersc/pe/conda-envs/26.1.0/python-3.13/nersc-python/lib/python3.13/multiprocessing/resource_tracker.py", line 371, in main
    raise ValueError(
        f'Cannot register {name} for automatic cleanup: '
        f'unknown resource type {rtype}')
ValueError: Cannot register /loky-1214553-p2xi063s for automatic cleanup: unknown resource type semlock
Traceback (most recent call last):
  File "/global/common/software/nersc/pe/conda-envs/26.1.0/python-3.13/nersc-python/lib/python3.13/multiprocessing/resource_tracker.py", line 371, in main
    raise ValueError(
        f'Cannot register {name} for automatic cleanup: '
        f'unknown resource type {rtype}')
ValueError: Cannot register /loky-1214553-h0ddnkfl for automatic cleanup: unknown resource type semlock
Traceback (most recent call last):
  File "/global/common/software/nersc/pe/conda-envs/26.1.0/python-3.13/nersc-python/lib/python3.13/multiprocessing/resource_tracker.py", line 371, in main
    raise ValueError(
        f'Cannot register {name} for automatic cleanup: '
        f'unknown resource type {rtype}')
ValueError: Cannot register /loky-1214553-9rugwgx8 for automatic cleanup: unknown resource type semlock
Traceback (most recent call last):
  File "/global/common/software/nersc/pe/conda-envs/26.1.0/python-3.13/nersc-python/lib/python3.13/multiprocessing/resource_tracker.py", line 371, in main
    raise ValueError(
        f'Cannot register {name} for automatic cleanup: '
        f'unknown resource type {rtype}')
ValueError: Cannot register /loky-1214553-zl7lbr24 for automatic cleanup: unknown resource type semlock
Traceback (most recent call last):
  File "/global/common/software/nersc/pe/conda-envs/26.1.0/python-3.13/nersc-python/lib/python3.13/multiprocessing/resource_tracker.py", line 371, in main
    raise ValueError(
        f'Cannot register {name} for automatic cleanup: '
        f'unknown resource type {rtype}')
ValueError: Cannot register /loky-1214553-y75qxred for automatic cleanup: unknown resource type semlock
Traceback (most recent call last):
  File "/global/common/software/nersc/pe/conda-envs/26.1.0/python-3.13/nersc-python/lib/python3.13/multiprocessing/resource_tracker.py", line 371, in main
    raise ValueError(
        f'Cannot register {name} for automatic cleanup: '
        f'unknown resource type {rtype}')
ValueError: Cannot register /dev/shm/joblib_memmapping_folder_1214541_a6365902c0d143e4a7c1f89a4d03b25b_ec851e985874448d9209a537021c5492 for automatic cleanup: unknown resource type folder
Traceback (most recent call last):
  File "/global/common/software/nersc/pe/conda-envs/26.1.0/python-3.13/nersc-python/lib/python3.13/multiprocessing/resource_tracker.py", line 371, in main
    raise ValueError(
        f'Cannot register {name} for automatic cleanup: '
        f'unknown resource type {rtype}')
ValueError: Cannot register /loky-1214541-lt0_r8tm for automatic cleanup: unknown resource type semlock
Traceback (most recent call last):
  File "/global/common/software/nersc/pe/conda-envs/26.1.0/python-3.13/nersc-python/lib/python3.13/multiprocessing/resource_tracker.py", line 371, in main
    raise ValueError(
        f'Cannot register {name} for automatic cleanup: '
        f'unknown resource type {rtype}')
ValueError: Cannot register /loky-1214541-5_wl5ugx for automatic cleanup: unknown resource type semlock
Traceback (most recent call last):
  File "/global/common/software/nersc/pe/conda-envs/26.1.0/python-3.13/nersc-python/lib/python3.13/multiprocessing/resource_tracker.py", line 371, in main
    raise ValueError(
        f'Cannot register {name} for automatic cleanup: '
        f'unknown resource type {rtype}')
ValueError: Cannot register /loky-1214541-owrn_3c0 for automatic cleanup: unknown resource type semlock
Traceback (most recent call last):
  File "/global/common/software/nersc/pe/conda-envs/26.1.0/python-3.13/nersc-python/lib/python3.13/multiprocessing/resource_tracker.py", line 371, in main
    raise ValueError(
        f'Cannot register {name} for automatic cleanup: '
        f'unknown resource type {rtype}')
ValueError: Cannot register /loky-1214541-_0m59ri6 for automatic cleanup: unknown resource type semlock
Traceback (most recent call last):
  File "/global/common/software/nersc/pe/conda-envs/26.1.0/python-3.13/nersc-python/lib/python3.13/multiprocessing/resource_tracker.py", line 371, in main
    raise ValueError(
        f'Cannot register {name} for automatic cleanup: '
        f'unknown resource type {rtype}')
ValueError: Cannot register /loky-1214541-dd17t4g0 for automatic cleanup: unknown resource type semlock
Traceback (most recent call last):
  File "/global/common/software/nersc/pe/conda-envs/26.1.0/python-3.13/nersc-python/lib/python3.13/multiprocessing/resource_tracker.py", line 371, in main
    raise ValueError(
        f'Cannot register {name} for automatic cleanup: '
        f'unknown resource type {rtype}')
ValueError: Cannot register /loky-1214541-jcb_87j_ for automatic cleanup: unknown resource type semlock
Traceback (most recent call last):
  File "/global/common/software/nersc/pe/conda-envs/26.1.0/python-3.13/nersc-python/lib/python3.13/multiprocessing/resource_tracker.py", line 371, in main
    raise ValueError(
        f'Cannot register {name} for automatic cleanup: '
        f'unknown resource type {rtype}')
ValueError: Cannot register /dev/shm/joblib_memmapping_folder_1214541_a6365902c0d143e4a7c1f89a4d03b25b_203aa5babfdf4f40bd91e928cb3f123e for automatic cleanup: unknown resource type folder
Traceback (most recent call last):
  File "/global/common/software/nersc/pe/conda-envs/26.1.0/python-3.13/nersc-python/lib/python3.13/multiprocessing/resource_tracker.py", line 371, in main
    raise ValueError(
        f'Cannot register {name} for automatic cleanup: '
        f'unknown resource type {rtype}')
ValueError: Cannot register /loky-1214541-uprqqx2f for automatic cleanup: unknown resource type semlock
Traceback (most recent call last):
  File "/global/common/software/nersc/pe/conda-envs/26.1.0/python-3.13/nersc-python/lib/python3.13/multiprocessing/resource_tracker.py", line 371, in main
    raise ValueError(
        f'Cannot register {name} for automatic cleanup: '
        f'unknown resource type {rtype}')
ValueError: Cannot register /loky-1214541-spr5bakx for automatic cleanup: unknown resource type semlock
Traceback (most recent call last):
  File "/global/common/software/nersc/pe/conda-envs/26.1.0/python-3.13/nersc-python/lib/python3.13/multiprocessing/resource_tracker.py", line 371, in main
    raise ValueError(
        f'Cannot register {name} for automatic cleanup: '
        f'unknown resource type {rtype}')
ValueError: Cannot register /loky-1214541-2tqiww68 for automatic cleanup: unknown resource type semlock
Traceback (most recent call last):
  File "/global/common/software/nersc/pe/conda-envs/26.1.0/python-3.13/nersc-python/lib/python3.13/multiprocessing/resource_tracker.py", line 371, in main
    raise ValueError(
        f'Cannot register {name} for automatic cleanup: '
        f'unknown resource type {rtype}')
ValueError: Cannot register /loky-1214541-5tyxvvfg for automatic cleanup: unknown resource type semlock
Traceback (most recent call last):
  File "/global/common/software/nersc/pe/conda-envs/26.1.0/python-3.13/nersc-python/lib/python3.13/multiprocessing/resource_tracker.py", line 371, in main
    raise ValueError(
        f'Cannot register {name} for automatic cleanup: '
        f'unknown resource type {rtype}')
ValueError: Cannot register /loky-1214541-_sc_b9b7 for automatic cleanup: unknown resource type semlock
Traceback (most recent call last):
  File "/global/common/software/nersc/pe/conda-envs/26.1.0/python-3.13/nersc-python/lib/python3.13/multiprocessing/resource_tracker.py", line 371, in main
    raise ValueError(
        f'Cannot register {name} for automatic cleanup: '
        f'unknown resource type {rtype}')
ValueError: Cannot register /loky-1214541-s6p1p6gj for automatic cleanup: unknown resource type semlock
Traceback (most recent call last):
  File "/global/common/software/nersc/pe/conda-envs/26.1.0/python-3.13/nersc-python/lib/python3.13/multiprocessing/resource_tracker.py", line 371, in main
    raise ValueError(
        f'Cannot register {name} for automatic cleanup: '
        f'unknown resource type {rtype}')
ValueError: Cannot register /loky-1214541-w7z9fjfa for automatic cleanup: unknown resource type semlock
Traceback (most recent call last):
  File "/global/common/software/nersc/pe/conda-envs/26.1.0/python-3.13/nersc-python/lib/python3.13/multiprocessing/resource_tracker.py", line 371, in main
    raise ValueError(
        f'Cannot register {name} for automatic cleanup: '
        f'unknown resource type {rtype}')
ValueError: Cannot register /loky-1214541-98o6u4h6 for automatic cleanup: unknown resource type semlock
Traceback (most recent call last):
  File "/global/common/software/nersc/pe/conda-envs/26.1.0/python-3.13/nersc-python/lib/python3.13/multiprocessing/resource_tracker.py", line 371, in main
    raise ValueError(
        f'Cannot register {name} for automatic cleanup: '
        f'unknown resource type {rtype}')
ValueError: Cannot register /loky-1214541-e9lkjwg5 for automatic cleanup: unknown resource type semlock
Traceback (most recent call last):
  File "/global/common/software/nersc/pe/conda-envs/26.1.0/python-3.13/nersc-python/lib/python3.13/multiprocessing/resource_tracker.py", line 371, in main
    raise ValueError(
        f'Cannot register {name} for automatic cleanup: '
        f'unknown resource type {rtype}')
ValueError: Cannot register /loky-1214541-e8c11r__ for automatic cleanup: unknown resource type semlock
Traceback (most recent call last):
  File "/global/common/software/nersc/pe/conda-envs/26.1.0/python-3.13/nersc-python/lib/python3.13/multiprocessing/resource_tracker.py", line 371, in main
    raise ValueError(
        f'Cannot register {name} for automatic cleanup: '
        f'unknown resource type {rtype}')
ValueError: Cannot register /loky-1214541-p4rl5ra9 for automatic cleanup: unknown resource type semlock
Traceback (most recent call last):
  File "/global/common/software/nersc/pe/conda-envs/26.1.0/python-3.13/nersc-python/lib/python3.13/multiprocessing/resource_tracker.py", line 371, in main
    raise ValueError(
        f'Cannot register {name} for automatic cleanup: '
        f'unknown resource type {rtype}')
ValueError: Cannot register /loky-1214541-b_bjpch1 for automatic cleanup: unknown resource type semlock
Traceback (most recent call last):
  File "/global/common/software/nersc/pe/conda-envs/26.1.0/python-3.13/nersc-python/lib/python3.13/multiprocessing/resource_tracker.py", line 371, in main
    raise ValueError(
        f'Cannot register {name} for automatic cleanup: '
        f'unknown resource type {rtype}')
ValueError: Cannot register /loky-1214541-xhxvoak1 for automatic cleanup: unknown resource type semlock
Traceback (most recent call last):
  File "/global/common/software/nersc/pe/conda-envs/26.1.0/python-3.13/nersc-python/lib/python3.13/multiprocessing/resource_tracker.py", line 371, in main
    raise ValueError(
        f'Cannot register {name} for automatic cleanup: '
        f'unknown resource type {rtype}')
ValueError: Cannot register /loky-1214541-3i4dihb1 for automatic cleanup: unknown resource type semlock
Traceback (most recent call last):
  File "/global/common/software/nersc/pe/conda-envs/26.1.0/python-3.13/nersc-python/lib/python3.13/multiprocessing/resource_tracker.py", line 371, in main
    raise ValueError(
        f'Cannot register {name} for automatic cleanup: '
        f'unknown resource type {rtype}')
ValueError: Cannot register /loky-1214541-er_rvwt0 for automatic cleanup: unknown resource type semlock
Traceback (most recent call last):
  File "/global/common/software/nersc/pe/conda-envs/26.1.0/python-3.13/nersc-python/lib/python3.13/multiprocessing/resource_tracker.py", line 371, in main
    raise ValueError(
        f'Cannot register {name} for automatic cleanup: '
        f'unknown resource type {rtype}')
ValueError: Cannot register /loky-1214541-zrucfdqz for automatic cleanup: unknown resource type semlock
Traceback (most recent call last):
  File "/global/common/software/nersc/pe/conda-envs/26.1.0/python-3.13/nersc-python/lib/python3.13/multiprocessing/resource_tracker.py", line 371, in main
    raise ValueError(
        f'Cannot register {name} for automatic cleanup: '
        f'unknown resource type {rtype}')
ValueError: Cannot register /dev/shm/joblib_memmapping_folder_1214555_9f6966bbd5f24be9b5514fcb5720b7e0_8bcd79633f514956a205f6b4c72555b9 for automatic cleanup: unknown resource type folder
Traceback (most recent call last):
  File "/global/common/software/nersc/pe/conda-envs/26.1.0/python-3.13/nersc-python/lib/python3.13/multiprocessing/resource_tracker.py", line 371, in main
    raise ValueError(
        f'Cannot register {name} for automatic cleanup: '
        f'unknown resource type {rtype}')
ValueError: Cannot register /loky-1214555-gsq1e2i_ for automatic cleanup: unknown resource type semlock
Traceback (most recent call last):
  File "/global/common/software/nersc/pe/conda-envs/26.1.0/python-3.13/nersc-python/lib/python3.13/multiprocessing/resource_tracker.py", line 371, in main
    raise ValueError(
        f'Cannot register {name} for automatic cleanup: '
        f'unknown resource type {rtype}')
ValueError: Cannot register /loky-1214555-e4qyynjy for automatic cleanup: unknown resource type semlock
Traceback (most recent call last):
  File "/global/common/software/nersc/pe/conda-envs/26.1.0/python-3.13/nersc-python/lib/python3.13/multiprocessing/resource_tracker.py", line 371, in main
    raise ValueError(
        f'Cannot register {name} for automatic cleanup: '
        f'unknown resource type {rtype}')
ValueError: Cannot register /loky-1214555-o93rtc1q for automatic cleanup: unknown resource type semlock
Traceback (most recent call last):
  File "/global/common/software/nersc/pe/conda-envs/26.1.0/python-3.13/nersc-python/lib/python3.13/multiprocessing/resource_tracker.py", line 371, in main
    raise ValueError(
        f'Cannot register {name} for automatic cleanup: '
        f'unknown resource type {rtype}')
ValueError: Cannot register /loky-1214555-qzypdrde for automatic cleanup: unknown resource type semlock
Traceback (most recent call last):
  File "/global/common/software/nersc/pe/conda-envs/26.1.0/python-3.13/nersc-python/lib/python3.13/multiprocessing/resource_tracker.py", line 371, in main
    raise ValueError(
        f'Cannot register {name} for automatic cleanup: '
        f'unknown resource type {rtype}')
ValueError: Cannot register /loky-1214555-bxvsnho3 for automatic cleanup: unknown resource type semlock
Traceback (most recent call last):
  File "/global/common/software/nersc/pe/conda-envs/26.1.0/python-3.13/nersc-python/lib/python3.13/multiprocessing/resource_tracker.py", line 371, in main
    raise ValueError(
        f'Cannot register {name} for automatic cleanup: '
        f'unknown resource type {rtype}')
ValueError: Cannot register /loky-1214555-nr43ot8i for automatic cleanup: unknown resource type semlock
Traceback (most recent call last):
  File "/global/common/software/nersc/pe/conda-envs/26.1.0/python-3.13/nersc-python/lib/python3.13/multiprocessing/resource_tracker.py", line 371, in main
    raise ValueError(
        f'Cannot register {name} for automatic cleanup: '
        f'unknown resource type {rtype}')
ValueError: Cannot register /dev/shm/joblib_memmapping_folder_1214555_9f6966bbd5f24be9b5514fcb5720b7e0_52d6c79c20004b748136af920948eec9 for automatic cleanup: unknown resource type folder
Traceback (most recent call last):
  File "/global/common/software/nersc/pe/conda-envs/26.1.0/python-3.13/nersc-python/lib/python3.13/multiprocessing/resource_tracker.py", line 371, in main
    raise ValueError(
        f'Cannot register {name} for automatic cleanup: '
        f'unknown resource type {rtype}')
ValueError: Cannot register /loky-1214555-cj4rp1m9 for automatic cleanup: unknown resource type semlock
Traceback (most recent call last):
  File "/global/common/software/nersc/pe/conda-envs/26.1.0/python-3.13/nersc-python/lib/python3.13/multiprocessing/resource_tracker.py", line 371, in main
    raise ValueError(
        f'Cannot register {name} for automatic cleanup: '
        f'unknown resource type {rtype}')
ValueError: Cannot register /loky-1214555-mptbfh74 for automatic cleanup: unknown resource type semlock
Traceback (most recent call last):
  File "/global/common/software/nersc/pe/conda-envs/26.1.0/python-3.13/nersc-python/lib/python3.13/multiprocessing/resource_tracker.py", line 371, in main
    raise ValueError(
        f'Cannot register {name} for automatic cleanup: '
        f'unknown resource type {rtype}')
ValueError: Cannot register /loky-1214555-54ivt321 for automatic cleanup: unknown resource type semlock
Traceback (most recent call last):
  File "/global/common/software/nersc/pe/conda-envs/26.1.0/python-3.13/nersc-python/lib/python3.13/multiprocessing/resource_tracker.py", line 371, in main
    raise ValueError(
        f'Cannot register {name} for automatic cleanup: '
        f'unknown resource type {rtype}')
ValueError: Cannot register /loky-1214555-djg1u5vx for automatic cleanup: unknown resource type semlock
Traceback (most recent call last):
  File "/global/common/software/nersc/pe/conda-envs/26.1.0/python-3.13/nersc-python/lib/python3.13/multiprocessing/resource_tracker.py", line 371, in main
    raise ValueError(
        f'Cannot register {name} for automatic cleanup: '
        f'unknown resource type {rtype}')
ValueError: Cannot register /loky-1214555-g4gneedc for automatic cleanup: unknown resource type semlock
Traceback (most recent call last):
  File "/global/common/software/nersc/pe/conda-envs/26.1.0/python-3.13/nersc-python/lib/python3.13/multiprocessing/resource_tracker.py", line 371, in main
    raise ValueError(
        f'Cannot register {name} for automatic cleanup: '
        f'unknown resource type {rtype}')
ValueError: Cannot register /loky-1214555-6n_gdyf6 for automatic cleanup: unknown resource type semlock
Traceback (most recent call last):
  File "/global/common/software/nersc/pe/conda-envs/26.1.0/python-3.13/nersc-python/lib/python3.13/multiprocessing/resource_tracker.py", line 371, in main
    raise ValueError(
        f'Cannot register {name} for automatic cleanup: '
        f'unknown resource type {rtype}')
ValueError: Cannot register /loky-1214555-g9mudcjc for automatic cleanup: unknown resource type semlock
Traceback (most recent call last):
  File "/global/common/software/nersc/pe/conda-envs/26.1.0/python-3.13/nersc-python/lib/python3.13/multiprocessing/resource_tracker.py", line 371, in main
    raise ValueError(
        f'Cannot register {name} for automatic cleanup: '
        f'unknown resource type {rtype}')
ValueError: Cannot register /loky-1214555-sfpdfhg8 for automatic cleanup: unknown resource type semlock
Traceback (most recent call last):
  File "/global/common/software/nersc/pe/conda-envs/26.1.0/python-3.13/nersc-python/lib/python3.13/multiprocessing/resource_tracker.py", line 371, in main
    raise ValueError(
        f'Cannot register {name} for automatic cleanup: '
        f'unknown resource type {rtype}')
ValueError: Cannot register /loky-1214555-53jahsry for automatic cleanup: unknown resource type semlock
Traceback (most recent call last):
  File "/global/common/software/nersc/pe/conda-envs/26.1.0/python-3.13/nersc-python/lib/python3.13/multiprocessing/resource_tracker.py", line 371, in main
    raise ValueError(
        f'Cannot register {name} for automatic cleanup: '
        f'unknown resource type {rtype}')
ValueError: Cannot register /loky-1214555-3uboos1q for automatic cleanup: unknown resource type semlock
Traceback (most recent call last):
  File "/global/common/software/nersc/pe/conda-envs/26.1.0/python-3.13/nersc-python/lib/python3.13/multiprocessing/resource_tracker.py", line 371, in main
    raise ValueError(
        f'Cannot register {name} for automatic cleanup: '
        f'unknown resource type {rtype}')
ValueError: Cannot register /loky-1214555-nfze_lmo for automatic cleanup: unknown resource type semlock
Traceback (most recent call last):
  File "/global/common/software/nersc/pe/conda-envs/26.1.0/python-3.13/nersc-python/lib/python3.13/multiprocessing/resource_tracker.py", line 371, in main
    raise ValueError(
        f'Cannot register {name} for automatic cleanup: '
        f'unknown resource type {rtype}')
ValueError: Cannot register /loky-1214555-07g0ux1i for automatic cleanup: unknown resource type semlock
Traceback (most recent call last):
  File "/global/common/software/nersc/pe/conda-envs/26.1.0/python-3.13/nersc-python/lib/python3.13/multiprocessing/resource_tracker.py", line 371, in main
    raise ValueError(
        f'Cannot register {name} for automatic cleanup: '
        f'unknown resource type {rtype}')
ValueError: Cannot register /loky-1214555-ef2rlx_9 for automatic cleanup: unknown resource type semlock
Traceback (most recent call last):
  File "/global/common/software/nersc/pe/conda-envs/26.1.0/python-3.13/nersc-python/lib/python3.13/multiprocessing/resource_tracker.py", line 371, in main
    raise ValueError(
        f'Cannot register {name} for automatic cleanup: '
        f'unknown resource type {rtype}')
ValueError: Cannot register /loky-1214555-4nek273q for automatic cleanup: unknown resource type semlock
Traceback (most recent call last):
  File "/global/common/software/nersc/pe/conda-envs/26.1.0/python-3.13/nersc-python/lib/python3.13/multiprocessing/resource_tracker.py", line 371, in main
    raise ValueError(
        f'Cannot register {name} for automatic cleanup: '
        f'unknown resource type {rtype}')
ValueError: Cannot register /loky-1214555-vczgt30r for automatic cleanup: unknown resource type semlock
Traceback (most recent call last):
  File "/global/common/software/nersc/pe/conda-envs/26.1.0/python-3.13/nersc-python/lib/python3.13/multiprocessing/resource_tracker.py", line 371, in main
    raise ValueError(
        f'Cannot register {name} for automatic cleanup: '
        f'unknown resource type {rtype}')
ValueError: Cannot register /loky-1214555-v89engzi for automatic cleanup: unknown resource type semlock
Traceback (most recent call last):
  File "/global/common/software/nersc/pe/conda-envs/26.1.0/python-3.13/nersc-python/lib/python3.13/multiprocessing/resource_tracker.py", line 371, in main
    raise ValueError(
        f'Cannot register {name} for automatic cleanup: '
        f'unknown resource type {rtype}')
ValueError: Cannot register /dev/shm/joblib_memmapping_folder_1214552_ed538e60529e46bd9c022b87297261a2_666c7ab361d4458ea38514491423b38a for automatic cleanup: unknown resource type folder
Traceback (most recent call last):
  File "/global/common/software/nersc/pe/conda-envs/26.1.0/python-3.13/nersc-python/lib/python3.13/multiprocessing/resource_tracker.py", line 371, in main
    raise ValueError(
        f'Cannot register {name} for automatic cleanup: '
        f'unknown resource type {rtype}')
ValueError: Cannot register /loky-1214552-54k3n0rb for automatic cleanup: unknown resource type semlock
Traceback (most recent call last):
  File "/global/common/software/nersc/pe/conda-envs/26.1.0/python-3.13/nersc-python/lib/python3.13/multiprocessing/resource_tracker.py", line 371, in main
    raise ValueError(
        f'Cannot register {name} for automatic cleanup: '
        f'unknown resource type {rtype}')
ValueError: Cannot register /loky-1214552-5hngff45 for automatic cleanup: unknown resource type semlock
Traceback (most recent call last):
  File "/global/common/software/nersc/pe/conda-envs/26.1.0/python-3.13/nersc-python/lib/python3.13/multiprocessing/resource_tracker.py", line 371, in main
    raise ValueError(
        f'Cannot register {name} for automatic cleanup: '
        f'unknown resource type {rtype}')
ValueError: Cannot register /loky-1214552-8lxbcvn9 for automatic cleanup: unknown resource type semlock
Traceback (most recent call last):
  File "/global/common/software/nersc/pe/conda-envs/26.1.0/python-3.13/nersc-python/lib/python3.13/multiprocessing/resource_tracker.py", line 371, in main
    raise ValueError(
        f'Cannot register {name} for automatic cleanup: '
        f'unknown resource type {rtype}')
ValueError: Cannot register /loky-1214552-c1sd6c6y for automatic cleanup: unknown resource type semlock
Traceback (most recent call last):
  File "/global/common/software/nersc/pe/conda-envs/26.1.0/python-3.13/nersc-python/lib/python3.13/multiprocessing/resource_tracker.py", line 371, in main
    raise ValueError(
        f'Cannot register {name} for automatic cleanup: '
        f'unknown resource type {rtype}')
ValueError: Cannot register /loky-1214552-vpw37wqw for automatic cleanup: unknown resource type semlock
Traceback (most recent call last):
  File "/global/common/software/nersc/pe/conda-envs/26.1.0/python-3.13/nersc-python/lib/python3.13/multiprocessing/resource_tracker.py", line 371, in main
    raise ValueError(
        f'Cannot register {name} for automatic cleanup: '
        f'unknown resource type {rtype}')
ValueError: Cannot register /loky-1214552-3t7049j2 for automatic cleanup: unknown resource type semlock
Traceback (most recent call last):
  File "/global/common/software/nersc/pe/conda-envs/26.1.0/python-3.13/nersc-python/lib/python3.13/multiprocessing/resource_tracker.py", line 371, in main
    raise ValueError(
        f'Cannot register {name} for automatic cleanup: '
        f'unknown resource type {rtype}')
ValueError: Cannot register /dev/shm/joblib_memmapping_folder_1214552_ed538e60529e46bd9c022b87297261a2_29f4ce967f2841558300d90df73faadf for automatic cleanup: unknown resource type folder
Traceback (most recent call last):
  File "/global/common/software/nersc/pe/conda-envs/26.1.0/python-3.13/nersc-python/lib/python3.13/multiprocessing/resource_tracker.py", line 371, in main
    raise ValueError(
        f'Cannot register {name} for automatic cleanup: '
        f'unknown resource type {rtype}')
ValueError: Cannot register /loky-1214552-txpg52x8 for automatic cleanup: unknown resource type semlock
Traceback (most recent call last):
  File "/global/common/software/nersc/pe/conda-envs/26.1.0/python-3.13/nersc-python/lib/python3.13/multiprocessing/resource_tracker.py", line 371, in main
    raise ValueError(
        f'Cannot register {name} for automatic cleanup: '
        f'unknown resource type {rtype}')
ValueError: Cannot register /loky-1214552-89gc912w for automatic cleanup: unknown resource type semlock
Traceback (most recent call last):
  File "/global/common/software/nersc/pe/conda-envs/26.1.0/python-3.13/nersc-python/lib/python3.13/multiprocessing/resource_tracker.py", line 371, in main
    raise ValueError(
        f'Cannot register {name} for automatic cleanup: '
        f'unknown resource type {rtype}')
ValueError: Cannot register /loky-1214552-gwksb7vd for automatic cleanup: unknown resource type semlock
Traceback (most recent call last):
  File "/global/common/software/nersc/pe/conda-envs/26.1.0/python-3.13/nersc-python/lib/python3.13/multiprocessing/resource_tracker.py", line 371, in main
    raise ValueError(
        f'Cannot register {name} for automatic cleanup: '
        f'unknown resource type {rtype}')
ValueError: Cannot register /loky-1214552-l5v_m_ro for automatic cleanup: unknown resource type semlock
Traceback (most recent call last):
  File "/global/common/software/nersc/pe/conda-envs/26.1.0/python-3.13/nersc-python/lib/python3.13/multiprocessing/resource_tracker.py", line 371, in main
    raise ValueError(
        f'Cannot register {name} for automatic cleanup: '
        f'unknown resource type {rtype}')
ValueError: Cannot register /loky-1214552-0rqi5hm7 for automatic cleanup: unknown resource type semlock
Traceback (most recent call last):
  File "/global/common/software/nersc/pe/conda-envs/26.1.0/python-3.13/nersc-python/lib/python3.13/multiprocessing/resource_tracker.py", line 371, in main
    raise ValueError(
        f'Cannot register {name} for automatic cleanup: '
        f'unknown resource type {rtype}')
ValueError: Cannot register /loky-1214552-z8ul9yjy for automatic cleanup: unknown resource type semlock
Traceback (most recent call last):
  File "/global/common/software/nersc/pe/conda-envs/26.1.0/python-3.13/nersc-python/lib/python3.13/multiprocessing/resource_tracker.py", line 371, in main
    raise ValueError(
        f'Cannot register {name} for automatic cleanup: '
        f'unknown resource type {rtype}')
ValueError: Cannot register /loky-1214552-vi3_0f9c for automatic cleanup: unknown resource type semlock
Traceback (most recent call last):
  File "/global/common/software/nersc/pe/conda-envs/26.1.0/python-3.13/nersc-python/lib/python3.13/multiprocessing/resource_tracker.py", line 371, in main
    raise ValueError(
        f'Cannot register {name} for automatic cleanup: '
        f'unknown resource type {rtype}')
ValueError: Cannot register /loky-1214552-5ycb65r_ for automatic cleanup: unknown resource type semlock
Traceback (most recent call last):
  File "/global/common/software/nersc/pe/conda-envs/26.1.0/python-3.13/nersc-python/lib/python3.13/multiprocessing/resource_tracker.py", line 371, in main
    raise ValueError(
        f'Cannot register {name} for automatic cleanup: '
        f'unknown resource type {rtype}')
ValueError: Cannot register /loky-1214552-s35qyai7 for automatic cleanup: unknown resource type semlock
Traceback (most recent call last):
  File "/global/common/software/nersc/pe/conda-envs/26.1.0/python-3.13/nersc-python/lib/python3.13/multiprocessing/resource_tracker.py", line 371, in main
    raise ValueError(
        f'Cannot register {name} for automatic cleanup: '
        f'unknown resource type {rtype}')
ValueError: Cannot register /loky-1214552-v8n7t8hm for automatic cleanup: unknown resource type semlock
Traceback (most recent call last):
  File "/global/common/software/nersc/pe/conda-envs/26.1.0/python-3.13/nersc-python/lib/python3.13/multiprocessing/resource_tracker.py", line 371, in main
    raise ValueError(
        f'Cannot register {name} for automatic cleanup: '
        f'unknown resource type {rtype}')
ValueError: Cannot register /loky-1214552-lv7sur1q for automatic cleanup: unknown resource type semlock
Traceback (most recent call last):
  File "/global/common/software/nersc/pe/conda-envs/26.1.0/python-3.13/nersc-python/lib/python3.13/multiprocessing/resource_tracker.py", line 371, in main
    raise ValueError(
        f'Cannot register {name} for automatic cleanup: '
        f'unknown resource type {rtype}')
ValueError: Cannot register /loky-1214552-w2bu8c0k for automatic cleanup: unknown resource type semlock
Traceback (most recent call last):
  File "/global/common/software/nersc/pe/conda-envs/26.1.0/python-3.13/nersc-python/lib/python3.13/multiprocessing/resource_tracker.py", line 371, in main
    raise ValueError(
        f'Cannot register {name} for automatic cleanup: '
        f'unknown resource type {rtype}')
ValueError: Cannot register /loky-1214552-f7upbsd5 for automatic cleanup: unknown resource type semlock
Traceback (most recent call last):
  File "/global/common/software/nersc/pe/conda-envs/26.1.0/python-3.13/nersc-python/lib/python3.13/multiprocessing/resource_tracker.py", line 371, in main
    raise ValueError(
        f'Cannot register {name} for automatic cleanup: '
        f'unknown resource type {rtype}')
ValueError: Cannot register /loky-1214552-e6gekutm for automatic cleanup: unknown resource type semlock
Traceback (most recent call last):
  File "/global/common/software/nersc/pe/conda-envs/26.1.0/python-3.13/nersc-python/lib/python3.13/multiprocessing/resource_tracker.py", line 371, in main
    raise ValueError(
        f'Cannot register {name} for automatic cleanup: '
        f'unknown resource type {rtype}')
ValueError: Cannot register /loky-1214552-uy__gt7a for automatic cleanup: unknown resource type semlock
Traceback (most recent call last):
  File "/global/common/software/nersc/pe/conda-envs/26.1.0/python-3.13/nersc-python/lib/python3.13/multiprocessing/resource_tracker.py", line 371, in main
    raise ValueError(
        f'Cannot register {name} for automatic cleanup: '
        f'unknown resource type {rtype}')
ValueError: Cannot register /loky-1214552-1czqh3yb for automatic cleanup: unknown resource type semlock
Traceback (most recent call last):
  File "/global/common/software/nersc/pe/conda-envs/26.1.0/python-3.13/nersc-python/lib/python3.13/multiprocessing/resource_tracker.py", line 371, in main
    raise ValueError(
        f'Cannot register {name} for automatic cleanup: '
        f'unknown resource type {rtype}')
ValueError: Cannot register /dev/shm/joblib_memmapping_folder_1214543_445b880b6ffa4e3780609fa2356cd503_2c54477d4cf948148552b7e63094b7af for automatic cleanup: unknown resource type folder
Traceback (most recent call last):
  File "/global/common/software/nersc/pe/conda-envs/26.1.0/python-3.13/nersc-python/lib/python3.13/multiprocessing/resource_tracker.py", line 371, in main
    raise ValueError(
        f'Cannot register {name} for automatic cleanup: '
        f'unknown resource type {rtype}')
ValueError: Cannot register /loky-1214543-9rtyifnr for automatic cleanup: unknown resource type semlock
Traceback (most recent call last):
  File "/global/common/software/nersc/pe/conda-envs/26.1.0/python-3.13/nersc-python/lib/python3.13/multiprocessing/resource_tracker.py", line 371, in main
    raise ValueError(
        f'Cannot register {name} for automatic cleanup: '
        f'unknown resource type {rtype}')
ValueError: Cannot register /loky-1214543-clpg333j for automatic cleanup: unknown resource type semlock
Traceback (most recent call last):
  File "/global/common/software/nersc/pe/conda-envs/26.1.0/python-3.13/nersc-python/lib/python3.13/multiprocessing/resource_tracker.py", line 371, in main
    raise ValueError(
        f'Cannot register {name} for automatic cleanup: '
        f'unknown resource type {rtype}')
ValueError: Cannot register /loky-1214543-qfmds2j8 for automatic cleanup: unknown resource type semlock
Traceback (most recent call last):
  File "/global/common/software/nersc/pe/conda-envs/26.1.0/python-3.13/nersc-python/lib/python3.13/multiprocessing/resource_tracker.py", line 371, in main
    raise ValueError(
        f'Cannot register {name} for automatic cleanup: '
        f'unknown resource type {rtype}')
ValueError: Cannot register /loky-1214543-td1i8ieh for automatic cleanup: unknown resource type semlock
Traceback (most recent call last):
  File "/global/common/software/nersc/pe/conda-envs/26.1.0/python-3.13/nersc-python/lib/python3.13/multiprocessing/resource_tracker.py", line 371, in main
    raise ValueError(
        f'Cannot register {name} for automatic cleanup: '
        f'unknown resource type {rtype}')
ValueError: Cannot register /loky-1214543-f7_fg9es for automatic cleanup: unknown resource type semlock
Traceback (most recent call last):
  File "/global/common/software/nersc/pe/conda-envs/26.1.0/python-3.13/nersc-python/lib/python3.13/multiprocessing/resource_tracker.py", line 371, in main
    raise ValueError(
        f'Cannot register {name} for automatic cleanup: '
        f'unknown resource type {rtype}')
ValueError: Cannot register /loky-1214543-4mbh6iat for automatic cleanup: unknown resource type semlock
Traceback (most recent call last):
  File "/global/common/software/nersc/pe/conda-envs/26.1.0/python-3.13/nersc-python/lib/python3.13/multiprocessing/resource_tracker.py", line 371, in main
    raise ValueError(
        f'Cannot register {name} for automatic cleanup: '
        f'unknown resource type {rtype}')
ValueError: Cannot register /dev/shm/joblib_memmapping_folder_1214543_445b880b6ffa4e3780609fa2356cd503_0feaca9726bc4ffeb5020d4dc87d259c for automatic cleanup: unknown resource type folder
Traceback (most recent call last):
  File "/global/common/software/nersc/pe/conda-envs/26.1.0/python-3.13/nersc-python/lib/python3.13/multiprocessing/resource_tracker.py", line 371, in main
    raise ValueError(
        f'Cannot register {name} for automatic cleanup: '
        f'unknown resource type {rtype}')
ValueError: Cannot register /loky-1214543-9_0096y0 for automatic cleanup: unknown resource type semlock
Traceback (most recent call last):
  File "/global/common/software/nersc/pe/conda-envs/26.1.0/python-3.13/nersc-python/lib/python3.13/multiprocessing/resource_tracker.py", line 371, in main
    raise ValueError(
        f'Cannot register {name} for automatic cleanup: '
        f'unknown resource type {rtype}')
ValueError: Cannot register /loky-1214543-6iwgdj3r for automatic cleanup: unknown resource type semlock
Traceback (most recent call last):
  File "/global/common/software/nersc/pe/conda-envs/26.1.0/python-3.13/nersc-python/lib/python3.13/multiprocessing/resource_tracker.py", line 371, in main
    raise ValueError(
        f'Cannot register {name} for automatic cleanup: '
        f'unknown resource type {rtype}')
ValueError: Cannot register /loky-1214543-op62zscn for automatic cleanup: unknown resource type semlock
Traceback (most recent call last):
  File "/global/common/software/nersc/pe/conda-envs/26.1.0/python-3.13/nersc-python/lib/python3.13/multiprocessing/resource_tracker.py", line 371, in main
    raise ValueError(
        f'Cannot register {name} for automatic cleanup: '
        f'unknown resource type {rtype}')
ValueError: Cannot register /loky-1214543-z2r4skot for automatic cleanup: unknown resource type semlock
Traceback (most recent call last):
  File "/global/common/software/nersc/pe/conda-envs/26.1.0/python-3.13/nersc-python/lib/python3.13/multiprocessing/resource_tracker.py", line 371, in main
    raise ValueError(
        f'Cannot register {name} for automatic cleanup: '
        f'unknown resource type {rtype}')
ValueError: Cannot register /loky-1214543-7rog_yi4 for automatic cleanup: unknown resource type semlock
Traceback (most recent call last):
  File "/global/common/software/nersc/pe/conda-envs/26.1.0/python-3.13/nersc-python/lib/python3.13/multiprocessing/resource_tracker.py", line 371, in main
    raise ValueError(
        f'Cannot register {name} for automatic cleanup: '
        f'unknown resource type {rtype}')
ValueError: Cannot register /loky-1214543-aircpp6u for automatic cleanup: unknown resource type semlock
Traceback (most recent call last):
  File "/global/common/software/nersc/pe/conda-envs/26.1.0/python-3.13/nersc-python/lib/python3.13/multiprocessing/resource_tracker.py", line 371, in main
    raise ValueError(
        f'Cannot register {name} for automatic cleanup: '
        f'unknown resource type {rtype}')
ValueError: Cannot register /loky-1214543-65wqgadq for automatic cleanup: unknown resource type semlock
Traceback (most recent call last):
  File "/global/common/software/nersc/pe/conda-envs/26.1.0/python-3.13/nersc-python/lib/python3.13/multiprocessing/resource_tracker.py", line 371, in main
    raise ValueError(
        f'Cannot register {name} for automatic cleanup: '
        f'unknown resource type {rtype}')
ValueError: Cannot register /loky-1214543-b191t8hy for automatic cleanup: unknown resource type semlock
Traceback (most recent call last):
  File "/global/common/software/nersc/pe/conda-envs/26.1.0/python-3.13/nersc-python/lib/python3.13/multiprocessing/resource_tracker.py", line 371, in main
    raise ValueError(
        f'Cannot register {name} for automatic cleanup: '
        f'unknown resource type {rtype}')
ValueError: Cannot register /loky-1214543-2xr5tjfb for automatic cleanup: unknown resource type semlock
Traceback (most recent call last):
  File "/global/common/software/nersc/pe/conda-envs/26.1.0/python-3.13/nersc-python/lib/python3.13/multiprocessing/resource_tracker.py", line 371, in main
    raise ValueError(
        f'Cannot register {name} for automatic cleanup: '
        f'unknown resource type {rtype}')
ValueError: Cannot register /loky-1214543-e_hrmopj for automatic cleanup: unknown resource type semlock
Traceback (most recent call last):
  File "/global/common/software/nersc/pe/conda-envs/26.1.0/python-3.13/nersc-python/lib/python3.13/multiprocessing/resource_tracker.py", line 371, in main
    raise ValueError(
        f'Cannot register {name} for automatic cleanup: '
        f'unknown resource type {rtype}')
ValueError: Cannot register /loky-1214543-jq2l_6iy for automatic cleanup: unknown resource type semlock
Traceback (most recent call last):
  File "/global/common/software/nersc/pe/conda-envs/26.1.0/python-3.13/nersc-python/lib/python3.13/multiprocessing/resource_tracker.py", line 371, in main
    raise ValueError(
        f'Cannot register {name} for automatic cleanup: '
        f'unknown resource type {rtype}')
ValueError: Cannot register /loky-1214543-_gpuydkz for automatic cleanup: unknown resource type semlock
Traceback (most recent call last):
  File "/global/common/software/nersc/pe/conda-envs/26.1.0/python-3.13/nersc-python/lib/python3.13/multiprocessing/resource_tracker.py", line 371, in main
    raise ValueError(
        f'Cannot register {name} for automatic cleanup: '
        f'unknown resource type {rtype}')
ValueError: Cannot register /loky-1214543-6ib2wgv_ for automatic cleanup: unknown resource type semlock
Traceback (most recent call last):
  File "/global/common/software/nersc/pe/conda-envs/26.1.0/python-3.13/nersc-python/lib/python3.13/multiprocessing/resource_tracker.py", line 371, in main
    raise ValueError(
        f'Cannot register {name} for automatic cleanup: '
        f'unknown resource type {rtype}')
ValueError: Cannot register /loky-1214543-drwqvt2q for automatic cleanup: unknown resource type semlock
Traceback (most recent call last):
  File "/global/common/software/nersc/pe/conda-envs/26.1.0/python-3.13/nersc-python/lib/python3.13/multiprocessing/resource_tracker.py", line 371, in main
    raise ValueError(
        f'Cannot register {name} for automatic cleanup: '
        f'unknown resource type {rtype}')
ValueError: Cannot register /loky-1214543-ymrbggfs for automatic cleanup: unknown resource type semlock
Traceback (most recent call last):
  File "/global/common/software/nersc/pe/conda-envs/26.1.0/python-3.13/nersc-python/lib/python3.13/multiprocessing/resource_tracker.py", line 371, in main
    raise ValueError(
        f'Cannot register {name} for automatic cleanup: '
        f'unknown resource type {rtype}')
ValueError: Cannot register /loky-1214543-r995yx71 for automatic cleanup: unknown resource type semlock
/pscratch/sd/m/mbao202/NNL-P7/venv/lib/python3.13/site-packages/joblib/externals/loky/process_executor.py:782: UserWarning: A worker stopped while some jobs were given to the executor. This can be caused by a too short worker timeout or by a memory leak.
  warnings.warn(
Traceback (most recent call last):
  File "/global/common/software/nersc/pe/conda-envs/26.1.0/python-3.13/nersc-python/lib/python3.13/multiprocessing/resource_tracker.py", line 371, in main
    raise ValueError(
        f'Cannot register {name} for automatic cleanup: '
        f'unknown resource type {rtype}')
ValueError: Cannot register /loky-1214550-2xevk472 for automatic cleanup: unknown resource type semlock
Traceback (most recent call last):
  File "/global/common/software/nersc/pe/conda-envs/26.1.0/python-3.13/nersc-python/lib/python3.13/multiprocessing/resource_tracker.py", line 371, in main
    raise ValueError(
        f'Cannot register {name} for automatic cleanup: '
        f'unknown resource type {rtype}')
ValueError: Cannot register /loky-1214550-7aqk2cwz for automatic cleanup: unknown resource type semlock
/pscratch/sd/m/mbao202/NNL-P7/venv/lib/python3.13/site-packages/joblib/externals/loky/process_executor.py:782: UserWarning: A worker stopped while some jobs were given to the executor. This can be caused by a too short worker timeout or by a memory leak.
  warnings.warn(
Traceback (most recent call last):
  File "/global/common/software/nersc/pe/conda-envs/26.1.0/python-3.13/nersc-python/lib/python3.13/multiprocessing/resource_tracker.py", line 371, in main
    raise ValueError(
        f'Cannot register {name} for automatic cleanup: '
        f'unknown resource type {rtype}')
ValueError: Cannot register /loky-341943-rsts3lbo for automatic cleanup: unknown resource type semlock
Traceback (most recent call last):
  File "/global/common/software/nersc/pe/conda-envs/26.1.0/python-3.13/nersc-python/lib/python3.13/multiprocessing/resource_tracker.py", line 371, in main
    raise ValueError(
        f'Cannot register {name} for automatic cleanup: '
        f'unknown resource type {rtype}')
ValueError: Cannot register /loky-341943-s2a8e2h0 for automatic cleanup: unknown resource type semlock
Traceback (most recent call last):
  File "/global/common/software/nersc/pe/conda-envs/26.1.0/python-3.13/nersc-python/lib/python3.13/multiprocessing/resource_tracker.py", line 371, in main
    raise ValueError(
        f'Cannot register {name} for automatic cleanup: '
        f'unknown resource type {rtype}')
ValueError: Cannot register /loky-1214555-4nek273q for automatic cleanup: unknown resource type semlock
/pscratch/sd/m/mbao202/NNL-P7/venv/lib/python3.13/site-packages/joblib/externals/loky/process_executor.py:782: UserWarning: A worker stopped while some jobs were given to the executor. This can be caused by a too short worker timeout or by a memory leak.
  warnings.warn(
Traceback (most recent call last):
  File "/global/common/software/nersc/pe/conda-envs/26.1.0/python-3.13/nersc-python/lib/python3.13/multiprocessing/resource_tracker.py", line 371, in main
    raise ValueError(
        f'Cannot register {name} for automatic cleanup: '
        f'unknown resource type {rtype}')
ValueError: Cannot register /loky-1214555-0t9f90pv for automatic cleanup: unknown resource type semlock
/pscratch/sd/m/mbao202/NNL-P7/venv/lib/python3.13/site-packages/joblib/externals/loky/process_executor.py:782: UserWarning: A worker stopped while some jobs were given to the executor. This can be caused by a too short worker timeout or by a memory leak.
  warnings.warn(
Traceback (most recent call last):
  File "/global/common/software/nersc/pe/conda-envs/26.1.0/python-3.13/nersc-python/lib/python3.13/multiprocessing/resource_tracker.py", line 371, in main
    raise ValueError(
        f'Cannot register {name} for automatic cleanup: '
        f'unknown resource type {rtype}')
ValueError: Cannot register /loky-341934-nmirc0rp for automatic cleanup: unknown resource type semlock
Traceback (most recent call last):
  File "/global/common/software/nersc/pe/conda-envs/26.1.0/python-3.13/nersc-python/lib/python3.13/multiprocessing/resource_tracker.py", line 371, in main
    raise ValueError(
        f'Cannot register {name} for automatic cleanup: '
        f'unknown resource type {rtype}')
ValueError: Cannot register /loky-341934-9_4fafwu for automatic cleanup: unknown resource type semlock
Traceback (most recent call last):
  File "/global/common/software/nersc/pe/conda-envs/26.1.0/python-3.13/nersc-python/lib/python3.13/multiprocessing/resource_tracker.py", line 371, in main
    raise ValueError(
        f'Cannot register {name} for automatic cleanup: '
        f'unknown resource type {rtype}')
ValueError: Cannot register /loky-341931-1asyef2d for automatic cleanup: unknown resource type semlock
/pscratch/sd/m/mbao202/NNL-P7/venv/lib/python3.13/site-packages/joblib/externals/loky/process_executor.py:782: UserWarning: A worker stopped while some jobs were given to the executor. This can be caused by a too short worker timeout or by a memory leak.
  warnings.warn(
Traceback (most recent call last):
  File "/global/common/software/nersc/pe/conda-envs/26.1.0/python-3.13/nersc-python/lib/python3.13/multiprocessing/resource_tracker.py", line 371, in main
    raise ValueError(
        f'Cannot register {name} for automatic cleanup: '
        f'unknown resource type {rtype}')
ValueError: Cannot register /loky-341931-fke3aspp for automatic cleanup: unknown resource type semlock
/pscratch/sd/m/mbao202/NNL-P7/venv/lib/python3.13/site-packages/joblib/externals/loky/process_executor.py:782: UserWarning: A worker stopped while some jobs were given to the executor. This can be caused by a too short worker timeout or by a memory leak.
  warnings.warn(
Traceback (most recent call last):
  File "/global/common/software/nersc/pe/conda-envs/26.1.0/python-3.13/nersc-python/lib/python3.13/multiprocessing/resource_tracker.py", line 371, in main
    raise ValueError(
        f'Cannot register {name} for automatic cleanup: '
        f'unknown resource type {rtype}')
ValueError: Cannot register /loky-1214553-wsd53x1t for automatic cleanup: unknown resource type semlock
Traceback (most recent call last):
  File "/global/common/software/nersc/pe/conda-envs/26.1.0/python-3.13/nersc-python/lib/python3.13/multiprocessing/resource_tracker.py", line 371, in main
    raise ValueError(
        f'Cannot register {name} for automatic cleanup: '
        f'unknown resource type {rtype}')
ValueError: Cannot register /loky-1214553-k66ares4 for automatic cleanup: unknown resource type semlock
Traceback (most recent call last):
  File "/global/common/software/nersc/pe/conda-envs/26.1.0/python-3.13/nersc-python/lib/python3.13/multiprocessing/resource_tracker.py", line 371, in main
    raise ValueError(
        f'Cannot register {name} for automatic cleanup: '
        f'unknown resource type {rtype}')
ValueError: Cannot register /loky-341925-wx09vn84 for automatic cleanup: unknown resource type semlock
/pscratch/sd/m/mbao202/NNL-P7/venv/lib/python3.13/site-packages/joblib/externals/loky/process_executor.py:782: UserWarning: A worker stopped while some jobs were given to the executor. This can be caused by a too short worker timeout or by a memory leak.
  warnings.warn(
Traceback (most recent call last):
  File "/global/common/software/nersc/pe/conda-envs/26.1.0/python-3.13/nersc-python/lib/python3.13/multiprocessing/resource_tracker.py", line 371, in main
    raise ValueError(
        f'Cannot register {name} for automatic cleanup: '
        f'unknown resource type {rtype}')
ValueError: Cannot register /loky-341925-wwhl8n93 for automatic cleanup: unknown resource type semlock
Traceback (most recent call last):
  File "/global/common/software/nersc/pe/conda-envs/26.1.0/python-3.13/nersc-python/lib/python3.13/multiprocessing/resource_tracker.py", line 371, in main
    raise ValueError(
        f'Cannot register {name} for automatic cleanup: '
        f'unknown resource type {rtype}')
ValueError: Cannot register /loky-1214541-zrucfdqz for automatic cleanup: unknown resource type semlock
/pscratch/sd/m/mbao202/NNL-P7/venv/lib/python3.13/site-packages/joblib/externals/loky/process_executor.py:782: UserWarning: A worker stopped while some jobs were given to the executor. This can be caused by a too short worker timeout or by a memory leak.
  warnings.warn(
Traceback (most recent call last):
  File "/global/common/software/nersc/pe/conda-envs/26.1.0/python-3.13/nersc-python/lib/python3.13/multiprocessing/resource_tracker.py", line 371, in main
    raise ValueError(
        f'Cannot register {name} for automatic cleanup: '
        f'unknown resource type {rtype}')
ValueError: Cannot register /loky-1214541-jwgyaqvi for automatic cleanup: unknown resource type semlock
Traceback (most recent call last):
  File "/global/common/software/nersc/pe/conda-envs/26.1.0/python-3.13/nersc-python/lib/python3.13/multiprocessing/resource_tracker.py", line 371, in main
    raise ValueError(
        f'Cannot register {name} for automatic cleanup: '
        f'unknown resource type {rtype}')
ValueError: Cannot register /loky-1214555-07g0ux1i for automatic cleanup: unknown resource type semlock
Traceback (most recent call last):
  File "/global/common/software/nersc/pe/conda-envs/26.1.0/python-3.13/nersc-python/lib/python3.13/multiprocessing/resource_tracker.py", line 371, in main
    raise ValueError(
        f'Cannot register {name} for automatic cleanup: '
        f'unknown resource type {rtype}')
ValueError: Cannot register /loky-1214555-nyyh9zkf for automatic cleanup: unknown resource type semlock
Traceback (most recent call last):
  File "/global/common/software/nersc/pe/conda-envs/26.1.0/python-3.13/nersc-python/lib/python3.13/multiprocessing/resource_tracker.py", line 371, in main
    raise ValueError(
        f'Cannot register {name} for automatic cleanup: '
        f'unknown resource type {rtype}')
ValueError: Cannot register /loky-1214541-er_rvwt0 for automatic cleanup: unknown resource type semlock
Traceback (most recent call last):
  File "/global/common/software/nersc/pe/conda-envs/26.1.0/python-3.13/nersc-python/lib/python3.13/multiprocessing/resource_tracker.py", line 371, in main
    raise ValueError(
        f'Cannot register {name} for automatic cleanup: '
        f'unknown resource type {rtype}')
ValueError: Cannot register /loky-1214541-5n0sr2mg for automatic cleanup: unknown resource type semlock
Traceback (most recent call last):
  File "/global/common/software/nersc/pe/conda-envs/26.1.0/python-3.13/nersc-python/lib/python3.13/multiprocessing/resource_tracker.py", line 371, in main
    raise ValueError(
        f'Cannot register {name} for automatic cleanup: '
        f'unknown resource type {rtype}')
ValueError: Cannot register /loky-1214555-g9mudcjc for automatic cleanup: unknown resource type semlock
Traceback (most recent call last):
  File "/global/common/software/nersc/pe/conda-envs/26.1.0/python-3.13/nersc-python/lib/python3.13/multiprocessing/resource_tracker.py", line 371, in main
    raise ValueError(
        f'Cannot register {name} for automatic cleanup: '
        f'unknown resource type {rtype}')
ValueError: Cannot register /loky-1214555-cazh8l06 for automatic cleanup: unknown resource type semlock
Traceback (most recent call last):
  File "/global/common/software/nersc/pe/conda-envs/26.1.0/python-3.13/nersc-python/lib/python3.13/multiprocessing/resource_tracker.py", line 371, in main
    raise ValueError(
        f'Cannot register {name} for automatic cleanup: '
        f'unknown resource type {rtype}')
ValueError: Cannot register /loky-1214553-2wt3_epo for automatic cleanup: unknown resource type semlock
Traceback (most recent call last):
  File "/global/common/software/nersc/pe/conda-envs/26.1.0/python-3.13/nersc-python/lib/python3.13/multiprocessing/resource_tracker.py", line 371, in main
    raise ValueError(
        f'Cannot register {name} for automatic cleanup: '
        f'unknown resource type {rtype}')
ValueError: Cannot register /loky-1214553-78j27ll5 for automatic cleanup: unknown resource type semlock
Traceback (most recent call last):
  File "/global/common/software/nersc/pe/conda-envs/26.1.0/python-3.13/nersc-python/lib/python3.13/multiprocessing/resource_tracker.py", line 371, in main
    raise ValueError(
        f'Cannot register {name} for automatic cleanup: '
        f'unknown resource type {rtype}')
ValueError: Cannot register /loky-1214550-pz4yppb3 for automatic cleanup: unknown resource type semlock
Traceback (most recent call last):
  File "/global/common/software/nersc/pe/conda-envs/26.1.0/python-3.13/nersc-python/lib/python3.13/multiprocessing/resource_tracker.py", line 371, in main
    raise ValueError(
        f'Cannot register {name} for automatic cleanup: '
        f'unknown resource type {rtype}')
ValueError: Cannot register /loky-1214550-8w58e946 for automatic cleanup: unknown resource type semlock
Traceback (most recent call last):
  File "/global/common/software/nersc/pe/conda-envs/26.1.0/python-3.13/nersc-python/lib/python3.13/multiprocessing/resource_tracker.py", line 371, in main
    raise ValueError(
        f'Cannot register {name} for automatic cleanup: '
        f'unknown resource type {rtype}')
ValueError: Cannot register /loky-341943-45jczmax for automatic cleanup: unknown resource type semlock
Traceback (most recent call last):
  File "/global/common/software/nersc/pe/conda-envs/26.1.0/python-3.13/nersc-python/lib/python3.13/multiprocessing/resource_tracker.py", line 371, in main
    raise ValueError(
        f'Cannot register {name} for automatic cleanup: '
        f'unknown resource type {rtype}')
ValueError: Cannot register /loky-341943-x0wyjbt_ for automatic cleanup: unknown resource type semlock
Traceback (most recent call last):
  File "/global/common/software/nersc/pe/conda-envs/26.1.0/python-3.13/nersc-python/lib/python3.13/multiprocessing/resource_tracker.py", line 371, in main
    raise ValueError(
        f'Cannot register {name} for automatic cleanup: '
        f'unknown resource type {rtype}')
ValueError: Cannot register /loky-1214552-0rqi5hm7 for automatic cleanup: unknown resource type semlock
/pscratch/sd/m/mbao202/NNL-P7/venv/lib/python3.13/site-packages/joblib/externals/loky/process_executor.py:782: UserWarning: A worker stopped while some jobs were given to the executor. This can be caused by a too short worker timeout or by a memory leak.
  warnings.warn(
Traceback (most recent call last):
  File "/global/common/software/nersc/pe/conda-envs/26.1.0/python-3.13/nersc-python/lib/python3.13/multiprocessing/resource_tracker.py", line 371, in main
    raise ValueError(
        f'Cannot register {name} for automatic cleanup: '
        f'unknown resource type {rtype}')
ValueError: Cannot register /loky-1214552-olzmthcw for automatic cleanup: unknown resource type semlock
Traceback (most recent call last):
  File "/global/common/software/nersc/pe/conda-envs/26.1.0/python-3.13/nersc-python/lib/python3.13/multiprocessing/resource_tracker.py", line 371, in main
    raise ValueError(
        f'Cannot register {name} for automatic cleanup: '
        f'unknown resource type {rtype}')
ValueError: Cannot register /loky-341931-j4cvl4q2 for automatic cleanup: unknown resource type semlock
Traceback (most recent call last):
  File "/global/common/software/nersc/pe/conda-envs/26.1.0/python-3.13/nersc-python/lib/python3.13/multiprocessing/resource_tracker.py", line 371, in main
    raise ValueError(
        f'Cannot register {name} for automatic cleanup: '
        f'unknown resource type {rtype}')
ValueError: Cannot register /loky-341931-8fklhfnn for automatic cleanup: unknown resource type semlock
Traceback (most recent call last):
  File "/global/common/software/nersc/pe/conda-envs/26.1.0/python-3.13/nersc-python/lib/python3.13/multiprocessing/resource_tracker.py", line 371, in main
    raise ValueError(
        f'Cannot register {name} for automatic cleanup: '
        f'unknown resource type {rtype}')
ValueError: Cannot register /loky-341934-yfenjeel for automatic cleanup: unknown resource type semlock
Traceback (most recent call last):
  File "/global/common/software/nersc/pe/conda-envs/26.1.0/python-3.13/nersc-python/lib/python3.13/multiprocessing/resource_tracker.py", line 371, in main
    raise ValueError(
        f'Cannot register {name} for automatic cleanup: '
        f'unknown resource type {rtype}')
ValueError: Cannot register /loky-341934-8dosh5ia for automatic cleanup: unknown resource type semlock
/pscratch/sd/m/mbao202/NNL-P7/venv/lib/python3.13/site-packages/joblib/externals/loky/process_executor.py:782: UserWarning: A worker stopped while some jobs were given to the executor. This can be caused by a too short worker timeout or by a memory leak.
  warnings.warn(
Traceback (most recent call last):
  File "/global/common/software/nersc/pe/conda-envs/26.1.0/python-3.13/nersc-python/lib/python3.13/multiprocessing/resource_tracker.py", line 371, in main
    raise ValueError(
        f'Cannot register {name} for automatic cleanup: '
        f'unknown resource type {rtype}')
ValueError: Cannot register /loky-1214543-6ib2wgv_ for automatic cleanup: unknown resource type semlock
Traceback (most recent call last):
  File "/global/common/software/nersc/pe/conda-envs/26.1.0/python-3.13/nersc-python/lib/python3.13/multiprocessing/resource_tracker.py", line 371, in main
    raise ValueError(
        f'Cannot register {name} for automatic cleanup: '
        f'unknown resource type {rtype}')
ValueError: Cannot register /loky-1214543-qre67a4k for automatic cleanup: unknown resource type semlock
Traceback (most recent call last):
  File "/global/common/software/nersc/pe/conda-envs/26.1.0/python-3.13/nersc-python/lib/python3.13/multiprocessing/resource_tracker.py", line 371, in main
    raise ValueError(
        f'Cannot register {name} for automatic cleanup: '
        f'unknown resource type {rtype}')
ValueError: Cannot register /loky-1214552-uy__gt7a for automatic cleanup: unknown resource type semlock
Traceback (most recent call last):
  File "/global/common/software/nersc/pe/conda-envs/26.1.0/python-3.13/nersc-python/lib/python3.13/multiprocessing/resource_tracker.py", line 371, in main
    raise ValueError(
        f'Cannot register {name} for automatic cleanup: '
        f'unknown resource type {rtype}')
ValueError: Cannot register /loky-1214552-58fsnep6 for automatic cleanup: unknown resource type semlock
/pscratch/sd/m/mbao202/NNL-P7/venv/lib/python3.13/site-packages/joblib/externals/loky/process_executor.py:782: UserWarning: A worker stopped while some jobs were given to the executor. This can be caused by a too short worker timeout or by a memory leak.
  warnings.warn(
Traceback (most recent call last):
  File "/global/common/software/nersc/pe/conda-envs/26.1.0/python-3.13/nersc-python/lib/python3.13/multiprocessing/resource_tracker.py", line 371, in main
    raise ValueError(
        f'Cannot register {name} for automatic cleanup: '
        f'unknown resource type {rtype}')
ValueError: Cannot register /loky-1214542-e48iury1 for automatic cleanup: unknown resource type semlock
Traceback (most recent call last):
  File "/global/common/software/nersc/pe/conda-envs/26.1.0/python-3.13/nersc-python/lib/python3.13/multiprocessing/resource_tracker.py", line 371, in main
    raise ValueError(
        f'Cannot register {name} for automatic cleanup: '
        f'unknown resource type {rtype}')
ValueError: Cannot register /loky-1214542-6xpxkeco for automatic cleanup: unknown resource type semlock
Traceback (most recent call last):
  File "/global/common/software/nersc/pe/conda-envs/26.1.0/python-3.13/nersc-python/lib/python3.13/multiprocessing/resource_tracker.py", line 371, in main
    raise ValueError(
        f'Cannot register {name} for automatic cleanup: '
        f'unknown resource type {rtype}')
ValueError: Cannot register /loky-1214543-aircpp6u for automatic cleanup: unknown resource type semlock
Traceback (most recent call last):
  File "/global/common/software/nersc/pe/conda-envs/26.1.0/python-3.13/nersc-python/lib/python3.13/multiprocessing/resource_tracker.py", line 371, in main
    raise ValueError(
        f'Cannot register {name} for automatic cleanup: '
        f'unknown resource type {rtype}')
ValueError: Cannot register /loky-1214543-4y6prv07 for automatic cleanup: unknown resource type semlock
Traceback (most recent call last):
  File "/global/common/software/nersc/pe/conda-envs/26.1.0/python-3.13/nersc-python/lib/python3.13/multiprocessing/resource_tracker.py", line 371, in main
    raise ValueError(
        f'Cannot register {name} for automatic cleanup: '
        f'unknown resource type {rtype}')
ValueError: Cannot register /loky-1214543-65wqgadq for automatic cleanup: unknown resource type semlock
Traceback (most recent call last):
  File "/global/common/software/nersc/pe/conda-envs/26.1.0/python-3.13/nersc-python/lib/python3.13/multiprocessing/resource_tracker.py", line 371, in main
    raise ValueError(
        f'Cannot register {name} for automatic cleanup: '
        f'unknown resource type {rtype}')
ValueError: Cannot register /loky-1214543-e6rse8te for automatic cleanup: unknown resource type semlock
/pscratch/sd/m/mbao202/NNL-P7/venv/lib/python3.13/site-packages/joblib/externals/loky/process_executor.py:782: UserWarning: A worker stopped while some jobs were given to the executor. This can be caused by a too short worker timeout or by a memory leak.
  warnings.warn(
Traceback (most recent call last):
  File "/global/common/software/nersc/pe/conda-envs/26.1.0/python-3.13/nersc-python/lib/python3.13/multiprocessing/resource_tracker.py", line 371, in main
    raise ValueError(
        f'Cannot register {name} for automatic cleanup: '
        f'unknown resource type {rtype}')
ValueError: Cannot register /loky-341928-hew3j2nx for automatic cleanup: unknown resource type semlock
Traceback (most recent call last):
  File "/global/common/software/nersc/pe/conda-envs/26.1.0/python-3.13/nersc-python/lib/python3.13/multiprocessing/resource_tracker.py", line 371, in main
    raise ValueError(
        f'Cannot register {name} for automatic cleanup: '
        f'unknown resource type {rtype}')
ValueError: Cannot register /loky-341928-fk4yuogl for automatic cleanup: unknown resource type semlock
Traceback (most recent call last):
  File "/global/common/software/nersc/pe/conda-envs/26.1.0/python-3.13/nersc-python/lib/python3.13/multiprocessing/resource_tracker.py", line 371, in main
    raise ValueError(
        f'Cannot register {name} for automatic cleanup: '
        f'unknown resource type {rtype}')
ValueError: Cannot register /loky-341941-8kdtec8e for automatic cleanup: unknown resource type semlock
/pscratch/sd/m/mbao202/NNL-P7/venv/lib/python3.13/site-packages/joblib/externals/loky/process_executor.py:782: UserWarning: A worker stopped while some jobs were given to the executor. This can be caused by a too short worker timeout or by a memory leak.
  warnings.warn(
Traceback (most recent call last):
  File "/global/common/software/nersc/pe/conda-envs/26.1.0/python-3.13/nersc-python/lib/python3.13/multiprocessing/resource_tracker.py", line 371, in main
    raise ValueError(
        f'Cannot register {name} for automatic cleanup: '
        f'unknown resource type {rtype}')
ValueError: Cannot register /loky-341941-56ueeh72 for automatic cleanup: unknown resource type semlock
/pscratch/sd/m/mbao202/NNL-P7/venv/lib/python3.13/site-packages/joblib/externals/loky/process_executor.py:782: UserWarning: A worker stopped while some jobs were given to the executor. This can be caused by a too short worker timeout or by a memory leak.
  warnings.warn(
Traceback (most recent call last):
  File "/global/common/software/nersc/pe/conda-envs/26.1.0/python-3.13/nersc-python/lib/python3.13/multiprocessing/resource_tracker.py", line 371, in main
    raise ValueError(
        f'Cannot register {name} for automatic cleanup: '
        f'unknown resource type {rtype}')
ValueError: Cannot register /loky-341945-ti8dewoa for automatic cleanup: unknown resource type semlock
Traceback (most recent call last):
  File "/global/common/software/nersc/pe/conda-envs/26.1.0/python-3.13/nersc-python/lib/python3.13/multiprocessing/resource_tracker.py", line 371, in main
    raise ValueError(
        f'Cannot register {name} for automatic cleanup: '
        f'unknown resource type {rtype}')
ValueError: Cannot register /loky-341945-f97d77ey for automatic cleanup: unknown resource type semlock
/pscratch/sd/m/mbao202/NNL-P7/venv/lib/python3.13/site-packages/joblib/externals/loky/process_executor.py:782: UserWarning: A worker stopped while some jobs were given to the executor. This can be caused by a too short worker timeout or by a memory leak.
  warnings.warn(
Traceback (most recent call last):
  File "/global/common/software/nersc/pe/conda-envs/26.1.0/python-3.13/nersc-python/lib/python3.13/multiprocessing/resource_tracker.py", line 371, in main
    raise ValueError(
        f'Cannot register {name} for automatic cleanup: '
        f'unknown resource type {rtype}')
ValueError: Cannot register /loky-1214536-zoifk8hc for automatic cleanup: unknown resource type semlock
Traceback (most recent call last):
  File "/global/common/software/nersc/pe/conda-envs/26.1.0/python-3.13/nersc-python/lib/python3.13/multiprocessing/resource_tracker.py", line 371, in main
    raise ValueError(
        f'Cannot register {name} for automatic cleanup: '
        f'unknown resource type {rtype}')
ValueError: Cannot register /loky-1214536-vasmu5sc for automatic cleanup: unknown resource type semlock
Traceback (most recent call last):
  File "/global/common/software/nersc/pe/conda-envs/26.1.0/python-3.13/nersc-python/lib/python3.13/multiprocessing/resource_tracker.py", line 371, in main
    raise ValueError(
        f'Cannot register {name} for automatic cleanup: '
        f'unknown resource type {rtype}')
ValueError: Cannot register /loky-1214543-z2r4skot for automatic cleanup: unknown resource type semlock
Traceback (most recent call last):
  File "/global/common/software/nersc/pe/conda-envs/26.1.0/python-3.13/nersc-python/lib/python3.13/multiprocessing/resource_tracker.py", line 371, in main
    raise ValueError(
        f'Cannot register {name} for automatic cleanup: '
        f'unknown resource type {rtype}')
ValueError: Cannot register /loky-1214543-0at70vou for automatic cleanup: unknown resource type semlock
/pscratch/sd/m/mbao202/NNL-P7/venv/lib/python3.13/site-packages/joblib/externals/loky/process_executor.py:782: UserWarning: A worker stopped while some jobs were given to the executor. This can be caused by a too short worker timeout or by a memory leak.
  warnings.warn(
Traceback (most recent call last):
  File "/global/common/software/nersc/pe/conda-envs/26.1.0/python-3.13/nersc-python/lib/python3.13/multiprocessing/resource_tracker.py", line 371, in main
    raise ValueError(
        f'Cannot register {name} for automatic cleanup: '
        f'unknown resource type {rtype}')
ValueError: Cannot register /loky-341937-55i7w8p_ for automatic cleanup: unknown resource type semlock
Traceback (most recent call last):
  File "/global/common/software/nersc/pe/conda-envs/26.1.0/python-3.13/nersc-python/lib/python3.13/multiprocessing/resource_tracker.py", line 371, in main
    raise ValueError(
        f'Cannot register {name} for automatic cleanup: '
        f'unknown resource type {rtype}')
ValueError: Cannot register /loky-341937-4o02te2w for automatic cleanup: unknown resource type semlock
Traceback (most recent call last):
  File "/global/common/software/nersc/pe/conda-envs/26.1.0/python-3.13/nersc-python/lib/python3.13/multiprocessing/resource_tracker.py", line 371, in main
    raise ValueError(
        f'Cannot register {name} for automatic cleanup: '
        f'unknown resource type {rtype}')
ValueError: Cannot register /loky-341941-q6q7paqk for automatic cleanup: unknown resource type semlock
Traceback (most recent call last):
  File "/global/common/software/nersc/pe/conda-envs/26.1.0/python-3.13/nersc-python/lib/python3.13/multiprocessing/resource_tracker.py", line 371, in main
    raise ValueError(
        f'Cannot register {name} for automatic cleanup: '
        f'unknown resource type {rtype}')
ValueError: Cannot register /loky-341941-8semmd4n for automatic cleanup: unknown resource type semlock
Traceback (most recent call last):
  File "/global/common/software/nersc/pe/conda-envs/26.1.0/python-3.13/nersc-python/lib/python3.13/multiprocessing/resource_tracker.py", line 371, in main
    raise ValueError(
        f'Cannot register {name} for automatic cleanup: '
        f'unknown resource type {rtype}')
ValueError: Cannot register /loky-341937-z22rj15z for automatic cleanup: unknown resource type semlock
Traceback (most recent call last):
  File "/global/common/software/nersc/pe/conda-envs/26.1.0/python-3.13/nersc-python/lib/python3.13/multiprocessing/resource_tracker.py", line 371, in main
    raise ValueError(
        f'Cannot register {name} for automatic cleanup: '
        f'unknown resource type {rtype}')
ValueError: Cannot register /loky-341937-9u_vo_gv for automatic cleanup: unknown resource type semlock
Traceback (most recent call last):
  File "/global/common/software/nersc/pe/conda-envs/26.1.0/python-3.13/nersc-python/lib/python3.13/multiprocessing/resource_tracker.py", line 371, in main
    raise ValueError(
        f'Cannot register {name} for automatic cleanup: '
        f'unknown resource type {rtype}')
ValueError: Cannot register /loky-341925-615f0rce for automatic cleanup: unknown resource type semlock
Traceback (most recent call last):
  File "/global/common/software/nersc/pe/conda-envs/26.1.0/python-3.13/nersc-python/lib/python3.13/multiprocessing/resource_tracker.py", line 371, in main
    raise ValueError(
        f'Cannot register {name} for automatic cleanup: '
        f'unknown resource type {rtype}')
ValueError: Cannot register /loky-341925-vdnmam_y for automatic cleanup: unknown resource type semlock
Traceback (most recent call last):
  File "/global/common/software/nersc/pe/conda-envs/26.1.0/python-3.13/nersc-python/lib/python3.13/multiprocessing/resource_tracker.py", line 371, in main
    raise ValueError(
        f'Cannot register {name} for automatic cleanup: '
        f'unknown resource type {rtype}')
ValueError: Cannot register /loky-1214550-lstf2l7h for automatic cleanup: unknown resource type semlock
Traceback (most recent call last):
  File "/global/common/software/nersc/pe/conda-envs/26.1.0/python-3.13/nersc-python/lib/python3.13/multiprocessing/resource_tracker.py", line 371, in main
    raise ValueError(
        f'Cannot register {name} for automatic cleanup: '
        f'unknown resource type {rtype}')
ValueError: Cannot register /loky-1214550-qy5ixdha for automatic cleanup: unknown resource type semlock
Traceback (most recent call last):
  File "/global/common/software/nersc/pe/conda-envs/26.1.0/python-3.13/nersc-python/lib/python3.13/multiprocessing/resource_tracker.py", line 371, in main
    raise ValueError(
        f'Cannot register {name} for automatic cleanup: '
        f'unknown resource type {rtype}')
ValueError: Cannot register /loky-1214553-nw0cq1kj for automatic cleanup: unknown resource type semlock
Traceback (most recent call last):
  File "/global/common/software/nersc/pe/conda-envs/26.1.0/python-3.13/nersc-python/lib/python3.13/multiprocessing/resource_tracker.py", line 371, in main
    raise ValueError(
        f'Cannot register {name} for automatic cleanup: '
        f'unknown resource type {rtype}')
ValueError: Cannot register /loky-1214553-2o3g6fag for automatic cleanup: unknown resource type semlock
Traceback (most recent call last):
  File "/global/common/software/nersc/pe/conda-envs/26.1.0/python-3.13/nersc-python/lib/python3.13/multiprocessing/resource_tracker.py", line 371, in main
    raise ValueError(
        f'Cannot register {name} for automatic cleanup: '
        f'unknown resource type {rtype}')
ValueError: Cannot register /loky-341941-m4795zr6 for automatic cleanup: unknown resource type semlock
Traceback (most recent call last):
  File "/global/common/software/nersc/pe/conda-envs/26.1.0/python-3.13/nersc-python/lib/python3.13/multiprocessing/resource_tracker.py", line 371, in main
    raise ValueError(
        f'Cannot register {name} for automatic cleanup: '
        f'unknown resource type {rtype}')
ValueError: Cannot register /loky-341941-fnpkey2n for automatic cleanup: unknown resource type semlock
Traceback (most recent call last):
  File "/global/common/software/nersc/pe/conda-envs/26.1.0/python-3.13/nersc-python/lib/python3.13/multiprocessing/resource_tracker.py", line 371, in main
    raise ValueError(
        f'Cannot register {name} for automatic cleanup: '
        f'unknown resource type {rtype}')
ValueError: Cannot register /loky-341931-19r2ivkl for automatic cleanup: unknown resource type semlock
Traceback (most recent call last):
  File "/global/common/software/nersc/pe/conda-envs/26.1.0/python-3.13/nersc-python/lib/python3.13/multiprocessing/resource_tracker.py", line 371, in main
    raise ValueError(
        f'Cannot register {name} for automatic cleanup: '
        f'unknown resource type {rtype}')
ValueError: Cannot register /loky-341931-nm13_e13 for automatic cleanup: unknown resource type semlock
Traceback (most recent call last):
  File "/global/common/software/nersc/pe/conda-envs/26.1.0/python-3.13/nersc-python/lib/python3.13/multiprocessing/resource_tracker.py", line 371, in main
    raise ValueError(
        f'Cannot register {name} for automatic cleanup: '
        f'unknown resource type {rtype}')
ValueError: Cannot register /loky-341941-snditnjh for automatic cleanup: unknown resource type semlock
Traceback (most recent call last):
  File "/global/common/software/nersc/pe/conda-envs/26.1.0/python-3.13/nersc-python/lib/python3.13/multiprocessing/resource_tracker.py", line 371, in main
    raise ValueError(
        f'Cannot register {name} for automatic cleanup: '
        f'unknown resource type {rtype}')
ValueError: Cannot register /loky-341941-nr43_09x for automatic cleanup: unknown resource type semlock
Traceback (most recent call last):
  File "/global/common/software/nersc/pe/conda-envs/26.1.0/python-3.13/nersc-python/lib/python3.13/multiprocessing/resource_tracker.py", line 371, in main
    raise ValueError(
        f'Cannot register {name} for automatic cleanup: '
        f'unknown resource type {rtype}')
ValueError: Cannot register /loky-341934-qv4yx9ue for automatic cleanup: unknown resource type semlock
Traceback (most recent call last):
  File "/global/common/software/nersc/pe/conda-envs/26.1.0/python-3.13/nersc-python/lib/python3.13/multiprocessing/resource_tracker.py", line 371, in main
    raise ValueError(
        f'Cannot register {name} for automatic cleanup: '
        f'unknown resource type {rtype}')
ValueError: Cannot register /loky-341934-8lun2dv1 for automatic cleanup: unknown resource type semlock
Traceback (most recent call last):
  File "/global/common/software/nersc/pe/conda-envs/26.1.0/python-3.13/nersc-python/lib/python3.13/multiprocessing/resource_tracker.py", line 371, in main
    raise ValueError(
        f'Cannot register {name} for automatic cleanup: '
        f'unknown resource type {rtype}')
ValueError: Cannot register /loky-1214536-sdqidl3v for automatic cleanup: unknown resource type semlock
Traceback (most recent call last):
  File "/global/common/software/nersc/pe/conda-envs/26.1.0/python-3.13/nersc-python/lib/python3.13/multiprocessing/resource_tracker.py", line 371, in main
    raise ValueError(
        f'Cannot register {name} for automatic cleanup: '
        f'unknown resource type {rtype}')
ValueError: Cannot register /loky-1214536-ch0roqin for automatic cleanup: unknown resource type semlock
Traceback (most recent call last):
  File "/global/common/software/nersc/pe/conda-envs/26.1.0/python-3.13/nersc-python/lib/python3.13/multiprocessing/resource_tracker.py", line 371, in main
    raise ValueError(
        f'Cannot register {name} for automatic cleanup: '
        f'unknown resource type {rtype}')
ValueError: Cannot register /loky-341931-8fklhfnn for automatic cleanup: unknown resource type semlock
Traceback (most recent call last):
  File "/global/common/software/nersc/pe/conda-envs/26.1.0/python-3.13/nersc-python/lib/python3.13/multiprocessing/resource_tracker.py", line 371, in main
    raise ValueError(
        f'Cannot register {name} for automatic cleanup: '
        f'unknown resource type {rtype}')
ValueError: Cannot register /loky-341931-hmu9xqyz for automatic cleanup: unknown resource type semlock
Traceback (most recent call last):
  File "/global/common/software/nersc/pe/conda-envs/26.1.0/python-3.13/nersc-python/lib/python3.13/multiprocessing/resource_tracker.py", line 371, in main
    raise ValueError(
        f'Cannot register {name} for automatic cleanup: '
        f'unknown resource type {rtype}')
ValueError: Cannot register /loky-1214543-4y6prv07 for automatic cleanup: unknown resource type semlock
Traceback (most recent call last):
  File "/global/common/software/nersc/pe/conda-envs/26.1.0/python-3.13/nersc-python/lib/python3.13/multiprocessing/resource_tracker.py", line 371, in main
    raise ValueError(
        f'Cannot register {name} for automatic cleanup: '
        f'unknown resource type {rtype}')
ValueError: Cannot register /loky-1214543-b5snj2wl for automatic cleanup: unknown resource type semlock
Traceback (most recent call last):
  File "/global/common/software/nersc/pe/conda-envs/26.1.0/python-3.13/nersc-python/lib/python3.13/multiprocessing/resource_tracker.py", line 371, in main
    raise ValueError(
        f'Cannot register {name} for automatic cleanup: '
        f'unknown resource type {rtype}')
ValueError: Cannot register /loky-1214541-uprqqx2f for automatic cleanup: unknown resource type semlock
Traceback (most recent call last):
  File "/global/common/software/nersc/pe/conda-envs/26.1.0/python-3.13/nersc-python/lib/python3.13/multiprocessing/resource_tracker.py", line 371, in main
    raise ValueError(
        f'Cannot register {name} for automatic cleanup: '
        f'unknown resource type {rtype}')
ValueError: Cannot register /loky-1214541-a59kotwb for automatic cleanup: unknown resource type semlock
Traceback (most recent call last):
  File "/global/common/software/nersc/pe/conda-envs/26.1.0/python-3.13/nersc-python/lib/python3.13/multiprocessing/resource_tracker.py", line 371, in main
    raise ValueError(
        f'Cannot register {name} for automatic cleanup: '
        f'unknown resource type {rtype}')
ValueError: Cannot register /loky-1214536-conuenns for automatic cleanup: unknown resource type semlock
Traceback (most recent call last):
  File "/global/common/software/nersc/pe/conda-envs/26.1.0/python-3.13/nersc-python/lib/python3.13/multiprocessing/resource_tracker.py", line 371, in main
    raise ValueError(
        f'Cannot register {name} for automatic cleanup: '
        f'unknown resource type {rtype}')
ValueError: Cannot register /loky-1214536-hy9qhspp for automatic cleanup: unknown resource type semlock
Traceback (most recent call last):
  File "/global/common/software/nersc/pe/conda-envs/26.1.0/python-3.13/nersc-python/lib/python3.13/multiprocessing/resource_tracker.py", line 371, in main
    raise ValueError(
        f'Cannot register {name} for automatic cleanup: '
        f'unknown resource type {rtype}')
ValueError: Cannot register /loky-1214536-gs0epmk_ for automatic cleanup: unknown resource type semlock
Traceback (most recent call last):
  File "/global/common/software/nersc/pe/conda-envs/26.1.0/python-3.13/nersc-python/lib/python3.13/multiprocessing/resource_tracker.py", line 371, in main
    raise ValueError(
        f'Cannot register {name} for automatic cleanup: '
        f'unknown resource type {rtype}')
ValueError: Cannot register /loky-1214536-akxek01h for automatic cleanup: unknown resource type semlock
Traceback (most recent call last):
  File "/global/common/software/nersc/pe/conda-envs/26.1.0/python-3.13/nersc-python/lib/python3.13/multiprocessing/resource_tracker.py", line 371, in main
    raise ValueError(
        f'Cannot register {name} for automatic cleanup: '
        f'unknown resource type {rtype}')
ValueError: Cannot register /loky-341934-9_4fafwu for automatic cleanup: unknown resource type semlock
Traceback (most recent call last):
  File "/global/common/software/nersc/pe/conda-envs/26.1.0/python-3.13/nersc-python/lib/python3.13/multiprocessing/resource_tracker.py", line 371, in main
    raise ValueError(
        f'Cannot register {name} for automatic cleanup: '
        f'unknown resource type {rtype}')
ValueError: Cannot register /loky-341934-9e7w0wjz for automatic cleanup: unknown resource type semlock
Traceback (most recent call last):
  File "/global/common/software/nersc/pe/conda-envs/26.1.0/python-3.13/nersc-python/lib/python3.13/multiprocessing/resource_tracker.py", line 371, in main
    raise ValueError(
        f'Cannot register {name} for automatic cleanup: '
        f'unknown resource type {rtype}')
ValueError: Cannot register /loky-1214550-6ubvlyle for automatic cleanup: unknown resource type semlock
Traceback (most recent call last):
  File "/global/common/software/nersc/pe/conda-envs/26.1.0/python-3.13/nersc-python/lib/python3.13/multiprocessing/resource_tracker.py", line 371, in main
    raise ValueError(
        f'Cannot register {name} for automatic cleanup: '
        f'unknown resource type {rtype}')
ValueError: Cannot register /loky-1214550-jngzrm4d for automatic cleanup: unknown resource type semlock
Traceback (most recent call last):
  File "/global/common/software/nersc/pe/conda-envs/26.1.0/python-3.13/nersc-python/lib/python3.13/multiprocessing/resource_tracker.py", line 371, in main
    raise ValueError(
        f'Cannot register {name} for automatic cleanup: '
        f'unknown resource type {rtype}')
ValueError: Cannot register /loky-1214536-nkk80gkh for automatic cleanup: unknown resource type semlock
Traceback (most recent call last):
  File "/global/common/software/nersc/pe/conda-envs/26.1.0/python-3.13/nersc-python/lib/python3.13/multiprocessing/resource_tracker.py", line 371, in main
    raise ValueError(
        f'Cannot register {name} for automatic cleanup: '
        f'unknown resource type {rtype}')
ValueError: Cannot register /loky-1214536-id2wva9s for automatic cleanup: unknown resource type semlock
Traceback (most recent call last):
  File "/global/common/software/nersc/pe/conda-envs/26.1.0/python-3.13/nersc-python/lib/python3.13/multiprocessing/resource_tracker.py", line 371, in main
    raise ValueError(
        f'Cannot register {name} for automatic cleanup: '
        f'unknown resource type {rtype}')
ValueError: Cannot register /loky-1214550-wdvmqrb8 for automatic cleanup: unknown resource type semlock
Traceback (most recent call last):
  File "/global/common/software/nersc/pe/conda-envs/26.1.0/python-3.13/nersc-python/lib/python3.13/multiprocessing/resource_tracker.py", line 371, in main
    raise ValueError(
        f'Cannot register {name} for automatic cleanup: '
        f'unknown resource type {rtype}')
ValueError: Cannot register /loky-1214550-4fp6a9ok for automatic cleanup: unknown resource type semlock
Traceback (most recent call last):
  File "/global/common/software/nersc/pe/conda-envs/26.1.0/python-3.13/nersc-python/lib/python3.13/multiprocessing/resource_tracker.py", line 371, in main
    raise ValueError(
        f'Cannot register {name} for automatic cleanup: '
        f'unknown resource type {rtype}')
ValueError: Cannot register /loky-341937-q8v_7ldp for automatic cleanup: unknown resource type semlock
Traceback (most recent call last):
  File "/global/common/software/nersc/pe/conda-envs/26.1.0/python-3.13/nersc-python/lib/python3.13/multiprocessing/resource_tracker.py", line 371, in main
    raise ValueError(
        f'Cannot register {name} for automatic cleanup: '
        f'unknown resource type {rtype}')
ValueError: Cannot register /loky-341937-zcw8y9wz for automatic cleanup: unknown resource type semlock
Traceback (most recent call last):
  File "/global/common/software/nersc/pe/conda-envs/26.1.0/python-3.13/nersc-python/lib/python3.13/multiprocessing/resource_tracker.py", line 371, in main
    raise ValueError(
        f'Cannot register {name} for automatic cleanup: '
        f'unknown resource type {rtype}')
ValueError: Cannot register /loky-341941-rv0osl69 for automatic cleanup: unknown resource type semlock
Traceback (most recent call last):
  File "/global/common/software/nersc/pe/conda-envs/26.1.0/python-3.13/nersc-python/lib/python3.13/multiprocessing/resource_tracker.py", line 371, in main
    raise ValueError(
        f'Cannot register {name} for automatic cleanup: '
        f'unknown resource type {rtype}')
ValueError: Cannot register /loky-341941-oq7wg0_5 for automatic cleanup: unknown resource type semlock
Traceback (most recent call last):
  File "/global/common/software/nersc/pe/conda-envs/26.1.0/python-3.13/nersc-python/lib/python3.13/multiprocessing/resource_tracker.py", line 371, in main
    raise ValueError(
        f'Cannot register {name} for automatic cleanup: '
        f'unknown resource type {rtype}')
ValueError: Cannot register /loky-341931-nm13_e13 for automatic cleanup: unknown resource type semlock
Traceback (most recent call last):
  File "/global/common/software/nersc/pe/conda-envs/26.1.0/python-3.13/nersc-python/lib/python3.13/multiprocessing/resource_tracker.py", line 371, in main
    raise ValueError(
        f'Cannot register {name} for automatic cleanup: '
        f'unknown resource type {rtype}')
ValueError: Cannot register /loky-341931-19szu9o5 for automatic cleanup: unknown resource type semlock
Traceback (most recent call last):
  File "/global/common/software/nersc/pe/conda-envs/26.1.0/python-3.13/nersc-python/lib/python3.13/multiprocessing/resource_tracker.py", line 371, in main
    raise ValueError(
        f'Cannot register {name} for automatic cleanup: '
        f'unknown resource type {rtype}')
ValueError: Cannot register /loky-1214536-ch0roqin for automatic cleanup: unknown resource type semlock
Traceback (most recent call last):
  File "/global/common/software/nersc/pe/conda-envs/26.1.0/python-3.13/nersc-python/lib/python3.13/multiprocessing/resource_tracker.py", line 371, in main
    raise ValueError(
        f'Cannot register {name} for automatic cleanup: '
        f'unknown resource type {rtype}')
ValueError: Cannot register /loky-1214536-qv49orgg for automatic cleanup: unknown resource type semlock
Traceback (most recent call last):
  File "/global/common/software/nersc/pe/conda-envs/26.1.0/python-3.13/nersc-python/lib/python3.13/multiprocessing/resource_tracker.py", line 371, in main
    raise ValueError(
        f'Cannot register {name} for automatic cleanup: '
        f'unknown resource type {rtype}')
ValueError: Cannot register /loky-1214542-d80od2cr for automatic cleanup: unknown resource type semlock
Traceback (most recent call last):
  File "/global/common/software/nersc/pe/conda-envs/26.1.0/python-3.13/nersc-python/lib/python3.13/multiprocessing/resource_tracker.py", line 371, in main
    raise ValueError(
        f'Cannot register {name} for automatic cleanup: '
        f'unknown resource type {rtype}')
ValueError: Cannot register /loky-1214542-xtkpj_pi for automatic cleanup: unknown resource type semlock
Traceback (most recent call last):
  File "/global/common/software/nersc/pe/conda-envs/26.1.0/python-3.13/nersc-python/lib/python3.13/multiprocessing/resource_tracker.py", line 371, in main
    raise ValueError(
        f'Cannot register {name} for automatic cleanup: '
        f'unknown resource type {rtype}')
ValueError: Cannot register /loky-1214555-nyyh9zkf for automatic cleanup: unknown resource type semlock
Traceback (most recent call last):
  File "/global/common/software/nersc/pe/conda-envs/26.1.0/python-3.13/nersc-python/lib/python3.13/multiprocessing/resource_tracker.py", line 371, in main
    raise ValueError(
        f'Cannot register {name} for automatic cleanup: '
        f'unknown resource type {rtype}')
ValueError: Cannot register /loky-1214555-hl6uki3r for automatic cleanup: unknown resource type semlock
Traceback (most recent call last):
  File "/global/common/software/nersc/pe/conda-envs/26.1.0/python-3.13/nersc-python/lib/python3.13/multiprocessing/resource_tracker.py", line 371, in main
    raise ValueError(
        f'Cannot register {name} for automatic cleanup: '
        f'unknown resource type {rtype}')
ValueError: Cannot register /loky-1214552-1czqh3yb for automatic cleanup: unknown resource type semlock
Traceback (most recent call last):
  File "/global/common/software/nersc/pe/conda-envs/26.1.0/python-3.13/nersc-python/lib/python3.13/multiprocessing/resource_tracker.py", line 371, in main
    raise ValueError(
        f'Cannot register {name} for automatic cleanup: '
        f'unknown resource type {rtype}')
ValueError: Cannot register /loky-1214552-mr22y58s for automatic cleanup: unknown resource type semlock
Traceback (most recent call last):
  File "/global/common/software/nersc/pe/conda-envs/26.1.0/python-3.13/nersc-python/lib/python3.13/multiprocessing/resource_tracker.py", line 371, in main
    raise ValueError(
        f'Cannot register {name} for automatic cleanup: '
        f'unknown resource type {rtype}')
ValueError: Cannot register /loky-341928-pirkx_36 for automatic cleanup: unknown resource type semlock
Traceback (most recent call last):
  File "/global/common/software/nersc/pe/conda-envs/26.1.0/python-3.13/nersc-python/lib/python3.13/multiprocessing/resource_tracker.py", line 371, in main
    raise ValueError(
        f'Cannot register {name} for automatic cleanup: '
        f'unknown resource type {rtype}')
ValueError: Cannot register /loky-341928-dd3n87fy for automatic cleanup: unknown resource type semlock
Traceback (most recent call last):
  File "/global/common/software/nersc/pe/conda-envs/26.1.0/python-3.13/nersc-python/lib/python3.13/multiprocessing/resource_tracker.py", line 371, in main
    raise ValueError(
        f'Cannot register {name} for automatic cleanup: '
        f'unknown resource type {rtype}')
ValueError: Cannot register /loky-341934-wtg9nbzd for automatic cleanup: unknown resource type semlock
Traceback (most recent call last):
  File "/global/common/software/nersc/pe/conda-envs/26.1.0/python-3.13/nersc-python/lib/python3.13/multiprocessing/resource_tracker.py", line 371, in main
    raise ValueError(
        f'Cannot register {name} for automatic cleanup: '
        f'unknown resource type {rtype}')
ValueError: Cannot register /loky-341934-046ov7vd for automatic cleanup: unknown resource type semlock
Traceback (most recent call last):
  File "/global/common/software/nersc/pe/conda-envs/26.1.0/python-3.13/nersc-python/lib/python3.13/multiprocessing/resource_tracker.py", line 371, in main
    raise ValueError(
        f'Cannot register {name} for automatic cleanup: '
        f'unknown resource type {rtype}')
ValueError: Cannot register /loky-341928-a4j0eco5 for automatic cleanup: unknown resource type semlock
Traceback (most recent call last):
  File "/global/common/software/nersc/pe/conda-envs/26.1.0/python-3.13/nersc-python/lib/python3.13/multiprocessing/resource_tracker.py", line 371, in main
    raise ValueError(
        f'Cannot register {name} for automatic cleanup: '
        f'unknown resource type {rtype}')
ValueError: Cannot register /loky-341928-hbn5ac4j for automatic cleanup: unknown resource type semlock
Traceback (most recent call last):
  File "/global/common/software/nersc/pe/conda-envs/26.1.0/python-3.13/nersc-python/lib/python3.13/multiprocessing/resource_tracker.py", line 371, in main
    raise ValueError(
        f'Cannot register {name} for automatic cleanup: '
        f'unknown resource type {rtype}')
ValueError: Cannot register /loky-1214552-olzmthcw for automatic cleanup: unknown resource type semlock
Traceback (most recent call last):
  File "/global/common/software/nersc/pe/conda-envs/26.1.0/python-3.13/nersc-python/lib/python3.13/multiprocessing/resource_tracker.py", line 371, in main
    raise ValueError(
        f'Cannot register {name} for automatic cleanup: '
        f'unknown resource type {rtype}')
ValueError: Cannot register /loky-1214552-_c7_5tnb for automatic cleanup: unknown resource type semlock
Traceback (most recent call last):
  File "/global/common/software/nersc/pe/conda-envs/26.1.0/python-3.13/nersc-python/lib/python3.13/multiprocessing/resource_tracker.py", line 371, in main
    raise ValueError(
        f'Cannot register {name} for automatic cleanup: '
        f'unknown resource type {rtype}')
ValueError: Cannot register /loky-1214541-e9lkjwg5 for automatic cleanup: unknown resource type semlock
Traceback (most recent call last):
  File "/global/common/software/nersc/pe/conda-envs/26.1.0/python-3.13/nersc-python/lib/python3.13/multiprocessing/resource_tracker.py", line 371, in main
    raise ValueError(
        f'Cannot register {name} for automatic cleanup: '
        f'unknown resource type {rtype}')
ValueError: Cannot register /loky-1214541-3mgogncy for automatic cleanup: unknown resource type semlock
Traceback (most recent call last):
  File "/global/common/software/nersc/pe/conda-envs/26.1.0/python-3.13/nersc-python/lib/python3.13/multiprocessing/resource_tracker.py", line 371, in main
    raise ValueError(
        f'Cannot register {name} for automatic cleanup: '
        f'unknown resource type {rtype}')
ValueError: Cannot register /loky-341934-9e7w0wjz for automatic cleanup: unknown resource type semlock
Traceback (most recent call last):
  File "/global/common/software/nersc/pe/conda-envs/26.1.0/python-3.13/nersc-python/lib/python3.13/multiprocessing/resource_tracker.py", line 371, in main
    raise ValueError(
        f'Cannot register {name} for automatic cleanup: '
        f'unknown resource type {rtype}')
ValueError: Cannot register /loky-341934-m292y95b for automatic cleanup: unknown resource type semlock
Traceback (most recent call last):
  File "/global/common/software/nersc/pe/conda-envs/26.1.0/python-3.13/nersc-python/lib/python3.13/multiprocessing/resource_tracker.py", line 371, in main
    raise ValueError(
        f'Cannot register {name} for automatic cleanup: '
        f'unknown resource type {rtype}')
ValueError: Cannot register /loky-1214552-lv7sur1q for automatic cleanup: unknown resource type semlock
Traceback (most recent call last):
  File "/global/common/software/nersc/pe/conda-envs/26.1.0/python-3.13/nersc-python/lib/python3.13/multiprocessing/resource_tracker.py", line 371, in main
    raise ValueError(
        f'Cannot register {name} for automatic cleanup: '
        f'unknown resource type {rtype}')
ValueError: Cannot register /loky-1214552-yx29jp4i for automatic cleanup: unknown resource type semlock
Traceback (most recent call last):
  File "/global/common/software/nersc/pe/conda-envs/26.1.0/python-3.13/nersc-python/lib/python3.13/multiprocessing/resource_tracker.py", line 371, in main
    raise ValueError(
        f'Cannot register {name} for automatic cleanup: '
        f'unknown resource type {rtype}')
ValueError: Cannot register /loky-1214536-mpm5t4si for automatic cleanup: unknown resource type semlock
Traceback (most recent call last):
  File "/global/common/software/nersc/pe/conda-envs/26.1.0/python-3.13/nersc-python/lib/python3.13/multiprocessing/resource_tracker.py", line 371, in main
    raise ValueError(
        f'Cannot register {name} for automatic cleanup: '
        f'unknown resource type {rtype}')
ValueError: Cannot register /loky-1214536-7spbtybn for automatic cleanup: unknown resource type semlock
Traceback (most recent call last):
  File "/global/common/software/nersc/pe/conda-envs/26.1.0/python-3.13/nersc-python/lib/python3.13/multiprocessing/resource_tracker.py", line 371, in main
    raise ValueError(
        f'Cannot register {name} for automatic cleanup: '
        f'unknown resource type {rtype}')
ValueError: Cannot register /loky-341931-h_dj5fwb for automatic cleanup: unknown resource type semlock
Traceback (most recent call last):
  File "/global/common/software/nersc/pe/conda-envs/26.1.0/python-3.13/nersc-python/lib/python3.13/multiprocessing/resource_tracker.py", line 371, in main
    raise ValueError(
        f'Cannot register {name} for automatic cleanup: '
        f'unknown resource type {rtype}')
ValueError: Cannot register /loky-341931-59nrkno4 for automatic cleanup: unknown resource type semlock
Traceback (most recent call last):
  File "/global/common/software/nersc/pe/conda-envs/26.1.0/python-3.13/nersc-python/lib/python3.13/multiprocessing/resource_tracker.py", line 371, in main
    raise ValueError(
        f'Cannot register {name} for automatic cleanup: '
        f'unknown resource type {rtype}')
ValueError: Cannot register /loky-341931-zgi97ipt for automatic cleanup: unknown resource type semlock
Traceback (most recent call last):
  File "/global/common/software/nersc/pe/conda-envs/26.1.0/python-3.13/nersc-python/lib/python3.13/multiprocessing/resource_tracker.py", line 371, in main
    raise ValueError(
        f'Cannot register {name} for automatic cleanup: '
        f'unknown resource type {rtype}')
ValueError: Cannot register /loky-341931-49wkjy6x for automatic cleanup: unknown resource type semlock
Traceback (most recent call last):
  File "/global/common/software/nersc/pe/conda-envs/26.1.0/python-3.13/nersc-python/lib/python3.13/multiprocessing/resource_tracker.py", line 371, in main
    raise ValueError(
        f'Cannot register {name} for automatic cleanup: '
        f'unknown resource type {rtype}')
ValueError: Cannot register /loky-1214550-7yt6in27 for automatic cleanup: unknown resource type semlock
Traceback (most recent call last):
  File "/global/common/software/nersc/pe/conda-envs/26.1.0/python-3.13/nersc-python/lib/python3.13/multiprocessing/resource_tracker.py", line 371, in main
    raise ValueError(
        f'Cannot register {name} for automatic cleanup: '
        f'unknown resource type {rtype}')
ValueError: Cannot register /loky-1214550-mkkwp_ew for automatic cleanup: unknown resource type semlock
Traceback (most recent call last):
  File "/global/common/software/nersc/pe/conda-envs/26.1.0/python-3.13/nersc-python/lib/python3.13/multiprocessing/resource_tracker.py", line 371, in main
    raise ValueError(
        f'Cannot register {name} for automatic cleanup: '
        f'unknown resource type {rtype}')
ValueError: Cannot register /loky-341928-l6zrmvg0 for automatic cleanup: unknown resource type semlock
Traceback (most recent call last):
  File "/global/common/software/nersc/pe/conda-envs/26.1.0/python-3.13/nersc-python/lib/python3.13/multiprocessing/resource_tracker.py", line 371, in main
    raise ValueError(
        f'Cannot register {name} for automatic cleanup: '
        f'unknown resource type {rtype}')
ValueError: Cannot register /loky-341928-ck2dvpju for automatic cleanup: unknown resource type semlock
Traceback (most recent call last):
  File "/global/common/software/nersc/pe/conda-envs/26.1.0/python-3.13/nersc-python/lib/python3.13/multiprocessing/resource_tracker.py", line 371, in main
    raise ValueError(
        f'Cannot register {name} for automatic cleanup: '
        f'unknown resource type {rtype}')
ValueError: Cannot register /loky-341928-_19_6tl1 for automatic cleanup: unknown resource type semlock
Traceback (most recent call last):
  File "/global/common/software/nersc/pe/conda-envs/26.1.0/python-3.13/nersc-python/lib/python3.13/multiprocessing/resource_tracker.py", line 371, in main
    raise ValueError(
        f'Cannot register {name} for automatic cleanup: '
        f'unknown resource type {rtype}')
ValueError: Cannot register /loky-341928-mt45wdr2 for automatic cleanup: unknown resource type semlock
Traceback (most recent call last):
  File "/global/common/software/nersc/pe/conda-envs/26.1.0/python-3.13/nersc-python/lib/python3.13/multiprocessing/resource_tracker.py", line 371, in main
    raise ValueError(
        f'Cannot register {name} for automatic cleanup: '
        f'unknown resource type {rtype}')
ValueError: Cannot register /loky-1214541-xhxvoak1 for automatic cleanup: unknown resource type semlock
Traceback (most recent call last):
  File "/global/common/software/nersc/pe/conda-envs/26.1.0/python-3.13/nersc-python/lib/python3.13/multiprocessing/resource_tracker.py", line 371, in main
    raise ValueError(
        f'Cannot register {name} for automatic cleanup: '
        f'unknown resource type {rtype}')
ValueError: Cannot register /loky-1214541-2d3sha0j for automatic cleanup: unknown resource type semlock
Traceback (most recent call last):
  File "/global/common/software/nersc/pe/conda-envs/26.1.0/python-3.13/nersc-python/lib/python3.13/multiprocessing/resource_tracker.py", line 371, in main
    raise ValueError(
        f'Cannot register {name} for automatic cleanup: '
        f'unknown resource type {rtype}')
ValueError: Cannot register /loky-341945-f97d77ey for automatic cleanup: unknown resource type semlock
Traceback (most recent call last):
  File "/global/common/software/nersc/pe/conda-envs/26.1.0/python-3.13/nersc-python/lib/python3.13/multiprocessing/resource_tracker.py", line 371, in main
    raise ValueError(
        f'Cannot register {name} for automatic cleanup: '
        f'unknown resource type {rtype}')
ValueError: Cannot register /loky-341945-ssklih73 for automatic cleanup: unknown resource type semlock
Traceback (most recent call last):
  File "/global/common/software/nersc/pe/conda-envs/26.1.0/python-3.13/nersc-python/lib/python3.13/multiprocessing/resource_tracker.py", line 371, in main
    raise ValueError(
        f'Cannot register {name} for automatic cleanup: '
        f'unknown resource type {rtype}')
ValueError: Cannot register /loky-341937-so71o001 for automatic cleanup: unknown resource type semlock
Traceback (most recent call last):
  File "/global/common/software/nersc/pe/conda-envs/26.1.0/python-3.13/nersc-python/lib/python3.13/multiprocessing/resource_tracker.py", line 371, in main
    raise ValueError(
        f'Cannot register {name} for automatic cleanup: '
        f'unknown resource type {rtype}')
ValueError: Cannot register /loky-341937-bwjaww7g for automatic cleanup: unknown resource type semlock
Traceback (most recent call last):
  File "/global/common/software/nersc/pe/conda-envs/26.1.0/python-3.13/nersc-python/lib/python3.13/multiprocessing/resource_tracker.py", line 371, in main
    raise ValueError(
        f'Cannot register {name} for automatic cleanup: '
        f'unknown resource type {rtype}')
ValueError: Cannot register /loky-1214536-vasmu5sc for automatic cleanup: unknown resource type semlock
Traceback (most recent call last):
  File "/global/common/software/nersc/pe/conda-envs/26.1.0/python-3.13/nersc-python/lib/python3.13/multiprocessing/resource_tracker.py", line 371, in main
    raise ValueError(
        f'Cannot register {name} for automatic cleanup: '
        f'unknown resource type {rtype}')
ValueError: Cannot register /loky-1214536-6pjlup51 for automatic cleanup: unknown resource type semlock
Traceback (most recent call last):
  File "/global/common/software/nersc/pe/conda-envs/26.1.0/python-3.13/nersc-python/lib/python3.13/multiprocessing/resource_tracker.py", line 371, in main
    raise ValueError(
        f'Cannot register {name} for automatic cleanup: '
        f'unknown resource type {rtype}')
ValueError: Cannot register /loky-341945-0_m1fpyd for automatic cleanup: unknown resource type semlock
Traceback (most recent call last):
  File "/global/common/software/nersc/pe/conda-envs/26.1.0/python-3.13/nersc-python/lib/python3.13/multiprocessing/resource_tracker.py", line 371, in main
    raise ValueError(
        f'Cannot register {name} for automatic cleanup: '
        f'unknown resource type {rtype}')
ValueError: Cannot register /loky-341945-2pxk_u_w for automatic cleanup: unknown resource type semlock
Traceback (most recent call last):
  File "/global/common/software/nersc/pe/conda-envs/26.1.0/python-3.13/nersc-python/lib/python3.13/multiprocessing/resource_tracker.py", line 371, in main
    raise ValueError(
        f'Cannot register {name} for automatic cleanup: '
        f'unknown resource type {rtype}')
ValueError: Cannot register /loky-1214552-v8n7t8hm for automatic cleanup: unknown resource type semlock
Traceback (most recent call last):
  File "/global/common/software/nersc/pe/conda-envs/26.1.0/python-3.13/nersc-python/lib/python3.13/multiprocessing/resource_tracker.py", line 371, in main
    raise ValueError(
        f'Cannot register {name} for automatic cleanup: '
        f'unknown resource type {rtype}')
ValueError: Cannot register /loky-1214552-6cw_bl6r for automatic cleanup: unknown resource type semlock
Traceback (most recent call last):
  File "/global/common/software/nersc/pe/conda-envs/26.1.0/python-3.13/nersc-python/lib/python3.13/multiprocessing/resource_tracker.py", line 371, in main
    raise ValueError(
        f'Cannot register {name} for automatic cleanup: '
        f'unknown resource type {rtype}')
ValueError: Cannot register /loky-341937-l5sdhpcy for automatic cleanup: unknown resource type semlock
Traceback (most recent call last):
  File "/global/common/software/nersc/pe/conda-envs/26.1.0/python-3.13/nersc-python/lib/python3.13/multiprocessing/resource_tracker.py", line 371, in main
    raise ValueError(
        f'Cannot register {name} for automatic cleanup: '
        f'unknown resource type {rtype}')
ValueError: Cannot register /loky-341937-ppgeltsk for automatic cleanup: unknown resource type semlock
Traceback (most recent call last):
  File "/global/common/software/nersc/pe/conda-envs/26.1.0/python-3.13/nersc-python/lib/python3.13/multiprocessing/resource_tracker.py", line 371, in main
    raise ValueError(
        f'Cannot register {name} for automatic cleanup: '
        f'unknown resource type {rtype}')
ValueError: Cannot register /loky-341934-tltix66_ for automatic cleanup: unknown resource type semlock
Traceback (most recent call last):
  File "/global/common/software/nersc/pe/conda-envs/26.1.0/python-3.13/nersc-python/lib/python3.13/multiprocessing/resource_tracker.py", line 371, in main
    raise ValueError(
        f'Cannot register {name} for automatic cleanup: '
        f'unknown resource type {rtype}')
ValueError: Cannot register /loky-341934-oayscyys for automatic cleanup: unknown resource type semlock
Traceback (most recent call last):
  File "/global/common/software/nersc/pe/conda-envs/26.1.0/python-3.13/nersc-python/lib/python3.13/multiprocessing/resource_tracker.py", line 371, in main
    raise ValueError(
        f'Cannot register {name} for automatic cleanup: '
        f'unknown resource type {rtype}')
ValueError: Cannot register /loky-341943-ash5c3oj for automatic cleanup: unknown resource type semlock
Traceback (most recent call last):
  File "/global/common/software/nersc/pe/conda-envs/26.1.0/python-3.13/nersc-python/lib/python3.13/multiprocessing/resource_tracker.py", line 371, in main
    raise ValueError(
        f'Cannot register {name} for automatic cleanup: '
        f'unknown resource type {rtype}')
ValueError: Cannot register /loky-341943-rda3n1gl for automatic cleanup: unknown resource type semlock
Traceback (most recent call last):
  File "/global/common/software/nersc/pe/conda-envs/26.1.0/python-3.13/nersc-python/lib/python3.13/multiprocessing/resource_tracker.py", line 371, in main
    raise ValueError(
        f'Cannot register {name} for automatic cleanup: '
        f'unknown resource type {rtype}')
ValueError: Cannot register /loky-341931-xy0zt8ao for automatic cleanup: unknown resource type semlock
Traceback (most recent call last):
  File "/global/common/software/nersc/pe/conda-envs/26.1.0/python-3.13/nersc-python/lib/python3.13/multiprocessing/resource_tracker.py", line 371, in main
    raise ValueError(
        f'Cannot register {name} for automatic cleanup: '
        f'unknown resource type {rtype}')
ValueError: Cannot register /loky-341931-hc9xzsip for automatic cleanup: unknown resource type semlock
Traceback (most recent call last):
  File "/global/common/software/nersc/pe/conda-envs/26.1.0/python-3.13/nersc-python/lib/python3.13/multiprocessing/resource_tracker.py", line 371, in main
    raise ValueError(
        f'Cannot register {name} for automatic cleanup: '
        f'unknown resource type {rtype}')
ValueError: Cannot register /loky-1214536-47sjre35 for automatic cleanup: unknown resource type semlock
Traceback (most recent call last):
  File "/global/common/software/nersc/pe/conda-envs/26.1.0/python-3.13/nersc-python/lib/python3.13/multiprocessing/resource_tracker.py", line 371, in main
    raise ValueError(
        f'Cannot register {name} for automatic cleanup: '
        f'unknown resource type {rtype}')
ValueError: Cannot register /loky-1214536-5dh2irto for automatic cleanup: unknown resource type semlock
Traceback (most recent call last):
  File "/global/common/software/nersc/pe/conda-envs/26.1.0/python-3.13/nersc-python/lib/python3.13/multiprocessing/resource_tracker.py", line 371, in main
    raise ValueError(
        f'Cannot register {name} for automatic cleanup: '
        f'unknown resource type {rtype}')
ValueError: Cannot register /loky-341925-fidel2jm for automatic cleanup: unknown resource type semlock
Traceback (most recent call last):
  File "/global/common/software/nersc/pe/conda-envs/26.1.0/python-3.13/nersc-python/lib/python3.13/multiprocessing/resource_tracker.py", line 371, in main
    raise ValueError(
        f'Cannot register {name} for automatic cleanup: '
        f'unknown resource type {rtype}')
ValueError: Cannot register /loky-341925-n3ptbis_ for automatic cleanup: unknown resource type semlock
Traceback (most recent call last):
  File "/global/common/software/nersc/pe/conda-envs/26.1.0/python-3.13/nersc-python/lib/python3.13/multiprocessing/resource_tracker.py", line 371, in main
    raise ValueError(
        f'Cannot register {name} for automatic cleanup: '
        f'unknown resource type {rtype}')
ValueError: Cannot register /loky-1214543-9_0096y0 for automatic cleanup: unknown resource type semlock
Traceback (most recent call last):
  File "/global/common/software/nersc/pe/conda-envs/26.1.0/python-3.13/nersc-python/lib/python3.13/multiprocessing/resource_tracker.py", line 371, in main
    raise ValueError(
        f'Cannot register {name} for automatic cleanup: '
        f'unknown resource type {rtype}')
ValueError: Cannot register /loky-1214543-9ht4qscf for automatic cleanup: unknown resource type semlock
Traceback (most recent call last):
  File "/global/common/software/nersc/pe/conda-envs/26.1.0/python-3.13/nersc-python/lib/python3.13/multiprocessing/resource_tracker.py", line 371, in main
    raise ValueError(
        f'Cannot register {name} for automatic cleanup: '
        f'unknown resource type {rtype}')
ValueError: Cannot register /loky-341934-921rmaf0 for automatic cleanup: unknown resource type semlock
Traceback (most recent call last):
  File "/global/common/software/nersc/pe/conda-envs/26.1.0/python-3.13/nersc-python/lib/python3.13/multiprocessing/resource_tracker.py", line 371, in main
    raise ValueError(
        f'Cannot register {name} for automatic cleanup: '
        f'unknown resource type {rtype}')
ValueError: Cannot register /loky-341934-j58v3kvq for automatic cleanup: unknown resource type semlock
Traceback (most recent call last):
  File "/global/common/software/nersc/pe/conda-envs/26.1.0/python-3.13/nersc-python/lib/python3.13/multiprocessing/resource_tracker.py", line 371, in main
    raise ValueError(
        f'Cannot register {name} for automatic cleanup: '
        f'unknown resource type {rtype}')
ValueError: Cannot register /loky-1214553-no45z1qk for automatic cleanup: unknown resource type semlock
Traceback (most recent call last):
  File "/global/common/software/nersc/pe/conda-envs/26.1.0/python-3.13/nersc-python/lib/python3.13/multiprocessing/resource_tracker.py", line 371, in main
    raise ValueError(
        f'Cannot register {name} for automatic cleanup: '
        f'unknown resource type {rtype}')
ValueError: Cannot register /loky-1214553-q3gl0s9r for automatic cleanup: unknown resource type semlock
Traceback (most recent call last):
  File "/global/common/software/nersc/pe/conda-envs/26.1.0/python-3.13/nersc-python/lib/python3.13/multiprocessing/resource_tracker.py", line 371, in main
    raise ValueError(
        f'Cannot register {name} for automatic cleanup: '
        f'unknown resource type {rtype}')
ValueError: Cannot register /loky-341931-s5i8ui_1 for automatic cleanup: unknown resource type semlock
Traceback (most recent call last):
  File "/global/common/software/nersc/pe/conda-envs/26.1.0/python-3.13/nersc-python/lib/python3.13/multiprocessing/resource_tracker.py", line 371, in main
    raise ValueError(
        f'Cannot register {name} for automatic cleanup: '
        f'unknown resource type {rtype}')
ValueError: Cannot register /loky-341931-zhgh62ll for automatic cleanup: unknown resource type semlock
Traceback (most recent call last):
  File "/global/common/software/nersc/pe/conda-envs/26.1.0/python-3.13/nersc-python/lib/python3.13/multiprocessing/resource_tracker.py", line 371, in main
    raise ValueError(
        f'Cannot register {name} for automatic cleanup: '
        f'unknown resource type {rtype}')
ValueError: Cannot register /loky-1214536-m_rqp92_ for automatic cleanup: unknown resource type semlock
Traceback (most recent call last):
  File "/global/common/software/nersc/pe/conda-envs/26.1.0/python-3.13/nersc-python/lib/python3.13/multiprocessing/resource_tracker.py", line 371, in main
    raise ValueError(
        f'Cannot register {name} for automatic cleanup: '
        f'unknown resource type {rtype}')
ValueError: Cannot register /loky-1214536-6m1fcpr9 for automatic cleanup: unknown resource type semlock
Traceback (most recent call last):
  File "/global/common/software/nersc/pe/conda-envs/26.1.0/python-3.13/nersc-python/lib/python3.13/multiprocessing/resource_tracker.py", line 371, in main
    raise ValueError(
        f'Cannot register {name} for automatic cleanup: '
        f'unknown resource type {rtype}')
ValueError: Cannot register /loky-341945-tpe7xd6c for automatic cleanup: unknown resource type semlock
Traceback (most recent call last):
  File "/global/common/software/nersc/pe/conda-envs/26.1.0/python-3.13/nersc-python/lib/python3.13/multiprocessing/resource_tracker.py", line 371, in main
    raise ValueError(
        f'Cannot register {name} for automatic cleanup: '
        f'unknown resource type {rtype}')
ValueError: Cannot register /loky-341945-okvd_sbr for automatic cleanup: unknown resource type semlock
Traceback (most recent call last):
  File "/global/common/software/nersc/pe/conda-envs/26.1.0/python-3.13/nersc-python/lib/python3.13/multiprocessing/resource_tracker.py", line 371, in main
    raise ValueError(
        f'Cannot register {name} for automatic cleanup: '
        f'unknown resource type {rtype}')
ValueError: Cannot register /loky-1214542-il6n6cw_ for automatic cleanup: unknown resource type semlock
Traceback (most recent call last):
  File "/global/common/software/nersc/pe/conda-envs/26.1.0/python-3.13/nersc-python/lib/python3.13/multiprocessing/resource_tracker.py", line 371, in main
    raise ValueError(
        f'Cannot register {name} for automatic cleanup: '
        f'unknown resource type {rtype}')
ValueError: Cannot register /loky-1214542-m7sgrqt2 for automatic cleanup: unknown resource type semlock
Traceback (most recent call last):
  File "/global/common/software/nersc/pe/conda-envs/26.1.0/python-3.13/nersc-python/lib/python3.13/multiprocessing/resource_tracker.py", line 371, in main
    raise ValueError(
        f'Cannot register {name} for automatic cleanup: '
        f'unknown resource type {rtype}')
ValueError: Cannot register /loky-341925-gfk7p8os for automatic cleanup: unknown resource type semlock
Traceback (most recent call last):
  File "/global/common/software/nersc/pe/conda-envs/26.1.0/python-3.13/nersc-python/lib/python3.13/multiprocessing/resource_tracker.py", line 371, in main
    raise ValueError(
        f'Cannot register {name} for automatic cleanup: '
        f'unknown resource type {rtype}')
ValueError: Cannot register /loky-341925-azbsdn0z for automatic cleanup: unknown resource type semlock
Traceback (most recent call last):
  File "/global/common/software/nersc/pe/conda-envs/26.1.0/python-3.13/nersc-python/lib/python3.13/multiprocessing/resource_tracker.py", line 371, in main
    raise ValueError(
        f'Cannot register {name} for automatic cleanup: '
        f'unknown resource type {rtype}')
ValueError: Cannot register /loky-341941-fnpkey2n for automatic cleanup: unknown resource type semlock
Traceback (most recent call last):
  File "/global/common/software/nersc/pe/conda-envs/26.1.0/python-3.13/nersc-python/lib/python3.13/multiprocessing/resource_tracker.py", line 371, in main
    raise ValueError(
        f'Cannot register {name} for automatic cleanup: '
        f'unknown resource type {rtype}')
ValueError: Cannot register /loky-341941-dncx3v0l for automatic cleanup: unknown resource type semlock
Traceback (most recent call last):
  File "/global/common/software/nersc/pe/conda-envs/26.1.0/python-3.13/nersc-python/lib/python3.13/multiprocessing/resource_tracker.py", line 371, in main
    raise ValueError(
        f'Cannot register {name} for automatic cleanup: '
        f'unknown resource type {rtype}')
ValueError: Cannot register /loky-1214542-gxpn6cd5 for automatic cleanup: unknown resource type semlock
Traceback (most recent call last):
  File "/global/common/software/nersc/pe/conda-envs/26.1.0/python-3.13/nersc-python/lib/python3.13/multiprocessing/resource_tracker.py", line 371, in main
    raise ValueError(
        f'Cannot register {name} for automatic cleanup: '
        f'unknown resource type {rtype}')
ValueError: Cannot register /loky-1214542-q0dkfkuk for automatic cleanup: unknown resource type semlock
Traceback (most recent call last):
  File "/global/common/software/nersc/pe/conda-envs/26.1.0/python-3.13/nersc-python/lib/python3.13/multiprocessing/resource_tracker.py", line 371, in main
    raise ValueError(
        f'Cannot register {name} for automatic cleanup: '
        f'unknown resource type {rtype}')
ValueError: Cannot register /loky-1214542-ogqkonpv for automatic cleanup: unknown resource type semlock
Traceback (most recent call last):
  File "/global/common/software/nersc/pe/conda-envs/26.1.0/python-3.13/nersc-python/lib/python3.13/multiprocessing/resource_tracker.py", line 371, in main
    raise ValueError(
        f'Cannot register {name} for automatic cleanup: '
        f'unknown resource type {rtype}')
ValueError: Cannot register /loky-1214542-91wkuu7h for automatic cleanup: unknown resource type semlock
Traceback (most recent call last):
  File "/global/common/software/nersc/pe/conda-envs/26.1.0/python-3.13/nersc-python/lib/python3.13/multiprocessing/resource_tracker.py", line 371, in main
    raise ValueError(
        f'Cannot register {name} for automatic cleanup: '
        f'unknown resource type {rtype}')
ValueError: Cannot register /loky-1214536-aohwc5u8 for automatic cleanup: unknown resource type semlock
Traceback (most recent call last):
  File "/global/common/software/nersc/pe/conda-envs/26.1.0/python-3.13/nersc-python/lib/python3.13/multiprocessing/resource_tracker.py", line 371, in main
    raise ValueError(
        f'Cannot register {name} for automatic cleanup: '
        f'unknown resource type {rtype}')
ValueError: Cannot register /loky-1214536-7h6t1qsu for automatic cleanup: unknown resource type semlock
Traceback (most recent call last):
  File "/global/common/software/nersc/pe/conda-envs/26.1.0/python-3.13/nersc-python/lib/python3.13/multiprocessing/resource_tracker.py", line 371, in main
    raise ValueError(
        f'Cannot register {name} for automatic cleanup: '
        f'unknown resource type {rtype}')
ValueError: Cannot register /loky-341934-j58v3kvq for automatic cleanup: unknown resource type semlock
Traceback (most recent call last):
  File "/global/common/software/nersc/pe/conda-envs/26.1.0/python-3.13/nersc-python/lib/python3.13/multiprocessing/resource_tracker.py", line 371, in main
    raise ValueError(
        f'Cannot register {name} for automatic cleanup: '
        f'unknown resource type {rtype}')
ValueError: Cannot register /loky-341934-jo2_uq6b for automatic cleanup: unknown resource type semlock
Traceback (most recent call last):
  File "/global/common/software/nersc/pe/conda-envs/26.1.0/python-3.13/nersc-python/lib/python3.13/multiprocessing/resource_tracker.py", line 371, in main
    raise ValueError(
        f'Cannot register {name} for automatic cleanup: '
        f'unknown resource type {rtype}')
ValueError: Cannot register /loky-1214553-p2xi063s for automatic cleanup: unknown resource type semlock
Traceback (most recent call last):
  File "/global/common/software/nersc/pe/conda-envs/26.1.0/python-3.13/nersc-python/lib/python3.13/multiprocessing/resource_tracker.py", line 371, in main
    raise ValueError(
        f'Cannot register {name} for automatic cleanup: '
        f'unknown resource type {rtype}')
ValueError: Cannot register /loky-1214553-hrieg4oz for automatic cleanup: unknown resource type semlock
Traceback (most recent call last):
  File "/global/common/software/nersc/pe/conda-envs/26.1.0/python-3.13/nersc-python/lib/python3.13/multiprocessing/resource_tracker.py", line 371, in main
    raise ValueError(
        f'Cannot register {name} for automatic cleanup: '
        f'unknown resource type {rtype}')
ValueError: Cannot register /loky-1214543-r995yx71 for automatic cleanup: unknown resource type semlock
Traceback (most recent call last):
  File "/global/common/software/nersc/pe/conda-envs/26.1.0/python-3.13/nersc-python/lib/python3.13/multiprocessing/resource_tracker.py", line 371, in main
    raise ValueError(
        f'Cannot register {name} for automatic cleanup: '
        f'unknown resource type {rtype}')
ValueError: Cannot register /loky-1214543-tqhvne8p for automatic cleanup: unknown resource type semlock
Traceback (most recent call last):
  File "/global/common/software/nersc/pe/conda-envs/26.1.0/python-3.13/nersc-python/lib/python3.13/multiprocessing/resource_tracker.py", line 371, in main
    raise ValueError(
        f'Cannot register {name} for automatic cleanup: '
        f'unknown resource type {rtype}')
ValueError: Cannot register /loky-1214552-58fsnep6 for automatic cleanup: unknown resource type semlock
Traceback (most recent call last):
  File "/global/common/software/nersc/pe/conda-envs/26.1.0/python-3.13/nersc-python/lib/python3.13/multiprocessing/resource_tracker.py", line 371, in main
    raise ValueError(
        f'Cannot register {name} for automatic cleanup: '
        f'unknown resource type {rtype}')
ValueError: Cannot register /loky-1214552-6rh313hl for automatic cleanup: unknown resource type semlock
Traceback (most recent call last):
  File "/global/common/software/nersc/pe/conda-envs/26.1.0/python-3.13/nersc-python/lib/python3.13/multiprocessing/resource_tracker.py", line 371, in main
    raise ValueError(
        f'Cannot register {name} for automatic cleanup: '
        f'unknown resource type {rtype}')
ValueError: Cannot register /loky-341945-wdg6w5wa for automatic cleanup: unknown resource type semlock
Traceback (most recent call last):
  File "/global/common/software/nersc/pe/conda-envs/26.1.0/python-3.13/nersc-python/lib/python3.13/multiprocessing/resource_tracker.py", line 371, in main
    raise ValueError(
        f'Cannot register {name} for automatic cleanup: '
        f'unknown resource type {rtype}')
ValueError: Cannot register /loky-341945-2dbu7zhz for automatic cleanup: unknown resource type semlock
Traceback (most recent call last):
  File "/global/common/software/nersc/pe/conda-envs/26.1.0/python-3.13/nersc-python/lib/python3.13/multiprocessing/resource_tracker.py", line 371, in main
    raise ValueError(
        f'Cannot register {name} for automatic cleanup: '
        f'unknown resource type {rtype}')
ValueError: Cannot register /loky-1214553-l_3r2hm7 for automatic cleanup: unknown resource type semlock
Traceback (most recent call last):
  File "/global/common/software/nersc/pe/conda-envs/26.1.0/python-3.13/nersc-python/lib/python3.13/multiprocessing/resource_tracker.py", line 371, in main
    raise ValueError(
        f'Cannot register {name} for automatic cleanup: '
        f'unknown resource type {rtype}')
ValueError: Cannot register /loky-1214553-euhuoc0y for automatic cleanup: unknown resource type semlock
Traceback (most recent call last):
  File "/global/common/software/nersc/pe/conda-envs/26.1.0/python-3.13/nersc-python/lib/python3.13/multiprocessing/resource_tracker.py", line 371, in main
    raise ValueError(
        f'Cannot register {name} for automatic cleanup: '
        f'unknown resource type {rtype}')
ValueError: Cannot register /loky-1214555-cj4rp1m9 for automatic cleanup: unknown resource type semlock
Traceback (most recent call last):
  File "/global/common/software/nersc/pe/conda-envs/26.1.0/python-3.13/nersc-python/lib/python3.13/multiprocessing/resource_tracker.py", line 371, in main
    raise ValueError(
        f'Cannot register {name} for automatic cleanup: '
        f'unknown resource type {rtype}')
ValueError: Cannot register /loky-1214555-vmmx9a80 for automatic cleanup: unknown resource type semlock
Traceback (most recent call last):
  File "/global/common/software/nersc/pe/conda-envs/26.1.0/python-3.13/nersc-python/lib/python3.13/multiprocessing/resource_tracker.py", line 371, in main
    raise ValueError(
        f'Cannot register {name} for automatic cleanup: '
        f'unknown resource type {rtype}')
ValueError: Cannot register /loky-1214552-f7upbsd5 for automatic cleanup: unknown resource type semlock
Traceback (most recent call last):
  File "/global/common/software/nersc/pe/conda-envs/26.1.0/python-3.13/nersc-python/lib/python3.13/multiprocessing/resource_tracker.py", line 371, in main
    raise ValueError(
        f'Cannot register {name} for automatic cleanup: '
        f'unknown resource type {rtype}')
ValueError: Cannot register /loky-1214552-sqiff10u for automatic cleanup: unknown resource type semlock
Traceback (most recent call last):
  File "/global/common/software/nersc/pe/conda-envs/26.1.0/python-3.13/nersc-python/lib/python3.13/multiprocessing/resource_tracker.py", line 371, in main
    raise ValueError(
        f'Cannot register {name} for automatic cleanup: '
        f'unknown resource type {rtype}')
ValueError: Cannot register /loky-1214536-25oh0wlx for automatic cleanup: unknown resource type semlock
Traceback (most recent call last):
  File "/global/common/software/nersc/pe/conda-envs/26.1.0/python-3.13/nersc-python/lib/python3.13/multiprocessing/resource_tracker.py", line 371, in main
    raise ValueError(
        f'Cannot register {name} for automatic cleanup: '
        f'unknown resource type {rtype}')
ValueError: Cannot register /loky-1214536-_fk_x6sw for automatic cleanup: unknown resource type semlock
Traceback (most recent call last):
  File "/global/common/software/nersc/pe/conda-envs/26.1.0/python-3.13/nersc-python/lib/python3.13/multiprocessing/resource_tracker.py", line 371, in main
    raise ValueError(
        f'Cannot register {name} for automatic cleanup: '
        f'unknown resource type {rtype}')
ValueError: Cannot register /loky-1214555-0t9f90pv for automatic cleanup: unknown resource type semlock
Traceback (most recent call last):
  File "/global/common/software/nersc/pe/conda-envs/26.1.0/python-3.13/nersc-python/lib/python3.13/multiprocessing/resource_tracker.py", line 371, in main
    raise ValueError(
        f'Cannot register {name} for automatic cleanup: '
        f'unknown resource type {rtype}')
ValueError: Cannot register /loky-1214555-b0wboijw for automatic cleanup: unknown resource type semlock
Traceback (most recent call last):
  File "/global/common/software/nersc/pe/conda-envs/26.1.0/python-3.13/nersc-python/lib/python3.13/multiprocessing/resource_tracker.py", line 371, in main
    raise ValueError(
        f'Cannot register {name} for automatic cleanup: '
        f'unknown resource type {rtype}')
ValueError: Cannot register /loky-341928-xiglgzw6 for automatic cleanup: unknown resource type semlock
Traceback (most recent call last):
  File "/global/common/software/nersc/pe/conda-envs/26.1.0/python-3.13/nersc-python/lib/python3.13/multiprocessing/resource_tracker.py", line 371, in main
    raise ValueError(
        f'Cannot register {name} for automatic cleanup: '
        f'unknown resource type {rtype}')
ValueError: Cannot register /loky-341928-kcm4hw56 for automatic cleanup: unknown resource type semlock
Traceback (most recent call last):
  File "/global/common/software/nersc/pe/conda-envs/26.1.0/python-3.13/nersc-python/lib/python3.13/multiprocessing/resource_tracker.py", line 371, in main
    raise ValueError(
        f'Cannot register {name} for automatic cleanup: '
        f'unknown resource type {rtype}')
ValueError: Cannot register /loky-1214541-jwgyaqvi for automatic cleanup: unknown resource type semlock
Traceback (most recent call last):
  File "/global/common/software/nersc/pe/conda-envs/26.1.0/python-3.13/nersc-python/lib/python3.13/multiprocessing/resource_tracker.py", line 371, in main
    raise ValueError(
        f'Cannot register {name} for automatic cleanup: '
        f'unknown resource type {rtype}')
ValueError: Cannot register /loky-1214541-owzhkqzn for automatic cleanup: unknown resource type semlock
Traceback (most recent call last):
  File "/global/common/software/nersc/pe/conda-envs/26.1.0/python-3.13/nersc-python/lib/python3.13/multiprocessing/resource_tracker.py", line 371, in main
    raise ValueError(
        f'Cannot register {name} for automatic cleanup: '
        f'unknown resource type {rtype}')
ValueError: Cannot register /loky-1214541-p4rl5ra9 for automatic cleanup: unknown resource type semlock
Traceback (most recent call last):
  File "/global/common/software/nersc/pe/conda-envs/26.1.0/python-3.13/nersc-python/lib/python3.13/multiprocessing/resource_tracker.py", line 371, in main
    raise ValueError(
        f'Cannot register {name} for automatic cleanup: '
        f'unknown resource type {rtype}')
ValueError: Cannot register /loky-1214541-oql3lo1r for automatic cleanup: unknown resource type semlock
Traceback (most recent call last):
  File "/global/common/software/nersc/pe/conda-envs/26.1.0/python-3.13/nersc-python/lib/python3.13/multiprocessing/resource_tracker.py", line 371, in main
    raise ValueError(
        f'Cannot register {name} for automatic cleanup: '
        f'unknown resource type {rtype}')
ValueError: Cannot register /loky-341943-7kedd_sj for automatic cleanup: unknown resource type semlock
Traceback (most recent call last):
  File "/global/common/software/nersc/pe/conda-envs/26.1.0/python-3.13/nersc-python/lib/python3.13/multiprocessing/resource_tracker.py", line 371, in main
    raise ValueError(
        f'Cannot register {name} for automatic cleanup: '
        f'unknown resource type {rtype}')
ValueError: Cannot register /loky-341943-foo07h3h for automatic cleanup: unknown resource type semlock
Traceback (most recent call last):
  File "/global/common/software/nersc/pe/conda-envs/26.1.0/python-3.13/nersc-python/lib/python3.13/multiprocessing/resource_tracker.py", line 371, in main
    raise ValueError(
        f'Cannot register {name} for automatic cleanup: '
        f'unknown resource type {rtype}')
ValueError: Cannot register /loky-1214555-cazh8l06 for automatic cleanup: unknown resource type semlock
Traceback (most recent call last):
  File "/global/common/software/nersc/pe/conda-envs/26.1.0/python-3.13/nersc-python/lib/python3.13/multiprocessing/resource_tracker.py", line 371, in main
    raise ValueError(
        f'Cannot register {name} for automatic cleanup: '
        f'unknown resource type {rtype}')
ValueError: Cannot register /loky-1214555-1tth_eel for automatic cleanup: unknown resource type semlock
Traceback (most recent call last):
  File "/global/common/software/nersc/pe/conda-envs/26.1.0/python-3.13/nersc-python/lib/python3.13/multiprocessing/resource_tracker.py", line 371, in main
    raise ValueError(
        f'Cannot register {name} for automatic cleanup: '
        f'unknown resource type {rtype}')
ValueError: Cannot register /loky-1214536-njmeuerd for automatic cleanup: unknown resource type semlock
Traceback (most recent call last):
  File "/global/common/software/nersc/pe/conda-envs/26.1.0/python-3.13/nersc-python/lib/python3.13/multiprocessing/resource_tracker.py", line 371, in main
    raise ValueError(
        f'Cannot register {name} for automatic cleanup: '
        f'unknown resource type {rtype}')
ValueError: Cannot register /loky-1214536-nzq5r2ea for automatic cleanup: unknown resource type semlock
Traceback (most recent call last):
  File "/global/common/software/nersc/pe/conda-envs/26.1.0/python-3.13/nersc-python/lib/python3.13/multiprocessing/resource_tracker.py", line 371, in main
    raise ValueError(
        f'Cannot register {name} for automatic cleanup: '
        f'unknown resource type {rtype}')
ValueError: Cannot register /loky-341937-k0rym05c for automatic cleanup: unknown resource type semlock
Traceback (most recent call last):
  File "/global/common/software/nersc/pe/conda-envs/26.1.0/python-3.13/nersc-python/lib/python3.13/multiprocessing/resource_tracker.py", line 371, in main
    raise ValueError(
        f'Cannot register {name} for automatic cleanup: '
        f'unknown resource type {rtype}')
ValueError: Cannot register /loky-341937-uhca8tgw for automatic cleanup: unknown resource type semlock
Traceback (most recent call last):
  File "/global/common/software/nersc/pe/conda-envs/26.1.0/python-3.13/nersc-python/lib/python3.13/multiprocessing/resource_tracker.py", line 371, in main
    raise ValueError(
        f'Cannot register {name} for automatic cleanup: '
        f'unknown resource type {rtype}')
ValueError: Cannot register /loky-341928-84f5l_yb for automatic cleanup: unknown resource type semlock
Traceback (most recent call last):
  File "/global/common/software/nersc/pe/conda-envs/26.1.0/python-3.13/nersc-python/lib/python3.13/multiprocessing/resource_tracker.py", line 371, in main
    raise ValueError(
        f'Cannot register {name} for automatic cleanup: '
        f'unknown resource type {rtype}')
ValueError: Cannot register /loky-341928-3s2zm14a for automatic cleanup: unknown resource type semlock
Traceback (most recent call last):
  File "/global/common/software/nersc/pe/conda-envs/26.1.0/python-3.13/nersc-python/lib/python3.13/multiprocessing/resource_tracker.py", line 371, in main
    raise ValueError(
        f'Cannot register {name} for automatic cleanup: '
        f'unknown resource type {rtype}')
ValueError: Cannot register /loky-1214541-2tqiww68 for automatic cleanup: unknown resource type semlock
Traceback (most recent call last):
  File "/global/common/software/nersc/pe/conda-envs/26.1.0/python-3.13/nersc-python/lib/python3.13/multiprocessing/resource_tracker.py", line 371, in main
    raise ValueError(
        f'Cannot register {name} for automatic cleanup: '
        f'unknown resource type {rtype}')
ValueError: Cannot register /loky-1214541-gbjfqdh7 for automatic cleanup: unknown resource type semlock
Traceback (most recent call last):
  File "/global/common/software/nersc/pe/conda-envs/26.1.0/python-3.13/nersc-python/lib/python3.13/multiprocessing/resource_tracker.py", line 371, in main
    raise ValueError(
        f'Cannot register {name} for automatic cleanup: '
        f'unknown resource type {rtype}')
ValueError: Cannot register /loky-341937-fio3upf2 for automatic cleanup: unknown resource type semlock
Traceback (most recent call last):
  File "/global/common/software/nersc/pe/conda-envs/26.1.0/python-3.13/nersc-python/lib/python3.13/multiprocessing/resource_tracker.py", line 371, in main
    raise ValueError(
        f'Cannot register {name} for automatic cleanup: '
        f'unknown resource type {rtype}')
ValueError: Cannot register /loky-341937-nbvfzgs0 for automatic cleanup: unknown resource type semlock
Traceback (most recent call last):
  File "/global/common/software/nersc/pe/conda-envs/26.1.0/python-3.13/nersc-python/lib/python3.13/multiprocessing/resource_tracker.py", line 371, in main
    raise ValueError(
        f'Cannot register {name} for automatic cleanup: '
        f'unknown resource type {rtype}')
ValueError: Cannot register /loky-341928-90vipf66 for automatic cleanup: unknown resource type semlock
Traceback (most recent call last):
  File "/global/common/software/nersc/pe/conda-envs/26.1.0/python-3.13/nersc-python/lib/python3.13/multiprocessing/resource_tracker.py", line 371, in main
    raise ValueError(
        f'Cannot register {name} for automatic cleanup: '
        f'unknown resource type {rtype}')
ValueError: Cannot register /loky-341928-orord0qm for automatic cleanup: unknown resource type semlock
Traceback (most recent call last):
  File "/global/common/software/nersc/pe/conda-envs/26.1.0/python-3.13/nersc-python/lib/python3.13/multiprocessing/resource_tracker.py", line 371, in main
    raise ValueError(
        f'Cannot register {name} for automatic cleanup: '
        f'unknown resource type {rtype}')
ValueError: Cannot register /loky-1214550-im8v2m4h for automatic cleanup: unknown resource type semlock
Traceback (most recent call last):
  File "/global/common/software/nersc/pe/conda-envs/26.1.0/python-3.13/nersc-python/lib/python3.13/multiprocessing/resource_tracker.py", line 371, in main
    raise ValueError(
        f'Cannot register {name} for automatic cleanup: '
        f'unknown resource type {rtype}')
ValueError: Cannot register /loky-1214550-er56rfed for automatic cleanup: unknown resource type semlock
Traceback (most recent call last):
  File "/global/common/software/nersc/pe/conda-envs/26.1.0/python-3.13/nersc-python/lib/python3.13/multiprocessing/resource_tracker.py", line 371, in main
    raise ValueError(
        f'Cannot register {name} for automatic cleanup: '
        f'unknown resource type {rtype}')
ValueError: Cannot register /loky-341928-8_0czrkm for automatic cleanup: unknown resource type semlock
Traceback (most recent call last):
  File "/global/common/software/nersc/pe/conda-envs/26.1.0/python-3.13/nersc-python/lib/python3.13/multiprocessing/resource_tracker.py", line 371, in main
    raise ValueError(
        f'Cannot register {name} for automatic cleanup: '
        f'unknown resource type {rtype}')
ValueError: Cannot register /loky-341928-5scrqu_o for automatic cleanup: unknown resource type semlock
Traceback (most recent call last):
  File "/global/common/software/nersc/pe/conda-envs/26.1.0/python-3.13/nersc-python/lib/python3.13/multiprocessing/resource_tracker.py", line 371, in main
    raise ValueError(
        f'Cannot register {name} for automatic cleanup: '
        f'unknown resource type {rtype}')
ValueError: Cannot register /loky-341937-i_3eeg6u for automatic cleanup: unknown resource type semlock
Traceback (most recent call last):
  File "/global/common/software/nersc/pe/conda-envs/26.1.0/python-3.13/nersc-python/lib/python3.13/multiprocessing/resource_tracker.py", line 371, in main
    raise ValueError(
        f'Cannot register {name} for automatic cleanup: '
        f'unknown resource type {rtype}')
ValueError: Cannot register /loky-341937-zl8m40xj for automatic cleanup: unknown resource type semlock
Traceback (most recent call last):
  File "/global/common/software/nersc/pe/conda-envs/26.1.0/python-3.13/nersc-python/lib/python3.13/multiprocessing/resource_tracker.py", line 371, in main
    raise ValueError(
        f'Cannot register {name} for automatic cleanup: '
        f'unknown resource type {rtype}')
ValueError: Cannot register /loky-341943-s2a8e2h0 for automatic cleanup: unknown resource type semlock
Traceback (most recent call last):
  File "/global/common/software/nersc/pe/conda-envs/26.1.0/python-3.13/nersc-python/lib/python3.13/multiprocessing/resource_tracker.py", line 371, in main
    raise ValueError(
        f'Cannot register {name} for automatic cleanup: '
        f'unknown resource type {rtype}')
ValueError: Cannot register /loky-341943-s37jj_j8 for automatic cleanup: unknown resource type semlock
Traceback (most recent call last):
  File "/global/common/software/nersc/pe/conda-envs/26.1.0/python-3.13/nersc-python/lib/python3.13/multiprocessing/resource_tracker.py", line 371, in main
    raise ValueError(
        f'Cannot register {name} for automatic cleanup: '
        f'unknown resource type {rtype}')
ValueError: Cannot register /loky-341934-r6soeu5z for automatic cleanup: unknown resource type semlock
Traceback (most recent call last):
  File "/global/common/software/nersc/pe/conda-envs/26.1.0/python-3.13/nersc-python/lib/python3.13/multiprocessing/resource_tracker.py", line 371, in main
    raise ValueError(
        f'Cannot register {name} for automatic cleanup: '
        f'unknown resource type {rtype}')
ValueError: Cannot register /loky-341934-6g7unjfp for automatic cleanup: unknown resource type semlock
Traceback (most recent call last):
  File "/global/common/software/nersc/pe/conda-envs/26.1.0/python-3.13/nersc-python/lib/python3.13/multiprocessing/resource_tracker.py", line 371, in main
    raise ValueError(
        f'Cannot register {name} for automatic cleanup: '
        f'unknown resource type {rtype}')
ValueError: Cannot register /loky-341934-79f_38q5 for automatic cleanup: unknown resource type semlock
Traceback (most recent call last):
  File "/global/common/software/nersc/pe/conda-envs/26.1.0/python-3.13/nersc-python/lib/python3.13/multiprocessing/resource_tracker.py", line 371, in main
    raise ValueError(
        f'Cannot register {name} for automatic cleanup: '
        f'unknown resource type {rtype}')
ValueError: Cannot register /loky-341934-holy_lhn for automatic cleanup: unknown resource type semlock
Traceback (most recent call last):
  File "/global/common/software/nersc/pe/conda-envs/26.1.0/python-3.13/nersc-python/lib/python3.13/multiprocessing/resource_tracker.py", line 371, in main
    raise ValueError(
        f'Cannot register {name} for automatic cleanup: '
        f'unknown resource type {rtype}')
ValueError: Cannot register /loky-341925-pfcr01yi for automatic cleanup: unknown resource type semlock
Traceback (most recent call last):
  File "/global/common/software/nersc/pe/conda-envs/26.1.0/python-3.13/nersc-python/lib/python3.13/multiprocessing/resource_tracker.py", line 371, in main
    raise ValueError(
        f'Cannot register {name} for automatic cleanup: '
        f'unknown resource type {rtype}')
ValueError: Cannot register /loky-341925-_no5qhvi for automatic cleanup: unknown resource type semlock
Traceback (most recent call last):
  File "/global/common/software/nersc/pe/conda-envs/26.1.0/python-3.13/nersc-python/lib/python3.13/multiprocessing/resource_tracker.py", line 371, in main
    raise ValueError(
        f'Cannot register {name} for automatic cleanup: '
        f'unknown resource type {rtype}')
ValueError: Cannot register /loky-341925-eh5q99po for automatic cleanup: unknown resource type semlock
Traceback (most recent call last):
  File "/global/common/software/nersc/pe/conda-envs/26.1.0/python-3.13/nersc-python/lib/python3.13/multiprocessing/resource_tracker.py", line 371, in main
    raise ValueError(
        f'Cannot register {name} for automatic cleanup: '
        f'unknown resource type {rtype}')
ValueError: Cannot register /loky-341925-rc38pt0h for automatic cleanup: unknown resource type semlock
Traceback (most recent call last):
  File "/global/common/software/nersc/pe/conda-envs/26.1.0/python-3.13/nersc-python/lib/python3.13/multiprocessing/resource_tracker.py", line 371, in main
    raise ValueError(
        f'Cannot register {name} for automatic cleanup: '
        f'unknown resource type {rtype}')
ValueError: Cannot register /loky-341943-wug_rp01 for automatic cleanup: unknown resource type semlock
Traceback (most recent call last):
  File "/global/common/software/nersc/pe/conda-envs/26.1.0/python-3.13/nersc-python/lib/python3.13/multiprocessing/resource_tracker.py", line 371, in main
    raise ValueError(
        f'Cannot register {name} for automatic cleanup: '
        f'unknown resource type {rtype}')
ValueError: Cannot register /loky-341943-4mqd67p1 for automatic cleanup: unknown resource type semlock
Traceback (most recent call last):
  File "/global/common/software/nersc/pe/conda-envs/26.1.0/python-3.13/nersc-python/lib/python3.13/multiprocessing/resource_tracker.py", line 371, in main
    raise ValueError(
        f'Cannot register {name} for automatic cleanup: '
        f'unknown resource type {rtype}')
ValueError: Cannot register /loky-1214553-y75qxred for automatic cleanup: unknown resource type semlock
Traceback (most recent call last):
  File "/global/common/software/nersc/pe/conda-envs/26.1.0/python-3.13/nersc-python/lib/python3.13/multiprocessing/resource_tracker.py", line 371, in main
    raise ValueError(
        f'Cannot register {name} for automatic cleanup: '
        f'unknown resource type {rtype}')
ValueError: Cannot register /loky-1214553-qo9lvyep for automatic cleanup: unknown resource type semlock
Traceback (most recent call last):
  File "/global/common/software/nersc/pe/conda-envs/26.1.0/python-3.13/nersc-python/lib/python3.13/multiprocessing/resource_tracker.py", line 371, in main
    raise ValueError(
        f'Cannot register {name} for automatic cleanup: '
        f'unknown resource type {rtype}')
ValueError: Cannot register /loky-1214542-8lj131f_ for automatic cleanup: unknown resource type semlock
Traceback (most recent call last):
  File "/global/common/software/nersc/pe/conda-envs/26.1.0/python-3.13/nersc-python/lib/python3.13/multiprocessing/resource_tracker.py", line 371, in main
    raise ValueError(
        f'Cannot register {name} for automatic cleanup: '
        f'unknown resource type {rtype}')
ValueError: Cannot register /loky-1214542-wrlfn0gj for automatic cleanup: unknown resource type semlock
Traceback (most recent call last):
  File "/global/common/software/nersc/pe/conda-envs/26.1.0/python-3.13/nersc-python/lib/python3.13/multiprocessing/resource_tracker.py", line 371, in main
    raise ValueError(
        f'Cannot register {name} for automatic cleanup: '
        f'unknown resource type {rtype}')
ValueError: Cannot register /loky-1214550-er56rfed for automatic cleanup: unknown resource type semlock
Traceback (most recent call last):
  File "/global/common/software/nersc/pe/conda-envs/26.1.0/python-3.13/nersc-python/lib/python3.13/multiprocessing/resource_tracker.py", line 371, in main
    raise ValueError(
        f'Cannot register {name} for automatic cleanup: '
        f'unknown resource type {rtype}')
ValueError: Cannot register /loky-1214550-3y6ouz_l for automatic cleanup: unknown resource type semlock
Traceback (most recent call last):
  File "/global/common/software/nersc/pe/conda-envs/26.1.0/python-3.13/nersc-python/lib/python3.13/multiprocessing/resource_tracker.py", line 371, in main
    raise ValueError(
        f'Cannot register {name} for automatic cleanup: '
        f'unknown resource type {rtype}')
ValueError: Cannot register /loky-1214543-op62zscn for automatic cleanup: unknown resource type semlock
Traceback (most recent call last):
  File "/global/common/software/nersc/pe/conda-envs/26.1.0/python-3.13/nersc-python/lib/python3.13/multiprocessing/resource_tracker.py", line 371, in main
    raise ValueError(
        f'Cannot register {name} for automatic cleanup: '
        f'unknown resource type {rtype}')
ValueError: Cannot register /loky-1214543-j9ry_4lm for automatic cleanup: unknown resource type semlock
Traceback (most recent call last):
  File "/global/common/software/nersc/pe/conda-envs/26.1.0/python-3.13/nersc-python/lib/python3.13/multiprocessing/resource_tracker.py", line 371, in main
    raise ValueError(
        f'Cannot register {name} for automatic cleanup: '
        f'unknown resource type {rtype}')
ValueError: Cannot register /loky-1214541-s6p1p6gj for automatic cleanup: unknown resource type semlock
Traceback (most recent call last):
  File "/global/common/software/nersc/pe/conda-envs/26.1.0/python-3.13/nersc-python/lib/python3.13/multiprocessing/resource_tracker.py", line 371, in main
    raise ValueError(
        f'Cannot register {name} for automatic cleanup: '
        f'unknown resource type {rtype}')
ValueError: Cannot register /loky-1214541-j8a6njmw for automatic cleanup: unknown resource type semlock
Traceback (most recent call last):
  File "/global/common/software/nersc/pe/conda-envs/26.1.0/python-3.13/nersc-python/lib/python3.13/multiprocessing/resource_tracker.py", line 371, in main
    raise ValueError(
        f'Cannot register {name} for automatic cleanup: '
        f'unknown resource type {rtype}')
ValueError: Cannot register /loky-341941-8x_2_uh5 for automatic cleanup: unknown resource type semlock
Traceback (most recent call last):
  File "/global/common/software/nersc/pe/conda-envs/26.1.0/python-3.13/nersc-python/lib/python3.13/multiprocessing/resource_tracker.py", line 371, in main
    raise ValueError(
        f'Cannot register {name} for automatic cleanup: '
        f'unknown resource type {rtype}')
ValueError: Cannot register /loky-341941-r_z37263 for automatic cleanup: unknown resource type semlock
Traceback (most recent call last):
  File "/global/common/software/nersc/pe/conda-envs/26.1.0/python-3.13/nersc-python/lib/python3.13/multiprocessing/resource_tracker.py", line 371, in main
    raise ValueError(
        f'Cannot register {name} for automatic cleanup: '
        f'unknown resource type {rtype}')
ValueError: Cannot register /loky-1214541-2d3sha0j for automatic cleanup: unknown resource type semlock
Traceback (most recent call last):
  File "/global/common/software/nersc/pe/conda-envs/26.1.0/python-3.13/nersc-python/lib/python3.13/multiprocessing/resource_tracker.py", line 371, in main
    raise ValueError(
        f'Cannot register {name} for automatic cleanup: '
        f'unknown resource type {rtype}')
ValueError: Cannot register /loky-1214541-7a5tgcym for automatic cleanup: unknown resource type semlock
Traceback (most recent call last):
  File "/global/common/software/nersc/pe/conda-envs/26.1.0/python-3.13/nersc-python/lib/python3.13/multiprocessing/resource_tracker.py", line 371, in main
    raise ValueError(
        f'Cannot register {name} for automatic cleanup: '
        f'unknown resource type {rtype}')
ValueError: Cannot register /loky-341941-zry4ngho for automatic cleanup: unknown resource type semlock
Traceback (most recent call last):
  File "/global/common/software/nersc/pe/conda-envs/26.1.0/python-3.13/nersc-python/lib/python3.13/multiprocessing/resource_tracker.py", line 371, in main
    raise ValueError(
        f'Cannot register {name} for automatic cleanup: '
        f'unknown resource type {rtype}')
ValueError: Cannot register /loky-341941-702qkhhp for automatic cleanup: unknown resource type semlock
Traceback (most recent call last):
  File "/global/common/software/nersc/pe/conda-envs/26.1.0/python-3.13/nersc-python/lib/python3.13/multiprocessing/resource_tracker.py", line 371, in main
    raise ValueError(
        f'Cannot register {name} for automatic cleanup: '
        f'unknown resource type {rtype}')
ValueError: Cannot register /loky-341945-n8w758nb for automatic cleanup: unknown resource type semlock
Traceback (most recent call last):
  File "/global/common/software/nersc/pe/conda-envs/26.1.0/python-3.13/nersc-python/lib/python3.13/multiprocessing/resource_tracker.py", line 371, in main
    raise ValueError(
        f'Cannot register {name} for automatic cleanup: '
        f'unknown resource type {rtype}')
ValueError: Cannot register /loky-341945-h837qwac for automatic cleanup: unknown resource type semlock
Traceback (most recent call last):
  File "/global/common/software/nersc/pe/conda-envs/26.1.0/python-3.13/nersc-python/lib/python3.13/multiprocessing/resource_tracker.py", line 371, in main
    raise ValueError(
        f'Cannot register {name} for automatic cleanup: '
        f'unknown resource type {rtype}')
ValueError: Cannot register /loky-1214550-8w58e946 for automatic cleanup: unknown resource type semlock
Traceback (most recent call last):
  File "/global/common/software/nersc/pe/conda-envs/26.1.0/python-3.13/nersc-python/lib/python3.13/multiprocessing/resource_tracker.py", line 371, in main
    raise ValueError(
        f'Cannot register {name} for automatic cleanup: '
        f'unknown resource type {rtype}')
ValueError: Cannot register /loky-341943-7in272d4 for automatic cleanup: unknown resource type semlock
Traceback (most recent call last):
  File "/global/common/software/nersc/pe/conda-envs/26.1.0/python-3.13/nersc-python/lib/python3.13/multiprocessing/resource_tracker.py", line 371, in main
    raise ValueError(
        f'Cannot register {name} for automatic cleanup: '
        f'unknown resource type {rtype}')
ValueError: Cannot register /loky-341943-4mqd67p1 for automatic cleanup: unknown resource type semlock
Traceback (most recent call last):
  File "/global/common/software/nersc/pe/conda-envs/26.1.0/python-3.13/nersc-python/lib/python3.13/multiprocessing/resource_tracker.py", line 371, in main
    raise ValueError(
        f'Cannot register {name} for automatic cleanup: '
        f'unknown resource type {rtype}')
ValueError: Cannot register /loky-341943-o6w5g8cb for automatic cleanup: unknown resource type semlock
Traceback (most recent call last):
  File "/global/common/software/nersc/pe/conda-envs/26.1.0/python-3.13/nersc-python/lib/python3.13/multiprocessing/resource_tracker.py", line 371, in main
    raise ValueError(
        f'Cannot register {name} for automatic cleanup: '
        f'unknown resource type {rtype}')
ValueError: Cannot register /loky-341943-foo07h3h for automatic cleanup: unknown resource type semlock
Traceback (most recent call last):
  File "/global/common/software/nersc/pe/conda-envs/26.1.0/python-3.13/nersc-python/lib/python3.13/multiprocessing/resource_tracker.py", line 371, in main
    raise ValueError(
        f'Cannot register {name} for automatic cleanup: '
        f'unknown resource type {rtype}')
ValueError: Cannot register /loky-1214550-mkkwp_ew for automatic cleanup: unknown resource type semlock
Traceback (most recent call last):
  File "/global/common/software/nersc/pe/conda-envs/26.1.0/python-3.13/nersc-python/lib/python3.13/multiprocessing/resource_tracker.py", line 371, in main
    raise ValueError(
        f'Cannot register {name} for automatic cleanup: '
        f'unknown resource type {rtype}')
ValueError: Cannot register /loky-1214550-jngzrm4d for automatic cleanup: unknown resource type semlock
Traceback (most recent call last):
  File "/global/common/software/nersc/pe/conda-envs/26.1.0/python-3.13/nersc-python/lib/python3.13/multiprocessing/resource_tracker.py", line 371, in main
    raise ValueError(
        f'Cannot register {name} for automatic cleanup: '
        f'unknown resource type {rtype}')
ValueError: Cannot register /loky-341934-8dosh5ia for automatic cleanup: unknown resource type semlock
Traceback (most recent call last):
  File "/global/common/software/nersc/pe/conda-envs/26.1.0/python-3.13/nersc-python/lib/python3.13/multiprocessing/resource_tracker.py", line 371, in main
    raise ValueError(
        f'Cannot register {name} for automatic cleanup: '
        f'unknown resource type {rtype}')
ValueError: Cannot register /loky-341934-w0ygoo75 for automatic cleanup: unknown resource type semlock
Traceback (most recent call last):
  File "/global/common/software/nersc/pe/conda-envs/26.1.0/python-3.13/nersc-python/lib/python3.13/multiprocessing/resource_tracker.py", line 371, in main
    raise ValueError(
        f'Cannot register {name} for automatic cleanup: '
        f'unknown resource type {rtype}')
ValueError: Cannot register /loky-341931-j438bw7t for automatic cleanup: unknown resource type semlock
Traceback (most recent call last):
  File "/global/common/software/nersc/pe/conda-envs/26.1.0/python-3.13/nersc-python/lib/python3.13/multiprocessing/resource_tracker.py", line 371, in main
    raise ValueError(
        f'Cannot register {name} for automatic cleanup: '
        f'unknown resource type {rtype}')
ValueError: Cannot register /loky-341931-8nnr1z3g for automatic cleanup: unknown resource type semlock
Traceback (most recent call last):
  File "/global/common/software/nersc/pe/conda-envs/26.1.0/python-3.13/nersc-python/lib/python3.13/multiprocessing/resource_tracker.py", line 371, in main
    raise ValueError(
        f'Cannot register {name} for automatic cleanup: '
        f'unknown resource type {rtype}')
ValueError: Cannot register /loky-341943-s37jj_j8 for automatic cleanup: unknown resource type semlock
Traceback (most recent call last):
  File "/global/common/software/nersc/pe/conda-envs/26.1.0/python-3.13/nersc-python/lib/python3.13/multiprocessing/resource_tracker.py", line 371, in main
    raise ValueError(
        f'Cannot register {name} for automatic cleanup: '
        f'unknown resource type {rtype}')
ValueError: Cannot register /loky-341928-kl8dal50 for automatic cleanup: unknown resource type semlock
Traceback (most recent call last):
  File "/global/common/software/nersc/pe/conda-envs/26.1.0/python-3.13/nersc-python/lib/python3.13/multiprocessing/resource_tracker.py", line 371, in main
    raise ValueError(
        f'Cannot register {name} for automatic cleanup: '
        f'unknown resource type {rtype}')
ValueError: Cannot register /loky-341928-jet9057j for automatic cleanup: unknown resource type semlock
Traceback (most recent call last):
  File "/global/common/software/nersc/pe/conda-envs/26.1.0/python-3.13/nersc-python/lib/python3.13/multiprocessing/resource_tracker.py", line 371, in main
    raise ValueError(
        f'Cannot register {name} for automatic cleanup: '
        f'unknown resource type {rtype}')
ValueError: Cannot register /loky-341943-thsmjub6 for automatic cleanup: unknown resource type semlock
Traceback (most recent call last):
  File "/global/common/software/nersc/pe/conda-envs/26.1.0/python-3.13/nersc-python/lib/python3.13/multiprocessing/resource_tracker.py", line 371, in main
    raise ValueError(
        f'Cannot register {name} for automatic cleanup: '
        f'unknown resource type {rtype}')
ValueError: Cannot register /loky-341943-abz3a1vi for automatic cleanup: unknown resource type semlock
Traceback (most recent call last):
  File "/global/common/software/nersc/pe/conda-envs/26.1.0/python-3.13/nersc-python/lib/python3.13/multiprocessing/resource_tracker.py", line 371, in main
    raise ValueError(
        f'Cannot register {name} for automatic cleanup: '
        f'unknown resource type {rtype}')
ValueError: Cannot register /loky-341943-5wdg_dh0 for automatic cleanup: unknown resource type semlock
Traceback (most recent call last):
  File "/global/common/software/nersc/pe/conda-envs/26.1.0/python-3.13/nersc-python/lib/python3.13/multiprocessing/resource_tracker.py", line 371, in main
    raise ValueError(
        f'Cannot register {name} for automatic cleanup: '
        f'unknown resource type {rtype}')
ValueError: Cannot register /loky-341925-a50mnfrf for automatic cleanup: unknown resource type semlock
Traceback (most recent call last):
  File "/global/common/software/nersc/pe/conda-envs/26.1.0/python-3.13/nersc-python/lib/python3.13/multiprocessing/resource_tracker.py", line 371, in main
    raise ValueError(
        f'Cannot register {name} for automatic cleanup: '
        f'unknown resource type {rtype}')
ValueError: Cannot register /loky-1214536-akxek01h for automatic cleanup: unknown resource type semlock
Traceback (most recent call last):
  File "/global/common/software/nersc/pe/conda-envs/26.1.0/python-3.13/nersc-python/lib/python3.13/multiprocessing/resource_tracker.py", line 371, in main
    raise ValueError(
        f'Cannot register {name} for automatic cleanup: '
        f'unknown resource type {rtype}')
ValueError: Cannot register /loky-1214536-tka7kc39 for automatic cleanup: unknown resource type semlock
Traceback (most recent call last):
  File "/global/common/software/nersc/pe/conda-envs/26.1.0/python-3.13/nersc-python/lib/python3.13/multiprocessing/resource_tracker.py", line 371, in main
    raise ValueError(
        f'Cannot register {name} for automatic cleanup: '
        f'unknown resource type {rtype}')
ValueError: Cannot register /loky-1214550-t_std6ua for automatic cleanup: unknown resource type semlock
Traceback (most recent call last):
  File "/global/common/software/nersc/pe/conda-envs/26.1.0/python-3.13/nersc-python/lib/python3.13/multiprocessing/resource_tracker.py", line 371, in main
    raise ValueError(
        f'Cannot register {name} for automatic cleanup: '
        f'unknown resource type {rtype}')
ValueError: Cannot register /loky-341943-tbuils4z for automatic cleanup: unknown resource type semlock
Traceback (most recent call last):
  File "/global/common/software/nersc/pe/conda-envs/26.1.0/python-3.13/nersc-python/lib/python3.13/multiprocessing/resource_tracker.py", line 371, in main
    raise ValueError(
        f'Cannot register {name} for automatic cleanup: '
        f'unknown resource type {rtype}')
ValueError: Cannot register /loky-341941-oq7wg0_5 for automatic cleanup: unknown resource type semlock
Traceback (most recent call last):
  File "/global/common/software/nersc/pe/conda-envs/26.1.0/python-3.13/nersc-python/lib/python3.13/multiprocessing/resource_tracker.py", line 371, in main
    raise ValueError(
        f'Cannot register {name} for automatic cleanup: '
        f'unknown resource type {rtype}')
ValueError: Cannot register /loky-1214550-_57jyijg for automatic cleanup: unknown resource type semlock
Traceback (most recent call last):
  File "/global/common/software/nersc/pe/conda-envs/26.1.0/python-3.13/nersc-python/lib/python3.13/multiprocessing/resource_tracker.py", line 371, in main
    raise ValueError(
        f'Cannot register {name} for automatic cleanup: '
        f'unknown resource type {rtype}')
ValueError: Cannot register /loky-341928-rtpvsp0y for automatic cleanup: unknown resource type semlock
Traceback (most recent call last):
  File "/global/common/software/nersc/pe/conda-envs/26.1.0/python-3.13/nersc-python/lib/python3.13/multiprocessing/resource_tracker.py", line 371, in main
    raise ValueError(
        f'Cannot register {name} for automatic cleanup: '
        f'unknown resource type {rtype}')
ValueError: Cannot register /loky-1214536-_fk_x6sw for automatic cleanup: unknown resource type semlock
Traceback (most recent call last):
  File "/global/common/software/nersc/pe/conda-envs/26.1.0/python-3.13/nersc-python/lib/python3.13/multiprocessing/resource_tracker.py", line 371, in main
    raise ValueError(
        f'Cannot register {name} for automatic cleanup: '
        f'unknown resource type {rtype}')
ValueError: Cannot register /loky-1214536-mt04h6ol for automatic cleanup: unknown resource type semlock
Traceback (most recent call last):
  File "/global/common/software/nersc/pe/conda-envs/26.1.0/python-3.13/nersc-python/lib/python3.13/multiprocessing/resource_tracker.py", line 371, in main
    raise ValueError(
        f'Cannot register {name} for automatic cleanup: '
        f'unknown resource type {rtype}')
ValueError: Cannot register /loky-1214536-6m1fcpr9 for automatic cleanup: unknown resource type semlock
Traceback (most recent call last):
  File "/global/common/software/nersc/pe/conda-envs/26.1.0/python-3.13/nersc-python/lib/python3.13/multiprocessing/resource_tracker.py", line 371, in main
    raise ValueError(
        f'Cannot register {name} for automatic cleanup: '
        f'unknown resource type {rtype}')
ValueError: Cannot register /loky-1214536-2w73wu7a for automatic cleanup: unknown resource type semlock
Traceback (most recent call last):
  File "/global/common/software/nersc/pe/conda-envs/26.1.0/python-3.13/nersc-python/lib/python3.13/multiprocessing/resource_tracker.py", line 371, in main
    raise ValueError(
        f'Cannot register {name} for automatic cleanup: '
        f'unknown resource type {rtype}')
ValueError: Cannot register /loky-341943-t8ne_8e8 for automatic cleanup: unknown resource type semlock
Traceback (most recent call last):
  File "/global/common/software/nersc/pe/conda-envs/26.1.0/python-3.13/nersc-python/lib/python3.13/multiprocessing/resource_tracker.py", line 371, in main
    raise ValueError(
        f'Cannot register {name} for automatic cleanup: '
        f'unknown resource type {rtype}')
ValueError: Cannot register /loky-341934-046ov7vd for automatic cleanup: unknown resource type semlock
Traceback (most recent call last):
  File "/global/common/software/nersc/pe/conda-envs/26.1.0/python-3.13/nersc-python/lib/python3.13/multiprocessing/resource_tracker.py", line 371, in main
    raise ValueError(
        f'Cannot register {name} for automatic cleanup: '
        f'unknown resource type {rtype}')
ValueError: Cannot register /loky-341941-3peigaok for automatic cleanup: unknown resource type semlock
Traceback (most recent call last):
  File "/global/common/software/nersc/pe/conda-envs/26.1.0/python-3.13/nersc-python/lib/python3.13/multiprocessing/resource_tracker.py", line 371, in main
    raise ValueError(
        f'Cannot register {name} for automatic cleanup: '
        f'unknown resource type {rtype}')
ValueError: Cannot register /loky-341941-fudx50m1 for automatic cleanup: unknown resource type semlock
Traceback (most recent call last):
  File "/global/common/software/nersc/pe/conda-envs/26.1.0/python-3.13/nersc-python/lib/python3.13/multiprocessing/resource_tracker.py", line 371, in main
    raise ValueError(
        f'Cannot register {name} for automatic cleanup: '
        f'unknown resource type {rtype}')
ValueError: Cannot register /loky-341925-br2dqo4a for automatic cleanup: unknown resource type semlock
Traceback (most recent call last):
  File "/global/common/software/nersc/pe/conda-envs/26.1.0/python-3.13/nersc-python/lib/python3.13/multiprocessing/resource_tracker.py", line 371, in main
    raise ValueError(
        f'Cannot register {name} for automatic cleanup: '
        f'unknown resource type {rtype}')
ValueError: Cannot register /loky-341928-fk4yuogl for automatic cleanup: unknown resource type semlock
Traceback (most recent call last):
  File "/global/common/software/nersc/pe/conda-envs/26.1.0/python-3.13/nersc-python/lib/python3.13/multiprocessing/resource_tracker.py", line 371, in main
    raise ValueError(
        f'Cannot register {name} for automatic cleanup: '
        f'unknown resource type {rtype}')
ValueError: Cannot register /loky-1214552-89gc912w for automatic cleanup: unknown resource type semlock
Traceback (most recent call last):
  File "/global/common/software/nersc/pe/conda-envs/26.1.0/python-3.13/nersc-python/lib/python3.13/multiprocessing/resource_tracker.py", line 371, in main
    raise ValueError(
        f'Cannot register {name} for automatic cleanup: '
        f'unknown resource type {rtype}')
ValueError: Cannot register /loky-341934-holy_lhn for automatic cleanup: unknown resource type semlock
Traceback (most recent call last):
  File "/global/common/software/nersc/pe/conda-envs/26.1.0/python-3.13/nersc-python/lib/python3.13/multiprocessing/resource_tracker.py", line 371, in main
    raise ValueError(
        f'Cannot register {name} for automatic cleanup: '
        f'unknown resource type {rtype}')
ValueError: Cannot register /loky-1214552-z8ul9yjy for automatic cleanup: unknown resource type semlock
Traceback (most recent call last):
  File "/global/common/software/nersc/pe/conda-envs/26.1.0/python-3.13/nersc-python/lib/python3.13/multiprocessing/resource_tracker.py", line 371, in main
    raise ValueError(
        f'Cannot register {name} for automatic cleanup: '
        f'unknown resource type {rtype}')
ValueError: Cannot register /loky-1214543-qre67a4k for automatic cleanup: unknown resource type semlock
Traceback (most recent call last):
  File "/global/common/software/nersc/pe/conda-envs/26.1.0/python-3.13/nersc-python/lib/python3.13/multiprocessing/resource_tracker.py", line 371, in main
    raise ValueError(
        f'Cannot register {name} for automatic cleanup: '
        f'unknown resource type {rtype}')
ValueError: Cannot register /loky-341943-1j4v62lv for automatic cleanup: unknown resource type semlock
Traceback (most recent call last):
  File "/global/common/software/nersc/pe/conda-envs/26.1.0/python-3.13/nersc-python/lib/python3.13/multiprocessing/resource_tracker.py", line 371, in main
    raise ValueError(
        f'Cannot register {name} for automatic cleanup: '
        f'unknown resource type {rtype}')
ValueError: Cannot register /loky-341925-rc38pt0h for automatic cleanup: unknown resource type semlock
Traceback (most recent call last):
  File "/global/common/software/nersc/pe/conda-envs/26.1.0/python-3.13/nersc-python/lib/python3.13/multiprocessing/resource_tracker.py", line 371, in main
    raise ValueError(
        f'Cannot register {name} for automatic cleanup: '
        f'unknown resource type {rtype}')
ValueError: Cannot register /loky-341941-b4ydqgou for automatic cleanup: unknown resource type semlock
Traceback (most recent call last):
  File "/global/common/software/nersc/pe/conda-envs/26.1.0/python-3.13/nersc-python/lib/python3.13/multiprocessing/resource_tracker.py", line 371, in main
    raise ValueError(
        f'Cannot register {name} for automatic cleanup: '
        f'unknown resource type {rtype}')
ValueError: Cannot register /loky-1214543-jq2l_6iy for automatic cleanup: unknown resource type semlock
Traceback (most recent call last):
  File "/global/common/software/nersc/pe/conda-envs/26.1.0/python-3.13/nersc-python/lib/python3.13/multiprocessing/resource_tracker.py", line 371, in main
    raise ValueError(
        f'Cannot register {name} for automatic cleanup: '
        f'unknown resource type {rtype}')
ValueError: Cannot register /loky-341943-zpmkg2au for automatic cleanup: unknown resource type semlock
Traceback (most recent call last):
  File "/global/common/software/nersc/pe/conda-envs/26.1.0/python-3.13/nersc-python/lib/python3.13/multiprocessing/resource_tracker.py", line 371, in main
    raise ValueError(
        f'Cannot register {name} for automatic cleanup: '
        f'unknown resource type {rtype}')
ValueError: Cannot register /loky-341945-sc9_dnqj for automatic cleanup: unknown resource type semlock
Traceback (most recent call last):
  File "/global/common/software/nersc/pe/conda-envs/26.1.0/python-3.13/nersc-python/lib/python3.13/multiprocessing/resource_tracker.py", line 371, in main
    raise ValueError(
        f'Cannot register {name} for automatic cleanup: '
        f'unknown resource type {rtype}')
ValueError: Cannot register /loky-1214552-vi3_0f9c for automatic cleanup: unknown resource type semlock
Traceback (most recent call last):
  File "/global/common/software/nersc/pe/conda-envs/26.1.0/python-3.13/nersc-python/lib/python3.13/multiprocessing/resource_tracker.py", line 371, in main
    raise ValueError(
        f'Cannot register {name} for automatic cleanup: '
        f'unknown resource type {rtype}')
ValueError: Cannot register /loky-341943-rda3n1gl for automatic cleanup: unknown resource type semlock
Traceback (most recent call last):
  File "/global/common/software/nersc/pe/conda-envs/26.1.0/python-3.13/nersc-python/lib/python3.13/multiprocessing/resource_tracker.py", line 371, in main
    raise ValueError(
        f'Cannot register {name} for automatic cleanup: '
        f'unknown resource type {rtype}')
ValueError: Cannot register /loky-1214536-jgebbqwg for automatic cleanup: unknown resource type semlock
Traceback (most recent call last):
  File "/global/common/software/nersc/pe/conda-envs/26.1.0/python-3.13/nersc-python/lib/python3.13/multiprocessing/resource_tracker.py", line 371, in main
    raise ValueError(
        f'Cannot register {name} for automatic cleanup: '
        f'unknown resource type {rtype}')
ValueError: Cannot register /loky-341928-orord0qm for automatic cleanup: unknown resource type semlock
Traceback (most recent call last):
  File "/global/common/software/nersc/pe/conda-envs/26.1.0/python-3.13/nersc-python/lib/python3.13/multiprocessing/resource_tracker.py", line 371, in main
    raise ValueError(
        f'Cannot register {name} for automatic cleanup: '
        f'unknown resource type {rtype}')
ValueError: Cannot register /dev/shm/joblib_memmapping_folder_341943_a9991ca4eee944c4bf58aa9ae76f4b8c_5d41a043d5af4b379ed37cd6f3384905 for automatic cleanup: unknown resource type folder
Traceback (most recent call last):
  File "/global/common/software/nersc/pe/conda-envs/26.1.0/python-3.13/nersc-python/lib/python3.13/multiprocessing/resource_tracker.py", line 371, in main
    raise ValueError(
        f'Cannot register {name} for automatic cleanup: '
        f'unknown resource type {rtype}')
ValueError: Cannot register /loky-341943-x0wyjbt_ for automatic cleanup: unknown resource type semlock
Traceback (most recent call last):
  File "/global/common/software/nersc/pe/conda-envs/26.1.0/python-3.13/nersc-python/lib/python3.13/multiprocessing/resource_tracker.py", line 371, in main
    raise ValueError(
        f'Cannot register {name} for automatic cleanup: '
        f'unknown resource type {rtype}')
ValueError: Cannot register /loky-341943-lsipy1ma for automatic cleanup: unknown resource type semlock
Traceback (most recent call last):
  File "/global/common/software/nersc/pe/conda-envs/26.1.0/python-3.13/nersc-python/lib/python3.13/multiprocessing/resource_tracker.py", line 371, in main
    raise ValueError(
        f'Cannot register {name} for automatic cleanup: '
        f'unknown resource type {rtype}')
ValueError: Cannot register /loky-341943-udr1rsjl for automatic cleanup: unknown resource type semlock
Traceback (most recent call last):
  File "/global/common/software/nersc/pe/conda-envs/26.1.0/python-3.13/nersc-python/lib/python3.13/multiprocessing/resource_tracker.py", line 371, in main
    raise ValueError(
        f'Cannot register {name} for automatic cleanup: '
        f'unknown resource type {rtype}')
ValueError: Cannot register /dev/shm/joblib_memmapping_folder_341943_a9991ca4eee944c4bf58aa9ae76f4b8c_87ddbb3d92d5441dbc33a98bd4033840 for automatic cleanup: unknown resource type folder
Traceback (most recent call last):
  File "/global/common/software/nersc/pe/conda-envs/26.1.0/python-3.13/nersc-python/lib/python3.13/multiprocessing/resource_tracker.py", line 371, in main
    raise ValueError(
        f'Cannot register {name} for automatic cleanup: '
        f'unknown resource type {rtype}')
ValueError: Cannot register /loky-341943-5ynjnf7n for automatic cleanup: unknown resource type semlock
Traceback (most recent call last):
  File "/global/common/software/nersc/pe/conda-envs/26.1.0/python-3.13/nersc-python/lib/python3.13/multiprocessing/resource_tracker.py", line 371, in main
    raise ValueError(
        f'Cannot register {name} for automatic cleanup: '
        f'unknown resource type {rtype}')
ValueError: Cannot register /loky-341943-d026a8f_ for automatic cleanup: unknown resource type semlock
Traceback (most recent call last):
  File "/global/common/software/nersc/pe/conda-envs/26.1.0/python-3.13/nersc-python/lib/python3.13/multiprocessing/resource_tracker.py", line 371, in main
    raise ValueError(
        f'Cannot register {name} for automatic cleanup: '
        f'unknown resource type {rtype}')
ValueError: Cannot register /loky-341943-abrbhsi3 for automatic cleanup: unknown resource type semlock
Traceback (most recent call last):
  File "/global/common/software/nersc/pe/conda-envs/26.1.0/python-3.13/nersc-python/lib/python3.13/multiprocessing/resource_tracker.py", line 371, in main
    raise ValueError(
        f'Cannot register {name} for automatic cleanup: '
        f'unknown resource type {rtype}')
ValueError: Cannot register /loky-341943-dndiwkwm for automatic cleanup: unknown resource type semlock
Traceback (most recent call last):
  File "/global/common/software/nersc/pe/conda-envs/26.1.0/python-3.13/nersc-python/lib/python3.13/multiprocessing/resource_tracker.py", line 371, in main
    raise ValueError(
        f'Cannot register {name} for automatic cleanup: '
        f'unknown resource type {rtype}')
ValueError: Cannot register /loky-341943-1lmk64gn for automatic cleanup: unknown resource type semlock
Traceback (most recent call last):
  File "/global/common/software/nersc/pe/conda-envs/26.1.0/python-3.13/nersc-python/lib/python3.13/multiprocessing/resource_tracker.py", line 371, in main
    raise ValueError(
        f'Cannot register {name} for automatic cleanup: '
        f'unknown resource type {rtype}')
ValueError: Cannot register /loky-341943-e70rx8fr for automatic cleanup: unknown resource type semlock
Traceback (most recent call last):
  File "/global/common/software/nersc/pe/conda-envs/26.1.0/python-3.13/nersc-python/lib/python3.13/multiprocessing/resource_tracker.py", line 371, in main
    raise ValueError(
        f'Cannot register {name} for automatic cleanup: '
        f'unknown resource type {rtype}')
ValueError: Cannot register /loky-341928-1hmfodvd for automatic cleanup: unknown resource type semlock
Traceback (most recent call last):
  File "/global/common/software/nersc/pe/conda-envs/26.1.0/python-3.13/nersc-python/lib/python3.13/multiprocessing/resource_tracker.py", line 371, in main
    raise ValueError(
        f'Cannot register {name} for automatic cleanup: '
        f'unknown resource type {rtype}')
ValueError: Cannot register /loky-341934-8e5bbimh for automatic cleanup: unknown resource type semlock
Traceback (most recent call last):
  File "/global/common/software/nersc/pe/conda-envs/26.1.0/python-3.13/nersc-python/lib/python3.13/multiprocessing/resource_tracker.py", line 371, in main
    raise ValueError(
        f'Cannot register {name} for automatic cleanup: '
        f'unknown resource type {rtype}')
ValueError: Cannot register /loky-1214543-6iwgdj3r for automatic cleanup: unknown resource type semlock
Traceback (most recent call last):
  File "/global/common/software/nersc/pe/conda-envs/26.1.0/python-3.13/nersc-python/lib/python3.13/multiprocessing/resource_tracker.py", line 371, in main
    raise ValueError(
        f'Cannot register {name} for automatic cleanup: '
        f'unknown resource type {rtype}')
ValueError: Cannot register /loky-1214550-7aqk2cwz for automatic cleanup: unknown resource type semlock
Traceback (most recent call last):
  File "/global/common/software/nersc/pe/conda-envs/26.1.0/python-3.13/nersc-python/lib/python3.13/multiprocessing/resource_tracker.py", line 371, in main
    raise ValueError(
        f'Cannot register {name} for automatic cleanup: '
        f'unknown resource type {rtype}')
ValueError: Cannot register /loky-1214543-2xr5tjfb for automatic cleanup: unknown resource type semlock
Traceback (most recent call last):
  File "/global/common/software/nersc/pe/conda-envs/26.1.0/python-3.13/nersc-python/lib/python3.13/multiprocessing/resource_tracker.py", line 371, in main
    raise ValueError(
        f'Cannot register {name} for automatic cleanup: '
        f'unknown resource type {rtype}')
ValueError: Cannot register /loky-1214543-0at70vou for automatic cleanup: unknown resource type semlock
Traceback (most recent call last):
  File "/global/common/software/nersc/pe/conda-envs/26.1.0/python-3.13/nersc-python/lib/python3.13/multiprocessing/resource_tracker.py", line 371, in main
    raise ValueError(
        f'Cannot register {name} for automatic cleanup: '
        f'unknown resource type {rtype}')
ValueError: Cannot register /loky-341925-wwhl8n93 for automatic cleanup: unknown resource type semlock
Traceback (most recent call last):
  File "/global/common/software/nersc/pe/conda-envs/26.1.0/python-3.13/nersc-python/lib/python3.13/multiprocessing/resource_tracker.py", line 371, in main
    raise ValueError(
        f'Cannot register {name} for automatic cleanup: '
        f'unknown resource type {rtype}')
ValueError: Cannot register /loky-341941-slw5jixo for automatic cleanup: unknown resource type semlock
Traceback (most recent call last):
  File "/global/common/software/nersc/pe/conda-envs/26.1.0/python-3.13/nersc-python/lib/python3.13/multiprocessing/resource_tracker.py", line 371, in main
    raise ValueError(
        f'Cannot register {name} for automatic cleanup: '
        f'unknown resource type {rtype}')
ValueError: Cannot register /loky-341945-ssklih73 for automatic cleanup: unknown resource type semlock
Traceback (most recent call last):
  File "/global/common/software/nersc/pe/conda-envs/26.1.0/python-3.13/nersc-python/lib/python3.13/multiprocessing/resource_tracker.py", line 371, in main
    raise ValueError(
        f'Cannot register {name} for automatic cleanup: '
        f'unknown resource type {rtype}')
ValueError: Cannot register /loky-341934-s0875nn9 for automatic cleanup: unknown resource type semlock
Traceback (most recent call last):
  File "/global/common/software/nersc/pe/conda-envs/26.1.0/python-3.13/nersc-python/lib/python3.13/multiprocessing/resource_tracker.py", line 371, in main
    raise ValueError(
        f'Cannot register {name} for automatic cleanup: '
        f'unknown resource type {rtype}')
ValueError: Cannot register /loky-341934-m292y95b for automatic cleanup: unknown resource type semlock
Traceback (most recent call last):
  File "/global/common/software/nersc/pe/conda-envs/26.1.0/python-3.13/nersc-python/lib/python3.13/multiprocessing/resource_tracker.py", line 371, in main
    raise ValueError(
        f'Cannot register {name} for automatic cleanup: '
        f'unknown resource type {rtype}')
ValueError: Cannot register /loky-1214536-tvjw29ng for automatic cleanup: unknown resource type semlock
Traceback (most recent call last):
  File "/global/common/software/nersc/pe/conda-envs/26.1.0/python-3.13/nersc-python/lib/python3.13/multiprocessing/resource_tracker.py", line 371, in main
    raise ValueError(
        f'Cannot register {name} for automatic cleanup: '
        f'unknown resource type {rtype}')
ValueError: Cannot register /loky-341937-9u_vo_gv for automatic cleanup: unknown resource type semlock
Traceback (most recent call last):
  File "/global/common/software/nersc/pe/conda-envs/26.1.0/python-3.13/nersc-python/lib/python3.13/multiprocessing/resource_tracker.py", line 371, in main
    raise ValueError(
        f'Cannot register {name} for automatic cleanup: '
        f'unknown resource type {rtype}')
ValueError: Cannot register /loky-341937-84r_um3g for automatic cleanup: unknown resource type semlock
Traceback (most recent call last):
  File "/global/common/software/nersc/pe/conda-envs/26.1.0/python-3.13/nersc-python/lib/python3.13/multiprocessing/resource_tracker.py", line 371, in main
    raise ValueError(
        f'Cannot register {name} for automatic cleanup: '
        f'unknown resource type {rtype}')
ValueError: Cannot register /loky-1214553-2o3g6fag for automatic cleanup: unknown resource type semlock
Traceback (most recent call last):
  File "/global/common/software/nersc/pe/conda-envs/26.1.0/python-3.13/nersc-python/lib/python3.13/multiprocessing/resource_tracker.py", line 371, in main
    raise ValueError(
        f'Cannot register {name} for automatic cleanup: '
        f'unknown resource type {rtype}')
ValueError: Cannot register /loky-1214553-m00z_cln for automatic cleanup: unknown resource type semlock
Traceback (most recent call last):
  File "/global/common/software/nersc/pe/conda-envs/26.1.0/python-3.13/nersc-python/lib/python3.13/multiprocessing/resource_tracker.py", line 371, in main
    raise ValueError(
        f'Cannot register {name} for automatic cleanup: '
        f'unknown resource type {rtype}')
ValueError: Cannot register /loky-1214550-qnigvr84 for automatic cleanup: unknown resource type semlock
Traceback (most recent call last):
  File "/global/common/software/nersc/pe/conda-envs/26.1.0/python-3.13/nersc-python/lib/python3.13/multiprocessing/resource_tracker.py", line 371, in main
    raise ValueError(
        f'Cannot register {name} for automatic cleanup: '
        f'unknown resource type {rtype}')
ValueError: Cannot register /loky-341931-1p8w2570 for automatic cleanup: unknown resource type semlock
Traceback (most recent call last):
  File "/global/common/software/nersc/pe/conda-envs/26.1.0/python-3.13/nersc-python/lib/python3.13/multiprocessing/resource_tracker.py", line 371, in main
    raise ValueError(
        f'Cannot register {name} for automatic cleanup: '
        f'unknown resource type {rtype}')
ValueError: Cannot register /loky-341931-257u1eb4 for automatic cleanup: unknown resource type semlock
Traceback (most recent call last):
  File "/global/common/software/nersc/pe/conda-envs/26.1.0/python-3.13/nersc-python/lib/python3.13/multiprocessing/resource_tracker.py", line 371, in main
    raise ValueError(
        f'Cannot register {name} for automatic cleanup: '
        f'unknown resource type {rtype}')
ValueError: Cannot register /loky-341941-nr43_09x for automatic cleanup: unknown resource type semlock
Traceback (most recent call last):
  File "/global/common/software/nersc/pe/conda-envs/26.1.0/python-3.13/nersc-python/lib/python3.13/multiprocessing/resource_tracker.py", line 371, in main
    raise ValueError(
        f'Cannot register {name} for automatic cleanup: '
        f'unknown resource type {rtype}')
ValueError: Cannot register /loky-1214536-u63ro1te for automatic cleanup: unknown resource type semlock
Traceback (most recent call last):
  File "/global/common/software/nersc/pe/conda-envs/26.1.0/python-3.13/nersc-python/lib/python3.13/multiprocessing/resource_tracker.py", line 371, in main
    raise ValueError(
        f'Cannot register {name} for automatic cleanup: '
        f'unknown resource type {rtype}')
ValueError: Cannot register /loky-1214543-7rog_yi4 for automatic cleanup: unknown resource type semlock
Traceback (most recent call last):
  File "/global/common/software/nersc/pe/conda-envs/26.1.0/python-3.13/nersc-python/lib/python3.13/multiprocessing/resource_tracker.py", line 371, in main
    raise ValueError(
        f'Cannot register {name} for automatic cleanup: '
        f'unknown resource type {rtype}')
ValueError: Cannot register /loky-1214550-qy5ixdha for automatic cleanup: unknown resource type semlock
Traceback (most recent call last):
  File "/global/common/software/nersc/pe/conda-envs/26.1.0/python-3.13/nersc-python/lib/python3.13/multiprocessing/resource_tracker.py", line 371, in main
    raise ValueError(
        f'Cannot register {name} for automatic cleanup: '
        f'unknown resource type {rtype}')
ValueError: Cannot register /loky-341928-dd3n87fy for automatic cleanup: unknown resource type semlock
Traceback (most recent call last):
  File "/global/common/software/nersc/pe/conda-envs/26.1.0/python-3.13/nersc-python/lib/python3.13/multiprocessing/resource_tracker.py", line 371, in main
    raise ValueError(
        f'Cannot register {name} for automatic cleanup: '
        f'unknown resource type {rtype}')
ValueError: Cannot register /loky-341934-oayscyys for automatic cleanup: unknown resource type semlock
Traceback (most recent call last):
  File "/global/common/software/nersc/pe/conda-envs/26.1.0/python-3.13/nersc-python/lib/python3.13/multiprocessing/resource_tracker.py", line 371, in main
    raise ValueError(
        f'Cannot register {name} for automatic cleanup: '
        f'unknown resource type {rtype}')
ValueError: Cannot register /loky-341934-de397uh9 for automatic cleanup: unknown resource type semlock
Traceback (most recent call last):
  File "/global/common/software/nersc/pe/conda-envs/26.1.0/python-3.13/nersc-python/lib/python3.13/multiprocessing/resource_tracker.py", line 371, in main
    raise ValueError(
        f'Cannot register {name} for automatic cleanup: '
        f'unknown resource type {rtype}')
ValueError: Cannot register /loky-341925-2oym1tte for automatic cleanup: unknown resource type semlock
Traceback (most recent call last):
  File "/global/common/software/nersc/pe/conda-envs/26.1.0/python-3.13/nersc-python/lib/python3.13/multiprocessing/resource_tracker.py", line 371, in main
    raise ValueError(
        f'Cannot register {name} for automatic cleanup: '
        f'unknown resource type {rtype}')
ValueError: Cannot register /loky-1214543-_gpuydkz for automatic cleanup: unknown resource type semlock
Traceback (most recent call last):
  File "/global/common/software/nersc/pe/conda-envs/26.1.0/python-3.13/nersc-python/lib/python3.13/multiprocessing/resource_tracker.py", line 371, in main
    raise ValueError(
        f'Cannot register {name} for automatic cleanup: '
        f'unknown resource type {rtype}')
ValueError: Cannot register /loky-1214536-qv49orgg for automatic cleanup: unknown resource type semlock
Traceback (most recent call last):
  File "/global/common/software/nersc/pe/conda-envs/26.1.0/python-3.13/nersc-python/lib/python3.13/multiprocessing/resource_tracker.py", line 371, in main
    raise ValueError(
        f'Cannot register {name} for automatic cleanup: '
        f'unknown resource type {rtype}')
ValueError: Cannot register /loky-341925-8_1uhx0c for automatic cleanup: unknown resource type semlock
Traceback (most recent call last):
  File "/global/common/software/nersc/pe/conda-envs/26.1.0/python-3.13/nersc-python/lib/python3.13/multiprocessing/resource_tracker.py", line 371, in main
    raise ValueError(
        f'Cannot register {name} for automatic cleanup: '
        f'unknown resource type {rtype}')
ValueError: Cannot register /loky-1214552-l5v_m_ro for automatic cleanup: unknown resource type semlock
Traceback (most recent call last):
  File "/global/common/software/nersc/pe/conda-envs/26.1.0/python-3.13/nersc-python/lib/python3.13/multiprocessing/resource_tracker.py", line 371, in main
    raise ValueError(
        f'Cannot register {name} for automatic cleanup: '
        f'unknown resource type {rtype}')
ValueError: Cannot register /loky-341945-ex_52nko for automatic cleanup: unknown resource type semlock
Traceback (most recent call last):
  File "/global/common/software/nersc/pe/conda-envs/26.1.0/python-3.13/nersc-python/lib/python3.13/multiprocessing/resource_tracker.py", line 371, in main
    raise ValueError(
        f'Cannot register {name} for automatic cleanup: '
        f'unknown resource type {rtype}')
ValueError: Cannot register /loky-341941-dncx3v0l for automatic cleanup: unknown resource type semlock
Traceback (most recent call last):
  File "/global/common/software/nersc/pe/conda-envs/26.1.0/python-3.13/nersc-python/lib/python3.13/multiprocessing/resource_tracker.py", line 371, in main
    raise ValueError(
        f'Cannot register {name} for automatic cleanup: '
        f'unknown resource type {rtype}')
ValueError: Cannot register /loky-1214543-9ht4qscf for automatic cleanup: unknown resource type semlock
Traceback (most recent call last):
  File "/global/common/software/nersc/pe/conda-envs/26.1.0/python-3.13/nersc-python/lib/python3.13/multiprocessing/resource_tracker.py", line 371, in main
    raise ValueError(
        f'Cannot register {name} for automatic cleanup: '
        f'unknown resource type {rtype}')
ValueError: Cannot register /loky-1214550-k6xj510u for automatic cleanup: unknown resource type semlock
Traceback (most recent call last):
  File "/global/common/software/nersc/pe/conda-envs/26.1.0/python-3.13/nersc-python/lib/python3.13/multiprocessing/resource_tracker.py", line 371, in main
    raise ValueError(
        f'Cannot register {name} for automatic cleanup: '
        f'unknown resource type {rtype}')
ValueError: Cannot register /loky-1214536-2w73wu7a for automatic cleanup: unknown resource type semlock
Traceback (most recent call last):
  File "/global/common/software/nersc/pe/conda-envs/26.1.0/python-3.13/nersc-python/lib/python3.13/multiprocessing/resource_tracker.py", line 371, in main
    raise ValueError(
        f'Cannot register {name} for automatic cleanup: '
        f'unknown resource type {rtype}')
ValueError: Cannot register /loky-341931-59nrkno4 for automatic cleanup: unknown resource type semlock
Traceback (most recent call last):
  File "/global/common/software/nersc/pe/conda-envs/26.1.0/python-3.13/nersc-python/lib/python3.13/multiprocessing/resource_tracker.py", line 371, in main
    raise ValueError(
        f'Cannot register {name} for automatic cleanup: '
        f'unknown resource type {rtype}')
ValueError: Cannot register /loky-1214552-yx29jp4i for automatic cleanup: unknown resource type semlock
Traceback (most recent call last):
  File "/global/common/software/nersc/pe/conda-envs/26.1.0/python-3.13/nersc-python/lib/python3.13/multiprocessing/resource_tracker.py", line 371, in main
    raise ValueError(
        f'Cannot register {name} for automatic cleanup: '
        f'unknown resource type {rtype}')
ValueError: Cannot register /loky-341931-gg_8necz for automatic cleanup: unknown resource type semlock
Traceback (most recent call last):
  File "/global/common/software/nersc/pe/conda-envs/26.1.0/python-3.13/nersc-python/lib/python3.13/multiprocessing/resource_tracker.py", line 371, in main
    raise ValueError(
        f'Cannot register {name} for automatic cleanup: '
        f'unknown resource type {rtype}')
ValueError: Cannot register /loky-341941-r_z37263 for automatic cleanup: unknown resource type semlock
Traceback (most recent call last):
  File "/global/common/software/nersc/pe/conda-envs/26.1.0/python-3.13/nersc-python/lib/python3.13/multiprocessing/resource_tracker.py", line 371, in main
    raise ValueError(
        f'Cannot register {name} for automatic cleanup: '
        f'unknown resource type {rtype}')
ValueError: Cannot register /loky-341937-zl8m40xj for automatic cleanup: unknown resource type semlock
Traceback (most recent call last):
  File "/global/common/software/nersc/pe/conda-envs/26.1.0/python-3.13/nersc-python/lib/python3.13/multiprocessing/resource_tracker.py", line 371, in main
    raise ValueError(
        f'Cannot register {name} for automatic cleanup: '
        f'unknown resource type {rtype}')
ValueError: Cannot register /loky-341941-d60bxpox for automatic cleanup: unknown resource type semlock
Traceback (most recent call last):
  File "/global/common/software/nersc/pe/conda-envs/26.1.0/python-3.13/nersc-python/lib/python3.13/multiprocessing/resource_tracker.py", line 371, in main
    raise ValueError(
        f'Cannot register {name} for automatic cleanup: '
        f'unknown resource type {rtype}')
ValueError: Cannot register /loky-341934-cqn2wt1r for automatic cleanup: unknown resource type semlock
Traceback (most recent call last):
  File "/global/common/software/nersc/pe/conda-envs/26.1.0/python-3.13/nersc-python/lib/python3.13/multiprocessing/resource_tracker.py", line 371, in main
    raise ValueError(
        f'Cannot register {name} for automatic cleanup: '
        f'unknown resource type {rtype}')
ValueError: Cannot register /loky-341937-4o02te2w for automatic cleanup: unknown resource type semlock
Traceback (most recent call last):
  File "/global/common/software/nersc/pe/conda-envs/26.1.0/python-3.13/nersc-python/lib/python3.13/multiprocessing/resource_tracker.py", line 371, in main
    raise ValueError(
        f'Cannot register {name} for automatic cleanup: '
        f'unknown resource type {rtype}')
ValueError: Cannot register /loky-341934-th0hys7a for automatic cleanup: unknown resource type semlock
Traceback (most recent call last):
  File "/global/common/software/nersc/pe/conda-envs/26.1.0/python-3.13/nersc-python/lib/python3.13/multiprocessing/resource_tracker.py", line 371, in main
    raise ValueError(
        f'Cannot register {name} for automatic cleanup: '
        f'unknown resource type {rtype}')
ValueError: Cannot register /loky-341931-hmu9xqyz for automatic cleanup: unknown resource type semlock
Traceback (most recent call last):
  File "/global/common/software/nersc/pe/conda-envs/26.1.0/python-3.13/nersc-python/lib/python3.13/multiprocessing/resource_tracker.py", line 371, in main
    raise ValueError(
        f'Cannot register {name} for automatic cleanup: '
        f'unknown resource type {rtype}')
ValueError: Cannot register /loky-341934-dr05bzfu for automatic cleanup: unknown resource type semlock
Traceback (most recent call last):
  File "/global/common/software/nersc/pe/conda-envs/26.1.0/python-3.13/nersc-python/lib/python3.13/multiprocessing/resource_tracker.py", line 371, in main
    raise ValueError(
        f'Cannot register {name} for automatic cleanup: '
        f'unknown resource type {rtype}')
ValueError: Cannot register /loky-341925-vdnmam_y for automatic cleanup: unknown resource type semlock
Traceback (most recent call last):
  File "/global/common/software/nersc/pe/conda-envs/26.1.0/python-3.13/nersc-python/lib/python3.13/multiprocessing/resource_tracker.py", line 371, in main
    raise ValueError(
        f'Cannot register {name} for automatic cleanup: '
        f'unknown resource type {rtype}')
ValueError: Cannot register /loky-1214536-hy9qhspp for automatic cleanup: unknown resource type semlock
Traceback (most recent call last):
  File "/global/common/software/nersc/pe/conda-envs/26.1.0/python-3.13/nersc-python/lib/python3.13/multiprocessing/resource_tracker.py", line 371, in main
    raise ValueError(
        f'Cannot register {name} for automatic cleanup: '
        f'unknown resource type {rtype}')
ValueError: Cannot register /loky-341925-n3ptbis_ for automatic cleanup: unknown resource type semlock
Traceback (most recent call last):
  File "/global/common/software/nersc/pe/conda-envs/26.1.0/python-3.13/nersc-python/lib/python3.13/multiprocessing/resource_tracker.py", line 371, in main
    raise ValueError(
        f'Cannot register {name} for automatic cleanup: '
        f'unknown resource type {rtype}')
ValueError: Cannot register /loky-341937-zcw8y9wz for automatic cleanup: unknown resource type semlock
Traceback (most recent call last):
  File "/global/common/software/nersc/pe/conda-envs/26.1.0/python-3.13/nersc-python/lib/python3.13/multiprocessing/resource_tracker.py", line 371, in main
    raise ValueError(
        f'Cannot register {name} for automatic cleanup: '
        f'unknown resource type {rtype}')
ValueError: Cannot register /loky-1214550-j55z926u for automatic cleanup: unknown resource type semlock
Traceback (most recent call last):
  File "/global/common/software/nersc/pe/conda-envs/26.1.0/python-3.13/nersc-python/lib/python3.13/multiprocessing/resource_tracker.py", line 371, in main
    raise ValueError(
        f'Cannot register {name} for automatic cleanup: '
        f'unknown resource type {rtype}')
ValueError: Cannot register /loky-1214550-yktoa9b_ for automatic cleanup: unknown resource type semlock
Traceback (most recent call last):
  File "/global/common/software/nersc/pe/conda-envs/26.1.0/python-3.13/nersc-python/lib/python3.13/multiprocessing/resource_tracker.py", line 371, in main
    raise ValueError(
        f'Cannot register {name} for automatic cleanup: '
        f'unknown resource type {rtype}')
ValueError: Cannot register /loky-341934-8lun2dv1 for automatic cleanup: unknown resource type semlock
Traceback (most recent call last):
  File "/global/common/software/nersc/pe/conda-envs/26.1.0/python-3.13/nersc-python/lib/python3.13/multiprocessing/resource_tracker.py", line 371, in main
    raise ValueError(
        f'Cannot register {name} for automatic cleanup: '
        f'unknown resource type {rtype}')
ValueError: Cannot register /loky-341934-jo2_uq6b for automatic cleanup: unknown resource type semlock
Traceback (most recent call last):
  File "/global/common/software/nersc/pe/conda-envs/26.1.0/python-3.13/nersc-python/lib/python3.13/multiprocessing/resource_tracker.py", line 371, in main
    raise ValueError(
        f'Cannot register {name} for automatic cleanup: '
        f'unknown resource type {rtype}')
ValueError: Cannot register /loky-341931-49wkjy6x for automatic cleanup: unknown resource type semlock
Traceback (most recent call last):
  File "/global/common/software/nersc/pe/conda-envs/26.1.0/python-3.13/nersc-python/lib/python3.13/multiprocessing/resource_tracker.py", line 371, in main
    raise ValueError(
        f'Cannot register {name} for automatic cleanup: '
        f'unknown resource type {rtype}')
ValueError: Cannot register /dev/shm/joblib_memmapping_folder_341934_6d866b6989574d03b685eb29dc67638c_d32b1fa7ea9d42228104d141d2d3e2e2 for automatic cleanup: unknown resource type folder
Traceback (most recent call last):
  File "/global/common/software/nersc/pe/conda-envs/26.1.0/python-3.13/nersc-python/lib/python3.13/multiprocessing/resource_tracker.py", line 371, in main
    raise ValueError(
        f'Cannot register {name} for automatic cleanup: '
        f'unknown resource type {rtype}')
ValueError: Cannot register /loky-341934-w0ygoo75 for automatic cleanup: unknown resource type semlock
Traceback (most recent call last):
  File "/global/common/software/nersc/pe/conda-envs/26.1.0/python-3.13/nersc-python/lib/python3.13/multiprocessing/resource_tracker.py", line 371, in main
    raise ValueError(
        f'Cannot register {name} for automatic cleanup: '
        f'unknown resource type {rtype}')
ValueError: Cannot register /loky-341934-6g7unjfp for automatic cleanup: unknown resource type semlock
Traceback (most recent call last):
  File "/global/common/software/nersc/pe/conda-envs/26.1.0/python-3.13/nersc-python/lib/python3.13/multiprocessing/resource_tracker.py", line 371, in main
    raise ValueError(
        f'Cannot register {name} for automatic cleanup: '
        f'unknown resource type {rtype}')
ValueError: Cannot register /loky-341934-5wlplawd for automatic cleanup: unknown resource type semlock
Traceback (most recent call last):
  File "/global/common/software/nersc/pe/conda-envs/26.1.0/python-3.13/nersc-python/lib/python3.13/multiprocessing/resource_tracker.py", line 371, in main
    raise ValueError(
        f'Cannot register {name} for automatic cleanup: '
        f'unknown resource type {rtype}')
ValueError: Cannot register /loky-341934-ugkj5btb for automatic cleanup: unknown resource type semlock
Traceback (most recent call last):
  File "/global/common/software/nersc/pe/conda-envs/26.1.0/python-3.13/nersc-python/lib/python3.13/multiprocessing/resource_tracker.py", line 371, in main
    raise ValueError(
        f'Cannot register {name} for automatic cleanup: '
        f'unknown resource type {rtype}')
ValueError: Cannot register /dev/shm/joblib_memmapping_folder_341934_6d866b6989574d03b685eb29dc67638c_4a63bdfad6e94d2fb037bce827d96fbb for automatic cleanup: unknown resource type folder
Traceback (most recent call last):
  File "/global/common/software/nersc/pe/conda-envs/26.1.0/python-3.13/nersc-python/lib/python3.13/multiprocessing/resource_tracker.py", line 371, in main
    raise ValueError(
        f'Cannot register {name} for automatic cleanup: '
        f'unknown resource type {rtype}')
ValueError: Cannot register /loky-341934-0ns48lx1 for automatic cleanup: unknown resource type semlock
Traceback (most recent call last):
  File "/global/common/software/nersc/pe/conda-envs/26.1.0/python-3.13/nersc-python/lib/python3.13/multiprocessing/resource_tracker.py", line 371, in main
    raise ValueError(
        f'Cannot register {name} for automatic cleanup: '
        f'unknown resource type {rtype}')
ValueError: Cannot register /loky-341934-5f2vm8g4 for automatic cleanup: unknown resource type semlock
Traceback (most recent call last):
  File "/global/common/software/nersc/pe/conda-envs/26.1.0/python-3.13/nersc-python/lib/python3.13/multiprocessing/resource_tracker.py", line 371, in main
    raise ValueError(
        f'Cannot register {name} for automatic cleanup: '
        f'unknown resource type {rtype}')
ValueError: Cannot register /loky-341934-ordr4z42 for automatic cleanup: unknown resource type semlock
Traceback (most recent call last):
  File "/global/common/software/nersc/pe/conda-envs/26.1.0/python-3.13/nersc-python/lib/python3.13/multiprocessing/resource_tracker.py", line 371, in main
    raise ValueError(
        f'Cannot register {name} for automatic cleanup: '
        f'unknown resource type {rtype}')
ValueError: Cannot register /loky-341934-yx2ca7yg for automatic cleanup: unknown resource type semlock
Traceback (most recent call last):
  File "/global/common/software/nersc/pe/conda-envs/26.1.0/python-3.13/nersc-python/lib/python3.13/multiprocessing/resource_tracker.py", line 371, in main
    raise ValueError(
        f'Cannot register {name} for automatic cleanup: '
        f'unknown resource type {rtype}')
ValueError: Cannot register /loky-341934-0r9iqfll for automatic cleanup: unknown resource type semlock
Traceback (most recent call last):
  File "/global/common/software/nersc/pe/conda-envs/26.1.0/python-3.13/nersc-python/lib/python3.13/multiprocessing/resource_tracker.py", line 371, in main
    raise ValueError(
        f'Cannot register {name} for automatic cleanup: '
        f'unknown resource type {rtype}')
ValueError: Cannot register /loky-341934-cysy5rcf for automatic cleanup: unknown resource type semlock
Traceback (most recent call last):
  File "/global/common/software/nersc/pe/conda-envs/26.1.0/python-3.13/nersc-python/lib/python3.13/multiprocessing/resource_tracker.py", line 371, in main
    raise ValueError(
        f'Cannot register {name} for automatic cleanup: '
        f'unknown resource type {rtype}')
ValueError: Cannot register /loky-341925-xr51scm9 for automatic cleanup: unknown resource type semlock
Traceback (most recent call last):
  File "/global/common/software/nersc/pe/conda-envs/26.1.0/python-3.13/nersc-python/lib/python3.13/multiprocessing/resource_tracker.py", line 371, in main
    raise ValueError(
        f'Cannot register {name} for automatic cleanup: '
        f'unknown resource type {rtype}')
ValueError: Cannot register /loky-341928-ck2dvpju for automatic cleanup: unknown resource type semlock
Traceback (most recent call last):
  File "/global/common/software/nersc/pe/conda-envs/26.1.0/python-3.13/nersc-python/lib/python3.13/multiprocessing/resource_tracker.py", line 371, in main
    raise ValueError(
        f'Cannot register {name} for automatic cleanup: '
        f'unknown resource type {rtype}')
ValueError: Cannot register /loky-341928-mt45wdr2 for automatic cleanup: unknown resource type semlock
Traceback (most recent call last):
  File "/global/common/software/nersc/pe/conda-envs/26.1.0/python-3.13/nersc-python/lib/python3.13/multiprocessing/resource_tracker.py", line 371, in main
    raise ValueError(
        f'Cannot register {name} for automatic cleanup: '
        f'unknown resource type {rtype}')
ValueError: Cannot register /loky-1214552-s35qyai7 for automatic cleanup: unknown resource type semlock
Traceback (most recent call last):
  File "/global/common/software/nersc/pe/conda-envs/26.1.0/python-3.13/nersc-python/lib/python3.13/multiprocessing/resource_tracker.py", line 371, in main
    raise ValueError(
        f'Cannot register {name} for automatic cleanup: '
        f'unknown resource type {rtype}')
ValueError: Cannot register /loky-341925-jdbzrs3o for automatic cleanup: unknown resource type semlock
Traceback (most recent call last):
  File "/global/common/software/nersc/pe/conda-envs/26.1.0/python-3.13/nersc-python/lib/python3.13/multiprocessing/resource_tracker.py", line 371, in main
    raise ValueError(
        f'Cannot register {name} for automatic cleanup: '
        f'unknown resource type {rtype}')
ValueError: Cannot register /loky-341941-wa5bknl5 for automatic cleanup: unknown resource type semlock
Traceback (most recent call last):
  File "/global/common/software/nersc/pe/conda-envs/26.1.0/python-3.13/nersc-python/lib/python3.13/multiprocessing/resource_tracker.py", line 371, in main
    raise ValueError(
        f'Cannot register {name} for automatic cleanup: '
        f'unknown resource type {rtype}')
ValueError: Cannot register /loky-341937-a0app64m for automatic cleanup: unknown resource type semlock
Traceback (most recent call last):
  File "/global/common/software/nersc/pe/conda-envs/26.1.0/python-3.13/nersc-python/lib/python3.13/multiprocessing/resource_tracker.py", line 371, in main
    raise ValueError(
        f'Cannot register {name} for automatic cleanup: '
        f'unknown resource type {rtype}')
ValueError: Cannot register /loky-1214543-e6rse8te for automatic cleanup: unknown resource type semlock
Traceback (most recent call last):
  File "/global/common/software/nersc/pe/conda-envs/26.1.0/python-3.13/nersc-python/lib/python3.13/multiprocessing/resource_tracker.py", line 371, in main
    raise ValueError(
        f'Cannot register {name} for automatic cleanup: '
        f'unknown resource type {rtype}')
ValueError: Cannot register /loky-1214553-9rugwgx8 for automatic cleanup: unknown resource type semlock
Traceback (most recent call last):
  File "/global/common/software/nersc/pe/conda-envs/26.1.0/python-3.13/nersc-python/lib/python3.13/multiprocessing/resource_tracker.py", line 371, in main
    raise ValueError(
        f'Cannot register {name} for automatic cleanup: '
        f'unknown resource type {rtype}')
ValueError: Cannot register /loky-1214553-r15tm0ok for automatic cleanup: unknown resource type semlock
Traceback (most recent call last):
  File "/global/common/software/nersc/pe/conda-envs/26.1.0/python-3.13/nersc-python/lib/python3.13/multiprocessing/resource_tracker.py", line 371, in main
    raise ValueError(
        f'Cannot register {name} for automatic cleanup: '
        f'unknown resource type {rtype}')
ValueError: Cannot register /loky-341945-q7al5cls for automatic cleanup: unknown resource type semlock
Traceback (most recent call last):
  File "/global/common/software/nersc/pe/conda-envs/26.1.0/python-3.13/nersc-python/lib/python3.13/multiprocessing/resource_tracker.py", line 371, in main
    raise ValueError(
        f'Cannot register {name} for automatic cleanup: '
        f'unknown resource type {rtype}')
ValueError: Cannot register /loky-1214543-e_hrmopj for automatic cleanup: unknown resource type semlock
Traceback (most recent call last):
  File "/global/common/software/nersc/pe/conda-envs/26.1.0/python-3.13/nersc-python/lib/python3.13/multiprocessing/resource_tracker.py", line 371, in main
    raise ValueError(
        f'Cannot register {name} for automatic cleanup: '
        f'unknown resource type {rtype}')
ValueError: Cannot register /loky-341931-19szu9o5 for automatic cleanup: unknown resource type semlock
Traceback (most recent call last):
  File "/global/common/software/nersc/pe/conda-envs/26.1.0/python-3.13/nersc-python/lib/python3.13/multiprocessing/resource_tracker.py", line 371, in main
    raise ValueError(
        f'Cannot register {name} for automatic cleanup: '
        f'unknown resource type {rtype}')
ValueError: Cannot register /loky-341928-5scrqu_o for automatic cleanup: unknown resource type semlock
Traceback (most recent call last):
  File "/global/common/software/nersc/pe/conda-envs/26.1.0/python-3.13/nersc-python/lib/python3.13/multiprocessing/resource_tracker.py", line 371, in main
    raise ValueError(
        f'Cannot register {name} for automatic cleanup: '
        f'unknown resource type {rtype}')
ValueError: Cannot register /loky-1214536-id2wva9s for automatic cleanup: unknown resource type semlock
Traceback (most recent call last):
  File "/global/common/software/nersc/pe/conda-envs/26.1.0/python-3.13/nersc-python/lib/python3.13/multiprocessing/resource_tracker.py", line 371, in main
    raise ValueError(
        f'Cannot register {name} for automatic cleanup: '
        f'unknown resource type {rtype}')
ValueError: Cannot register /loky-1214543-drwqvt2q for automatic cleanup: unknown resource type semlock
Traceback (most recent call last):
  File "/global/common/software/nersc/pe/conda-envs/26.1.0/python-3.13/nersc-python/lib/python3.13/multiprocessing/resource_tracker.py", line 371, in main
    raise ValueError(
        f'Cannot register {name} for automatic cleanup: '
        f'unknown resource type {rtype}')
ValueError: Cannot register /loky-341925-s4k04bel for automatic cleanup: unknown resource type semlock
Traceback (most recent call last):
  File "/global/common/software/nersc/pe/conda-envs/26.1.0/python-3.13/nersc-python/lib/python3.13/multiprocessing/resource_tracker.py", line 371, in main
    raise ValueError(
        f'Cannot register {name} for automatic cleanup: '
        f'unknown resource type {rtype}')
ValueError: Cannot register /loky-1214550-glaupti4 for automatic cleanup: unknown resource type semlock
Traceback (most recent call last):
  File "/global/common/software/nersc/pe/conda-envs/26.1.0/python-3.13/nersc-python/lib/python3.13/multiprocessing/resource_tracker.py", line 371, in main
    raise ValueError(
        f'Cannot register {name} for automatic cleanup: '
        f'unknown resource type {rtype}')
ValueError: Cannot register /loky-1214550-4fp6a9ok for automatic cleanup: unknown resource type semlock
Traceback (most recent call last):
  File "/global/common/software/nersc/pe/conda-envs/26.1.0/python-3.13/nersc-python/lib/python3.13/multiprocessing/resource_tracker.py", line 371, in main
    raise ValueError(
        f'Cannot register {name} for automatic cleanup: '
        f'unknown resource type {rtype}')
ValueError: Cannot register /loky-341928-hbn5ac4j for automatic cleanup: unknown resource type semlock
Traceback (most recent call last):
  File "/global/common/software/nersc/pe/conda-envs/26.1.0/python-3.13/nersc-python/lib/python3.13/multiprocessing/resource_tracker.py", line 371, in main
    raise ValueError(
        f'Cannot register {name} for automatic cleanup: '
        f'unknown resource type {rtype}')
ValueError: Cannot register /loky-341931-cp8twex6 for automatic cleanup: unknown resource type semlock
Traceback (most recent call last):
  File "/global/common/software/nersc/pe/conda-envs/26.1.0/python-3.13/nersc-python/lib/python3.13/multiprocessing/resource_tracker.py", line 371, in main
    raise ValueError(
        f'Cannot register {name} for automatic cleanup: '
        f'unknown resource type {rtype}')
ValueError: Cannot register /loky-341937-83s2is70 for automatic cleanup: unknown resource type semlock
Traceback (most recent call last):
  File "/global/common/software/nersc/pe/conda-envs/26.1.0/python-3.13/nersc-python/lib/python3.13/multiprocessing/resource_tracker.py", line 371, in main
    raise ValueError(
        f'Cannot register {name} for automatic cleanup: '
        f'unknown resource type {rtype}')
ValueError: Cannot register /loky-341945-3bm08k56 for automatic cleanup: unknown resource type semlock
Traceback (most recent call last):
  File "/global/common/software/nersc/pe/conda-envs/26.1.0/python-3.13/nersc-python/lib/python3.13/multiprocessing/resource_tracker.py", line 371, in main
    raise ValueError(
        f'Cannot register {name} for automatic cleanup: '
        f'unknown resource type {rtype}')
ValueError: Cannot register /loky-1214552-w2bu8c0k for automatic cleanup: unknown resource type semlock
Traceback (most recent call last):
  File "/global/common/software/nersc/pe/conda-envs/26.1.0/python-3.13/nersc-python/lib/python3.13/multiprocessing/resource_tracker.py", line 371, in main
    raise ValueError(
        f'Cannot register {name} for automatic cleanup: '
        f'unknown resource type {rtype}')
ValueError: Cannot register /loky-341925-5mln8_gt for automatic cleanup: unknown resource type semlock
Traceback (most recent call last):
  File "/global/common/software/nersc/pe/conda-envs/26.1.0/python-3.13/nersc-python/lib/python3.13/multiprocessing/resource_tracker.py", line 371, in main
    raise ValueError(
        f'Cannot register {name} for automatic cleanup: '
        f'unknown resource type {rtype}')
ValueError: Cannot register /loky-1214542-q0dkfkuk for automatic cleanup: unknown resource type semlock
Traceback (most recent call last):
  File "/global/common/software/nersc/pe/conda-envs/26.1.0/python-3.13/nersc-python/lib/python3.13/multiprocessing/resource_tracker.py", line 371, in main
    raise ValueError(
        f'Cannot register {name} for automatic cleanup: '
        f'unknown resource type {rtype}')
ValueError: Cannot register /loky-341925-s6i3t7ho for automatic cleanup: unknown resource type semlock
Traceback (most recent call last):
  File "/global/common/software/nersc/pe/conda-envs/26.1.0/python-3.13/nersc-python/lib/python3.13/multiprocessing/resource_tracker.py", line 371, in main
    raise ValueError(
        f'Cannot register {name} for automatic cleanup: '
        f'unknown resource type {rtype}')
ValueError: Cannot register /loky-341945-2dbu7zhz for automatic cleanup: unknown resource type semlock
Traceback (most recent call last):
  File "/global/common/software/nersc/pe/conda-envs/26.1.0/python-3.13/nersc-python/lib/python3.13/multiprocessing/resource_tracker.py", line 371, in main
    raise ValueError(
        f'Cannot register {name} for automatic cleanup: '
        f'unknown resource type {rtype}')
ValueError: Cannot register /loky-341931-zhgh62ll for automatic cleanup: unknown resource type semlock
Traceback (most recent call last):
  File "/global/common/software/nersc/pe/conda-envs/26.1.0/python-3.13/nersc-python/lib/python3.13/multiprocessing/resource_tracker.py", line 371, in main
    raise ValueError(
        f'Cannot register {name} for automatic cleanup: '
        f'unknown resource type {rtype}')
ValueError: Cannot register /loky-1214536-9fs6s_f0 for automatic cleanup: unknown resource type semlock
Traceback (most recent call last):
  File "/global/common/software/nersc/pe/conda-envs/26.1.0/python-3.13/nersc-python/lib/python3.13/multiprocessing/resource_tracker.py", line 371, in main
    raise ValueError(
        f'Cannot register {name} for automatic cleanup: '
        f'unknown resource type {rtype}')
ValueError: Cannot register /loky-1214542-6xpxkeco for automatic cleanup: unknown resource type semlock
Traceback (most recent call last):
  File "/global/common/software/nersc/pe/conda-envs/26.1.0/python-3.13/nersc-python/lib/python3.13/multiprocessing/resource_tracker.py", line 371, in main
    raise ValueError(
        f'Cannot register {name} for automatic cleanup: '
        f'unknown resource type {rtype}')
ValueError: Cannot register /loky-1214552-6rh313hl for automatic cleanup: unknown resource type semlock
Traceback (most recent call last):
  File "/global/common/software/nersc/pe/conda-envs/26.1.0/python-3.13/nersc-python/lib/python3.13/multiprocessing/resource_tracker.py", line 371, in main
    raise ValueError(
        f'Cannot register {name} for automatic cleanup: '
        f'unknown resource type {rtype}')
ValueError: Cannot register /loky-341928-3s2zm14a for automatic cleanup: unknown resource type semlock
Traceback (most recent call last):
  File "/global/common/software/nersc/pe/conda-envs/26.1.0/python-3.13/nersc-python/lib/python3.13/multiprocessing/resource_tracker.py", line 371, in main
    raise ValueError(
        f'Cannot register {name} for automatic cleanup: '
        f'unknown resource type {rtype}')
ValueError: Cannot register /loky-1214550-_nqumvz6 for automatic cleanup: unknown resource type semlock
Traceback (most recent call last):
  File "/global/common/software/nersc/pe/conda-envs/26.1.0/python-3.13/nersc-python/lib/python3.13/multiprocessing/resource_tracker.py", line 371, in main
    raise ValueError(
        f'Cannot register {name} for automatic cleanup: '
        f'unknown resource type {rtype}')
ValueError: Cannot register /loky-341931-aql9s0ex for automatic cleanup: unknown resource type semlock
Traceback (most recent call last):
  File "/global/common/software/nersc/pe/conda-envs/26.1.0/python-3.13/nersc-python/lib/python3.13/multiprocessing/resource_tracker.py", line 371, in main
    raise ValueError(
        f'Cannot register {name} for automatic cleanup: '
        f'unknown resource type {rtype}')
ValueError: Cannot register /loky-341931-fke3aspp for automatic cleanup: unknown resource type semlock
Traceback (most recent call last):
  File "/global/common/software/nersc/pe/conda-envs/26.1.0/python-3.13/nersc-python/lib/python3.13/multiprocessing/resource_tracker.py", line 371, in main
    raise ValueError(
        f'Cannot register {name} for automatic cleanup: '
        f'unknown resource type {rtype}')
ValueError: Cannot register /loky-341937-uhca8tgw for automatic cleanup: unknown resource type semlock
Traceback (most recent call last):
  File "/global/common/software/nersc/pe/conda-envs/26.1.0/python-3.13/nersc-python/lib/python3.13/multiprocessing/resource_tracker.py", line 371, in main
    raise ValueError(
        f'Cannot register {name} for automatic cleanup: '
        f'unknown resource type {rtype}')
ValueError: Cannot register /loky-1214542-92qbp6x7 for automatic cleanup: unknown resource type semlock
Traceback (most recent call last):
  File "/global/common/software/nersc/pe/conda-envs/26.1.0/python-3.13/nersc-python/lib/python3.13/multiprocessing/resource_tracker.py", line 371, in main
    raise ValueError(
        f'Cannot register {name} for automatic cleanup: '
        f'unknown resource type {rtype}')
ValueError: Cannot register /loky-1214542-kpnnnvxt for automatic cleanup: unknown resource type semlock
Traceback (most recent call last):
  File "/global/common/software/nersc/pe/conda-envs/26.1.0/python-3.13/nersc-python/lib/python3.13/multiprocessing/resource_tracker.py", line 371, in main
    raise ValueError(
        f'Cannot register {name} for automatic cleanup: '
        f'unknown resource type {rtype}')
ValueError: Cannot register /loky-341925-_no5qhvi for automatic cleanup: unknown resource type semlock
Traceback (most recent call last):
  File "/global/common/software/nersc/pe/conda-envs/26.1.0/python-3.13/nersc-python/lib/python3.13/multiprocessing/resource_tracker.py", line 371, in main
    raise ValueError(
        f'Cannot register {name} for automatic cleanup: '
        f'unknown resource type {rtype}')
ValueError: Cannot register /loky-1214555-nfze_lmo for automatic cleanup: unknown resource type semlock
Traceback (most recent call last):
  File "/global/common/software/nersc/pe/conda-envs/26.1.0/python-3.13/nersc-python/lib/python3.13/multiprocessing/resource_tracker.py", line 371, in main
    raise ValueError(
        f'Cannot register {name} for automatic cleanup: '
        f'unknown resource type {rtype}')
ValueError: Cannot register /loky-341931-8nnr1z3g for automatic cleanup: unknown resource type semlock
Traceback (most recent call last):
  File "/global/common/software/nersc/pe/conda-envs/26.1.0/python-3.13/nersc-python/lib/python3.13/multiprocessing/resource_tracker.py", line 371, in main
    raise ValueError(
        f'Cannot register {name} for automatic cleanup: '
        f'unknown resource type {rtype}')
ValueError: Cannot register /loky-341928-c29e8vtd for automatic cleanup: unknown resource type semlock
Traceback (most recent call last):
  File "/global/common/software/nersc/pe/conda-envs/26.1.0/python-3.13/nersc-python/lib/python3.13/multiprocessing/resource_tracker.py", line 371, in main
    raise ValueError(
        f'Cannot register {name} for automatic cleanup: '
        f'unknown resource type {rtype}')
ValueError: Cannot register /loky-341931-jwp3q_ru for automatic cleanup: unknown resource type semlock
Traceback (most recent call last):
  File "/global/common/software/nersc/pe/conda-envs/26.1.0/python-3.13/nersc-python/lib/python3.13/multiprocessing/resource_tracker.py", line 371, in main
    raise ValueError(
        f'Cannot register {name} for automatic cleanup: '
        f'unknown resource type {rtype}')
ValueError: Cannot register /dev/shm/joblib_memmapping_folder_341925_f202ddf901a14f8fabaf07e06fd6261e_f72fe9743ad34b09b7fd5b45056aa464 for automatic cleanup: unknown resource type folder
Traceback (most recent call last):
  File "/global/common/software/nersc/pe/conda-envs/26.1.0/python-3.13/nersc-python/lib/python3.13/multiprocessing/resource_tracker.py", line 371, in main
    raise ValueError(
        f'Cannot register {name} for automatic cleanup: '
        f'unknown resource type {rtype}')
ValueError: Cannot register /loky-341925-azbsdn0z for automatic cleanup: unknown resource type semlock
Traceback (most recent call last):
  File "/global/common/software/nersc/pe/conda-envs/26.1.0/python-3.13/nersc-python/lib/python3.13/multiprocessing/resource_tracker.py", line 371, in main
    raise ValueError(
        f'Cannot register {name} for automatic cleanup: '
        f'unknown resource type {rtype}')
ValueError: Cannot register /loky-341925-x47yy37k for automatic cleanup: unknown resource type semlock
Traceback (most recent call last):
  File "/global/common/software/nersc/pe/conda-envs/26.1.0/python-3.13/nersc-python/lib/python3.13/multiprocessing/resource_tracker.py", line 371, in main
    raise ValueError(
        f'Cannot register {name} for automatic cleanup: '
        f'unknown resource type {rtype}')
ValueError: Cannot register /dev/shm/joblib_memmapping_folder_341925_f202ddf901a14f8fabaf07e06fd6261e_9de2dc9b9c0b4d0f9de1ad142597fbe6 for automatic cleanup: unknown resource type folder
Traceback (most recent call last):
  File "/global/common/software/nersc/pe/conda-envs/26.1.0/python-3.13/nersc-python/lib/python3.13/multiprocessing/resource_tracker.py", line 371, in main
    raise ValueError(
        f'Cannot register {name} for automatic cleanup: '
        f'unknown resource type {rtype}')
ValueError: Cannot register /loky-341925-4cap03og for automatic cleanup: unknown resource type semlock
Traceback (most recent call last):
  File "/global/common/software/nersc/pe/conda-envs/26.1.0/python-3.13/nersc-python/lib/python3.13/multiprocessing/resource_tracker.py", line 371, in main
    raise ValueError(
        f'Cannot register {name} for automatic cleanup: '
        f'unknown resource type {rtype}')
ValueError: Cannot register /loky-341925-l0po1mu3 for automatic cleanup: unknown resource type semlock
Traceback (most recent call last):
  File "/global/common/software/nersc/pe/conda-envs/26.1.0/python-3.13/nersc-python/lib/python3.13/multiprocessing/resource_tracker.py", line 371, in main
    raise ValueError(
        f'Cannot register {name} for automatic cleanup: '
        f'unknown resource type {rtype}')
ValueError: Cannot register /loky-341925-n8szp00_ for automatic cleanup: unknown resource type semlock
Traceback (most recent call last):
  File "/global/common/software/nersc/pe/conda-envs/26.1.0/python-3.13/nersc-python/lib/python3.13/multiprocessing/resource_tracker.py", line 371, in main
    raise ValueError(
        f'Cannot register {name} for automatic cleanup: '
        f'unknown resource type {rtype}')
ValueError: Cannot register /loky-341925-yjdqug0w for automatic cleanup: unknown resource type semlock
Traceback (most recent call last):
  File "/global/common/software/nersc/pe/conda-envs/26.1.0/python-3.13/nersc-python/lib/python3.13/multiprocessing/resource_tracker.py", line 371, in main
    raise ValueError(
        f'Cannot register {name} for automatic cleanup: '
        f'unknown resource type {rtype}')
ValueError: Cannot register /loky-341925-sb4p23so for automatic cleanup: unknown resource type semlock
Traceback (most recent call last):
  File "/global/common/software/nersc/pe/conda-envs/26.1.0/python-3.13/nersc-python/lib/python3.13/multiprocessing/resource_tracker.py", line 371, in main
    raise ValueError(
        f'Cannot register {name} for automatic cleanup: '
        f'unknown resource type {rtype}')
ValueError: Cannot register /loky-341925-wk0s7qc7 for automatic cleanup: unknown resource type semlock
Traceback (most recent call last):
  File "/global/common/software/nersc/pe/conda-envs/26.1.0/python-3.13/nersc-python/lib/python3.13/multiprocessing/resource_tracker.py", line 371, in main
    raise ValueError(
        f'Cannot register {name} for automatic cleanup: '
        f'unknown resource type {rtype}')
ValueError: Cannot register /loky-341945-lo1bxaya for automatic cleanup: unknown resource type semlock
Traceback (most recent call last):
  File "/global/common/software/nersc/pe/conda-envs/26.1.0/python-3.13/nersc-python/lib/python3.13/multiprocessing/resource_tracker.py", line 371, in main
    raise ValueError(
        f'Cannot register {name} for automatic cleanup: '
        f'unknown resource type {rtype}')
ValueError: Cannot register /loky-1214553-zl7lbr24 for automatic cleanup: unknown resource type semlock
Traceback (most recent call last):
  File "/global/common/software/nersc/pe/conda-envs/26.1.0/python-3.13/nersc-python/lib/python3.13/multiprocessing/resource_tracker.py", line 371, in main
    raise ValueError(
        f'Cannot register {name} for automatic cleanup: '
        f'unknown resource type {rtype}')
ValueError: Cannot register /loky-341945-v_ealo0f for automatic cleanup: unknown resource type semlock
Traceback (most recent call last):
  File "/global/common/software/nersc/pe/conda-envs/26.1.0/python-3.13/nersc-python/lib/python3.13/multiprocessing/resource_tracker.py", line 371, in main
    raise ValueError(
        f'Cannot register {name} for automatic cleanup: '
        f'unknown resource type {rtype}')
ValueError: Cannot register /loky-341945-okvd_sbr for automatic cleanup: unknown resource type semlock
Traceback (most recent call last):
  File "/global/common/software/nersc/pe/conda-envs/26.1.0/python-3.13/nersc-python/lib/python3.13/multiprocessing/resource_tracker.py", line 371, in main
    raise ValueError(
        f'Cannot register {name} for automatic cleanup: '
        f'unknown resource type {rtype}')
ValueError: Cannot register /loky-341931-pue_pyg9 for automatic cleanup: unknown resource type semlock
Traceback (most recent call last):
  File "/global/common/software/nersc/pe/conda-envs/26.1.0/python-3.13/nersc-python/lib/python3.13/multiprocessing/resource_tracker.py", line 371, in main
    raise ValueError(
        f'Cannot register {name} for automatic cleanup: '
        f'unknown resource type {rtype}')
ValueError: Cannot register /loky-341931-i2i5lvjv for automatic cleanup: unknown resource type semlock
Traceback (most recent call last):
  File "/global/common/software/nersc/pe/conda-envs/26.1.0/python-3.13/nersc-python/lib/python3.13/multiprocessing/resource_tracker.py", line 371, in main
    raise ValueError(
        f'Cannot register {name} for automatic cleanup: '
        f'unknown resource type {rtype}')
ValueError: Cannot register /loky-1214541-w7z9fjfa for automatic cleanup: unknown resource type semlock
Traceback (most recent call last):
  File "/global/common/software/nersc/pe/conda-envs/26.1.0/python-3.13/nersc-python/lib/python3.13/multiprocessing/resource_tracker.py", line 371, in main
    raise ValueError(
        f'Cannot register {name} for automatic cleanup: '
        f'unknown resource type {rtype}')
ValueError: Cannot register /loky-1214541-3424m2xu for automatic cleanup: unknown resource type semlock
Traceback (most recent call last):
  File "/global/common/software/nersc/pe/conda-envs/26.1.0/python-3.13/nersc-python/lib/python3.13/multiprocessing/resource_tracker.py", line 371, in main
    raise ValueError(
        f'Cannot register {name} for automatic cleanup: '
        f'unknown resource type {rtype}')
ValueError: Cannot register /loky-1214552-6cw_bl6r for automatic cleanup: unknown resource type semlock
Traceback (most recent call last):
  File "/global/common/software/nersc/pe/conda-envs/26.1.0/python-3.13/nersc-python/lib/python3.13/multiprocessing/resource_tracker.py", line 371, in main
    raise ValueError(
        f'Cannot register {name} for automatic cleanup: '
        f'unknown resource type {rtype}')
ValueError: Cannot register /loky-1214536-tka7kc39 for automatic cleanup: unknown resource type semlock
Traceback (most recent call last):
  File "/global/common/software/nersc/pe/conda-envs/26.1.0/python-3.13/nersc-python/lib/python3.13/multiprocessing/resource_tracker.py", line 371, in main
    raise ValueError(
        f'Cannot register {name} for automatic cleanup: '
        f'unknown resource type {rtype}')
ValueError: Cannot register /loky-341937-fcktsgfh for automatic cleanup: unknown resource type semlock
Traceback (most recent call last):
  File "/global/common/software/nersc/pe/conda-envs/26.1.0/python-3.13/nersc-python/lib/python3.13/multiprocessing/resource_tracker.py", line 371, in main
    raise ValueError(
        f'Cannot register {name} for automatic cleanup: '
        f'unknown resource type {rtype}')
ValueError: Cannot register /dev/shm/joblib_memmapping_folder_1214550_698e3c4bac42474c951f090c7a9f9ac8_40c14d9069854530aa9a3a67deda092e for automatic cleanup: unknown resource type folder
Traceback (most recent call last):
  File "/global/common/software/nersc/pe/conda-envs/26.1.0/python-3.13/nersc-python/lib/python3.13/multiprocessing/resource_tracker.py", line 371, in main
    raise ValueError(
        f'Cannot register {name} for automatic cleanup: '
        f'unknown resource type {rtype}')
ValueError: Cannot register /loky-1214550-3y6ouz_l for automatic cleanup: unknown resource type semlock
Traceback (most recent call last):
  File "/global/common/software/nersc/pe/conda-envs/26.1.0/python-3.13/nersc-python/lib/python3.13/multiprocessing/resource_tracker.py", line 371, in main
    raise ValueError(
        f'Cannot register {name} for automatic cleanup: '
        f'unknown resource type {rtype}')
ValueError: Cannot register /loky-1214550-c2efewi_ for automatic cleanup: unknown resource type semlock
Traceback (most recent call last):
  File "/global/common/software/nersc/pe/conda-envs/26.1.0/python-3.13/nersc-python/lib/python3.13/multiprocessing/resource_tracker.py", line 371, in main
    raise ValueError(
        f'Cannot register {name} for automatic cleanup: '
        f'unknown resource type {rtype}')
ValueError: Cannot register /dev/shm/joblib_memmapping_folder_1214550_698e3c4bac42474c951f090c7a9f9ac8_c6faf491ca3e4aec8353ae7ef2f05e08 for automatic cleanup: unknown resource type folder
Traceback (most recent call last):
  File "/global/common/software/nersc/pe/conda-envs/26.1.0/python-3.13/nersc-python/lib/python3.13/multiprocessing/resource_tracker.py", line 371, in main
    raise ValueError(
        f'Cannot register {name} for automatic cleanup: '
        f'unknown resource type {rtype}')
ValueError: Cannot register /loky-1214550-mj1cl99p for automatic cleanup: unknown resource type semlock
Traceback (most recent call last):
  File "/global/common/software/nersc/pe/conda-envs/26.1.0/python-3.13/nersc-python/lib/python3.13/multiprocessing/resource_tracker.py", line 371, in main
    raise ValueError(
        f'Cannot register {name} for automatic cleanup: '
        f'unknown resource type {rtype}')
ValueError: Cannot register /loky-1214550-mt9_5txs for automatic cleanup: unknown resource type semlock
Traceback (most recent call last):
  File "/global/common/software/nersc/pe/conda-envs/26.1.0/python-3.13/nersc-python/lib/python3.13/multiprocessing/resource_tracker.py", line 371, in main
    raise ValueError(
        f'Cannot register {name} for automatic cleanup: '
        f'unknown resource type {rtype}')
ValueError: Cannot register /loky-1214550-nho_z_ma for automatic cleanup: unknown resource type semlock
Traceback (most recent call last):
  File "/global/common/software/nersc/pe/conda-envs/26.1.0/python-3.13/nersc-python/lib/python3.13/multiprocessing/resource_tracker.py", line 371, in main
    raise ValueError(
        f'Cannot register {name} for automatic cleanup: '
        f'unknown resource type {rtype}')
ValueError: Cannot register /loky-1214550-rwk50d90 for automatic cleanup: unknown resource type semlock
Traceback (most recent call last):
  File "/global/common/software/nersc/pe/conda-envs/26.1.0/python-3.13/nersc-python/lib/python3.13/multiprocessing/resource_tracker.py", line 371, in main
    raise ValueError(
        f'Cannot register {name} for automatic cleanup: '
        f'unknown resource type {rtype}')
ValueError: Cannot register /loky-1214550-j6uin45q for automatic cleanup: unknown resource type semlock
Traceback (most recent call last):
  File "/global/common/software/nersc/pe/conda-envs/26.1.0/python-3.13/nersc-python/lib/python3.13/multiprocessing/resource_tracker.py", line 371, in main
    raise ValueError(
        f'Cannot register {name} for automatic cleanup: '
        f'unknown resource type {rtype}')
ValueError: Cannot register /loky-1214550-zn0hlvrj for automatic cleanup: unknown resource type semlock
Traceback (most recent call last):
  File "/global/common/software/nersc/pe/conda-envs/26.1.0/python-3.13/nersc-python/lib/python3.13/multiprocessing/resource_tracker.py", line 371, in main
    raise ValueError(
        f'Cannot register {name} for automatic cleanup: '
        f'unknown resource type {rtype}')
ValueError: Cannot register /loky-341937-bwjaww7g for automatic cleanup: unknown resource type semlock
Traceback (most recent call last):
  File "/global/common/software/nersc/pe/conda-envs/26.1.0/python-3.13/nersc-python/lib/python3.13/multiprocessing/resource_tracker.py", line 371, in main
    raise ValueError(
        f'Cannot register {name} for automatic cleanup: '
        f'unknown resource type {rtype}')
ValueError: Cannot register /loky-1214555-54ivt321 for automatic cleanup: unknown resource type semlock
Traceback (most recent call last):
  File "/global/common/software/nersc/pe/conda-envs/26.1.0/python-3.13/nersc-python/lib/python3.13/multiprocessing/resource_tracker.py", line 371, in main
    raise ValueError(
        f'Cannot register {name} for automatic cleanup: '
        f'unknown resource type {rtype}')
ValueError: Cannot register /loky-1214542-xtkpj_pi for automatic cleanup: unknown resource type semlock
Traceback (most recent call last):
  File "/global/common/software/nersc/pe/conda-envs/26.1.0/python-3.13/nersc-python/lib/python3.13/multiprocessing/resource_tracker.py", line 371, in main
    raise ValueError(
        f'Cannot register {name} for automatic cleanup: '
        f'unknown resource type {rtype}')
ValueError: Cannot register /loky-1214552-mr22y58s for automatic cleanup: unknown resource type semlock
Traceback (most recent call last):
  File "/global/common/software/nersc/pe/conda-envs/26.1.0/python-3.13/nersc-python/lib/python3.13/multiprocessing/resource_tracker.py", line 371, in main
    raise ValueError(
        f'Cannot register {name} for automatic cleanup: '
        f'unknown resource type {rtype}')
ValueError: Cannot register /loky-341928-kcm4hw56 for automatic cleanup: unknown resource type semlock
Traceback (most recent call last):
  File "/global/common/software/nersc/pe/conda-envs/26.1.0/python-3.13/nersc-python/lib/python3.13/multiprocessing/resource_tracker.py", line 371, in main
    raise ValueError(
        f'Cannot register {name} for automatic cleanup: '
        f'unknown resource type {rtype}')
ValueError: Cannot register /loky-1214542-j0fktub2 for automatic cleanup: unknown resource type semlock
Traceback (most recent call last):
  File "/global/common/software/nersc/pe/conda-envs/26.1.0/python-3.13/nersc-python/lib/python3.13/multiprocessing/resource_tracker.py", line 371, in main
    raise ValueError(
        f'Cannot register {name} for automatic cleanup: '
        f'unknown resource type {rtype}')
ValueError: Cannot register /loky-341937-qr35akrn for automatic cleanup: unknown resource type semlock
Traceback (most recent call last):
  File "/global/common/software/nersc/pe/conda-envs/26.1.0/python-3.13/nersc-python/lib/python3.13/multiprocessing/resource_tracker.py", line 371, in main
    raise ValueError(
        f'Cannot register {name} for automatic cleanup: '
        f'unknown resource type {rtype}')
ValueError: Cannot register /loky-341941-70ui6sga for automatic cleanup: unknown resource type semlock
Traceback (most recent call last):
  File "/global/common/software/nersc/pe/conda-envs/26.1.0/python-3.13/nersc-python/lib/python3.13/multiprocessing/resource_tracker.py", line 371, in main
    raise ValueError(
        f'Cannot register {name} for automatic cleanup: '
        f'unknown resource type {rtype}')
ValueError: Cannot register /loky-1214552-sqiff10u for automatic cleanup: unknown resource type semlock
Traceback (most recent call last):
  File "/global/common/software/nersc/pe/conda-envs/26.1.0/python-3.13/nersc-python/lib/python3.13/multiprocessing/resource_tracker.py", line 371, in main
    raise ValueError(
        f'Cannot register {name} for automatic cleanup: '
        f'unknown resource type {rtype}')
ValueError: Cannot register /loky-1214553-r15tm0ok for automatic cleanup: unknown resource type semlock
Traceback (most recent call last):
  File "/global/common/software/nersc/pe/conda-envs/26.1.0/python-3.13/nersc-python/lib/python3.13/multiprocessing/resource_tracker.py", line 371, in main
    raise ValueError(
        f'Cannot register {name} for automatic cleanup: '
        f'unknown resource type {rtype}')
ValueError: Cannot register /loky-1214553-6b2lkw26 for automatic cleanup: unknown resource type semlock
Traceback (most recent call last):
  File "/global/common/software/nersc/pe/conda-envs/26.1.0/python-3.13/nersc-python/lib/python3.13/multiprocessing/resource_tracker.py", line 371, in main
    raise ValueError(
        f'Cannot register {name} for automatic cleanup: '
        f'unknown resource type {rtype}')
ValueError: Cannot register /loky-1214555-mptbfh74 for automatic cleanup: unknown resource type semlock
Traceback (most recent call last):
  File "/global/common/software/nersc/pe/conda-envs/26.1.0/python-3.13/nersc-python/lib/python3.13/multiprocessing/resource_tracker.py", line 371, in main
    raise ValueError(
        f'Cannot register {name} for automatic cleanup: '
        f'unknown resource type {rtype}')
ValueError: Cannot register /loky-341945-2pxk_u_w for automatic cleanup: unknown resource type semlock
Traceback (most recent call last):
  File "/global/common/software/nersc/pe/conda-envs/26.1.0/python-3.13/nersc-python/lib/python3.13/multiprocessing/resource_tracker.py", line 371, in main
    raise ValueError(
        f'Cannot register {name} for automatic cleanup: '
        f'unknown resource type {rtype}')
ValueError: Cannot register /loky-341931-257u1eb4 for automatic cleanup: unknown resource type semlock
Traceback (most recent call last):
  File "/global/common/software/nersc/pe/conda-envs/26.1.0/python-3.13/nersc-python/lib/python3.13/multiprocessing/resource_tracker.py", line 371, in main
    raise ValueError(
        f'Cannot register {name} for automatic cleanup: '
        f'unknown resource type {rtype}')
ValueError: Cannot register /loky-341941-8semmd4n for automatic cleanup: unknown resource type semlock
Traceback (most recent call last):
  File "/global/common/software/nersc/pe/conda-envs/26.1.0/python-3.13/nersc-python/lib/python3.13/multiprocessing/resource_tracker.py", line 371, in main
    raise ValueError(
        f'Cannot register {name} for automatic cleanup: '
        f'unknown resource type {rtype}')
ValueError: Cannot register /loky-341945-wv9escxv for automatic cleanup: unknown resource type semlock
Traceback (most recent call last):
  File "/global/common/software/nersc/pe/conda-envs/26.1.0/python-3.13/nersc-python/lib/python3.13/multiprocessing/resource_tracker.py", line 371, in main
    raise ValueError(
        f'Cannot register {name} for automatic cleanup: '
        f'unknown resource type {rtype}')
ValueError: Cannot register /loky-341941-rwjpfc0m for automatic cleanup: unknown resource type semlock
Traceback (most recent call last):
  File "/global/common/software/nersc/pe/conda-envs/26.1.0/python-3.13/nersc-python/lib/python3.13/multiprocessing/resource_tracker.py", line 371, in main
    raise ValueError(
        f'Cannot register {name} for automatic cleanup: '
        f'unknown resource type {rtype}')
ValueError: Cannot register /loky-1214542-emqrv969 for automatic cleanup: unknown resource type semlock
Traceback (most recent call last):
  File "/global/common/software/nersc/pe/conda-envs/26.1.0/python-3.13/nersc-python/lib/python3.13/multiprocessing/resource_tracker.py", line 371, in main
    raise ValueError(
        f'Cannot register {name} for automatic cleanup: '
        f'unknown resource type {rtype}')
ValueError: Cannot register /loky-341937-ye0hdza8 for automatic cleanup: unknown resource type semlock
Traceback (most recent call last):
  File "/global/common/software/nersc/pe/conda-envs/26.1.0/python-3.13/nersc-python/lib/python3.13/multiprocessing/resource_tracker.py", line 371, in main
    raise ValueError(
        f'Cannot register {name} for automatic cleanup: '
        f'unknown resource type {rtype}')
ValueError: Cannot register /loky-1214553-483m78u0 for automatic cleanup: unknown resource type semlock
Traceback (most recent call last):
  File "/global/common/software/nersc/pe/conda-envs/26.1.0/python-3.13/nersc-python/lib/python3.13/multiprocessing/resource_tracker.py", line 371, in main
    raise ValueError(
        f'Cannot register {name} for automatic cleanup: '
        f'unknown resource type {rtype}')
ValueError: Cannot register /loky-341931-hbwu6gwn for automatic cleanup: unknown resource type semlock
Traceback (most recent call last):
  File "/global/common/software/nersc/pe/conda-envs/26.1.0/python-3.13/nersc-python/lib/python3.13/multiprocessing/resource_tracker.py", line 371, in main
    raise ValueError(
        f'Cannot register {name} for automatic cleanup: '
        f'unknown resource type {rtype}')
ValueError: Cannot register /loky-1214553-lpk2r7zx for automatic cleanup: unknown resource type semlock
Traceback (most recent call last):
  File "/global/common/software/nersc/pe/conda-envs/26.1.0/python-3.13/nersc-python/lib/python3.13/multiprocessing/resource_tracker.py", line 371, in main
    raise ValueError(
        f'Cannot register {name} for automatic cleanup: '
        f'unknown resource type {rtype}')
ValueError: Cannot register /dev/shm/joblib_memmapping_folder_341928_152292c24df64c5e91bf8a8be28f28ec_22945bf8f06f43298faa83805291423f for automatic cleanup: unknown resource type folder
Traceback (most recent call last):
  File "/global/common/software/nersc/pe/conda-envs/26.1.0/python-3.13/nersc-python/lib/python3.13/multiprocessing/resource_tracker.py", line 371, in main
    raise ValueError(
        f'Cannot register {name} for automatic cleanup: '
        f'unknown resource type {rtype}')
ValueError: Cannot register /loky-341928-ql4g7j9c for automatic cleanup: unknown resource type semlock
Traceback (most recent call last):
  File "/global/common/software/nersc/pe/conda-envs/26.1.0/python-3.13/nersc-python/lib/python3.13/multiprocessing/resource_tracker.py", line 371, in main
    raise ValueError(
        f'Cannot register {name} for automatic cleanup: '
        f'unknown resource type {rtype}')
ValueError: Cannot register /loky-341928-xj450001 for automatic cleanup: unknown resource type semlock
Traceback (most recent call last):
  File "/global/common/software/nersc/pe/conda-envs/26.1.0/python-3.13/nersc-python/lib/python3.13/multiprocessing/resource_tracker.py", line 371, in main
    raise ValueError(
        f'Cannot register {name} for automatic cleanup: '
        f'unknown resource type {rtype}')
ValueError: Cannot register /dev/shm/joblib_memmapping_folder_341928_152292c24df64c5e91bf8a8be28f28ec_6131b83244b049dd8f3030c65a41b4b9 for automatic cleanup: unknown resource type folder
Traceback (most recent call last):
  File "/global/common/software/nersc/pe/conda-envs/26.1.0/python-3.13/nersc-python/lib/python3.13/multiprocessing/resource_tracker.py", line 371, in main
    raise ValueError(
        f'Cannot register {name} for automatic cleanup: '
        f'unknown resource type {rtype}')
ValueError: Cannot register /loky-341928-fmnfum18 for automatic cleanup: unknown resource type semlock
Traceback (most recent call last):
  File "/global/common/software/nersc/pe/conda-envs/26.1.0/python-3.13/nersc-python/lib/python3.13/multiprocessing/resource_tracker.py", line 371, in main
    raise ValueError(
        f'Cannot register {name} for automatic cleanup: '
        f'unknown resource type {rtype}')
ValueError: Cannot register /loky-341928-95dorf_l for automatic cleanup: unknown resource type semlock
Traceback (most recent call last):
  File "/global/common/software/nersc/pe/conda-envs/26.1.0/python-3.13/nersc-python/lib/python3.13/multiprocessing/resource_tracker.py", line 371, in main
    raise ValueError(
        f'Cannot register {name} for automatic cleanup: '
        f'unknown resource type {rtype}')
ValueError: Cannot register /loky-341928-cgggrot5 for automatic cleanup: unknown resource type semlock
Traceback (most recent call last):
  File "/global/common/software/nersc/pe/conda-envs/26.1.0/python-3.13/nersc-python/lib/python3.13/multiprocessing/resource_tracker.py", line 371, in main
    raise ValueError(
        f'Cannot register {name} for automatic cleanup: '
        f'unknown resource type {rtype}')
ValueError: Cannot register /loky-341928-7opedbir for automatic cleanup: unknown resource type semlock
Traceback (most recent call last):
  File "/global/common/software/nersc/pe/conda-envs/26.1.0/python-3.13/nersc-python/lib/python3.13/multiprocessing/resource_tracker.py", line 371, in main
    raise ValueError(
        f'Cannot register {name} for automatic cleanup: '
        f'unknown resource type {rtype}')
ValueError: Cannot register /loky-341928-6nyljlqq for automatic cleanup: unknown resource type semlock
Traceback (most recent call last):
  File "/global/common/software/nersc/pe/conda-envs/26.1.0/python-3.13/nersc-python/lib/python3.13/multiprocessing/resource_tracker.py", line 371, in main
    raise ValueError(
        f'Cannot register {name} for automatic cleanup: '
        f'unknown resource type {rtype}')
ValueError: Cannot register /loky-341928-6su2h5si for automatic cleanup: unknown resource type semlock
Traceback (most recent call last):
  File "/global/common/software/nersc/pe/conda-envs/26.1.0/python-3.13/nersc-python/lib/python3.13/multiprocessing/resource_tracker.py", line 371, in main
    raise ValueError(
        f'Cannot register {name} for automatic cleanup: '
        f'unknown resource type {rtype}')
ValueError: Cannot register /loky-1214553-6pa4vvjl for automatic cleanup: unknown resource type semlock
Traceback (most recent call last):
  File "/global/common/software/nersc/pe/conda-envs/26.1.0/python-3.13/nersc-python/lib/python3.13/multiprocessing/resource_tracker.py", line 371, in main
    raise ValueError(
        f'Cannot register {name} for automatic cleanup: '
        f'unknown resource type {rtype}')
ValueError: Cannot register /loky-1214541-a59kotwb for automatic cleanup: unknown resource type semlock
Traceback (most recent call last):
  File "/global/common/software/nersc/pe/conda-envs/26.1.0/python-3.13/nersc-python/lib/python3.13/multiprocessing/resource_tracker.py", line 371, in main
    raise ValueError(
        f'Cannot register {name} for automatic cleanup: '
        f'unknown resource type {rtype}')
ValueError: Cannot register /loky-1214555-ef2rlx_9 for automatic cleanup: unknown resource type semlock
Traceback (most recent call last):
  File "/global/common/software/nersc/pe/conda-envs/26.1.0/python-3.13/nersc-python/lib/python3.13/multiprocessing/resource_tracker.py", line 371, in main
    raise ValueError(
        f'Cannot register {name} for automatic cleanup: '
        f'unknown resource type {rtype}')
ValueError: Cannot register /loky-1214542-iprd0u15 for automatic cleanup: unknown resource type semlock
Traceback (most recent call last):
  File "/global/common/software/nersc/pe/conda-envs/26.1.0/python-3.13/nersc-python/lib/python3.13/multiprocessing/resource_tracker.py", line 371, in main
    raise ValueError(
        f'Cannot register {name} for automatic cleanup: '
        f'unknown resource type {rtype}')
ValueError: Cannot register /loky-1214555-v89engzi for automatic cleanup: unknown resource type semlock
Traceback (most recent call last):
  File "/global/common/software/nersc/pe/conda-envs/26.1.0/python-3.13/nersc-python/lib/python3.13/multiprocessing/resource_tracker.py", line 371, in main
    raise ValueError(
        f'Cannot register {name} for automatic cleanup: '
        f'unknown resource type {rtype}')
ValueError: Cannot register /loky-341937-ppgeltsk for automatic cleanup: unknown resource type semlock
Traceback (most recent call last):
  File "/global/common/software/nersc/pe/conda-envs/26.1.0/python-3.13/nersc-python/lib/python3.13/multiprocessing/resource_tracker.py", line 371, in main
    raise ValueError(
        f'Cannot register {name} for automatic cleanup: '
        f'unknown resource type {rtype}')
ValueError: Cannot register /loky-1214552-_c7_5tnb for automatic cleanup: unknown resource type semlock
Traceback (most recent call last):
  File "/global/common/software/nersc/pe/conda-envs/26.1.0/python-3.13/nersc-python/lib/python3.13/multiprocessing/resource_tracker.py", line 371, in main
    raise ValueError(
        f'Cannot register {name} for automatic cleanup: '
        f'unknown resource type {rtype}')
ValueError: Cannot register /loky-1214555-1tth_eel for automatic cleanup: unknown resource type semlock
Traceback (most recent call last):
  File "/global/common/software/nersc/pe/conda-envs/26.1.0/python-3.13/nersc-python/lib/python3.13/multiprocessing/resource_tracker.py", line 371, in main
    raise ValueError(
        f'Cannot register {name} for automatic cleanup: '
        f'unknown resource type {rtype}')
ValueError: Cannot register /loky-1214553-m00z_cln for automatic cleanup: unknown resource type semlock
Traceback (most recent call last):
  File "/global/common/software/nersc/pe/conda-envs/26.1.0/python-3.13/nersc-python/lib/python3.13/multiprocessing/resource_tracker.py", line 371, in main
    raise ValueError(
        f'Cannot register {name} for automatic cleanup: '
        f'unknown resource type {rtype}')
ValueError: Cannot register /loky-341937-84r_um3g for automatic cleanup: unknown resource type semlock
Traceback (most recent call last):
  File "/global/common/software/nersc/pe/conda-envs/26.1.0/python-3.13/nersc-python/lib/python3.13/multiprocessing/resource_tracker.py", line 371, in main
    raise ValueError(
        f'Cannot register {name} for automatic cleanup: '
        f'unknown resource type {rtype}')
ValueError: Cannot register /loky-341945-b4r16dk9 for automatic cleanup: unknown resource type semlock
Traceback (most recent call last):
  File "/global/common/software/nersc/pe/conda-envs/26.1.0/python-3.13/nersc-python/lib/python3.13/multiprocessing/resource_tracker.py", line 371, in main
    raise ValueError(
        f'Cannot register {name} for automatic cleanup: '
        f'unknown resource type {rtype}')
ValueError: Cannot register /loky-1214543-j9ry_4lm for automatic cleanup: unknown resource type semlock
Traceback (most recent call last):
  File "/global/common/software/nersc/pe/conda-envs/26.1.0/python-3.13/nersc-python/lib/python3.13/multiprocessing/resource_tracker.py", line 371, in main
    raise ValueError(
        f'Cannot register {name} for automatic cleanup: '
        f'unknown resource type {rtype}')
ValueError: Cannot register /loky-341941-702qkhhp for automatic cleanup: unknown resource type semlock
Traceback (most recent call last):
  File "/global/common/software/nersc/pe/conda-envs/26.1.0/python-3.13/nersc-python/lib/python3.13/multiprocessing/resource_tracker.py", line 371, in main
    raise ValueError(
        f'Cannot register {name} for automatic cleanup: '
        f'unknown resource type {rtype}')
ValueError: Cannot register /dev/shm/joblib_memmapping_folder_341941_69ee4aa30ea940c0b17870285ac7307e_d112a99659e94be28fe948e4a979a6a5 for automatic cleanup: unknown resource type folder
Traceback (most recent call last):
  File "/global/common/software/nersc/pe/conda-envs/26.1.0/python-3.13/nersc-python/lib/python3.13/multiprocessing/resource_tracker.py", line 371, in main
    raise ValueError(
        f'Cannot register {name} for automatic cleanup: '
        f'unknown resource type {rtype}')
ValueError: Cannot register /loky-341941-56ueeh72 for automatic cleanup: unknown resource type semlock
Traceback (most recent call last):
  File "/global/common/software/nersc/pe/conda-envs/26.1.0/python-3.13/nersc-python/lib/python3.13/multiprocessing/resource_tracker.py", line 371, in main
    raise ValueError(
        f'Cannot register {name} for automatic cleanup: '
        f'unknown resource type {rtype}')
ValueError: Cannot register /loky-341941-z3ji0lpn for automatic cleanup: unknown resource type semlock
Traceback (most recent call last):
  File "/global/common/software/nersc/pe/conda-envs/26.1.0/python-3.13/nersc-python/lib/python3.13/multiprocessing/resource_tracker.py", line 371, in main
    raise ValueError(
        f'Cannot register {name} for automatic cleanup: '
        f'unknown resource type {rtype}')
ValueError: Cannot register /dev/shm/joblib_memmapping_folder_341941_69ee4aa30ea940c0b17870285ac7307e_cf21f0c0f7bc44d7bee156749de350cf for automatic cleanup: unknown resource type folder
Traceback (most recent call last):
  File "/global/common/software/nersc/pe/conda-envs/26.1.0/python-3.13/nersc-python/lib/python3.13/multiprocessing/resource_tracker.py", line 371, in main
    raise ValueError(
        f'Cannot register {name} for automatic cleanup: '
        f'unknown resource type {rtype}')
ValueError: Cannot register /loky-341941-7quity1c for automatic cleanup: unknown resource type semlock
Traceback (most recent call last):
  File "/global/common/software/nersc/pe/conda-envs/26.1.0/python-3.13/nersc-python/lib/python3.13/multiprocessing/resource_tracker.py", line 371, in main
    raise ValueError(
        f'Cannot register {name} for automatic cleanup: '
        f'unknown resource type {rtype}')
ValueError: Cannot register /loky-341941-p0o_eybn for automatic cleanup: unknown resource type semlock
Traceback (most recent call last):
  File "/global/common/software/nersc/pe/conda-envs/26.1.0/python-3.13/nersc-python/lib/python3.13/multiprocessing/resource_tracker.py", line 371, in main
    raise ValueError(
        f'Cannot register {name} for automatic cleanup: '
        f'unknown resource type {rtype}')
ValueError: Cannot register /loky-341941-fh748tgf for automatic cleanup: unknown resource type semlock
Traceback (most recent call last):
  File "/global/common/software/nersc/pe/conda-envs/26.1.0/python-3.13/nersc-python/lib/python3.13/multiprocessing/resource_tracker.py", line 371, in main
    raise ValueError(
        f'Cannot register {name} for automatic cleanup: '
        f'unknown resource type {rtype}')
ValueError: Cannot register /loky-341941-xv_tvwpa for automatic cleanup: unknown resource type semlock
Traceback (most recent call last):
  File "/global/common/software/nersc/pe/conda-envs/26.1.0/python-3.13/nersc-python/lib/python3.13/multiprocessing/resource_tracker.py", line 371, in main
    raise ValueError(
        f'Cannot register {name} for automatic cleanup: '
        f'unknown resource type {rtype}')
ValueError: Cannot register /loky-341941-9y4g2xp1 for automatic cleanup: unknown resource type semlock
Traceback (most recent call last):
  File "/global/common/software/nersc/pe/conda-envs/26.1.0/python-3.13/nersc-python/lib/python3.13/multiprocessing/resource_tracker.py", line 371, in main
    raise ValueError(
        f'Cannot register {name} for automatic cleanup: '
        f'unknown resource type {rtype}')
ValueError: Cannot register /loky-341941-e0sa40q5 for automatic cleanup: unknown resource type semlock
Traceback (most recent call last):
  File "/global/common/software/nersc/pe/conda-envs/26.1.0/python-3.13/nersc-python/lib/python3.13/multiprocessing/resource_tracker.py", line 371, in main
    raise ValueError(
        f'Cannot register {name} for automatic cleanup: '
        f'unknown resource type {rtype}')
ValueError: Cannot register /loky-1214542-4vekk8yt for automatic cleanup: unknown resource type semlock
Traceback (most recent call last):
  File "/global/common/software/nersc/pe/conda-envs/26.1.0/python-3.13/nersc-python/lib/python3.13/multiprocessing/resource_tracker.py", line 371, in main
    raise ValueError(
        f'Cannot register {name} for automatic cleanup: '
        f'unknown resource type {rtype}')
ValueError: Cannot register /loky-1214542-sjdhmen5 for automatic cleanup: unknown resource type semlock
Traceback (most recent call last):
  File "/global/common/software/nersc/pe/conda-envs/26.1.0/python-3.13/nersc-python/lib/python3.13/multiprocessing/resource_tracker.py", line 371, in main
    raise ValueError(
        f'Cannot register {name} for automatic cleanup: '
        f'unknown resource type {rtype}')
ValueError: Cannot register /loky-1214536-5dh2irto for automatic cleanup: unknown resource type semlock
Traceback (most recent call last):
  File "/global/common/software/nersc/pe/conda-envs/26.1.0/python-3.13/nersc-python/lib/python3.13/multiprocessing/resource_tracker.py", line 371, in main
    raise ValueError(
        f'Cannot register {name} for automatic cleanup: '
        f'unknown resource type {rtype}')
ValueError: Cannot register /loky-1214536-7h6t1qsu for automatic cleanup: unknown resource type semlock
Traceback (most recent call last):
  File "/global/common/software/nersc/pe/conda-envs/26.1.0/python-3.13/nersc-python/lib/python3.13/multiprocessing/resource_tracker.py", line 371, in main
    raise ValueError(
        f'Cannot register {name} for automatic cleanup: '
        f'unknown resource type {rtype}')
ValueError: Cannot register /loky-1214552-gwksb7vd for automatic cleanup: unknown resource type semlock
Traceback (most recent call last):
  File "/global/common/software/nersc/pe/conda-envs/26.1.0/python-3.13/nersc-python/lib/python3.13/multiprocessing/resource_tracker.py", line 371, in main
    raise ValueError(
        f'Cannot register {name} for automatic cleanup: '
        f'unknown resource type {rtype}')
ValueError: Cannot register /loky-1214543-ymrbggfs for automatic cleanup: unknown resource type semlock
Traceback (most recent call last):
  File "/global/common/software/nersc/pe/conda-envs/26.1.0/python-3.13/nersc-python/lib/python3.13/multiprocessing/resource_tracker.py", line 371, in main
    raise ValueError(
        f'Cannot register {name} for automatic cleanup: '
        f'unknown resource type {rtype}')
ValueError: Cannot register /loky-1214553-py1zv81_ for automatic cleanup: unknown resource type semlock
Traceback (most recent call last):
  File "/global/common/software/nersc/pe/conda-envs/26.1.0/python-3.13/nersc-python/lib/python3.13/multiprocessing/resource_tracker.py", line 371, in main
    raise ValueError(
        f'Cannot register {name} for automatic cleanup: '
        f'unknown resource type {rtype}')
ValueError: Cannot register /loky-1214542-wrlfn0gj for automatic cleanup: unknown resource type semlock
Traceback (most recent call last):
  File "/global/common/software/nersc/pe/conda-envs/26.1.0/python-3.13/nersc-python/lib/python3.13/multiprocessing/resource_tracker.py", line 371, in main
    raise ValueError(
        f'Cannot register {name} for automatic cleanup: '
        f'unknown resource type {rtype}')
ValueError: Cannot register /loky-1214542-m7sgrqt2 for automatic cleanup: unknown resource type semlock
Traceback (most recent call last):
  File "/global/common/software/nersc/pe/conda-envs/26.1.0/python-3.13/nersc-python/lib/python3.13/multiprocessing/resource_tracker.py", line 371, in main
    raise ValueError(
        f'Cannot register {name} for automatic cleanup: '
        f'unknown resource type {rtype}')
ValueError: Cannot register /loky-1214553-h0ddnkfl for automatic cleanup: unknown resource type semlock
Traceback (most recent call last):
  File "/global/common/software/nersc/pe/conda-envs/26.1.0/python-3.13/nersc-python/lib/python3.13/multiprocessing/resource_tracker.py", line 371, in main
    raise ValueError(
        f'Cannot register {name} for automatic cleanup: '
        f'unknown resource type {rtype}')
ValueError: Cannot register /loky-1214553-k66ares4 for automatic cleanup: unknown resource type semlock
Traceback (most recent call last):
  File "/global/common/software/nersc/pe/conda-envs/26.1.0/python-3.13/nersc-python/lib/python3.13/multiprocessing/resource_tracker.py", line 371, in main
    raise ValueError(
        f'Cannot register {name} for automatic cleanup: '
        f'unknown resource type {rtype}')
ValueError: Cannot register /loky-1214543-tqhvne8p for automatic cleanup: unknown resource type semlock
Traceback (most recent call last):
  File "/global/common/software/nersc/pe/conda-envs/26.1.0/python-3.13/nersc-python/lib/python3.13/multiprocessing/resource_tracker.py", line 371, in main
    raise ValueError(
        f'Cannot register {name} for automatic cleanup: '
        f'unknown resource type {rtype}')
ValueError: Cannot register /loky-1214553-78j27ll5 for automatic cleanup: unknown resource type semlock
Traceback (most recent call last):
  File "/global/common/software/nersc/pe/conda-envs/26.1.0/python-3.13/nersc-python/lib/python3.13/multiprocessing/resource_tracker.py", line 371, in main
    raise ValueError(
        f'Cannot register {name} for automatic cleanup: '
        f'unknown resource type {rtype}')
ValueError: Cannot register /loky-1214555-6n_gdyf6 for automatic cleanup: unknown resource type semlock
Traceback (most recent call last):
  File "/global/common/software/nersc/pe/conda-envs/26.1.0/python-3.13/nersc-python/lib/python3.13/multiprocessing/resource_tracker.py", line 371, in main
    raise ValueError(
        f'Cannot register {name} for automatic cleanup: '
        f'unknown resource type {rtype}')
ValueError: Cannot register /loky-1214536-ey33d3vj for automatic cleanup: unknown resource type semlock
Traceback (most recent call last):
  File "/global/common/software/nersc/pe/conda-envs/26.1.0/python-3.13/nersc-python/lib/python3.13/multiprocessing/resource_tracker.py", line 371, in main
    raise ValueError(
        f'Cannot register {name} for automatic cleanup: '
        f'unknown resource type {rtype}')
ValueError: Cannot register /loky-1214541-3mgogncy for automatic cleanup: unknown resource type semlock
Traceback (most recent call last):
  File "/global/common/software/nersc/pe/conda-envs/26.1.0/python-3.13/nersc-python/lib/python3.13/multiprocessing/resource_tracker.py", line 371, in main
    raise ValueError(
        f'Cannot register {name} for automatic cleanup: '
        f'unknown resource type {rtype}')
ValueError: Cannot register /loky-1214555-g4gneedc for automatic cleanup: unknown resource type semlock
Traceback (most recent call last):
  File "/global/common/software/nersc/pe/conda-envs/26.1.0/python-3.13/nersc-python/lib/python3.13/multiprocessing/resource_tracker.py", line 371, in main
    raise ValueError(
        f'Cannot register {name} for automatic cleanup: '
        f'unknown resource type {rtype}')
ValueError: Cannot register /loky-1214555-sfpdfhg8 for automatic cleanup: unknown resource type semlock
Traceback (most recent call last):
  File "/global/common/software/nersc/pe/conda-envs/26.1.0/python-3.13/nersc-python/lib/python3.13/multiprocessing/resource_tracker.py", line 371, in main
    raise ValueError(
        f'Cannot register {name} for automatic cleanup: '
        f'unknown resource type {rtype}')
ValueError: Cannot register /dev/shm/joblib_memmapping_folder_1214543_445b880b6ffa4e3780609fa2356cd503_0feaca9726bc4ffeb5020d4dc87d259c for automatic cleanup: unknown resource type folder
Traceback (most recent call last):
  File "/global/common/software/nersc/pe/conda-envs/26.1.0/python-3.13/nersc-python/lib/python3.13/multiprocessing/resource_tracker.py", line 371, in main
    raise ValueError(
        f'Cannot register {name} for automatic cleanup: '
        f'unknown resource type {rtype}')
ValueError: Cannot register /loky-1214543-b5snj2wl for automatic cleanup: unknown resource type semlock
Traceback (most recent call last):
  File "/global/common/software/nersc/pe/conda-envs/26.1.0/python-3.13/nersc-python/lib/python3.13/multiprocessing/resource_tracker.py", line 371, in main
    raise ValueError(
        f'Cannot register {name} for automatic cleanup: '
        f'unknown resource type {rtype}')
ValueError: Cannot register /loky-1214543-b191t8hy for automatic cleanup: unknown resource type semlock
Traceback (most recent call last):
  File "/global/common/software/nersc/pe/conda-envs/26.1.0/python-3.13/nersc-python/lib/python3.13/multiprocessing/resource_tracker.py", line 371, in main
    raise ValueError(
        f'Cannot register {name} for automatic cleanup: '
        f'unknown resource type {rtype}')
ValueError: Cannot register /dev/shm/joblib_memmapping_folder_1214543_445b880b6ffa4e3780609fa2356cd503_2c54477d4cf948148552b7e63094b7af for automatic cleanup: unknown resource type folder
Traceback (most recent call last):
  File "/global/common/software/nersc/pe/conda-envs/26.1.0/python-3.13/nersc-python/lib/python3.13/multiprocessing/resource_tracker.py", line 371, in main
    raise ValueError(
        f'Cannot register {name} for automatic cleanup: '
        f'unknown resource type {rtype}')
ValueError: Cannot register /loky-1214543-4mbh6iat for automatic cleanup: unknown resource type semlock
Traceback (most recent call last):
  File "/global/common/software/nersc/pe/conda-envs/26.1.0/python-3.13/nersc-python/lib/python3.13/multiprocessing/resource_tracker.py", line 371, in main
    raise ValueError(
        f'Cannot register {name} for automatic cleanup: '
        f'unknown resource type {rtype}')
ValueError: Cannot register /loky-1214543-f7_fg9es for automatic cleanup: unknown resource type semlock
Traceback (most recent call last):
  File "/global/common/software/nersc/pe/conda-envs/26.1.0/python-3.13/nersc-python/lib/python3.13/multiprocessing/resource_tracker.py", line 371, in main
    raise ValueError(
        f'Cannot register {name} for automatic cleanup: '
        f'unknown resource type {rtype}')
ValueError: Cannot register /loky-1214543-td1i8ieh for automatic cleanup: unknown resource type semlock
Traceback (most recent call last):
  File "/global/common/software/nersc/pe/conda-envs/26.1.0/python-3.13/nersc-python/lib/python3.13/multiprocessing/resource_tracker.py", line 371, in main
    raise ValueError(
        f'Cannot register {name} for automatic cleanup: '
        f'unknown resource type {rtype}')
ValueError: Cannot register /loky-1214543-qfmds2j8 for automatic cleanup: unknown resource type semlock
Traceback (most recent call last):
  File "/global/common/software/nersc/pe/conda-envs/26.1.0/python-3.13/nersc-python/lib/python3.13/multiprocessing/resource_tracker.py", line 371, in main
    raise ValueError(
        f'Cannot register {name} for automatic cleanup: '
        f'unknown resource type {rtype}')
ValueError: Cannot register /loky-1214543-clpg333j for automatic cleanup: unknown resource type semlock
Traceback (most recent call last):
  File "/global/common/software/nersc/pe/conda-envs/26.1.0/python-3.13/nersc-python/lib/python3.13/multiprocessing/resource_tracker.py", line 371, in main
    raise ValueError(
        f'Cannot register {name} for automatic cleanup: '
        f'unknown resource type {rtype}')
ValueError: Cannot register /loky-1214543-9rtyifnr for automatic cleanup: unknown resource type semlock
Traceback (most recent call last):
  File "/global/common/software/nersc/pe/conda-envs/26.1.0/python-3.13/nersc-python/lib/python3.13/multiprocessing/resource_tracker.py", line 371, in main
    raise ValueError(
        f'Cannot register {name} for automatic cleanup: '
        f'unknown resource type {rtype}')
ValueError: Cannot register /loky-1214552-5ycb65r_ for automatic cleanup: unknown resource type semlock
Traceback (most recent call last):
  File "/global/common/software/nersc/pe/conda-envs/26.1.0/python-3.13/nersc-python/lib/python3.13/multiprocessing/resource_tracker.py", line 371, in main
    raise ValueError(
        f'Cannot register {name} for automatic cleanup: '
        f'unknown resource type {rtype}')
ValueError: Cannot register /loky-1214541-owzhkqzn for automatic cleanup: unknown resource type semlock
Traceback (most recent call last):
  File "/global/common/software/nersc/pe/conda-envs/26.1.0/python-3.13/nersc-python/lib/python3.13/multiprocessing/resource_tracker.py", line 371, in main
    raise ValueError(
        f'Cannot register {name} for automatic cleanup: '
        f'unknown resource type {rtype}')
ValueError: Cannot register /loky-1214553-8fo9igug for automatic cleanup: unknown resource type semlock
Traceback (most recent call last):
  File "/global/common/software/nersc/pe/conda-envs/26.1.0/python-3.13/nersc-python/lib/python3.13/multiprocessing/resource_tracker.py", line 371, in main
    raise ValueError(
        f'Cannot register {name} for automatic cleanup: '
        f'unknown resource type {rtype}')
ValueError: Cannot register /loky-341945-h837qwac for automatic cleanup: unknown resource type semlock
Traceback (most recent call last):
  File "/global/common/software/nersc/pe/conda-envs/26.1.0/python-3.13/nersc-python/lib/python3.13/multiprocessing/resource_tracker.py", line 371, in main
    raise ValueError(
        f'Cannot register {name} for automatic cleanup: '
        f'unknown resource type {rtype}')
ValueError: Cannot register /loky-341945-rqr8jo26 for automatic cleanup: unknown resource type semlock
Traceback (most recent call last):
  File "/global/common/software/nersc/pe/conda-envs/26.1.0/python-3.13/nersc-python/lib/python3.13/multiprocessing/resource_tracker.py", line 371, in main
    raise ValueError(
        f'Cannot register {name} for automatic cleanup: '
        f'unknown resource type {rtype}')
ValueError: Cannot register /loky-1214542-weuwrqng for automatic cleanup: unknown resource type semlock
Traceback (most recent call last):
  File "/global/common/software/nersc/pe/conda-envs/26.1.0/python-3.13/nersc-python/lib/python3.13/multiprocessing/resource_tracker.py", line 371, in main
    raise ValueError(
        f'Cannot register {name} for automatic cleanup: '
        f'unknown resource type {rtype}')
ValueError: Cannot register /loky-1214536-7spbtybn for automatic cleanup: unknown resource type semlock
Traceback (most recent call last):
  File "/global/common/software/nersc/pe/conda-envs/26.1.0/python-3.13/nersc-python/lib/python3.13/multiprocessing/resource_tracker.py", line 371, in main
    raise ValueError(
        f'Cannot register {name} for automatic cleanup: '
        f'unknown resource type {rtype}')
ValueError: Cannot register /loky-1214553-qo9lvyep for automatic cleanup: unknown resource type semlock
Traceback (most recent call last):
  File "/global/common/software/nersc/pe/conda-envs/26.1.0/python-3.13/nersc-python/lib/python3.13/multiprocessing/resource_tracker.py", line 371, in main
    raise ValueError(
        f'Cannot register {name} for automatic cleanup: '
        f'unknown resource type {rtype}')
ValueError: Cannot register /loky-1214555-b0wboijw for automatic cleanup: unknown resource type semlock
Traceback (most recent call last):
  File "/global/common/software/nersc/pe/conda-envs/26.1.0/python-3.13/nersc-python/lib/python3.13/multiprocessing/resource_tracker.py", line 371, in main
    raise ValueError(
        f'Cannot register {name} for automatic cleanup: '
        f'unknown resource type {rtype}')
ValueError: Cannot register /loky-1214555-53jahsry for automatic cleanup: unknown resource type semlock
Traceback (most recent call last):
  File "/global/common/software/nersc/pe/conda-envs/26.1.0/python-3.13/nersc-python/lib/python3.13/multiprocessing/resource_tracker.py", line 371, in main
    raise ValueError(
        f'Cannot register {name} for automatic cleanup: '
        f'unknown resource type {rtype}')
ValueError: Cannot register /dev/shm/joblib_memmapping_folder_1214552_ed538e60529e46bd9c022b87297261a2_29f4ce967f2841558300d90df73faadf for automatic cleanup: unknown resource type folder
Traceback (most recent call last):
  File "/global/common/software/nersc/pe/conda-envs/26.1.0/python-3.13/nersc-python/lib/python3.13/multiprocessing/resource_tracker.py", line 371, in main
    raise ValueError(
        f'Cannot register {name} for automatic cleanup: '
        f'unknown resource type {rtype}')
ValueError: Cannot register /loky-1214552-e6gekutm for automatic cleanup: unknown resource type semlock
Traceback (most recent call last):
  File "/global/common/software/nersc/pe/conda-envs/26.1.0/python-3.13/nersc-python/lib/python3.13/multiprocessing/resource_tracker.py", line 371, in main
    raise ValueError(
        f'Cannot register {name} for automatic cleanup: '
        f'unknown resource type {rtype}')
ValueError: Cannot register /loky-1214552-txpg52x8 for automatic cleanup: unknown resource type semlock
Traceback (most recent call last):
  File "/global/common/software/nersc/pe/conda-envs/26.1.0/python-3.13/nersc-python/lib/python3.13/multiprocessing/resource_tracker.py", line 371, in main
    raise ValueError(
        f'Cannot register {name} for automatic cleanup: '
        f'unknown resource type {rtype}')
ValueError: Cannot register /dev/shm/joblib_memmapping_folder_1214552_ed538e60529e46bd9c022b87297261a2_666c7ab361d4458ea38514491423b38a for automatic cleanup: unknown resource type folder
Traceback (most recent call last):
  File "/global/common/software/nersc/pe/conda-envs/26.1.0/python-3.13/nersc-python/lib/python3.13/multiprocessing/resource_tracker.py", line 371, in main
    raise ValueError(
        f'Cannot register {name} for automatic cleanup: '
        f'unknown resource type {rtype}')
ValueError: Cannot register /loky-1214552-3t7049j2 for automatic cleanup: unknown resource type semlock
Traceback (most recent call last):
  File "/global/common/software/nersc/pe/conda-envs/26.1.0/python-3.13/nersc-python/lib/python3.13/multiprocessing/resource_tracker.py", line 371, in main
    raise ValueError(
        f'Cannot register {name} for automatic cleanup: '
        f'unknown resource type {rtype}')
ValueError: Cannot register /loky-1214552-vpw37wqw for automatic cleanup: unknown resource type semlock
Traceback (most recent call last):
  File "/global/common/software/nersc/pe/conda-envs/26.1.0/python-3.13/nersc-python/lib/python3.13/multiprocessing/resource_tracker.py", line 371, in main
    raise ValueError(
        f'Cannot register {name} for automatic cleanup: '
        f'unknown resource type {rtype}')
ValueError: Cannot register /loky-1214552-c1sd6c6y for automatic cleanup: unknown resource type semlock
Traceback (most recent call last):
  File "/global/common/software/nersc/pe/conda-envs/26.1.0/python-3.13/nersc-python/lib/python3.13/multiprocessing/resource_tracker.py", line 371, in main
    raise ValueError(
        f'Cannot register {name} for automatic cleanup: '
        f'unknown resource type {rtype}')
ValueError: Cannot register /loky-1214552-8lxbcvn9 for automatic cleanup: unknown resource type semlock
Traceback (most recent call last):
  File "/global/common/software/nersc/pe/conda-envs/26.1.0/python-3.13/nersc-python/lib/python3.13/multiprocessing/resource_tracker.py", line 371, in main
    raise ValueError(
        f'Cannot register {name} for automatic cleanup: '
        f'unknown resource type {rtype}')
ValueError: Cannot register /loky-1214552-5hngff45 for automatic cleanup: unknown resource type semlock
Traceback (most recent call last):
  File "/global/common/software/nersc/pe/conda-envs/26.1.0/python-3.13/nersc-python/lib/python3.13/multiprocessing/resource_tracker.py", line 371, in main
    raise ValueError(
        f'Cannot register {name} for automatic cleanup: '
        f'unknown resource type {rtype}')
ValueError: Cannot register /loky-1214552-54k3n0rb for automatic cleanup: unknown resource type semlock
Traceback (most recent call last):
  File "/global/common/software/nersc/pe/conda-envs/26.1.0/python-3.13/nersc-python/lib/python3.13/multiprocessing/resource_tracker.py", line 371, in main
    raise ValueError(
        f'Cannot register {name} for automatic cleanup: '
        f'unknown resource type {rtype}')
ValueError: Cannot register /dev/shm/joblib_memmapping_folder_341945_c7b9210a3c9f4d8ba4a402ca62384db4_5a25bfb464f0433f8cb79e94cae18dc7 for automatic cleanup: unknown resource type folder
Traceback (most recent call last):
  File "/global/common/software/nersc/pe/conda-envs/26.1.0/python-3.13/nersc-python/lib/python3.13/multiprocessing/resource_tracker.py", line 371, in main
    raise ValueError(
        f'Cannot register {name} for automatic cleanup: '
        f'unknown resource type {rtype}')
ValueError: Cannot register /loky-341945-q8lel743 for automatic cleanup: unknown resource type semlock
Traceback (most recent call last):
  File "/global/common/software/nersc/pe/conda-envs/26.1.0/python-3.13/nersc-python/lib/python3.13/multiprocessing/resource_tracker.py", line 371, in main
    raise ValueError(
        f'Cannot register {name} for automatic cleanup: '
        f'unknown resource type {rtype}')
ValueError: Cannot register /loky-341945-co07lico for automatic cleanup: unknown resource type semlock
Traceback (most recent call last):
  File "/global/common/software/nersc/pe/conda-envs/26.1.0/python-3.13/nersc-python/lib/python3.13/multiprocessing/resource_tracker.py", line 371, in main
    raise ValueError(
        f'Cannot register {name} for automatic cleanup: '
        f'unknown resource type {rtype}')
ValueError: Cannot register /dev/shm/joblib_memmapping_folder_341945_c7b9210a3c9f4d8ba4a402ca62384db4_d6a76ada29864db2a206d38e5085cd80 for automatic cleanup: unknown resource type folder
Traceback (most recent call last):
  File "/global/common/software/nersc/pe/conda-envs/26.1.0/python-3.13/nersc-python/lib/python3.13/multiprocessing/resource_tracker.py", line 371, in main
    raise ValueError(
        f'Cannot register {name} for automatic cleanup: '
        f'unknown resource type {rtype}')
ValueError: Cannot register /loky-341945-s8l1w7kz for automatic cleanup: unknown resource type semlock
Traceback (most recent call last):
  File "/global/common/software/nersc/pe/conda-envs/26.1.0/python-3.13/nersc-python/lib/python3.13/multiprocessing/resource_tracker.py", line 371, in main
    raise ValueError(
        f'Cannot register {name} for automatic cleanup: '
        f'unknown resource type {rtype}')
ValueError: Cannot register /loky-341945-3ake1hr1 for automatic cleanup: unknown resource type semlock
Traceback (most recent call last):
  File "/global/common/software/nersc/pe/conda-envs/26.1.0/python-3.13/nersc-python/lib/python3.13/multiprocessing/resource_tracker.py", line 371, in main
    raise ValueError(
        f'Cannot register {name} for automatic cleanup: '
        f'unknown resource type {rtype}')
ValueError: Cannot register /loky-341945-ir46_ey5 for automatic cleanup: unknown resource type semlock
Traceback (most recent call last):
  File "/global/common/software/nersc/pe/conda-envs/26.1.0/python-3.13/nersc-python/lib/python3.13/multiprocessing/resource_tracker.py", line 371, in main
    raise ValueError(
        f'Cannot register {name} for automatic cleanup: '
        f'unknown resource type {rtype}')
ValueError: Cannot register /loky-341945-ptl5c1ti for automatic cleanup: unknown resource type semlock
Traceback (most recent call last):
  File "/global/common/software/nersc/pe/conda-envs/26.1.0/python-3.13/nersc-python/lib/python3.13/multiprocessing/resource_tracker.py", line 371, in main
    raise ValueError(
        f'Cannot register {name} for automatic cleanup: '
        f'unknown resource type {rtype}')
ValueError: Cannot register /loky-341945-q1t0ot5r for automatic cleanup: unknown resource type semlock
Traceback (most recent call last):
  File "/global/common/software/nersc/pe/conda-envs/26.1.0/python-3.13/nersc-python/lib/python3.13/multiprocessing/resource_tracker.py", line 371, in main
    raise ValueError(
        f'Cannot register {name} for automatic cleanup: '
        f'unknown resource type {rtype}')
ValueError: Cannot register /loky-341945-iskgxym7 for automatic cleanup: unknown resource type semlock
Traceback (most recent call last):
  File "/global/common/software/nersc/pe/conda-envs/26.1.0/python-3.13/nersc-python/lib/python3.13/multiprocessing/resource_tracker.py", line 371, in main
    raise ValueError(
        f'Cannot register {name} for automatic cleanup: '
        f'unknown resource type {rtype}')
ValueError: Cannot register /dev/shm/joblib_memmapping_folder_1214536_afc13c581707492e9a7c53ecb100a8d2_8ee6d17a7baf4325a3ad534aad0d4079 for automatic cleanup: unknown resource type folder
Traceback (most recent call last):
  File "/global/common/software/nersc/pe/conda-envs/26.1.0/python-3.13/nersc-python/lib/python3.13/multiprocessing/resource_tracker.py", line 371, in main
    raise ValueError(
        f'Cannot register {name} for automatic cleanup: '
        f'unknown resource type {rtype}')
ValueError: Cannot register /loky-1214536-mt04h6ol for automatic cleanup: unknown resource type semlock
Traceback (most recent call last):
  File "/global/common/software/nersc/pe/conda-envs/26.1.0/python-3.13/nersc-python/lib/python3.13/multiprocessing/resource_tracker.py", line 371, in main
    raise ValueError(
        f'Cannot register {name} for automatic cleanup: '
        f'unknown resource type {rtype}')
ValueError: Cannot register /loky-1214536-nzq5r2ea for automatic cleanup: unknown resource type semlock
Traceback (most recent call last):
  File "/global/common/software/nersc/pe/conda-envs/26.1.0/python-3.13/nersc-python/lib/python3.13/multiprocessing/resource_tracker.py", line 371, in main
    raise ValueError(
        f'Cannot register {name} for automatic cleanup: '
        f'unknown resource type {rtype}')
ValueError: Cannot register /loky-1214536-6pjlup51 for automatic cleanup: unknown resource type semlock
Traceback (most recent call last):
  File "/global/common/software/nersc/pe/conda-envs/26.1.0/python-3.13/nersc-python/lib/python3.13/multiprocessing/resource_tracker.py", line 371, in main
    raise ValueError(
        f'Cannot register {name} for automatic cleanup: '
        f'unknown resource type {rtype}')
ValueError: Cannot register /dev/shm/joblib_memmapping_folder_1214536_afc13c581707492e9a7c53ecb100a8d2_3ab44c65dd2645e8a2a3363d020156c8 for automatic cleanup: unknown resource type folder
Traceback (most recent call last):
  File "/global/common/software/nersc/pe/conda-envs/26.1.0/python-3.13/nersc-python/lib/python3.13/multiprocessing/resource_tracker.py", line 371, in main
    raise ValueError(
        f'Cannot register {name} for automatic cleanup: '
        f'unknown resource type {rtype}')
ValueError: Cannot register /loky-1214536-1xxvfzxs for automatic cleanup: unknown resource type semlock
Traceback (most recent call last):
  File "/global/common/software/nersc/pe/conda-envs/26.1.0/python-3.13/nersc-python/lib/python3.13/multiprocessing/resource_tracker.py", line 371, in main
    raise ValueError(
        f'Cannot register {name} for automatic cleanup: '
        f'unknown resource type {rtype}')
ValueError: Cannot register /loky-1214536-o4ekigss for automatic cleanup: unknown resource type semlock
Traceback (most recent call last):
  File "/global/common/software/nersc/pe/conda-envs/26.1.0/python-3.13/nersc-python/lib/python3.13/multiprocessing/resource_tracker.py", line 371, in main
    raise ValueError(
        f'Cannot register {name} for automatic cleanup: '
        f'unknown resource type {rtype}')
ValueError: Cannot register /loky-1214536-t0mt77_x for automatic cleanup: unknown resource type semlock
Traceback (most recent call last):
  File "/global/common/software/nersc/pe/conda-envs/26.1.0/python-3.13/nersc-python/lib/python3.13/multiprocessing/resource_tracker.py", line 371, in main
    raise ValueError(
        f'Cannot register {name} for automatic cleanup: '
        f'unknown resource type {rtype}')
ValueError: Cannot register /loky-1214536-fv9ujjos for automatic cleanup: unknown resource type semlock
Traceback (most recent call last):
  File "/global/common/software/nersc/pe/conda-envs/26.1.0/python-3.13/nersc-python/lib/python3.13/multiprocessing/resource_tracker.py", line 371, in main
    raise ValueError(
        f'Cannot register {name} for automatic cleanup: '
        f'unknown resource type {rtype}')
ValueError: Cannot register /loky-1214536-3y895602 for automatic cleanup: unknown resource type semlock
Traceback (most recent call last):
  File "/global/common/software/nersc/pe/conda-envs/26.1.0/python-3.13/nersc-python/lib/python3.13/multiprocessing/resource_tracker.py", line 371, in main
    raise ValueError(
        f'Cannot register {name} for automatic cleanup: '
        f'unknown resource type {rtype}')
ValueError: Cannot register /loky-1214536-iyc789wg for automatic cleanup: unknown resource type semlock
Traceback (most recent call last):
  File "/global/common/software/nersc/pe/conda-envs/26.1.0/python-3.13/nersc-python/lib/python3.13/multiprocessing/resource_tracker.py", line 371, in main
    raise ValueError(
        f'Cannot register {name} for automatic cleanup: '
        f'unknown resource type {rtype}')
ValueError: Cannot register /loky-1214553-q3gl0s9r for automatic cleanup: unknown resource type semlock
Traceback (most recent call last):
  File "/global/common/software/nersc/pe/conda-envs/26.1.0/python-3.13/nersc-python/lib/python3.13/multiprocessing/resource_tracker.py", line 371, in main
    raise ValueError(
        f'Cannot register {name} for automatic cleanup: '
        f'unknown resource type {rtype}')
ValueError: Cannot register /loky-1214541-_sc_b9b7 for automatic cleanup: unknown resource type semlock
Traceback (most recent call last):
  File "/global/common/software/nersc/pe/conda-envs/26.1.0/python-3.13/nersc-python/lib/python3.13/multiprocessing/resource_tracker.py", line 371, in main
    raise ValueError(
        f'Cannot register {name} for automatic cleanup: '
        f'unknown resource type {rtype}')
ValueError: Cannot register /loky-1214555-3uboos1q for automatic cleanup: unknown resource type semlock
Traceback (most recent call last):
  File "/global/common/software/nersc/pe/conda-envs/26.1.0/python-3.13/nersc-python/lib/python3.13/multiprocessing/resource_tracker.py", line 371, in main
    raise ValueError(
        f'Cannot register {name} for automatic cleanup: '
        f'unknown resource type {rtype}')
ValueError: Cannot register /loky-1214541-5tyxvvfg for automatic cleanup: unknown resource type semlock
Traceback (most recent call last):
  File "/global/common/software/nersc/pe/conda-envs/26.1.0/python-3.13/nersc-python/lib/python3.13/multiprocessing/resource_tracker.py", line 371, in main
    raise ValueError(
        f'Cannot register {name} for automatic cleanup: '
        f'unknown resource type {rtype}')
ValueError: Cannot register /loky-341937-29ksjr0b for automatic cleanup: unknown resource type semlock
Traceback (most recent call last):
  File "/global/common/software/nersc/pe/conda-envs/26.1.0/python-3.13/nersc-python/lib/python3.13/multiprocessing/resource_tracker.py", line 371, in main
    raise ValueError(
        f'Cannot register {name} for automatic cleanup: '
        f'unknown resource type {rtype}')
ValueError: Cannot register /dev/shm/joblib_memmapping_folder_341931_dfa4bdd7a9694a2e9c0cdb22a86581bd_b59205dea745424fa77b34045eec7b4f for automatic cleanup: unknown resource type folder
Traceback (most recent call last):
  File "/global/common/software/nersc/pe/conda-envs/26.1.0/python-3.13/nersc-python/lib/python3.13/multiprocessing/resource_tracker.py", line 371, in main
    raise ValueError(
        f'Cannot register {name} for automatic cleanup: '
        f'unknown resource type {rtype}')
ValueError: Cannot register /loky-341931-hc9xzsip for automatic cleanup: unknown resource type semlock
Traceback (most recent call last):
  File "/global/common/software/nersc/pe/conda-envs/26.1.0/python-3.13/nersc-python/lib/python3.13/multiprocessing/resource_tracker.py", line 371, in main
    raise ValueError(
        f'Cannot register {name} for automatic cleanup: '
        f'unknown resource type {rtype}')
ValueError: Cannot register /dev/shm/joblib_memmapping_folder_341931_dfa4bdd7a9694a2e9c0cdb22a86581bd_bce65024adae4ec18f7178d4e55f6c5e for automatic cleanup: unknown resource type folder
Traceback (most recent call last):
  File "/global/common/software/nersc/pe/conda-envs/26.1.0/python-3.13/nersc-python/lib/python3.13/multiprocessing/resource_tracker.py", line 371, in main
    raise ValueError(
        f'Cannot register {name} for automatic cleanup: '
        f'unknown resource type {rtype}')
ValueError: Cannot register /loky-341931-436re8ia for automatic cleanup: unknown resource type semlock
Traceback (most recent call last):
  File "/global/common/software/nersc/pe/conda-envs/26.1.0/python-3.13/nersc-python/lib/python3.13/multiprocessing/resource_tracker.py", line 371, in main
    raise ValueError(
        f'Cannot register {name} for automatic cleanup: '
        f'unknown resource type {rtype}')
ValueError: Cannot register /loky-341931-3ks5o2v2 for automatic cleanup: unknown resource type semlock
Traceback (most recent call last):
  File "/global/common/software/nersc/pe/conda-envs/26.1.0/python-3.13/nersc-python/lib/python3.13/multiprocessing/resource_tracker.py", line 371, in main
    raise ValueError(
        f'Cannot register {name} for automatic cleanup: '
        f'unknown resource type {rtype}')
ValueError: Cannot register /loky-341931-52wdg8mc for automatic cleanup: unknown resource type semlock
Traceback (most recent call last):
  File "/global/common/software/nersc/pe/conda-envs/26.1.0/python-3.13/nersc-python/lib/python3.13/multiprocessing/resource_tracker.py", line 371, in main
    raise ValueError(
        f'Cannot register {name} for automatic cleanup: '
        f'unknown resource type {rtype}')
ValueError: Cannot register /loky-341931-7hcskbbh for automatic cleanup: unknown resource type semlock
Traceback (most recent call last):
  File "/global/common/software/nersc/pe/conda-envs/26.1.0/python-3.13/nersc-python/lib/python3.13/multiprocessing/resource_tracker.py", line 371, in main
    raise ValueError(
        f'Cannot register {name} for automatic cleanup: '
        f'unknown resource type {rtype}')
ValueError: Cannot register /loky-341931-w8so1j7a for automatic cleanup: unknown resource type semlock
Traceback (most recent call last):
  File "/global/common/software/nersc/pe/conda-envs/26.1.0/python-3.13/nersc-python/lib/python3.13/multiprocessing/resource_tracker.py", line 371, in main
    raise ValueError(
        f'Cannot register {name} for automatic cleanup: '
        f'unknown resource type {rtype}')
ValueError: Cannot register /loky-341931-f_5janv4 for automatic cleanup: unknown resource type semlock
Traceback (most recent call last):
  File "/global/common/software/nersc/pe/conda-envs/26.1.0/python-3.13/nersc-python/lib/python3.13/multiprocessing/resource_tracker.py", line 371, in main
    raise ValueError(
        f'Cannot register {name} for automatic cleanup: '
        f'unknown resource type {rtype}')
ValueError: Cannot register /loky-1214555-vmmx9a80 for automatic cleanup: unknown resource type semlock
Traceback (most recent call last):
  File "/global/common/software/nersc/pe/conda-envs/26.1.0/python-3.13/nersc-python/lib/python3.13/multiprocessing/resource_tracker.py", line 371, in main
    raise ValueError(
        f'Cannot register {name} for automatic cleanup: '
        f'unknown resource type {rtype}')
ValueError: Cannot register /dev/shm/joblib_memmapping_folder_1214555_9f6966bbd5f24be9b5514fcb5720b7e0_52d6c79c20004b748136af920948eec9 for automatic cleanup: unknown resource type folder
Traceback (most recent call last):
  File "/global/common/software/nersc/pe/conda-envs/26.1.0/python-3.13/nersc-python/lib/python3.13/multiprocessing/resource_tracker.py", line 371, in main
    raise ValueError(
        f'Cannot register {name} for automatic cleanup: '
        f'unknown resource type {rtype}')
ValueError: Cannot register /loky-1214555-hl6uki3r for automatic cleanup: unknown resource type semlock
Traceback (most recent call last):
  File "/global/common/software/nersc/pe/conda-envs/26.1.0/python-3.13/nersc-python/lib/python3.13/multiprocessing/resource_tracker.py", line 371, in main
    raise ValueError(
        f'Cannot register {name} for automatic cleanup: '
        f'unknown resource type {rtype}')
ValueError: Cannot register /loky-1214555-vczgt30r for automatic cleanup: unknown resource type semlock
Traceback (most recent call last):
  File "/global/common/software/nersc/pe/conda-envs/26.1.0/python-3.13/nersc-python/lib/python3.13/multiprocessing/resource_tracker.py", line 371, in main
    raise ValueError(
        f'Cannot register {name} for automatic cleanup: '
        f'unknown resource type {rtype}')
ValueError: Cannot register /loky-1214555-djg1u5vx for automatic cleanup: unknown resource type semlock
Traceback (most recent call last):
  File "/global/common/software/nersc/pe/conda-envs/26.1.0/python-3.13/nersc-python/lib/python3.13/multiprocessing/resource_tracker.py", line 371, in main
    raise ValueError(
        f'Cannot register {name} for automatic cleanup: '
        f'unknown resource type {rtype}')
ValueError: Cannot register /dev/shm/joblib_memmapping_folder_1214555_9f6966bbd5f24be9b5514fcb5720b7e0_8bcd79633f514956a205f6b4c72555b9 for automatic cleanup: unknown resource type folder
Traceback (most recent call last):
  File "/global/common/software/nersc/pe/conda-envs/26.1.0/python-3.13/nersc-python/lib/python3.13/multiprocessing/resource_tracker.py", line 371, in main
    raise ValueError(
        f'Cannot register {name} for automatic cleanup: '
        f'unknown resource type {rtype}')
ValueError: Cannot register /loky-1214555-nr43ot8i for automatic cleanup: unknown resource type semlock
Traceback (most recent call last):
  File "/global/common/software/nersc/pe/conda-envs/26.1.0/python-3.13/nersc-python/lib/python3.13/multiprocessing/resource_tracker.py", line 371, in main
    raise ValueError(
        f'Cannot register {name} for automatic cleanup: '
        f'unknown resource type {rtype}')
ValueError: Cannot register /loky-1214555-bxvsnho3 for automatic cleanup: unknown resource type semlock
Traceback (most recent call last):
  File "/global/common/software/nersc/pe/conda-envs/26.1.0/python-3.13/nersc-python/lib/python3.13/multiprocessing/resource_tracker.py", line 371, in main
    raise ValueError(
        f'Cannot register {name} for automatic cleanup: '
        f'unknown resource type {rtype}')
ValueError: Cannot register /loky-1214555-qzypdrde for automatic cleanup: unknown resource type semlock
Traceback (most recent call last):
  File "/global/common/software/nersc/pe/conda-envs/26.1.0/python-3.13/nersc-python/lib/python3.13/multiprocessing/resource_tracker.py", line 371, in main
    raise ValueError(
        f'Cannot register {name} for automatic cleanup: '
        f'unknown resource type {rtype}')
ValueError: Cannot register /loky-1214555-o93rtc1q for automatic cleanup: unknown resource type semlock
Traceback (most recent call last):
  File "/global/common/software/nersc/pe/conda-envs/26.1.0/python-3.13/nersc-python/lib/python3.13/multiprocessing/resource_tracker.py", line 371, in main
    raise ValueError(
        f'Cannot register {name} for automatic cleanup: '
        f'unknown resource type {rtype}')
ValueError: Cannot register /loky-1214555-e4qyynjy for automatic cleanup: unknown resource type semlock
Traceback (most recent call last):
  File "/global/common/software/nersc/pe/conda-envs/26.1.0/python-3.13/nersc-python/lib/python3.13/multiprocessing/resource_tracker.py", line 371, in main
    raise ValueError(
        f'Cannot register {name} for automatic cleanup: '
        f'unknown resource type {rtype}')
ValueError: Cannot register /loky-1214555-gsq1e2i_ for automatic cleanup: unknown resource type semlock
Traceback (most recent call last):
  File "/global/common/software/nersc/pe/conda-envs/26.1.0/python-3.13/nersc-python/lib/python3.13/multiprocessing/resource_tracker.py", line 371, in main
    raise ValueError(
        f'Cannot register {name} for automatic cleanup: '
        f'unknown resource type {rtype}')
ValueError: Cannot register /loky-1214541-j8a6njmw for automatic cleanup: unknown resource type semlock
Traceback (most recent call last):
  File "/global/common/software/nersc/pe/conda-envs/26.1.0/python-3.13/nersc-python/lib/python3.13/multiprocessing/resource_tracker.py", line 371, in main
    raise ValueError(
        f'Cannot register {name} for automatic cleanup: '
        f'unknown resource type {rtype}')
ValueError: Cannot register /loky-1214541-5n0sr2mg for automatic cleanup: unknown resource type semlock
Traceback (most recent call last):
  File "/global/common/software/nersc/pe/conda-envs/26.1.0/python-3.13/nersc-python/lib/python3.13/multiprocessing/resource_tracker.py", line 371, in main
    raise ValueError(
        f'Cannot register {name} for automatic cleanup: '
        f'unknown resource type {rtype}')
ValueError: Cannot register /dev/shm/joblib_memmapping_folder_341937_21bd96e13c4c4d71a0c0051adb213e75_6fba61603d8e4e8aa6ec565b37bc8ddf for automatic cleanup: unknown resource type folder
Traceback (most recent call last):
  File "/global/common/software/nersc/pe/conda-envs/26.1.0/python-3.13/nersc-python/lib/python3.13/multiprocessing/resource_tracker.py", line 371, in main
    raise ValueError(
        f'Cannot register {name} for automatic cleanup: '
        f'unknown resource type {rtype}')
ValueError: Cannot register /loky-341937-nbvfzgs0 for automatic cleanup: unknown resource type semlock
Traceback (most recent call last):
  File "/global/common/software/nersc/pe/conda-envs/26.1.0/python-3.13/nersc-python/lib/python3.13/multiprocessing/resource_tracker.py", line 371, in main
    raise ValueError(
        f'Cannot register {name} for automatic cleanup: '
        f'unknown resource type {rtype}')
ValueError: Cannot register /loky-341937-vn7aqsfv for automatic cleanup: unknown resource type semlock
Traceback (most recent call last):
  File "/global/common/software/nersc/pe/conda-envs/26.1.0/python-3.13/nersc-python/lib/python3.13/multiprocessing/resource_tracker.py", line 371, in main
    raise ValueError(
        f'Cannot register {name} for automatic cleanup: '
        f'unknown resource type {rtype}')
ValueError: Cannot register /loky-341937-6yov8p9k for automatic cleanup: unknown resource type semlock
Traceback (most recent call last):
  File "/global/common/software/nersc/pe/conda-envs/26.1.0/python-3.13/nersc-python/lib/python3.13/multiprocessing/resource_tracker.py", line 371, in main
    raise ValueError(
        f'Cannot register {name} for automatic cleanup: '
        f'unknown resource type {rtype}')
ValueError: Cannot register /dev/shm/joblib_memmapping_folder_341937_21bd96e13c4c4d71a0c0051adb213e75_edf50f64781541b6a5c0e5c56c57a619 for automatic cleanup: unknown resource type folder
Traceback (most recent call last):
  File "/global/common/software/nersc/pe/conda-envs/26.1.0/python-3.13/nersc-python/lib/python3.13/multiprocessing/resource_tracker.py", line 371, in main
    raise ValueError(
        f'Cannot register {name} for automatic cleanup: '
        f'unknown resource type {rtype}')
ValueError: Cannot register /loky-341937-tdvk5s2w for automatic cleanup: unknown resource type semlock
Traceback (most recent call last):
  File "/global/common/software/nersc/pe/conda-envs/26.1.0/python-3.13/nersc-python/lib/python3.13/multiprocessing/resource_tracker.py", line 371, in main
    raise ValueError(
        f'Cannot register {name} for automatic cleanup: '
        f'unknown resource type {rtype}')
ValueError: Cannot register /loky-341937-ee6w210z for automatic cleanup: unknown resource type semlock
Traceback (most recent call last):
  File "/global/common/software/nersc/pe/conda-envs/26.1.0/python-3.13/nersc-python/lib/python3.13/multiprocessing/resource_tracker.py", line 371, in main
    raise ValueError(
        f'Cannot register {name} for automatic cleanup: '
        f'unknown resource type {rtype}')
ValueError: Cannot register /loky-341937-8y56o0nl for automatic cleanup: unknown resource type semlock
Traceback (most recent call last):
  File "/global/common/software/nersc/pe/conda-envs/26.1.0/python-3.13/nersc-python/lib/python3.13/multiprocessing/resource_tracker.py", line 371, in main
    raise ValueError(
        f'Cannot register {name} for automatic cleanup: '
        f'unknown resource type {rtype}')
ValueError: Cannot register /loky-341937-e65o14ox for automatic cleanup: unknown resource type semlock
Traceback (most recent call last):
  File "/global/common/software/nersc/pe/conda-envs/26.1.0/python-3.13/nersc-python/lib/python3.13/multiprocessing/resource_tracker.py", line 371, in main
    raise ValueError(
        f'Cannot register {name} for automatic cleanup: '
        f'unknown resource type {rtype}')
ValueError: Cannot register /loky-341937-lhd2asvx for automatic cleanup: unknown resource type semlock
Traceback (most recent call last):
  File "/global/common/software/nersc/pe/conda-envs/26.1.0/python-3.13/nersc-python/lib/python3.13/multiprocessing/resource_tracker.py", line 371, in main
    raise ValueError(
        f'Cannot register {name} for automatic cleanup: '
        f'unknown resource type {rtype}')
ValueError: Cannot register /loky-341937-p58gl7x2 for automatic cleanup: unknown resource type semlock
Traceback (most recent call last):
  File "/global/common/software/nersc/pe/conda-envs/26.1.0/python-3.13/nersc-python/lib/python3.13/multiprocessing/resource_tracker.py", line 371, in main
    raise ValueError(
        f'Cannot register {name} for automatic cleanup: '
        f'unknown resource type {rtype}')
ValueError: Cannot register /loky-1214541-7a5tgcym for automatic cleanup: unknown resource type semlock
Traceback (most recent call last):
  File "/global/common/software/nersc/pe/conda-envs/26.1.0/python-3.13/nersc-python/lib/python3.13/multiprocessing/resource_tracker.py", line 371, in main
    raise ValueError(
        f'Cannot register {name} for automatic cleanup: '
        f'unknown resource type {rtype}')
ValueError: Cannot register /loky-1214541-3i4dihb1 for automatic cleanup: unknown resource type semlock
Traceback (most recent call last):
  File "/global/common/software/nersc/pe/conda-envs/26.1.0/python-3.13/nersc-python/lib/python3.13/multiprocessing/resource_tracker.py", line 371, in main
    raise ValueError(
        f'Cannot register {name} for automatic cleanup: '
        f'unknown resource type {rtype}')
ValueError: Cannot register /dev/shm/joblib_memmapping_folder_1214541_a6365902c0d143e4a7c1f89a4d03b25b_203aa5babfdf4f40bd91e928cb3f123e for automatic cleanup: unknown resource type folder
Traceback (most recent call last):
  File "/global/common/software/nersc/pe/conda-envs/26.1.0/python-3.13/nersc-python/lib/python3.13/multiprocessing/resource_tracker.py", line 371, in main
    raise ValueError(
        f'Cannot register {name} for automatic cleanup: '
        f'unknown resource type {rtype}')
ValueError: Cannot register /loky-1214541-3424m2xu for automatic cleanup: unknown resource type semlock
Traceback (most recent call last):
  File "/global/common/software/nersc/pe/conda-envs/26.1.0/python-3.13/nersc-python/lib/python3.13/multiprocessing/resource_tracker.py", line 371, in main
    raise ValueError(
        f'Cannot register {name} for automatic cleanup: '
        f'unknown resource type {rtype}')
ValueError: Cannot register /loky-1214541-gbjfqdh7 for automatic cleanup: unknown resource type semlock
Traceback (most recent call last):
  File "/global/common/software/nersc/pe/conda-envs/26.1.0/python-3.13/nersc-python/lib/python3.13/multiprocessing/resource_tracker.py", line 371, in main
    raise ValueError(
        f'Cannot register {name} for automatic cleanup: '
        f'unknown resource type {rtype}')
ValueError: Cannot register /loky-1214541-oql3lo1r for automatic cleanup: unknown resource type semlock
Traceback (most recent call last):
  File "/global/common/software/nersc/pe/conda-envs/26.1.0/python-3.13/nersc-python/lib/python3.13/multiprocessing/resource_tracker.py", line 371, in main
    raise ValueError(
        f'Cannot register {name} for automatic cleanup: '
        f'unknown resource type {rtype}')
ValueError: Cannot register /loky-1214541-b_bjpch1 for automatic cleanup: unknown resource type semlock
Traceback (most recent call last):
  File "/global/common/software/nersc/pe/conda-envs/26.1.0/python-3.13/nersc-python/lib/python3.13/multiprocessing/resource_tracker.py", line 371, in main
    raise ValueError(
        f'Cannot register {name} for automatic cleanup: '
        f'unknown resource type {rtype}')
ValueError: Cannot register /loky-1214541-e8c11r__ for automatic cleanup: unknown resource type semlock
Traceback (most recent call last):
  File "/global/common/software/nersc/pe/conda-envs/26.1.0/python-3.13/nersc-python/lib/python3.13/multiprocessing/resource_tracker.py", line 371, in main
    raise ValueError(
        f'Cannot register {name} for automatic cleanup: '
        f'unknown resource type {rtype}')
ValueError: Cannot register /loky-1214541-98o6u4h6 for automatic cleanup: unknown resource type semlock
Traceback (most recent call last):
  File "/global/common/software/nersc/pe/conda-envs/26.1.0/python-3.13/nersc-python/lib/python3.13/multiprocessing/resource_tracker.py", line 371, in main
    raise ValueError(
        f'Cannot register {name} for automatic cleanup: '
        f'unknown resource type {rtype}')
ValueError: Cannot register /loky-1214541-spr5bakx for automatic cleanup: unknown resource type semlock
Traceback (most recent call last):
  File "/global/common/software/nersc/pe/conda-envs/26.1.0/python-3.13/nersc-python/lib/python3.13/multiprocessing/resource_tracker.py", line 371, in main
    raise ValueError(
        f'Cannot register {name} for automatic cleanup: '
        f'unknown resource type {rtype}')
ValueError: Cannot register /dev/shm/joblib_memmapping_folder_1214541_a6365902c0d143e4a7c1f89a4d03b25b_ec851e985874448d9209a537021c5492 for automatic cleanup: unknown resource type folder
Traceback (most recent call last):
  File "/global/common/software/nersc/pe/conda-envs/26.1.0/python-3.13/nersc-python/lib/python3.13/multiprocessing/resource_tracker.py", line 371, in main
    raise ValueError(
        f'Cannot register {name} for automatic cleanup: '
        f'unknown resource type {rtype}')
ValueError: Cannot register /loky-1214541-jcb_87j_ for automatic cleanup: unknown resource type semlock
Traceback (most recent call last):
  File "/global/common/software/nersc/pe/conda-envs/26.1.0/python-3.13/nersc-python/lib/python3.13/multiprocessing/resource_tracker.py", line 371, in main
    raise ValueError(
        f'Cannot register {name} for automatic cleanup: '
        f'unknown resource type {rtype}')
ValueError: Cannot register /loky-1214541-dd17t4g0 for automatic cleanup: unknown resource type semlock
Traceback (most recent call last):
  File "/global/common/software/nersc/pe/conda-envs/26.1.0/python-3.13/nersc-python/lib/python3.13/multiprocessing/resource_tracker.py", line 371, in main
    raise ValueError(
        f'Cannot register {name} for automatic cleanup: '
        f'unknown resource type {rtype}')
ValueError: Cannot register /loky-1214541-_0m59ri6 for automatic cleanup: unknown resource type semlock
Traceback (most recent call last):
  File "/global/common/software/nersc/pe/conda-envs/26.1.0/python-3.13/nersc-python/lib/python3.13/multiprocessing/resource_tracker.py", line 371, in main
    raise ValueError(
        f'Cannot register {name} for automatic cleanup: '
        f'unknown resource type {rtype}')
ValueError: Cannot register /loky-1214541-owrn_3c0 for automatic cleanup: unknown resource type semlock
Traceback (most recent call last):
  File "/global/common/software/nersc/pe/conda-envs/26.1.0/python-3.13/nersc-python/lib/python3.13/multiprocessing/resource_tracker.py", line 371, in main
    raise ValueError(
        f'Cannot register {name} for automatic cleanup: '
        f'unknown resource type {rtype}')
ValueError: Cannot register /loky-1214541-5_wl5ugx for automatic cleanup: unknown resource type semlock
Traceback (most recent call last):
  File "/global/common/software/nersc/pe/conda-envs/26.1.0/python-3.13/nersc-python/lib/python3.13/multiprocessing/resource_tracker.py", line 371, in main
    raise ValueError(
        f'Cannot register {name} for automatic cleanup: '
        f'unknown resource type {rtype}')
ValueError: Cannot register /loky-1214541-lt0_r8tm for automatic cleanup: unknown resource type semlock
Traceback (most recent call last):
  File "/global/common/software/nersc/pe/conda-envs/26.1.0/python-3.13/nersc-python/lib/python3.13/multiprocessing/resource_tracker.py", line 371, in main
    raise ValueError(
        f'Cannot register {name} for automatic cleanup: '
        f'unknown resource type {rtype}')
ValueError: Cannot register /dev/shm/joblib_memmapping_folder_1214542_0dea5cea396d4048aa94abfa3cf24ae7_4d9d97855c98440a95eccc573e01313e for automatic cleanup: unknown resource type folder
Traceback (most recent call last):
  File "/global/common/software/nersc/pe/conda-envs/26.1.0/python-3.13/nersc-python/lib/python3.13/multiprocessing/resource_tracker.py", line 371, in main
    raise ValueError(
        f'Cannot register {name} for automatic cleanup: '
        f'unknown resource type {rtype}')
ValueError: Cannot register /loky-1214542-91wkuu7h for automatic cleanup: unknown resource type semlock
Traceback (most recent call last):
  File "/global/common/software/nersc/pe/conda-envs/26.1.0/python-3.13/nersc-python/lib/python3.13/multiprocessing/resource_tracker.py", line 371, in main
    raise ValueError(
        f'Cannot register {name} for automatic cleanup: '
        f'unknown resource type {rtype}')
ValueError: Cannot register /loky-1214542-76qhoewg for automatic cleanup: unknown resource type semlock
Traceback (most recent call last):
  File "/global/common/software/nersc/pe/conda-envs/26.1.0/python-3.13/nersc-python/lib/python3.13/multiprocessing/resource_tracker.py", line 371, in main
    raise ValueError(
        f'Cannot register {name} for automatic cleanup: '
        f'unknown resource type {rtype}')
ValueError: Cannot register /loky-1214542-914epapm for automatic cleanup: unknown resource type semlock
Traceback (most recent call last):
  File "/global/common/software/nersc/pe/conda-envs/26.1.0/python-3.13/nersc-python/lib/python3.13/multiprocessing/resource_tracker.py", line 371, in main
    raise ValueError(
        f'Cannot register {name} for automatic cleanup: '
        f'unknown resource type {rtype}')
ValueError: Cannot register /dev/shm/joblib_memmapping_folder_1214542_0dea5cea396d4048aa94abfa3cf24ae7_46fba7bd028f465b89d90ec400fccead for automatic cleanup: unknown resource type folder
Traceback (most recent call last):
  File "/global/common/software/nersc/pe/conda-envs/26.1.0/python-3.13/nersc-python/lib/python3.13/multiprocessing/resource_tracker.py", line 371, in main
    raise ValueError(
        f'Cannot register {name} for automatic cleanup: '
        f'unknown resource type {rtype}')
ValueError: Cannot register /loky-1214542-6s128bq8 for automatic cleanup: unknown resource type semlock
Traceback (most recent call last):
  File "/global/common/software/nersc/pe/conda-envs/26.1.0/python-3.13/nersc-python/lib/python3.13/multiprocessing/resource_tracker.py", line 371, in main
    raise ValueError(
        f'Cannot register {name} for automatic cleanup: '
        f'unknown resource type {rtype}')
ValueError: Cannot register /loky-1214542-tns52cq1 for automatic cleanup: unknown resource type semlock
Traceback (most recent call last):
  File "/global/common/software/nersc/pe/conda-envs/26.1.0/python-3.13/nersc-python/lib/python3.13/multiprocessing/resource_tracker.py", line 371, in main
    raise ValueError(
        f'Cannot register {name} for automatic cleanup: '
        f'unknown resource type {rtype}')
ValueError: Cannot register /loky-1214542-qti4ccks for automatic cleanup: unknown resource type semlock
Traceback (most recent call last):
  File "/global/common/software/nersc/pe/conda-envs/26.1.0/python-3.13/nersc-python/lib/python3.13/multiprocessing/resource_tracker.py", line 371, in main
    raise ValueError(
        f'Cannot register {name} for automatic cleanup: '
        f'unknown resource type {rtype}')
ValueError: Cannot register /loky-1214542-1q232e6j for automatic cleanup: unknown resource type semlock
Traceback (most recent call last):
  File "/global/common/software/nersc/pe/conda-envs/26.1.0/python-3.13/nersc-python/lib/python3.13/multiprocessing/resource_tracker.py", line 371, in main
    raise ValueError(
        f'Cannot register {name} for automatic cleanup: '
        f'unknown resource type {rtype}')
ValueError: Cannot register /loky-1214542-phf14ciy for automatic cleanup: unknown resource type semlock
Traceback (most recent call last):
  File "/global/common/software/nersc/pe/conda-envs/26.1.0/python-3.13/nersc-python/lib/python3.13/multiprocessing/resource_tracker.py", line 371, in main
    raise ValueError(
        f'Cannot register {name} for automatic cleanup: '
        f'unknown resource type {rtype}')
ValueError: Cannot register /loky-1214542-sj40qtkm for automatic cleanup: unknown resource type semlock
Traceback (most recent call last):
  File "/global/common/software/nersc/pe/conda-envs/26.1.0/python-3.13/nersc-python/lib/python3.13/multiprocessing/resource_tracker.py", line 371, in main
    raise ValueError(
        f'Cannot register {name} for automatic cleanup: '
        f'unknown resource type {rtype}')
ValueError: Cannot register /dev/shm/joblib_memmapping_folder_1214553_c1a107bc77434656be20a0334d50f55d_d78e27ca1d7741a2a4d796e159c304ae for automatic cleanup: unknown resource type folder
Traceback (most recent call last):
  File "/global/common/software/nersc/pe/conda-envs/26.1.0/python-3.13/nersc-python/lib/python3.13/multiprocessing/resource_tracker.py", line 371, in main
    raise ValueError(
        f'Cannot register {name} for automatic cleanup: '
        f'unknown resource type {rtype}')
ValueError: Cannot register /loky-1214553-euhuoc0y for automatic cleanup: unknown resource type semlock
Traceback (most recent call last):
  File "/global/common/software/nersc/pe/conda-envs/26.1.0/python-3.13/nersc-python/lib/python3.13/multiprocessing/resource_tracker.py", line 371, in main
    raise ValueError(
        f'Cannot register {name} for automatic cleanup: '
        f'unknown resource type {rtype}')
ValueError: Cannot register /loky-1214553-hrieg4oz for automatic cleanup: unknown resource type semlock
Traceback (most recent call last):
  File "/global/common/software/nersc/pe/conda-envs/26.1.0/python-3.13/nersc-python/lib/python3.13/multiprocessing/resource_tracker.py", line 371, in main
    raise ValueError(
        f'Cannot register {name} for automatic cleanup: '
        f'unknown resource type {rtype}')
ValueError: Cannot register /dev/shm/joblib_memmapping_folder_1214553_c1a107bc77434656be20a0334d50f55d_2581e92cb2e54101a18bc02c1223080a for automatic cleanup: unknown resource type folder
Traceback (most recent call last):
  File "/global/common/software/nersc/pe/conda-envs/26.1.0/python-3.13/nersc-python/lib/python3.13/multiprocessing/resource_tracker.py", line 371, in main
    raise ValueError(
        f'Cannot register {name} for automatic cleanup: '
        f'unknown resource type {rtype}')
ValueError: Cannot register /loky-1214553-32v52mjt for automatic cleanup: unknown resource type semlock
Traceback (most recent call last):
  File "/global/common/software/nersc/pe/conda-envs/26.1.0/python-3.13/nersc-python/lib/python3.13/multiprocessing/resource_tracker.py", line 371, in main
    raise ValueError(
        f'Cannot register {name} for automatic cleanup: '
        f'unknown resource type {rtype}')
ValueError: Cannot register /loky-1214553-ft9wrsxe for automatic cleanup: unknown resource type semlock
Traceback (most recent call last):
  File "/global/common/software/nersc/pe/conda-envs/26.1.0/python-3.13/nersc-python/lib/python3.13/multiprocessing/resource_tracker.py", line 371, in main
    raise ValueError(
        f'Cannot register {name} for automatic cleanup: '
        f'unknown resource type {rtype}')
ValueError: Cannot register /loky-1214553-tj56u949 for automatic cleanup: unknown resource type semlock
Traceback (most recent call last):
  File "/global/common/software/nersc/pe/conda-envs/26.1.0/python-3.13/nersc-python/lib/python3.13/multiprocessing/resource_tracker.py", line 371, in main
    raise ValueError(
        f'Cannot register {name} for automatic cleanup: '
        f'unknown resource type {rtype}')
ValueError: Cannot register /loky-1214553-b2aj_9ir for automatic cleanup: unknown resource type semlock
Traceback (most recent call last):
  File "/global/common/software/nersc/pe/conda-envs/26.1.0/python-3.13/nersc-python/lib/python3.13/multiprocessing/resource_tracker.py", line 371, in main
    raise ValueError(
        f'Cannot register {name} for automatic cleanup: '
        f'unknown resource type {rtype}')
ValueError: Cannot register /loky-1214553-oamfrhta for automatic cleanup: unknown resource type semlock
Traceback (most recent call last):
  File "/global/common/software/nersc/pe/conda-envs/26.1.0/python-3.13/nersc-python/lib/python3.13/multiprocessing/resource_tracker.py", line 371, in main
    raise ValueError(
        f'Cannot register {name} for automatic cleanup: '
        f'unknown resource type {rtype}')
ValueError: Cannot register /loky-1214553-5qfggjxv for automatic cleanup: unknown resource type semlock
