Traceback (most recent call last):
  File "/global/common/software/nersc/pe/conda-envs/26.1.0/python-3.13/nersc-python/lib/python3.13/multiprocessing/resource_tracker.py", line 371, in main
    raise ValueError(
        f'Cannot register {name} for automatic cleanup: '
        f'unknown resource type {rtype}')
ValueError: Cannot register /dev/shm/joblib_memmapping_folder_362548_ce99552dfef9446aaa7d0b9ff46e48b8_499cdc8bc38c436eb9ae043bdd06eac3 for automatic cleanup: unknown resource type folder
Traceback (most recent call last):
  File "/global/common/software/nersc/pe/conda-envs/26.1.0/python-3.13/nersc-python/lib/python3.13/multiprocessing/resource_tracker.py", line 371, in main
    raise ValueError(
        f'Cannot register {name} for automatic cleanup: '
        f'unknown resource type {rtype}')
ValueError: Cannot register /loky-362548-hk0rgwdr for automatic cleanup: unknown resource type semlock
Traceback (most recent call last):
  File "/global/common/software/nersc/pe/conda-envs/26.1.0/python-3.13/nersc-python/lib/python3.13/multiprocessing/resource_tracker.py", line 371, in main
    raise ValueError(
        f'Cannot register {name} for automatic cleanup: '
        f'unknown resource type {rtype}')
ValueError: Cannot register /loky-362548-ljeoy9y3 for automatic cleanup: unknown resource type semlock
Traceback (most recent call last):
  File "/global/common/software/nersc/pe/conda-envs/26.1.0/python-3.13/nersc-python/lib/python3.13/multiprocessing/resource_tracker.py", line 371, in main
    raise ValueError(
        f'Cannot register {name} for automatic cleanup: '
        f'unknown resource type {rtype}')
ValueError: Cannot register /loky-362548-jux5h4y7 for automatic cleanup: unknown resource type semlock
Traceback (most recent call last):
  File "/global/common/software/nersc/pe/conda-envs/26.1.0/python-3.13/nersc-python/lib/python3.13/multiprocessing/resource_tracker.py", line 371, in main
    raise ValueError(
        f'Cannot register {name} for automatic cleanup: '
        f'unknown resource type {rtype}')
ValueError: Cannot register /loky-362548-pon9p7bo for automatic cleanup: unknown resource type semlock
Traceback (most recent call last):
  File "/global/common/software/nersc/pe/conda-envs/26.1.0/python-3.13/nersc-python/lib/python3.13/multiprocessing/resource_tracker.py", line 371, in main
    raise ValueError(
        f'Cannot register {name} for automatic cleanup: '
        f'unknown resource type {rtype}')
ValueError: Cannot register /loky-362548-wr_0esik for automatic cleanup: unknown resource type semlock
Traceback (most recent call last):
  File "/global/common/software/nersc/pe/conda-envs/26.1.0/python-3.13/nersc-python/lib/python3.13/multiprocessing/resource_tracker.py", line 371, in main
    raise ValueError(
        f'Cannot register {name} for automatic cleanup: '
        f'unknown resource type {rtype}')
ValueError: Cannot register /loky-362548-ga7cek8s for automatic cleanup: unknown resource type semlock
Traceback (most recent call last):
  File "/global/common/software/nersc/pe/conda-envs/26.1.0/python-3.13/nersc-python/lib/python3.13/multiprocessing/resource_tracker.py", line 371, in main
    raise ValueError(
        f'Cannot register {name} for automatic cleanup: '
        f'unknown resource type {rtype}')
ValueError: Cannot register /dev/shm/joblib_memmapping_folder_362548_ce99552dfef9446aaa7d0b9ff46e48b8_f3405ee8efcf4645b0042e5dff1d5dbb for automatic cleanup: unknown resource type folder
Traceback (most recent call last):
  File "/global/common/software/nersc/pe/conda-envs/26.1.0/python-3.13/nersc-python/lib/python3.13/multiprocessing/resource_tracker.py", line 371, in main
    raise ValueError(
        f'Cannot register {name} for automatic cleanup: '
        f'unknown resource type {rtype}')
ValueError: Cannot register /loky-362548-bwbe3f7j for automatic cleanup: unknown resource type semlock
Traceback (most recent call last):
  File "/global/common/software/nersc/pe/conda-envs/26.1.0/python-3.13/nersc-python/lib/python3.13/multiprocessing/resource_tracker.py", line 371, in main
    raise ValueError(
        f'Cannot register {name} for automatic cleanup: '
        f'unknown resource type {rtype}')
ValueError: Cannot register /loky-362548-l19qyoux for automatic cleanup: unknown resource type semlock
Traceback (most recent call last):
  File "/global/common/software/nersc/pe/conda-envs/26.1.0/python-3.13/nersc-python/lib/python3.13/multiprocessing/resource_tracker.py", line 371, in main
    raise ValueError(
        f'Cannot register {name} for automatic cleanup: '
        f'unknown resource type {rtype}')
ValueError: Cannot register /loky-362548-edu9k08i for automatic cleanup: unknown resource type semlock
Traceback (most recent call last):
  File "/global/common/software/nersc/pe/conda-envs/26.1.0/python-3.13/nersc-python/lib/python3.13/multiprocessing/resource_tracker.py", line 371, in main
    raise ValueError(
        f'Cannot register {name} for automatic cleanup: '
        f'unknown resource type {rtype}')
ValueError: Cannot register /loky-362548-paw2_rdr for automatic cleanup: unknown resource type semlock
Traceback (most recent call last):
  File "/global/common/software/nersc/pe/conda-envs/26.1.0/python-3.13/nersc-python/lib/python3.13/multiprocessing/resource_tracker.py", line 371, in main
    raise ValueError(
        f'Cannot register {name} for automatic cleanup: '
        f'unknown resource type {rtype}')
ValueError: Cannot register /loky-362548-ozyf01g3 for automatic cleanup: unknown resource type semlock
Traceback (most recent call last):
  File "/global/common/software/nersc/pe/conda-envs/26.1.0/python-3.13/nersc-python/lib/python3.13/multiprocessing/resource_tracker.py", line 371, in main
    raise ValueError(
        f'Cannot register {name} for automatic cleanup: '
        f'unknown resource type {rtype}')
ValueError: Cannot register /loky-362548-yve6egmu for automatic cleanup: unknown resource type semlock
Traceback (most recent call last):
  File "/global/common/software/nersc/pe/conda-envs/26.1.0/python-3.13/nersc-python/lib/python3.13/multiprocessing/resource_tracker.py", line 371, in main
    raise ValueError(
        f'Cannot register {name} for automatic cleanup: '
        f'unknown resource type {rtype}')
ValueError: Cannot register /loky-362548-yeuoiytl for automatic cleanup: unknown resource type semlock
Traceback (most recent call last):
  File "/global/common/software/nersc/pe/conda-envs/26.1.0/python-3.13/nersc-python/lib/python3.13/multiprocessing/resource_tracker.py", line 371, in main
    raise ValueError(
        f'Cannot register {name} for automatic cleanup: '
        f'unknown resource type {rtype}')
ValueError: Cannot register /loky-362548-jqllk2s8 for automatic cleanup: unknown resource type semlock
Traceback (most recent call last):
  File "/global/common/software/nersc/pe/conda-envs/26.1.0/python-3.13/nersc-python/lib/python3.13/multiprocessing/resource_tracker.py", line 371, in main
    raise ValueError(
        f'Cannot register {name} for automatic cleanup: '
        f'unknown resource type {rtype}')
ValueError: Cannot register /loky-362548-fwu0_it8 for automatic cleanup: unknown resource type semlock
Traceback (most recent call last):
  File "/global/common/software/nersc/pe/conda-envs/26.1.0/python-3.13/nersc-python/lib/python3.13/multiprocessing/resource_tracker.py", line 371, in main
    raise ValueError(
        f'Cannot register {name} for automatic cleanup: '
        f'unknown resource type {rtype}')
ValueError: Cannot register /loky-362548-e42gg7ub for automatic cleanup: unknown resource type semlock
Traceback (most recent call last):
  File "/global/common/software/nersc/pe/conda-envs/26.1.0/python-3.13/nersc-python/lib/python3.13/multiprocessing/resource_tracker.py", line 371, in main
    raise ValueError(
        f'Cannot register {name} for automatic cleanup: '
        f'unknown resource type {rtype}')
ValueError: Cannot register /loky-362548-5c1909si for automatic cleanup: unknown resource type semlock
Traceback (most recent call last):
  File "/global/common/software/nersc/pe/conda-envs/26.1.0/python-3.13/nersc-python/lib/python3.13/multiprocessing/resource_tracker.py", line 371, in main
    raise ValueError(
        f'Cannot register {name} for automatic cleanup: '
        f'unknown resource type {rtype}')
ValueError: Cannot register /loky-362548-rd3niebl for automatic cleanup: unknown resource type semlock
Traceback (most recent call last):
  File "/global/common/software/nersc/pe/conda-envs/26.1.0/python-3.13/nersc-python/lib/python3.13/multiprocessing/resource_tracker.py", line 371, in main
    raise ValueError(
        f'Cannot register {name} for automatic cleanup: '
        f'unknown resource type {rtype}')
ValueError: Cannot register /loky-362548-6zo82be0 for automatic cleanup: unknown resource type semlock
Traceback (most recent call last):
  File "/global/common/software/nersc/pe/conda-envs/26.1.0/python-3.13/nersc-python/lib/python3.13/multiprocessing/resource_tracker.py", line 371, in main
    raise ValueError(
        f'Cannot register {name} for automatic cleanup: '
        f'unknown resource type {rtype}')
ValueError: Cannot register /loky-362548-qiyr8mbm for automatic cleanup: unknown resource type semlock
Traceback (most recent call last):
  File "/global/common/software/nersc/pe/conda-envs/26.1.0/python-3.13/nersc-python/lib/python3.13/multiprocessing/resource_tracker.py", line 371, in main
    raise ValueError(
        f'Cannot register {name} for automatic cleanup: '
        f'unknown resource type {rtype}')
ValueError: Cannot register /loky-362548-3blc68cc for automatic cleanup: unknown resource type semlock
Traceback (most recent call last):
  File "/global/common/software/nersc/pe/conda-envs/26.1.0/python-3.13/nersc-python/lib/python3.13/multiprocessing/resource_tracker.py", line 371, in main
    raise ValueError(
        f'Cannot register {name} for automatic cleanup: '
        f'unknown resource type {rtype}')
ValueError: Cannot register /loky-362548-1qvahwpf for automatic cleanup: unknown resource type semlock
Traceback (most recent call last):
  File "/global/common/software/nersc/pe/conda-envs/26.1.0/python-3.13/nersc-python/lib/python3.13/multiprocessing/resource_tracker.py", line 371, in main
    raise ValueError(
        f'Cannot register {name} for automatic cleanup: '
        f'unknown resource type {rtype}')
ValueError: Cannot register /dev/shm/joblib_memmapping_folder_1470996_058a4a3f06aa4c15a1ea347a8793f730_7473c21269744ff5860101aff4dcafba for automatic cleanup: unknown resource type folder
Traceback (most recent call last):
  File "/global/common/software/nersc/pe/conda-envs/26.1.0/python-3.13/nersc-python/lib/python3.13/multiprocessing/resource_tracker.py", line 371, in main
    raise ValueError(
        f'Cannot register {name} for automatic cleanup: '
        f'unknown resource type {rtype}')
ValueError: Cannot register /loky-1470996-vl5xyqra for automatic cleanup: unknown resource type semlock
Traceback (most recent call last):
  File "/global/common/software/nersc/pe/conda-envs/26.1.0/python-3.13/nersc-python/lib/python3.13/multiprocessing/resource_tracker.py", line 371, in main
    raise ValueError(
        f'Cannot register {name} for automatic cleanup: '
        f'unknown resource type {rtype}')
ValueError: Cannot register /loky-1470996-34hyzi5t for automatic cleanup: unknown resource type semlock
Traceback (most recent call last):
  File "/global/common/software/nersc/pe/conda-envs/26.1.0/python-3.13/nersc-python/lib/python3.13/multiprocessing/resource_tracker.py", line 371, in main
    raise ValueError(
        f'Cannot register {name} for automatic cleanup: '
        f'unknown resource type {rtype}')
ValueError: Cannot register /loky-1470996-fbswdtnh for automatic cleanup: unknown resource type semlock
Traceback (most recent call last):
  File "/global/common/software/nersc/pe/conda-envs/26.1.0/python-3.13/nersc-python/lib/python3.13/multiprocessing/resource_tracker.py", line 371, in main
    raise ValueError(
        f'Cannot register {name} for automatic cleanup: '
        f'unknown resource type {rtype}')
ValueError: Cannot register /loky-1470996-o_04ed7z for automatic cleanup: unknown resource type semlock
Traceback (most recent call last):
  File "/global/common/software/nersc/pe/conda-envs/26.1.0/python-3.13/nersc-python/lib/python3.13/multiprocessing/resource_tracker.py", line 371, in main
    raise ValueError(
        f'Cannot register {name} for automatic cleanup: '
        f'unknown resource type {rtype}')
ValueError: Cannot register /loky-1470996-9urj_77f for automatic cleanup: unknown resource type semlock
Traceback (most recent call last):
  File "/global/common/software/nersc/pe/conda-envs/26.1.0/python-3.13/nersc-python/lib/python3.13/multiprocessing/resource_tracker.py", line 371, in main
    raise ValueError(
        f'Cannot register {name} for automatic cleanup: '
        f'unknown resource type {rtype}')
ValueError: Cannot register /loky-1470996-05h_og8r for automatic cleanup: unknown resource type semlock
Traceback (most recent call last):
  File "/global/common/software/nersc/pe/conda-envs/26.1.0/python-3.13/nersc-python/lib/python3.13/multiprocessing/resource_tracker.py", line 371, in main
    raise ValueError(
        f'Cannot register {name} for automatic cleanup: '
        f'unknown resource type {rtype}')
ValueError: Cannot register /dev/shm/joblib_memmapping_folder_1470996_058a4a3f06aa4c15a1ea347a8793f730_9c83fc54bb2c49eeb0a2a4eb1cb594fa for automatic cleanup: unknown resource type folder
Traceback (most recent call last):
  File "/global/common/software/nersc/pe/conda-envs/26.1.0/python-3.13/nersc-python/lib/python3.13/multiprocessing/resource_tracker.py", line 371, in main
    raise ValueError(
        f'Cannot register {name} for automatic cleanup: '
        f'unknown resource type {rtype}')
ValueError: Cannot register /loky-1470996-98b3dh3l for automatic cleanup: unknown resource type semlock
Traceback (most recent call last):
  File "/global/common/software/nersc/pe/conda-envs/26.1.0/python-3.13/nersc-python/lib/python3.13/multiprocessing/resource_tracker.py", line 371, in main
    raise ValueError(
        f'Cannot register {name} for automatic cleanup: '
        f'unknown resource type {rtype}')
ValueError: Cannot register /loky-1470996-5i8j5f3b for automatic cleanup: unknown resource type semlock
Traceback (most recent call last):
  File "/global/common/software/nersc/pe/conda-envs/26.1.0/python-3.13/nersc-python/lib/python3.13/multiprocessing/resource_tracker.py", line 371, in main
    raise ValueError(
        f'Cannot register {name} for automatic cleanup: '
        f'unknown resource type {rtype}')
ValueError: Cannot register /loky-1470996-7kvz81db for automatic cleanup: unknown resource type semlock
Traceback (most recent call last):
  File "/global/common/software/nersc/pe/conda-envs/26.1.0/python-3.13/nersc-python/lib/python3.13/multiprocessing/resource_tracker.py", line 371, in main
    raise ValueError(
        f'Cannot register {name} for automatic cleanup: '
        f'unknown resource type {rtype}')
ValueError: Cannot register /loky-1470996-wrx80r9j for automatic cleanup: unknown resource type semlock
Traceback (most recent call last):
  File "/global/common/software/nersc/pe/conda-envs/26.1.0/python-3.13/nersc-python/lib/python3.13/multiprocessing/resource_tracker.py", line 371, in main
    raise ValueError(
        f'Cannot register {name} for automatic cleanup: '
        f'unknown resource type {rtype}')
ValueError: Cannot register /loky-1470996-0oq8f5fh for automatic cleanup: unknown resource type semlock
Traceback (most recent call last):
  File "/global/common/software/nersc/pe/conda-envs/26.1.0/python-3.13/nersc-python/lib/python3.13/multiprocessing/resource_tracker.py", line 371, in main
    raise ValueError(
        f'Cannot register {name} for automatic cleanup: '
        f'unknown resource type {rtype}')
ValueError: Cannot register /loky-1470996-nbtvkc4n for automatic cleanup: unknown resource type semlock
Traceback (most recent call last):
  File "/global/common/software/nersc/pe/conda-envs/26.1.0/python-3.13/nersc-python/lib/python3.13/multiprocessing/resource_tracker.py", line 371, in main
    raise ValueError(
        f'Cannot register {name} for automatic cleanup: '
        f'unknown resource type {rtype}')
ValueError: Cannot register /loky-1470996-sz9cyrx0 for automatic cleanup: unknown resource type semlock
Traceback (most recent call last):
  File "/global/common/software/nersc/pe/conda-envs/26.1.0/python-3.13/nersc-python/lib/python3.13/multiprocessing/resource_tracker.py", line 371, in main
    raise ValueError(
        f'Cannot register {name} for automatic cleanup: '
        f'unknown resource type {rtype}')
ValueError: Cannot register /loky-1470996-5i2gyaez for automatic cleanup: unknown resource type semlock
Traceback (most recent call last):
  File "/global/common/software/nersc/pe/conda-envs/26.1.0/python-3.13/nersc-python/lib/python3.13/multiprocessing/resource_tracker.py", line 371, in main
    raise ValueError(
        f'Cannot register {name} for automatic cleanup: '
        f'unknown resource type {rtype}')
ValueError: Cannot register /loky-1470996-0b4ygsw6 for automatic cleanup: unknown resource type semlock
Traceback (most recent call last):
  File "/global/common/software/nersc/pe/conda-envs/26.1.0/python-3.13/nersc-python/lib/python3.13/multiprocessing/resource_tracker.py", line 371, in main
    raise ValueError(
        f'Cannot register {name} for automatic cleanup: '
        f'unknown resource type {rtype}')
ValueError: Cannot register /loky-1470996-expdwv5w for automatic cleanup: unknown resource type semlock
Traceback (most recent call last):
  File "/global/common/software/nersc/pe/conda-envs/26.1.0/python-3.13/nersc-python/lib/python3.13/multiprocessing/resource_tracker.py", line 371, in main
    raise ValueError(
        f'Cannot register {name} for automatic cleanup: '
        f'unknown resource type {rtype}')
ValueError: Cannot register /loky-1470996-cd_tbiaj for automatic cleanup: unknown resource type semlock
Traceback (most recent call last):
  File "/global/common/software/nersc/pe/conda-envs/26.1.0/python-3.13/nersc-python/lib/python3.13/multiprocessing/resource_tracker.py", line 371, in main
    raise ValueError(
        f'Cannot register {name} for automatic cleanup: '
        f'unknown resource type {rtype}')
ValueError: Cannot register /loky-1470996-v00ko5av for automatic cleanup: unknown resource type semlock
Traceback (most recent call last):
  File "/global/common/software/nersc/pe/conda-envs/26.1.0/python-3.13/nersc-python/lib/python3.13/multiprocessing/resource_tracker.py", line 371, in main
    raise ValueError(
        f'Cannot register {name} for automatic cleanup: '
        f'unknown resource type {rtype}')
ValueError: Cannot register /loky-1470996-8uppkr8f for automatic cleanup: unknown resource type semlock
Traceback (most recent call last):
  File "/global/common/software/nersc/pe/conda-envs/26.1.0/python-3.13/nersc-python/lib/python3.13/multiprocessing/resource_tracker.py", line 371, in main
    raise ValueError(
        f'Cannot register {name} for automatic cleanup: '
        f'unknown resource type {rtype}')
ValueError: Cannot register /loky-1470996-3hj6hru8 for automatic cleanup: unknown resource type semlock
Traceback (most recent call last):
  File "/global/common/software/nersc/pe/conda-envs/26.1.0/python-3.13/nersc-python/lib/python3.13/multiprocessing/resource_tracker.py", line 371, in main
    raise ValueError(
        f'Cannot register {name} for automatic cleanup: '
        f'unknown resource type {rtype}')
ValueError: Cannot register /loky-1470996-jxzysyu1 for automatic cleanup: unknown resource type semlock
Traceback (most recent call last):
  File "/global/common/software/nersc/pe/conda-envs/26.1.0/python-3.13/nersc-python/lib/python3.13/multiprocessing/resource_tracker.py", line 371, in main
    raise ValueError(
        f'Cannot register {name} for automatic cleanup: '
        f'unknown resource type {rtype}')
ValueError: Cannot register /loky-1470996-jr6lww_f for automatic cleanup: unknown resource type semlock
Traceback (most recent call last):
  File "/global/common/software/nersc/pe/conda-envs/26.1.0/python-3.13/nersc-python/lib/python3.13/multiprocessing/resource_tracker.py", line 371, in main
    raise ValueError(
        f'Cannot register {name} for automatic cleanup: '
        f'unknown resource type {rtype}')
ValueError: Cannot register /dev/shm/joblib_memmapping_folder_968900_5b2605a8fedc421fb305fef1fc4b4d0c_93238fb973ad43c9b699816e3191037c for automatic cleanup: unknown resource type folder
Traceback (most recent call last):
  File "/global/common/software/nersc/pe/conda-envs/26.1.0/python-3.13/nersc-python/lib/python3.13/multiprocessing/resource_tracker.py", line 371, in main
    raise ValueError(
        f'Cannot register {name} for automatic cleanup: '
        f'unknown resource type {rtype}')
ValueError: Cannot register /loky-968900-ofif4i05 for automatic cleanup: unknown resource type semlock
Traceback (most recent call last):
  File "/global/common/software/nersc/pe/conda-envs/26.1.0/python-3.13/nersc-python/lib/python3.13/multiprocessing/resource_tracker.py", line 371, in main
    raise ValueError(
        f'Cannot register {name} for automatic cleanup: '
        f'unknown resource type {rtype}')
ValueError: Cannot register /loky-968900-k8d9m2jo for automatic cleanup: unknown resource type semlock
Traceback (most recent call last):
  File "/global/common/software/nersc/pe/conda-envs/26.1.0/python-3.13/nersc-python/lib/python3.13/multiprocessing/resource_tracker.py", line 371, in main
    raise ValueError(
        f'Cannot register {name} for automatic cleanup: '
        f'unknown resource type {rtype}')
ValueError: Cannot register /loky-968900-kwlszjma for automatic cleanup: unknown resource type semlock
Traceback (most recent call last):
  File "/global/common/software/nersc/pe/conda-envs/26.1.0/python-3.13/nersc-python/lib/python3.13/multiprocessing/resource_tracker.py", line 371, in main
    raise ValueError(
        f'Cannot register {name} for automatic cleanup: '
        f'unknown resource type {rtype}')
ValueError: Cannot register /loky-968900-gmssafo4 for automatic cleanup: unknown resource type semlock
Traceback (most recent call last):
  File "/global/common/software/nersc/pe/conda-envs/26.1.0/python-3.13/nersc-python/lib/python3.13/multiprocessing/resource_tracker.py", line 371, in main
    raise ValueError(
        f'Cannot register {name} for automatic cleanup: '
        f'unknown resource type {rtype}')
ValueError: Cannot register /loky-968900-m9dvgcsn for automatic cleanup: unknown resource type semlock
Traceback (most recent call last):
  File "/global/common/software/nersc/pe/conda-envs/26.1.0/python-3.13/nersc-python/lib/python3.13/multiprocessing/resource_tracker.py", line 371, in main
    raise ValueError(
        f'Cannot register {name} for automatic cleanup: '
        f'unknown resource type {rtype}')
ValueError: Cannot register /loky-968900-zy6n0jem for automatic cleanup: unknown resource type semlock
Traceback (most recent call last):
  File "/global/common/software/nersc/pe/conda-envs/26.1.0/python-3.13/nersc-python/lib/python3.13/multiprocessing/resource_tracker.py", line 371, in main
    raise ValueError(
        f'Cannot register {name} for automatic cleanup: '
        f'unknown resource type {rtype}')
ValueError: Cannot register /dev/shm/joblib_memmapping_folder_968900_5b2605a8fedc421fb305fef1fc4b4d0c_3670f5c920b949e490be3709be776180 for automatic cleanup: unknown resource type folder
Traceback (most recent call last):
  File "/global/common/software/nersc/pe/conda-envs/26.1.0/python-3.13/nersc-python/lib/python3.13/multiprocessing/resource_tracker.py", line 371, in main
    raise ValueError(
        f'Cannot register {name} for automatic cleanup: '
        f'unknown resource type {rtype}')
ValueError: Cannot register /loky-968900-fqiarzws for automatic cleanup: unknown resource type semlock
Traceback (most recent call last):
  File "/global/common/software/nersc/pe/conda-envs/26.1.0/python-3.13/nersc-python/lib/python3.13/multiprocessing/resource_tracker.py", line 371, in main
    raise ValueError(
        f'Cannot register {name} for automatic cleanup: '
        f'unknown resource type {rtype}')
ValueError: Cannot register /loky-968900-244emism for automatic cleanup: unknown resource type semlock
Traceback (most recent call last):
  File "/global/common/software/nersc/pe/conda-envs/26.1.0/python-3.13/nersc-python/lib/python3.13/multiprocessing/resource_tracker.py", line 371, in main
    raise ValueError(
        f'Cannot register {name} for automatic cleanup: '
        f'unknown resource type {rtype}')
ValueError: Cannot register /loky-968900-xutrgxzg for automatic cleanup: unknown resource type semlock
Traceback (most recent call last):
  File "/global/common/software/nersc/pe/conda-envs/26.1.0/python-3.13/nersc-python/lib/python3.13/multiprocessing/resource_tracker.py", line 371, in main
    raise ValueError(
        f'Cannot register {name} for automatic cleanup: '
        f'unknown resource type {rtype}')
ValueError: Cannot register /loky-968900-5hnw1f_j for automatic cleanup: unknown resource type semlock
Traceback (most recent call last):
  File "/global/common/software/nersc/pe/conda-envs/26.1.0/python-3.13/nersc-python/lib/python3.13/multiprocessing/resource_tracker.py", line 371, in main
    raise ValueError(
        f'Cannot register {name} for automatic cleanup: '
        f'unknown resource type {rtype}')
ValueError: Cannot register /loky-968900-p3x7fu7x for automatic cleanup: unknown resource type semlock
Traceback (most recent call last):
  File "/global/common/software/nersc/pe/conda-envs/26.1.0/python-3.13/nersc-python/lib/python3.13/multiprocessing/resource_tracker.py", line 371, in main
    raise ValueError(
        f'Cannot register {name} for automatic cleanup: '
        f'unknown resource type {rtype}')
ValueError: Cannot register /loky-968900-9usb8q3v for automatic cleanup: unknown resource type semlock
Traceback (most recent call last):
  File "/global/common/software/nersc/pe/conda-envs/26.1.0/python-3.13/nersc-python/lib/python3.13/multiprocessing/resource_tracker.py", line 371, in main
    raise ValueError(
        f'Cannot register {name} for automatic cleanup: '
        f'unknown resource type {rtype}')
ValueError: Cannot register /loky-968900-_59qz0de for automatic cleanup: unknown resource type semlock
Traceback (most recent call last):
  File "/global/common/software/nersc/pe/conda-envs/26.1.0/python-3.13/nersc-python/lib/python3.13/multiprocessing/resource_tracker.py", line 371, in main
    raise ValueError(
        f'Cannot register {name} for automatic cleanup: '
        f'unknown resource type {rtype}')
ValueError: Cannot register /loky-968900-poq88a6a for automatic cleanup: unknown resource type semlock
Traceback (most recent call last):
  File "/global/common/software/nersc/pe/conda-envs/26.1.0/python-3.13/nersc-python/lib/python3.13/multiprocessing/resource_tracker.py", line 371, in main
    raise ValueError(
        f'Cannot register {name} for automatic cleanup: '
        f'unknown resource type {rtype}')
ValueError: Cannot register /loky-968900-_eo_adey for automatic cleanup: unknown resource type semlock
Traceback (most recent call last):
  File "/global/common/software/nersc/pe/conda-envs/26.1.0/python-3.13/nersc-python/lib/python3.13/multiprocessing/resource_tracker.py", line 371, in main
    raise ValueError(
        f'Cannot register {name} for automatic cleanup: '
        f'unknown resource type {rtype}')
ValueError: Cannot register /loky-968900-fqs1czsv for automatic cleanup: unknown resource type semlock
Traceback (most recent call last):
  File "/global/common/software/nersc/pe/conda-envs/26.1.0/python-3.13/nersc-python/lib/python3.13/multiprocessing/resource_tracker.py", line 371, in main
    raise ValueError(
        f'Cannot register {name} for automatic cleanup: '
        f'unknown resource type {rtype}')
ValueError: Cannot register /loky-968900-sol06_04 for automatic cleanup: unknown resource type semlock
Traceback (most recent call last):
  File "/global/common/software/nersc/pe/conda-envs/26.1.0/python-3.13/nersc-python/lib/python3.13/multiprocessing/resource_tracker.py", line 371, in main
    raise ValueError(
        f'Cannot register {name} for automatic cleanup: '
        f'unknown resource type {rtype}')
ValueError: Cannot register /loky-968900-h_zdmoko for automatic cleanup: unknown resource type semlock
Traceback (most recent call last):
  File "/global/common/software/nersc/pe/conda-envs/26.1.0/python-3.13/nersc-python/lib/python3.13/multiprocessing/resource_tracker.py", line 371, in main
    raise ValueError(
        f'Cannot register {name} for automatic cleanup: '
        f'unknown resource type {rtype}')
ValueError: Cannot register /loky-968900-mirgh0a7 for automatic cleanup: unknown resource type semlock
Traceback (most recent call last):
  File "/global/common/software/nersc/pe/conda-envs/26.1.0/python-3.13/nersc-python/lib/python3.13/multiprocessing/resource_tracker.py", line 371, in main
    raise ValueError(
        f'Cannot register {name} for automatic cleanup: '
        f'unknown resource type {rtype}')
ValueError: Cannot register /loky-968900-zw97iksp for automatic cleanup: unknown resource type semlock
Traceback (most recent call last):
  File "/global/common/software/nersc/pe/conda-envs/26.1.0/python-3.13/nersc-python/lib/python3.13/multiprocessing/resource_tracker.py", line 371, in main
    raise ValueError(
        f'Cannot register {name} for automatic cleanup: '
        f'unknown resource type {rtype}')
ValueError: Cannot register /loky-968900-lzxefyee for automatic cleanup: unknown resource type semlock
Traceback (most recent call last):
  File "/global/common/software/nersc/pe/conda-envs/26.1.0/python-3.13/nersc-python/lib/python3.13/multiprocessing/resource_tracker.py", line 371, in main
    raise ValueError(
        f'Cannot register {name} for automatic cleanup: '
        f'unknown resource type {rtype}')
ValueError: Cannot register /loky-968900-shxt8dts for automatic cleanup: unknown resource type semlock
Traceback (most recent call last):
  File "/global/common/software/nersc/pe/conda-envs/26.1.0/python-3.13/nersc-python/lib/python3.13/multiprocessing/resource_tracker.py", line 371, in main
    raise ValueError(
        f'Cannot register {name} for automatic cleanup: '
        f'unknown resource type {rtype}')
ValueError: Cannot register /dev/shm/joblib_memmapping_folder_1834876_1054e199f0d14ab180cb2b69113e3bf6_c568ab3aac8c465e9b50619a35875265 for automatic cleanup: unknown resource type folder
Traceback (most recent call last):
  File "/global/common/software/nersc/pe/conda-envs/26.1.0/python-3.13/nersc-python/lib/python3.13/multiprocessing/resource_tracker.py", line 371, in main
    raise ValueError(
        f'Cannot register {name} for automatic cleanup: '
        f'unknown resource type {rtype}')
ValueError: Cannot register /loky-1834876-ewhc2406 for automatic cleanup: unknown resource type semlock
Traceback (most recent call last):
  File "/global/common/software/nersc/pe/conda-envs/26.1.0/python-3.13/nersc-python/lib/python3.13/multiprocessing/resource_tracker.py", line 371, in main
    raise ValueError(
        f'Cannot register {name} for automatic cleanup: '
        f'unknown resource type {rtype}')
ValueError: Cannot register /loky-1834876-zsubepo7 for automatic cleanup: unknown resource type semlock
Traceback (most recent call last):
  File "/global/common/software/nersc/pe/conda-envs/26.1.0/python-3.13/nersc-python/lib/python3.13/multiprocessing/resource_tracker.py", line 371, in main
    raise ValueError(
        f'Cannot register {name} for automatic cleanup: '
        f'unknown resource type {rtype}')
ValueError: Cannot register /loky-1834876-dk38k6nj for automatic cleanup: unknown resource type semlock
Traceback (most recent call last):
  File "/global/common/software/nersc/pe/conda-envs/26.1.0/python-3.13/nersc-python/lib/python3.13/multiprocessing/resource_tracker.py", line 371, in main
    raise ValueError(
        f'Cannot register {name} for automatic cleanup: '
        f'unknown resource type {rtype}')
ValueError: Cannot register /loky-1834876-gn9symdq for automatic cleanup: unknown resource type semlock
Traceback (most recent call last):
  File "/global/common/software/nersc/pe/conda-envs/26.1.0/python-3.13/nersc-python/lib/python3.13/multiprocessing/resource_tracker.py", line 371, in main
    raise ValueError(
        f'Cannot register {name} for automatic cleanup: '
        f'unknown resource type {rtype}')
ValueError: Cannot register /loky-1834876-pch9_1e7 for automatic cleanup: unknown resource type semlock
Traceback (most recent call last):
  File "/global/common/software/nersc/pe/conda-envs/26.1.0/python-3.13/nersc-python/lib/python3.13/multiprocessing/resource_tracker.py", line 371, in main
    raise ValueError(
        f'Cannot register {name} for automatic cleanup: '
        f'unknown resource type {rtype}')
ValueError: Cannot register /loky-1834876-wodkyt8r for automatic cleanup: unknown resource type semlock
Traceback (most recent call last):
  File "/global/common/software/nersc/pe/conda-envs/26.1.0/python-3.13/nersc-python/lib/python3.13/multiprocessing/resource_tracker.py", line 371, in main
    raise ValueError(
        f'Cannot register {name} for automatic cleanup: '
        f'unknown resource type {rtype}')
ValueError: Cannot register /dev/shm/joblib_memmapping_folder_1834876_1054e199f0d14ab180cb2b69113e3bf6_874e085288e84d29bbbd289c0d93e7d0 for automatic cleanup: unknown resource type folder
Traceback (most recent call last):
  File "/global/common/software/nersc/pe/conda-envs/26.1.0/python-3.13/nersc-python/lib/python3.13/multiprocessing/resource_tracker.py", line 371, in main
    raise ValueError(
        f'Cannot register {name} for automatic cleanup: '
        f'unknown resource type {rtype}')
ValueError: Cannot register /loky-1834876-nxwhnq9k for automatic cleanup: unknown resource type semlock
Traceback (most recent call last):
  File "/global/common/software/nersc/pe/conda-envs/26.1.0/python-3.13/nersc-python/lib/python3.13/multiprocessing/resource_tracker.py", line 371, in main
    raise ValueError(
        f'Cannot register {name} for automatic cleanup: '
        f'unknown resource type {rtype}')
ValueError: Cannot register /loky-1834876-t4jcv9ks for automatic cleanup: unknown resource type semlock
Traceback (most recent call last):
  File "/global/common/software/nersc/pe/conda-envs/26.1.0/python-3.13/nersc-python/lib/python3.13/multiprocessing/resource_tracker.py", line 371, in main
    raise ValueError(
        f'Cannot register {name} for automatic cleanup: '
        f'unknown resource type {rtype}')
ValueError: Cannot register /loky-1834876-vieur2kq for automatic cleanup: unknown resource type semlock
Traceback (most recent call last):
  File "/global/common/software/nersc/pe/conda-envs/26.1.0/python-3.13/nersc-python/lib/python3.13/multiprocessing/resource_tracker.py", line 371, in main
    raise ValueError(
        f'Cannot register {name} for automatic cleanup: '
        f'unknown resource type {rtype}')
ValueError: Cannot register /loky-1834876-7vx_y43g for automatic cleanup: unknown resource type semlock
Traceback (most recent call last):
  File "/global/common/software/nersc/pe/conda-envs/26.1.0/python-3.13/nersc-python/lib/python3.13/multiprocessing/resource_tracker.py", line 371, in main
    raise ValueError(
        f'Cannot register {name} for automatic cleanup: '
        f'unknown resource type {rtype}')
ValueError: Cannot register /loky-1834876-u4k8trr0 for automatic cleanup: unknown resource type semlock
Traceback (most recent call last):
  File "/global/common/software/nersc/pe/conda-envs/26.1.0/python-3.13/nersc-python/lib/python3.13/multiprocessing/resource_tracker.py", line 371, in main
    raise ValueError(
        f'Cannot register {name} for automatic cleanup: '
        f'unknown resource type {rtype}')
ValueError: Cannot register /loky-1834876-s0o3hb3u for automatic cleanup: unknown resource type semlock
Traceback (most recent call last):
  File "/global/common/software/nersc/pe/conda-envs/26.1.0/python-3.13/nersc-python/lib/python3.13/multiprocessing/resource_tracker.py", line 371, in main
    raise ValueError(
        f'Cannot register {name} for automatic cleanup: '
        f'unknown resource type {rtype}')
ValueError: Cannot register /loky-1834876-wj4amen4 for automatic cleanup: unknown resource type semlock
Traceback (most recent call last):
  File "/global/common/software/nersc/pe/conda-envs/26.1.0/python-3.13/nersc-python/lib/python3.13/multiprocessing/resource_tracker.py", line 371, in main
    raise ValueError(
        f'Cannot register {name} for automatic cleanup: '
        f'unknown resource type {rtype}')
ValueError: Cannot register /loky-1834876-wmym93qn for automatic cleanup: unknown resource type semlock
Traceback (most recent call last):
  File "/global/common/software/nersc/pe/conda-envs/26.1.0/python-3.13/nersc-python/lib/python3.13/multiprocessing/resource_tracker.py", line 371, in main
    raise ValueError(
        f'Cannot register {name} for automatic cleanup: '
        f'unknown resource type {rtype}')
ValueError: Cannot register /loky-1834876-iibkjlwe for automatic cleanup: unknown resource type semlock
Traceback (most recent call last):
  File "/global/common/software/nersc/pe/conda-envs/26.1.0/python-3.13/nersc-python/lib/python3.13/multiprocessing/resource_tracker.py", line 371, in main
    raise ValueError(
        f'Cannot register {name} for automatic cleanup: '
        f'unknown resource type {rtype}')
ValueError: Cannot register /loky-1834876-mqxk96u7 for automatic cleanup: unknown resource type semlock
Traceback (most recent call last):
  File "/global/common/software/nersc/pe/conda-envs/26.1.0/python-3.13/nersc-python/lib/python3.13/multiprocessing/resource_tracker.py", line 371, in main
    raise ValueError(
        f'Cannot register {name} for automatic cleanup: '
        f'unknown resource type {rtype}')
ValueError: Cannot register /loky-1834876-sfwzzohx for automatic cleanup: unknown resource type semlock
Traceback (most recent call last):
  File "/global/common/software/nersc/pe/conda-envs/26.1.0/python-3.13/nersc-python/lib/python3.13/multiprocessing/resource_tracker.py", line 371, in main
    raise ValueError(
        f'Cannot register {name} for automatic cleanup: '
        f'unknown resource type {rtype}')
ValueError: Cannot register /loky-1834876-n8l4vs6b for automatic cleanup: unknown resource type semlock
Traceback (most recent call last):
  File "/global/common/software/nersc/pe/conda-envs/26.1.0/python-3.13/nersc-python/lib/python3.13/multiprocessing/resource_tracker.py", line 371, in main
    raise ValueError(
        f'Cannot register {name} for automatic cleanup: '
        f'unknown resource type {rtype}')
ValueError: Cannot register /loky-1834876-pw5qxilx for automatic cleanup: unknown resource type semlock
Traceback (most recent call last):
  File "/global/common/software/nersc/pe/conda-envs/26.1.0/python-3.13/nersc-python/lib/python3.13/multiprocessing/resource_tracker.py", line 371, in main
    raise ValueError(
        f'Cannot register {name} for automatic cleanup: '
        f'unknown resource type {rtype}')
ValueError: Cannot register /loky-1834876-nn9f_l9j for automatic cleanup: unknown resource type semlock
Traceback (most recent call last):
  File "/global/common/software/nersc/pe/conda-envs/26.1.0/python-3.13/nersc-python/lib/python3.13/multiprocessing/resource_tracker.py", line 371, in main
    raise ValueError(
        f'Cannot register {name} for automatic cleanup: '
        f'unknown resource type {rtype}')
ValueError: Cannot register /loky-1834876-p40_zdgk for automatic cleanup: unknown resource type semlock
Traceback (most recent call last):
  File "/global/common/software/nersc/pe/conda-envs/26.1.0/python-3.13/nersc-python/lib/python3.13/multiprocessing/resource_tracker.py", line 371, in main
    raise ValueError(
        f'Cannot register {name} for automatic cleanup: '
        f'unknown resource type {rtype}')
ValueError: Cannot register /loky-1834876-z9njnx81 for automatic cleanup: unknown resource type semlock
Traceback (most recent call last):
  File "/global/common/software/nersc/pe/conda-envs/26.1.0/python-3.13/nersc-python/lib/python3.13/multiprocessing/resource_tracker.py", line 371, in main
    raise ValueError(
        f'Cannot register {name} for automatic cleanup: '
        f'unknown resource type {rtype}')
ValueError: Cannot register /dev/shm/joblib_memmapping_folder_1007697_573bb27654c94be2865ec74bf762393b_e97f9a0ad1964fc992b42539f4efc7ea for automatic cleanup: unknown resource type folder
Traceback (most recent call last):
  File "/global/common/software/nersc/pe/conda-envs/26.1.0/python-3.13/nersc-python/lib/python3.13/multiprocessing/resource_tracker.py", line 371, in main
    raise ValueError(
        f'Cannot register {name} for automatic cleanup: '
        f'unknown resource type {rtype}')
ValueError: Cannot register /loky-1007697-j22_hfz6 for automatic cleanup: unknown resource type semlock
Traceback (most recent call last):
  File "/global/common/software/nersc/pe/conda-envs/26.1.0/python-3.13/nersc-python/lib/python3.13/multiprocessing/resource_tracker.py", line 371, in main
    raise ValueError(
        f'Cannot register {name} for automatic cleanup: '
        f'unknown resource type {rtype}')
ValueError: Cannot register /loky-1007697-zhz0rryo for automatic cleanup: unknown resource type semlock
Traceback (most recent call last):
  File "/global/common/software/nersc/pe/conda-envs/26.1.0/python-3.13/nersc-python/lib/python3.13/multiprocessing/resource_tracker.py", line 371, in main
    raise ValueError(
        f'Cannot register {name} for automatic cleanup: '
        f'unknown resource type {rtype}')
ValueError: Cannot register /loky-1007697-59qz54wb for automatic cleanup: unknown resource type semlock
Traceback (most recent call last):
  File "/global/common/software/nersc/pe/conda-envs/26.1.0/python-3.13/nersc-python/lib/python3.13/multiprocessing/resource_tracker.py", line 371, in main
    raise ValueError(
        f'Cannot register {name} for automatic cleanup: '
        f'unknown resource type {rtype}')
ValueError: Cannot register /loky-1007697-ufwzwvn2 for automatic cleanup: unknown resource type semlock
Traceback (most recent call last):
  File "/global/common/software/nersc/pe/conda-envs/26.1.0/python-3.13/nersc-python/lib/python3.13/multiprocessing/resource_tracker.py", line 371, in main
    raise ValueError(
        f'Cannot register {name} for automatic cleanup: '
        f'unknown resource type {rtype}')
ValueError: Cannot register /loky-1007697-fbg12pyr for automatic cleanup: unknown resource type semlock
Traceback (most recent call last):
  File "/global/common/software/nersc/pe/conda-envs/26.1.0/python-3.13/nersc-python/lib/python3.13/multiprocessing/resource_tracker.py", line 371, in main
    raise ValueError(
        f'Cannot register {name} for automatic cleanup: '
        f'unknown resource type {rtype}')
ValueError: Cannot register /loky-1007697-n0vwglbu for automatic cleanup: unknown resource type semlock
Traceback (most recent call last):
  File "/global/common/software/nersc/pe/conda-envs/26.1.0/python-3.13/nersc-python/lib/python3.13/multiprocessing/resource_tracker.py", line 371, in main
    raise ValueError(
        f'Cannot register {name} for automatic cleanup: '
        f'unknown resource type {rtype}')
ValueError: Cannot register /dev/shm/joblib_memmapping_folder_1007697_573bb27654c94be2865ec74bf762393b_573371f3a93646109efa37f4600d966b for automatic cleanup: unknown resource type folder
Traceback (most recent call last):
  File "/global/common/software/nersc/pe/conda-envs/26.1.0/python-3.13/nersc-python/lib/python3.13/multiprocessing/resource_tracker.py", line 371, in main
    raise ValueError(
        f'Cannot register {name} for automatic cleanup: '
        f'unknown resource type {rtype}')
ValueError: Cannot register /loky-1007697-l5dal47q for automatic cleanup: unknown resource type semlock
Traceback (most recent call last):
  File "/global/common/software/nersc/pe/conda-envs/26.1.0/python-3.13/nersc-python/lib/python3.13/multiprocessing/resource_tracker.py", line 371, in main
    raise ValueError(
        f'Cannot register {name} for automatic cleanup: '
        f'unknown resource type {rtype}')
ValueError: Cannot register /loky-1007697-158j_y5l for automatic cleanup: unknown resource type semlock
Traceback (most recent call last):
  File "/global/common/software/nersc/pe/conda-envs/26.1.0/python-3.13/nersc-python/lib/python3.13/multiprocessing/resource_tracker.py", line 371, in main
    raise ValueError(
        f'Cannot register {name} for automatic cleanup: '
        f'unknown resource type {rtype}')
ValueError: Cannot register /loky-1007697-8nnhti3_ for automatic cleanup: unknown resource type semlock
Traceback (most recent call last):
  File "/global/common/software/nersc/pe/conda-envs/26.1.0/python-3.13/nersc-python/lib/python3.13/multiprocessing/resource_tracker.py", line 371, in main
    raise ValueError(
        f'Cannot register {name} for automatic cleanup: '
        f'unknown resource type {rtype}')
ValueError: Cannot register /loky-1007697-5h18w9xg for automatic cleanup: unknown resource type semlock
Traceback (most recent call last):
  File "/global/common/software/nersc/pe/conda-envs/26.1.0/python-3.13/nersc-python/lib/python3.13/multiprocessing/resource_tracker.py", line 371, in main
    raise ValueError(
        f'Cannot register {name} for automatic cleanup: '
        f'unknown resource type {rtype}')
ValueError: Cannot register /loky-1007697-9ix7u14l for automatic cleanup: unknown resource type semlock
Traceback (most recent call last):
  File "/global/common/software/nersc/pe/conda-envs/26.1.0/python-3.13/nersc-python/lib/python3.13/multiprocessing/resource_tracker.py", line 371, in main
    raise ValueError(
        f'Cannot register {name} for automatic cleanup: '
        f'unknown resource type {rtype}')
ValueError: Cannot register /loky-1007697-9o5znr5f for automatic cleanup: unknown resource type semlock
Traceback (most recent call last):
  File "/global/common/software/nersc/pe/conda-envs/26.1.0/python-3.13/nersc-python/lib/python3.13/multiprocessing/resource_tracker.py", line 371, in main
    raise ValueError(
        f'Cannot register {name} for automatic cleanup: '
        f'unknown resource type {rtype}')
ValueError: Cannot register /loky-1007697-nsw6jc6r for automatic cleanup: unknown resource type semlock
Traceback (most recent call last):
  File "/global/common/software/nersc/pe/conda-envs/26.1.0/python-3.13/nersc-python/lib/python3.13/multiprocessing/resource_tracker.py", line 371, in main
    raise ValueError(
        f'Cannot register {name} for automatic cleanup: '
        f'unknown resource type {rtype}')
ValueError: Cannot register /loky-1007697-1h8qv26q for automatic cleanup: unknown resource type semlock
Traceback (most recent call last):
  File "/global/common/software/nersc/pe/conda-envs/26.1.0/python-3.13/nersc-python/lib/python3.13/multiprocessing/resource_tracker.py", line 371, in main
    raise ValueError(
        f'Cannot register {name} for automatic cleanup: '
        f'unknown resource type {rtype}')
ValueError: Cannot register /loky-1007697-pfc5rxm4 for automatic cleanup: unknown resource type semlock
Traceback (most recent call last):
  File "/global/common/software/nersc/pe/conda-envs/26.1.0/python-3.13/nersc-python/lib/python3.13/multiprocessing/resource_tracker.py", line 371, in main
    raise ValueError(
        f'Cannot register {name} for automatic cleanup: '
        f'unknown resource type {rtype}')
ValueError: Cannot register /loky-1007697-mindba7o for automatic cleanup: unknown resource type semlock
Traceback (most recent call last):
  File "/global/common/software/nersc/pe/conda-envs/26.1.0/python-3.13/nersc-python/lib/python3.13/multiprocessing/resource_tracker.py", line 371, in main
    raise ValueError(
        f'Cannot register {name} for automatic cleanup: '
        f'unknown resource type {rtype}')
ValueError: Cannot register /loky-1007697-h7xyjwqo for automatic cleanup: unknown resource type semlock
Traceback (most recent call last):
  File "/global/common/software/nersc/pe/conda-envs/26.1.0/python-3.13/nersc-python/lib/python3.13/multiprocessing/resource_tracker.py", line 371, in main
    raise ValueError(
        f'Cannot register {name} for automatic cleanup: '
        f'unknown resource type {rtype}')
ValueError: Cannot register /loky-1007697-pnh9vhtr for automatic cleanup: unknown resource type semlock
Traceback (most recent call last):
  File "/global/common/software/nersc/pe/conda-envs/26.1.0/python-3.13/nersc-python/lib/python3.13/multiprocessing/resource_tracker.py", line 371, in main
    raise ValueError(
        f'Cannot register {name} for automatic cleanup: '
        f'unknown resource type {rtype}')
ValueError: Cannot register /loky-1007697-zd0h66u_ for automatic cleanup: unknown resource type semlock
Traceback (most recent call last):
  File "/global/common/software/nersc/pe/conda-envs/26.1.0/python-3.13/nersc-python/lib/python3.13/multiprocessing/resource_tracker.py", line 371, in main
    raise ValueError(
        f'Cannot register {name} for automatic cleanup: '
        f'unknown resource type {rtype}')
ValueError: Cannot register /loky-1007697-x9qbang9 for automatic cleanup: unknown resource type semlock
Traceback (most recent call last):
  File "/global/common/software/nersc/pe/conda-envs/26.1.0/python-3.13/nersc-python/lib/python3.13/multiprocessing/resource_tracker.py", line 371, in main
    raise ValueError(
        f'Cannot register {name} for automatic cleanup: '
        f'unknown resource type {rtype}')
ValueError: Cannot register /loky-1007697-y1il0rfp for automatic cleanup: unknown resource type semlock
Traceback (most recent call last):
  File "/global/common/software/nersc/pe/conda-envs/26.1.0/python-3.13/nersc-python/lib/python3.13/multiprocessing/resource_tracker.py", line 371, in main
    raise ValueError(
        f'Cannot register {name} for automatic cleanup: '
        f'unknown resource type {rtype}')
ValueError: Cannot register /loky-1007697-z_05iem1 for automatic cleanup: unknown resource type semlock
Traceback (most recent call last):
  File "/global/common/software/nersc/pe/conda-envs/26.1.0/python-3.13/nersc-python/lib/python3.13/multiprocessing/resource_tracker.py", line 371, in main
    raise ValueError(
        f'Cannot register {name} for automatic cleanup: '
        f'unknown resource type {rtype}')
ValueError: Cannot register /dev/shm/joblib_memmapping_folder_1517084_e614114c4f56442c9d77c0e5643b42d5_378fe90a2c2041e3ba18fce808f690c1 for automatic cleanup: unknown resource type folder
Traceback (most recent call last):
  File "/global/common/software/nersc/pe/conda-envs/26.1.0/python-3.13/nersc-python/lib/python3.13/multiprocessing/resource_tracker.py", line 371, in main
    raise ValueError(
        f'Cannot register {name} for automatic cleanup: '
        f'unknown resource type {rtype}')
ValueError: Cannot register /loky-1517084-s2oqrmmw for automatic cleanup: unknown resource type semlock
Traceback (most recent call last):
  File "/global/common/software/nersc/pe/conda-envs/26.1.0/python-3.13/nersc-python/lib/python3.13/multiprocessing/resource_tracker.py", line 371, in main
    raise ValueError(
        f'Cannot register {name} for automatic cleanup: '
        f'unknown resource type {rtype}')
ValueError: Cannot register /loky-1517084-i5som5mf for automatic cleanup: unknown resource type semlock
Traceback (most recent call last):
  File "/global/common/software/nersc/pe/conda-envs/26.1.0/python-3.13/nersc-python/lib/python3.13/multiprocessing/resource_tracker.py", line 371, in main
    raise ValueError(
        f'Cannot register {name} for automatic cleanup: '
        f'unknown resource type {rtype}')
ValueError: Cannot register /loky-1517084-d56phcxo for automatic cleanup: unknown resource type semlock
Traceback (most recent call last):
  File "/global/common/software/nersc/pe/conda-envs/26.1.0/python-3.13/nersc-python/lib/python3.13/multiprocessing/resource_tracker.py", line 371, in main
    raise ValueError(
        f'Cannot register {name} for automatic cleanup: '
        f'unknown resource type {rtype}')
ValueError: Cannot register /loky-1517084-7jk7njk4 for automatic cleanup: unknown resource type semlock
Traceback (most recent call last):
  File "/global/common/software/nersc/pe/conda-envs/26.1.0/python-3.13/nersc-python/lib/python3.13/multiprocessing/resource_tracker.py", line 371, in main
    raise ValueError(
        f'Cannot register {name} for automatic cleanup: '
        f'unknown resource type {rtype}')
ValueError: Cannot register /loky-1517084-1_rjf3qh for automatic cleanup: unknown resource type semlock
Traceback (most recent call last):
  File "/global/common/software/nersc/pe/conda-envs/26.1.0/python-3.13/nersc-python/lib/python3.13/multiprocessing/resource_tracker.py", line 371, in main
    raise ValueError(
        f'Cannot register {name} for automatic cleanup: '
        f'unknown resource type {rtype}')
ValueError: Cannot register /loky-1517084-xxqd8vr_ for automatic cleanup: unknown resource type semlock
Traceback (most recent call last):
  File "/global/common/software/nersc/pe/conda-envs/26.1.0/python-3.13/nersc-python/lib/python3.13/multiprocessing/resource_tracker.py", line 371, in main
    raise ValueError(
        f'Cannot register {name} for automatic cleanup: '
        f'unknown resource type {rtype}')
ValueError: Cannot register /dev/shm/joblib_memmapping_folder_1517084_e614114c4f56442c9d77c0e5643b42d5_afcf1d0d69b9411a9ba496fe4fcf0713 for automatic cleanup: unknown resource type folder
Traceback (most recent call last):
  File "/global/common/software/nersc/pe/conda-envs/26.1.0/python-3.13/nersc-python/lib/python3.13/multiprocessing/resource_tracker.py", line 371, in main
    raise ValueError(
        f'Cannot register {name} for automatic cleanup: '
        f'unknown resource type {rtype}')
ValueError: Cannot register /loky-1517084-6ssd1ekc for automatic cleanup: unknown resource type semlock
Traceback (most recent call last):
  File "/global/common/software/nersc/pe/conda-envs/26.1.0/python-3.13/nersc-python/lib/python3.13/multiprocessing/resource_tracker.py", line 371, in main
    raise ValueError(
        f'Cannot register {name} for automatic cleanup: '
        f'unknown resource type {rtype}')
ValueError: Cannot register /loky-1517084-6nlyy_ul for automatic cleanup: unknown resource type semlock
Traceback (most recent call last):
  File "/global/common/software/nersc/pe/conda-envs/26.1.0/python-3.13/nersc-python/lib/python3.13/multiprocessing/resource_tracker.py", line 371, in main
    raise ValueError(
        f'Cannot register {name} for automatic cleanup: '
        f'unknown resource type {rtype}')
ValueError: Cannot register /loky-1517084-3jzhy_p2 for automatic cleanup: unknown resource type semlock
Traceback (most recent call last):
  File "/global/common/software/nersc/pe/conda-envs/26.1.0/python-3.13/nersc-python/lib/python3.13/multiprocessing/resource_tracker.py", line 371, in main
    raise ValueError(
        f'Cannot register {name} for automatic cleanup: '
        f'unknown resource type {rtype}')
ValueError: Cannot register /loky-1517084-odj16ntv for automatic cleanup: unknown resource type semlock
Traceback (most recent call last):
  File "/global/common/software/nersc/pe/conda-envs/26.1.0/python-3.13/nersc-python/lib/python3.13/multiprocessing/resource_tracker.py", line 371, in main
    raise ValueError(
        f'Cannot register {name} for automatic cleanup: '
        f'unknown resource type {rtype}')
ValueError: Cannot register /loky-1517084-didc8z8c for automatic cleanup: unknown resource type semlock
Traceback (most recent call last):
  File "/global/common/software/nersc/pe/conda-envs/26.1.0/python-3.13/nersc-python/lib/python3.13/multiprocessing/resource_tracker.py", line 371, in main
    raise ValueError(
        f'Cannot register {name} for automatic cleanup: '
        f'unknown resource type {rtype}')
ValueError: Cannot register /loky-1517084-wtej9jtt for automatic cleanup: unknown resource type semlock
Traceback (most recent call last):
  File "/global/common/software/nersc/pe/conda-envs/26.1.0/python-3.13/nersc-python/lib/python3.13/multiprocessing/resource_tracker.py", line 371, in main
    raise ValueError(
        f'Cannot register {name} for automatic cleanup: '
        f'unknown resource type {rtype}')
ValueError: Cannot register /loky-1517084-to8z1hno for automatic cleanup: unknown resource type semlock
Traceback (most recent call last):
  File "/global/common/software/nersc/pe/conda-envs/26.1.0/python-3.13/nersc-python/lib/python3.13/multiprocessing/resource_tracker.py", line 371, in main
    raise ValueError(
        f'Cannot register {name} for automatic cleanup: '
        f'unknown resource type {rtype}')
ValueError: Cannot register /loky-1517084-9gc9hvcy for automatic cleanup: unknown resource type semlock
Traceback (most recent call last):
  File "/global/common/software/nersc/pe/conda-envs/26.1.0/python-3.13/nersc-python/lib/python3.13/multiprocessing/resource_tracker.py", line 371, in main
    raise ValueError(
        f'Cannot register {name} for automatic cleanup: '
        f'unknown resource type {rtype}')
ValueError: Cannot register /loky-1517084-2vkz9v30 for automatic cleanup: unknown resource type semlock
Traceback (most recent call last):
  File "/global/common/software/nersc/pe/conda-envs/26.1.0/python-3.13/nersc-python/lib/python3.13/multiprocessing/resource_tracker.py", line 371, in main
    raise ValueError(
        f'Cannot register {name} for automatic cleanup: '
        f'unknown resource type {rtype}')
ValueError: Cannot register /loky-1517084-csw9geni for automatic cleanup: unknown resource type semlock
Traceback (most recent call last):
  File "/global/common/software/nersc/pe/conda-envs/26.1.0/python-3.13/nersc-python/lib/python3.13/multiprocessing/resource_tracker.py", line 371, in main
    raise ValueError(
        f'Cannot register {name} for automatic cleanup: '
        f'unknown resource type {rtype}')
ValueError: Cannot register /loky-1517084-bz6ld6o4 for automatic cleanup: unknown resource type semlock
Traceback (most recent call last):
  File "/global/common/software/nersc/pe/conda-envs/26.1.0/python-3.13/nersc-python/lib/python3.13/multiprocessing/resource_tracker.py", line 371, in main
    raise ValueError(
        f'Cannot register {name} for automatic cleanup: '
        f'unknown resource type {rtype}')
ValueError: Cannot register /loky-1517084-ozyflbq9 for automatic cleanup: unknown resource type semlock
Traceback (most recent call last):
  File "/global/common/software/nersc/pe/conda-envs/26.1.0/python-3.13/nersc-python/lib/python3.13/multiprocessing/resource_tracker.py", line 371, in main
    raise ValueError(
        f'Cannot register {name} for automatic cleanup: '
        f'unknown resource type {rtype}')
ValueError: Cannot register /loky-1517084-wmbpglnj for automatic cleanup: unknown resource type semlock
Traceback (most recent call last):
  File "/global/common/software/nersc/pe/conda-envs/26.1.0/python-3.13/nersc-python/lib/python3.13/multiprocessing/resource_tracker.py", line 371, in main
    raise ValueError(
        f'Cannot register {name} for automatic cleanup: '
        f'unknown resource type {rtype}')
ValueError: Cannot register /loky-1517084-theodvlr for automatic cleanup: unknown resource type semlock
Traceback (most recent call last):
  File "/global/common/software/nersc/pe/conda-envs/26.1.0/python-3.13/nersc-python/lib/python3.13/multiprocessing/resource_tracker.py", line 371, in main
    raise ValueError(
        f'Cannot register {name} for automatic cleanup: '
        f'unknown resource type {rtype}')
ValueError: Cannot register /loky-1517084-cxvw3aut for automatic cleanup: unknown resource type semlock
Traceback (most recent call last):
  File "/global/common/software/nersc/pe/conda-envs/26.1.0/python-3.13/nersc-python/lib/python3.13/multiprocessing/resource_tracker.py", line 371, in main
    raise ValueError(
        f'Cannot register {name} for automatic cleanup: '
        f'unknown resource type {rtype}')
ValueError: Cannot register /loky-1517084-g_ptov4q for automatic cleanup: unknown resource type semlock
Traceback (most recent call last):
  File "/global/common/software/nersc/pe/conda-envs/26.1.0/python-3.13/nersc-python/lib/python3.13/multiprocessing/resource_tracker.py", line 371, in main
    raise ValueError(
        f'Cannot register {name} for automatic cleanup: '
        f'unknown resource type {rtype}')
ValueError: Cannot register /dev/shm/joblib_memmapping_folder_1668319_477c948eeb9442fd840d63fb1ca365b0_e674eef74d5744448391538218761370 for automatic cleanup: unknown resource type folder
Traceback (most recent call last):
  File "/global/common/software/nersc/pe/conda-envs/26.1.0/python-3.13/nersc-python/lib/python3.13/multiprocessing/resource_tracker.py", line 371, in main
    raise ValueError(
        f'Cannot register {name} for automatic cleanup: '
        f'unknown resource type {rtype}')
ValueError: Cannot register /loky-1668319-hx7rj6qu for automatic cleanup: unknown resource type semlock
Traceback (most recent call last):
  File "/global/common/software/nersc/pe/conda-envs/26.1.0/python-3.13/nersc-python/lib/python3.13/multiprocessing/resource_tracker.py", line 371, in main
    raise ValueError(
        f'Cannot register {name} for automatic cleanup: '
        f'unknown resource type {rtype}')
ValueError: Cannot register /loky-1668319-chlbjpxr for automatic cleanup: unknown resource type semlock
Traceback (most recent call last):
  File "/global/common/software/nersc/pe/conda-envs/26.1.0/python-3.13/nersc-python/lib/python3.13/multiprocessing/resource_tracker.py", line 371, in main
    raise ValueError(
        f'Cannot register {name} for automatic cleanup: '
        f'unknown resource type {rtype}')
ValueError: Cannot register /loky-1668319-uc49rext for automatic cleanup: unknown resource type semlock
Traceback (most recent call last):
  File "/global/common/software/nersc/pe/conda-envs/26.1.0/python-3.13/nersc-python/lib/python3.13/multiprocessing/resource_tracker.py", line 371, in main
    raise ValueError(
        f'Cannot register {name} for automatic cleanup: '
        f'unknown resource type {rtype}')
ValueError: Cannot register /loky-1668319-a3dcrmz_ for automatic cleanup: unknown resource type semlock
Traceback (most recent call last):
  File "/global/common/software/nersc/pe/conda-envs/26.1.0/python-3.13/nersc-python/lib/python3.13/multiprocessing/resource_tracker.py", line 371, in main
    raise ValueError(
        f'Cannot register {name} for automatic cleanup: '
        f'unknown resource type {rtype}')
ValueError: Cannot register /loky-1668319-lcxb3gwp for automatic cleanup: unknown resource type semlock
Traceback (most recent call last):
  File "/global/common/software/nersc/pe/conda-envs/26.1.0/python-3.13/nersc-python/lib/python3.13/multiprocessing/resource_tracker.py", line 371, in main
    raise ValueError(
        f'Cannot register {name} for automatic cleanup: '
        f'unknown resource type {rtype}')
ValueError: Cannot register /loky-1668319-qyoqeifv for automatic cleanup: unknown resource type semlock
Traceback (most recent call last):
  File "/global/common/software/nersc/pe/conda-envs/26.1.0/python-3.13/nersc-python/lib/python3.13/multiprocessing/resource_tracker.py", line 371, in main
    raise ValueError(
        f'Cannot register {name} for automatic cleanup: '
        f'unknown resource type {rtype}')
ValueError: Cannot register /dev/shm/joblib_memmapping_folder_1668319_477c948eeb9442fd840d63fb1ca365b0_c4deec2f29bf4e3bb25661507649e817 for automatic cleanup: unknown resource type folder
Traceback (most recent call last):
  File "/global/common/software/nersc/pe/conda-envs/26.1.0/python-3.13/nersc-python/lib/python3.13/multiprocessing/resource_tracker.py", line 371, in main
    raise ValueError(
        f'Cannot register {name} for automatic cleanup: '
        f'unknown resource type {rtype}')
ValueError: Cannot register /loky-1668319-dhexrwol for automatic cleanup: unknown resource type semlock
Traceback (most recent call last):
  File "/global/common/software/nersc/pe/conda-envs/26.1.0/python-3.13/nersc-python/lib/python3.13/multiprocessing/resource_tracker.py", line 371, in main
    raise ValueError(
        f'Cannot register {name} for automatic cleanup: '
        f'unknown resource type {rtype}')
ValueError: Cannot register /loky-1668319-4j26h0f6 for automatic cleanup: unknown resource type semlock
Traceback (most recent call last):
  File "/global/common/software/nersc/pe/conda-envs/26.1.0/python-3.13/nersc-python/lib/python3.13/multiprocessing/resource_tracker.py", line 371, in main
    raise ValueError(
        f'Cannot register {name} for automatic cleanup: '
        f'unknown resource type {rtype}')
ValueError: Cannot register /loky-1668319-1tn3qggu for automatic cleanup: unknown resource type semlock
Traceback (most recent call last):
  File "/global/common/software/nersc/pe/conda-envs/26.1.0/python-3.13/nersc-python/lib/python3.13/multiprocessing/resource_tracker.py", line 371, in main
    raise ValueError(
        f'Cannot register {name} for automatic cleanup: '
        f'unknown resource type {rtype}')
ValueError: Cannot register /loky-1668319-kzmfd4r1 for automatic cleanup: unknown resource type semlock
Traceback (most recent call last):
  File "/global/common/software/nersc/pe/conda-envs/26.1.0/python-3.13/nersc-python/lib/python3.13/multiprocessing/resource_tracker.py", line 371, in main
    raise ValueError(
        f'Cannot register {name} for automatic cleanup: '
        f'unknown resource type {rtype}')
ValueError: Cannot register /loky-1668319-kkjyz6lu for automatic cleanup: unknown resource type semlock
Traceback (most recent call last):
  File "/global/common/software/nersc/pe/conda-envs/26.1.0/python-3.13/nersc-python/lib/python3.13/multiprocessing/resource_tracker.py", line 371, in main
    raise ValueError(
        f'Cannot register {name} for automatic cleanup: '
        f'unknown resource type {rtype}')
ValueError: Cannot register /loky-1668319-agyom8t2 for automatic cleanup: unknown resource type semlock
Traceback (most recent call last):
  File "/global/common/software/nersc/pe/conda-envs/26.1.0/python-3.13/nersc-python/lib/python3.13/multiprocessing/resource_tracker.py", line 371, in main
    raise ValueError(
        f'Cannot register {name} for automatic cleanup: '
        f'unknown resource type {rtype}')
ValueError: Cannot register /loky-1668319-feej0f9a for automatic cleanup: unknown resource type semlock
Traceback (most recent call last):
  File "/global/common/software/nersc/pe/conda-envs/26.1.0/python-3.13/nersc-python/lib/python3.13/multiprocessing/resource_tracker.py", line 371, in main
    raise ValueError(
        f'Cannot register {name} for automatic cleanup: '
        f'unknown resource type {rtype}')
ValueError: Cannot register /loky-1668319-rk2pj_pc for automatic cleanup: unknown resource type semlock
Traceback (most recent call last):
  File "/global/common/software/nersc/pe/conda-envs/26.1.0/python-3.13/nersc-python/lib/python3.13/multiprocessing/resource_tracker.py", line 371, in main
    raise ValueError(
        f'Cannot register {name} for automatic cleanup: '
        f'unknown resource type {rtype}')
ValueError: Cannot register /loky-1668319-0jznewrl for automatic cleanup: unknown resource type semlock
Traceback (most recent call last):
  File "/global/common/software/nersc/pe/conda-envs/26.1.0/python-3.13/nersc-python/lib/python3.13/multiprocessing/resource_tracker.py", line 371, in main
    raise ValueError(
        f'Cannot register {name} for automatic cleanup: '
        f'unknown resource type {rtype}')
ValueError: Cannot register /loky-1668319-u60pzj62 for automatic cleanup: unknown resource type semlock
Traceback (most recent call last):
  File "/global/common/software/nersc/pe/conda-envs/26.1.0/python-3.13/nersc-python/lib/python3.13/multiprocessing/resource_tracker.py", line 371, in main
    raise ValueError(
        f'Cannot register {name} for automatic cleanup: '
        f'unknown resource type {rtype}')
ValueError: Cannot register /loky-1668319-b1fiv86n for automatic cleanup: unknown resource type semlock
Traceback (most recent call last):
  File "/global/common/software/nersc/pe/conda-envs/26.1.0/python-3.13/nersc-python/lib/python3.13/multiprocessing/resource_tracker.py", line 371, in main
    raise ValueError(
        f'Cannot register {name} for automatic cleanup: '
        f'unknown resource type {rtype}')
ValueError: Cannot register /loky-1668319-db57xfth for automatic cleanup: unknown resource type semlock
Traceback (most recent call last):
  File "/global/common/software/nersc/pe/conda-envs/26.1.0/python-3.13/nersc-python/lib/python3.13/multiprocessing/resource_tracker.py", line 371, in main
    raise ValueError(
        f'Cannot register {name} for automatic cleanup: '
        f'unknown resource type {rtype}')
ValueError: Cannot register /loky-1668319-q75vkcj9 for automatic cleanup: unknown resource type semlock
Traceback (most recent call last):
  File "/global/common/software/nersc/pe/conda-envs/26.1.0/python-3.13/nersc-python/lib/python3.13/multiprocessing/resource_tracker.py", line 371, in main
    raise ValueError(
        f'Cannot register {name} for automatic cleanup: '
        f'unknown resource type {rtype}')
ValueError: Cannot register /loky-1668319-c47lsota for automatic cleanup: unknown resource type semlock
Traceback (most recent call last):
  File "/global/common/software/nersc/pe/conda-envs/26.1.0/python-3.13/nersc-python/lib/python3.13/multiprocessing/resource_tracker.py", line 371, in main
    raise ValueError(
        f'Cannot register {name} for automatic cleanup: '
        f'unknown resource type {rtype}')
ValueError: Cannot register /loky-1668319-zqar37kr for automatic cleanup: unknown resource type semlock
Traceback (most recent call last):
  File "/global/common/software/nersc/pe/conda-envs/26.1.0/python-3.13/nersc-python/lib/python3.13/multiprocessing/resource_tracker.py", line 371, in main
    raise ValueError(
        f'Cannot register {name} for automatic cleanup: '
        f'unknown resource type {rtype}')
ValueError: Cannot register /loky-1668319-nmnhmn08 for automatic cleanup: unknown resource type semlock
Traceback (most recent call last):
  File "/global/common/software/nersc/pe/conda-envs/26.1.0/python-3.13/nersc-python/lib/python3.13/multiprocessing/resource_tracker.py", line 371, in main
    raise ValueError(
        f'Cannot register {name} for automatic cleanup: '
        f'unknown resource type {rtype}')
ValueError: Cannot register /dev/shm/joblib_memmapping_folder_1351541_60b47aeb309e41bebf835fa0edb744cb_fe1636972c55451abbc664d18d008d20 for automatic cleanup: unknown resource type folder
Traceback (most recent call last):
  File "/global/common/software/nersc/pe/conda-envs/26.1.0/python-3.13/nersc-python/lib/python3.13/multiprocessing/resource_tracker.py", line 371, in main
    raise ValueError(
        f'Cannot register {name} for automatic cleanup: '
        f'unknown resource type {rtype}')
ValueError: Cannot register /loky-1351541-2xj0co43 for automatic cleanup: unknown resource type semlock
Traceback (most recent call last):
  File "/global/common/software/nersc/pe/conda-envs/26.1.0/python-3.13/nersc-python/lib/python3.13/multiprocessing/resource_tracker.py", line 371, in main
    raise ValueError(
        f'Cannot register {name} for automatic cleanup: '
        f'unknown resource type {rtype}')
ValueError: Cannot register /loky-1351541-lybx5nis for automatic cleanup: unknown resource type semlock
Traceback (most recent call last):
  File "/global/common/software/nersc/pe/conda-envs/26.1.0/python-3.13/nersc-python/lib/python3.13/multiprocessing/resource_tracker.py", line 371, in main
    raise ValueError(
        f'Cannot register {name} for automatic cleanup: '
        f'unknown resource type {rtype}')
ValueError: Cannot register /loky-1351541-en2fnutv for automatic cleanup: unknown resource type semlock
Traceback (most recent call last):
  File "/global/common/software/nersc/pe/conda-envs/26.1.0/python-3.13/nersc-python/lib/python3.13/multiprocessing/resource_tracker.py", line 371, in main
    raise ValueError(
        f'Cannot register {name} for automatic cleanup: '
        f'unknown resource type {rtype}')
ValueError: Cannot register /loky-1351541-kbmu2ys7 for automatic cleanup: unknown resource type semlock
Traceback (most recent call last):
  File "/global/common/software/nersc/pe/conda-envs/26.1.0/python-3.13/nersc-python/lib/python3.13/multiprocessing/resource_tracker.py", line 371, in main
    raise ValueError(
        f'Cannot register {name} for automatic cleanup: '
        f'unknown resource type {rtype}')
ValueError: Cannot register /loky-1351541-sdt_xs17 for automatic cleanup: unknown resource type semlock
Traceback (most recent call last):
  File "/global/common/software/nersc/pe/conda-envs/26.1.0/python-3.13/nersc-python/lib/python3.13/multiprocessing/resource_tracker.py", line 371, in main
    raise ValueError(
        f'Cannot register {name} for automatic cleanup: '
        f'unknown resource type {rtype}')
ValueError: Cannot register /loky-1351541-bd52h8yv for automatic cleanup: unknown resource type semlock
Traceback (most recent call last):
  File "/global/common/software/nersc/pe/conda-envs/26.1.0/python-3.13/nersc-python/lib/python3.13/multiprocessing/resource_tracker.py", line 371, in main
    raise ValueError(
        f'Cannot register {name} for automatic cleanup: '
        f'unknown resource type {rtype}')
ValueError: Cannot register /dev/shm/joblib_memmapping_folder_1351541_60b47aeb309e41bebf835fa0edb744cb_66c74001f5fc4cd08ad0a042f09c2ebe for automatic cleanup: unknown resource type folder
Traceback (most recent call last):
  File "/global/common/software/nersc/pe/conda-envs/26.1.0/python-3.13/nersc-python/lib/python3.13/multiprocessing/resource_tracker.py", line 371, in main
    raise ValueError(
        f'Cannot register {name} for automatic cleanup: '
        f'unknown resource type {rtype}')
ValueError: Cannot register /loky-1351541-kb8ronqb for automatic cleanup: unknown resource type semlock
Traceback (most recent call last):
  File "/global/common/software/nersc/pe/conda-envs/26.1.0/python-3.13/nersc-python/lib/python3.13/multiprocessing/resource_tracker.py", line 371, in main
    raise ValueError(
        f'Cannot register {name} for automatic cleanup: '
        f'unknown resource type {rtype}')
ValueError: Cannot register /loky-1351541-2oo7vga6 for automatic cleanup: unknown resource type semlock
Traceback (most recent call last):
  File "/global/common/software/nersc/pe/conda-envs/26.1.0/python-3.13/nersc-python/lib/python3.13/multiprocessing/resource_tracker.py", line 371, in main
    raise ValueError(
        f'Cannot register {name} for automatic cleanup: '
        f'unknown resource type {rtype}')
ValueError: Cannot register /loky-1351541-0wfl6asy for automatic cleanup: unknown resource type semlock
Traceback (most recent call last):
  File "/global/common/software/nersc/pe/conda-envs/26.1.0/python-3.13/nersc-python/lib/python3.13/multiprocessing/resource_tracker.py", line 371, in main
    raise ValueError(
        f'Cannot register {name} for automatic cleanup: '
        f'unknown resource type {rtype}')
ValueError: Cannot register /loky-1351541-ttrmbawf for automatic cleanup: unknown resource type semlock
Traceback (most recent call last):
  File "/global/common/software/nersc/pe/conda-envs/26.1.0/python-3.13/nersc-python/lib/python3.13/multiprocessing/resource_tracker.py", line 371, in main
    raise ValueError(
        f'Cannot register {name} for automatic cleanup: '
        f'unknown resource type {rtype}')
ValueError: Cannot register /loky-1351541-7gejunm8 for automatic cleanup: unknown resource type semlock
Traceback (most recent call last):
  File "/global/common/software/nersc/pe/conda-envs/26.1.0/python-3.13/nersc-python/lib/python3.13/multiprocessing/resource_tracker.py", line 371, in main
    raise ValueError(
        f'Cannot register {name} for automatic cleanup: '
        f'unknown resource type {rtype}')
ValueError: Cannot register /loky-1351541-pvco4c_m for automatic cleanup: unknown resource type semlock
Traceback (most recent call last):
  File "/global/common/software/nersc/pe/conda-envs/26.1.0/python-3.13/nersc-python/lib/python3.13/multiprocessing/resource_tracker.py", line 371, in main
    raise ValueError(
        f'Cannot register {name} for automatic cleanup: '
        f'unknown resource type {rtype}')
ValueError: Cannot register /loky-1351541-062xdpq5 for automatic cleanup: unknown resource type semlock
Traceback (most recent call last):
  File "/global/common/software/nersc/pe/conda-envs/26.1.0/python-3.13/nersc-python/lib/python3.13/multiprocessing/resource_tracker.py", line 371, in main
    raise ValueError(
        f'Cannot register {name} for automatic cleanup: '
        f'unknown resource type {rtype}')
ValueError: Cannot register /loky-1351541-8bdirhdm for automatic cleanup: unknown resource type semlock
Traceback (most recent call last):
  File "/global/common/software/nersc/pe/conda-envs/26.1.0/python-3.13/nersc-python/lib/python3.13/multiprocessing/resource_tracker.py", line 371, in main
    raise ValueError(
        f'Cannot register {name} for automatic cleanup: '
        f'unknown resource type {rtype}')
ValueError: Cannot register /loky-1351541-yp_xrwwx for automatic cleanup: unknown resource type semlock
Traceback (most recent call last):
  File "/global/common/software/nersc/pe/conda-envs/26.1.0/python-3.13/nersc-python/lib/python3.13/multiprocessing/resource_tracker.py", line 371, in main
    raise ValueError(
        f'Cannot register {name} for automatic cleanup: '
        f'unknown resource type {rtype}')
ValueError: Cannot register /loky-1351541-vkb9h_l6 for automatic cleanup: unknown resource type semlock
Traceback (most recent call last):
  File "/global/common/software/nersc/pe/conda-envs/26.1.0/python-3.13/nersc-python/lib/python3.13/multiprocessing/resource_tracker.py", line 371, in main
    raise ValueError(
        f'Cannot register {name} for automatic cleanup: '
        f'unknown resource type {rtype}')
ValueError: Cannot register /loky-1351541-tzv3bpyc for automatic cleanup: unknown resource type semlock
Traceback (most recent call last):
  File "/global/common/software/nersc/pe/conda-envs/26.1.0/python-3.13/nersc-python/lib/python3.13/multiprocessing/resource_tracker.py", line 371, in main
    raise ValueError(
        f'Cannot register {name} for automatic cleanup: '
        f'unknown resource type {rtype}')
ValueError: Cannot register /loky-1351541-itz2zbmg for automatic cleanup: unknown resource type semlock
Traceback (most recent call last):
  File "/global/common/software/nersc/pe/conda-envs/26.1.0/python-3.13/nersc-python/lib/python3.13/multiprocessing/resource_tracker.py", line 371, in main
    raise ValueError(
        f'Cannot register {name} for automatic cleanup: '
        f'unknown resource type {rtype}')
ValueError: Cannot register /loky-1351541-rcdn56m0 for automatic cleanup: unknown resource type semlock
Traceback (most recent call last):
  File "/global/common/software/nersc/pe/conda-envs/26.1.0/python-3.13/nersc-python/lib/python3.13/multiprocessing/resource_tracker.py", line 371, in main
    raise ValueError(
        f'Cannot register {name} for automatic cleanup: '
        f'unknown resource type {rtype}')
ValueError: Cannot register /loky-1351541-qd09eosm for automatic cleanup: unknown resource type semlock
Traceback (most recent call last):
  File "/global/common/software/nersc/pe/conda-envs/26.1.0/python-3.13/nersc-python/lib/python3.13/multiprocessing/resource_tracker.py", line 371, in main
    raise ValueError(
        f'Cannot register {name} for automatic cleanup: '
        f'unknown resource type {rtype}')
ValueError: Cannot register /loky-1351541-gi2t5q53 for automatic cleanup: unknown resource type semlock
Traceback (most recent call last):
  File "/global/common/software/nersc/pe/conda-envs/26.1.0/python-3.13/nersc-python/lib/python3.13/multiprocessing/resource_tracker.py", line 371, in main
    raise ValueError(
        f'Cannot register {name} for automatic cleanup: '
        f'unknown resource type {rtype}')
ValueError: Cannot register /loky-1351541-kgmkdk5f for automatic cleanup: unknown resource type semlock
Traceback (most recent call last):
  File "/global/common/software/nersc/pe/conda-envs/26.1.0/python-3.13/nersc-python/lib/python3.13/multiprocessing/resource_tracker.py", line 371, in main
    raise ValueError(
        f'Cannot register {name} for automatic cleanup: '
        f'unknown resource type {rtype}')
ValueError: Cannot register /dev/shm/joblib_memmapping_folder_1684244_18ca34a3a7db4d72ac950402ca3a5f69_a0145b0de72a4cc2aa450ea92541dc73 for automatic cleanup: unknown resource type folder
Traceback (most recent call last):
  File "/global/common/software/nersc/pe/conda-envs/26.1.0/python-3.13/nersc-python/lib/python3.13/multiprocessing/resource_tracker.py", line 371, in main
    raise ValueError(
        f'Cannot register {name} for automatic cleanup: '
        f'unknown resource type {rtype}')
ValueError: Cannot register /loky-1684244-_qlcx7kw for automatic cleanup: unknown resource type semlock
Traceback (most recent call last):
  File "/global/common/software/nersc/pe/conda-envs/26.1.0/python-3.13/nersc-python/lib/python3.13/multiprocessing/resource_tracker.py", line 371, in main
    raise ValueError(
        f'Cannot register {name} for automatic cleanup: '
        f'unknown resource type {rtype}')
ValueError: Cannot register /loky-1684244-vwwlxkp8 for automatic cleanup: unknown resource type semlock
Traceback (most recent call last):
  File "/global/common/software/nersc/pe/conda-envs/26.1.0/python-3.13/nersc-python/lib/python3.13/multiprocessing/resource_tracker.py", line 371, in main
    raise ValueError(
        f'Cannot register {name} for automatic cleanup: '
        f'unknown resource type {rtype}')
ValueError: Cannot register /loky-1684244-ecqxo_kq for automatic cleanup: unknown resource type semlock
Traceback (most recent call last):
  File "/global/common/software/nersc/pe/conda-envs/26.1.0/python-3.13/nersc-python/lib/python3.13/multiprocessing/resource_tracker.py", line 371, in main
    raise ValueError(
        f'Cannot register {name} for automatic cleanup: '
        f'unknown resource type {rtype}')
ValueError: Cannot register /loky-1684244-7rc30b01 for automatic cleanup: unknown resource type semlock
Traceback (most recent call last):
  File "/global/common/software/nersc/pe/conda-envs/26.1.0/python-3.13/nersc-python/lib/python3.13/multiprocessing/resource_tracker.py", line 371, in main
    raise ValueError(
        f'Cannot register {name} for automatic cleanup: '
        f'unknown resource type {rtype}')
ValueError: Cannot register /loky-1684244-lh6notsk for automatic cleanup: unknown resource type semlock
Traceback (most recent call last):
  File "/global/common/software/nersc/pe/conda-envs/26.1.0/python-3.13/nersc-python/lib/python3.13/multiprocessing/resource_tracker.py", line 371, in main
    raise ValueError(
        f'Cannot register {name} for automatic cleanup: '
        f'unknown resource type {rtype}')
ValueError: Cannot register /loky-1684244-fzo1wcl2 for automatic cleanup: unknown resource type semlock
Traceback (most recent call last):
  File "/global/common/software/nersc/pe/conda-envs/26.1.0/python-3.13/nersc-python/lib/python3.13/multiprocessing/resource_tracker.py", line 371, in main
    raise ValueError(
        f'Cannot register {name} for automatic cleanup: '
        f'unknown resource type {rtype}')
ValueError: Cannot register /dev/shm/joblib_memmapping_folder_1684244_18ca34a3a7db4d72ac950402ca3a5f69_9c27c84f5d844ffda17cf5c09bcae7c3 for automatic cleanup: unknown resource type folder
Traceback (most recent call last):
  File "/global/common/software/nersc/pe/conda-envs/26.1.0/python-3.13/nersc-python/lib/python3.13/multiprocessing/resource_tracker.py", line 371, in main
    raise ValueError(
        f'Cannot register {name} for automatic cleanup: '
        f'unknown resource type {rtype}')
ValueError: Cannot register /loky-1684244-rl4msnwt for automatic cleanup: unknown resource type semlock
Traceback (most recent call last):
  File "/global/common/software/nersc/pe/conda-envs/26.1.0/python-3.13/nersc-python/lib/python3.13/multiprocessing/resource_tracker.py", line 371, in main
    raise ValueError(
        f'Cannot register {name} for automatic cleanup: '
        f'unknown resource type {rtype}')
ValueError: Cannot register /loky-1684244-40ys9vuo for automatic cleanup: unknown resource type semlock
Traceback (most recent call last):
  File "/global/common/software/nersc/pe/conda-envs/26.1.0/python-3.13/nersc-python/lib/python3.13/multiprocessing/resource_tracker.py", line 371, in main
    raise ValueError(
        f'Cannot register {name} for automatic cleanup: '
        f'unknown resource type {rtype}')
ValueError: Cannot register /loky-1684244-6twt7dd1 for automatic cleanup: unknown resource type semlock
Traceback (most recent call last):
  File "/global/common/software/nersc/pe/conda-envs/26.1.0/python-3.13/nersc-python/lib/python3.13/multiprocessing/resource_tracker.py", line 371, in main
    raise ValueError(
        f'Cannot register {name} for automatic cleanup: '
        f'unknown resource type {rtype}')
ValueError: Cannot register /loky-1684244-gsx1tbzo for automatic cleanup: unknown resource type semlock
Traceback (most recent call last):
  File "/global/common/software/nersc/pe/conda-envs/26.1.0/python-3.13/nersc-python/lib/python3.13/multiprocessing/resource_tracker.py", line 371, in main
    raise ValueError(
        f'Cannot register {name} for automatic cleanup: '
        f'unknown resource type {rtype}')
ValueError: Cannot register /loky-1684244-nkw8rqlz for automatic cleanup: unknown resource type semlock
Traceback (most recent call last):
  File "/global/common/software/nersc/pe/conda-envs/26.1.0/python-3.13/nersc-python/lib/python3.13/multiprocessing/resource_tracker.py", line 371, in main
    raise ValueError(
        f'Cannot register {name} for automatic cleanup: '
        f'unknown resource type {rtype}')
ValueError: Cannot register /loky-1684244-2i7i9kfc for automatic cleanup: unknown resource type semlock
Traceback (most recent call last):
  File "/global/common/software/nersc/pe/conda-envs/26.1.0/python-3.13/nersc-python/lib/python3.13/multiprocessing/resource_tracker.py", line 371, in main
    raise ValueError(
        f'Cannot register {name} for automatic cleanup: '
        f'unknown resource type {rtype}')
ValueError: Cannot register /loky-1684244-ufxej_46 for automatic cleanup: unknown resource type semlock
Traceback (most recent call last):
  File "/global/common/software/nersc/pe/conda-envs/26.1.0/python-3.13/nersc-python/lib/python3.13/multiprocessing/resource_tracker.py", line 371, in main
    raise ValueError(
        f'Cannot register {name} for automatic cleanup: '
        f'unknown resource type {rtype}')
ValueError: Cannot register /loky-1684244-xfqte_do for automatic cleanup: unknown resource type semlock
Traceback (most recent call last):
  File "/global/common/software/nersc/pe/conda-envs/26.1.0/python-3.13/nersc-python/lib/python3.13/multiprocessing/resource_tracker.py", line 371, in main
    raise ValueError(
        f'Cannot register {name} for automatic cleanup: '
        f'unknown resource type {rtype}')
ValueError: Cannot register /loky-1684244-tfalelqy for automatic cleanup: unknown resource type semlock
Traceback (most recent call last):
  File "/global/common/software/nersc/pe/conda-envs/26.1.0/python-3.13/nersc-python/lib/python3.13/multiprocessing/resource_tracker.py", line 371, in main
    raise ValueError(
        f'Cannot register {name} for automatic cleanup: '
        f'unknown resource type {rtype}')
ValueError: Cannot register /loky-1684244-vfb7d8a0 for automatic cleanup: unknown resource type semlock
Traceback (most recent call last):
  File "/global/common/software/nersc/pe/conda-envs/26.1.0/python-3.13/nersc-python/lib/python3.13/multiprocessing/resource_tracker.py", line 371, in main
    raise ValueError(
        f'Cannot register {name} for automatic cleanup: '
        f'unknown resource type {rtype}')
ValueError: Cannot register /loky-1684244-_ua4ryd7 for automatic cleanup: unknown resource type semlock
Traceback (most recent call last):
  File "/global/common/software/nersc/pe/conda-envs/26.1.0/python-3.13/nersc-python/lib/python3.13/multiprocessing/resource_tracker.py", line 371, in main
    raise ValueError(
        f'Cannot register {name} for automatic cleanup: '
        f'unknown resource type {rtype}')
ValueError: Cannot register /loky-1684244-m3pncsub for automatic cleanup: unknown resource type semlock
Traceback (most recent call last):
  File "/global/common/software/nersc/pe/conda-envs/26.1.0/python-3.13/nersc-python/lib/python3.13/multiprocessing/resource_tracker.py", line 371, in main
    raise ValueError(
        f'Cannot register {name} for automatic cleanup: '
        f'unknown resource type {rtype}')
ValueError: Cannot register /loky-1684244-dxlxzr95 for automatic cleanup: unknown resource type semlock
Traceback (most recent call last):
  File "/global/common/software/nersc/pe/conda-envs/26.1.0/python-3.13/nersc-python/lib/python3.13/multiprocessing/resource_tracker.py", line 371, in main
    raise ValueError(
        f'Cannot register {name} for automatic cleanup: '
        f'unknown resource type {rtype}')
ValueError: Cannot register /loky-1684244-jq4x0qq5 for automatic cleanup: unknown resource type semlock
Traceback (most recent call last):
  File "/global/common/software/nersc/pe/conda-envs/26.1.0/python-3.13/nersc-python/lib/python3.13/multiprocessing/resource_tracker.py", line 371, in main
    raise ValueError(
        f'Cannot register {name} for automatic cleanup: '
        f'unknown resource type {rtype}')
ValueError: Cannot register /loky-1684244-yw779m4u for automatic cleanup: unknown resource type semlock
Traceback (most recent call last):
  File "/global/common/software/nersc/pe/conda-envs/26.1.0/python-3.13/nersc-python/lib/python3.13/multiprocessing/resource_tracker.py", line 371, in main
    raise ValueError(
        f'Cannot register {name} for automatic cleanup: '
        f'unknown resource type {rtype}')
ValueError: Cannot register /loky-1684244-fh82dpio for automatic cleanup: unknown resource type semlock
Traceback (most recent call last):
  File "/global/common/software/nersc/pe/conda-envs/26.1.0/python-3.13/nersc-python/lib/python3.13/multiprocessing/resource_tracker.py", line 371, in main
    raise ValueError(
        f'Cannot register {name} for automatic cleanup: '
        f'unknown resource type {rtype}')
ValueError: Cannot register /dev/shm/joblib_memmapping_folder_2091410_fee3e819924a4a36b15c30772d07fdec_8fe02f27e98d477f8856d1a53ad691df for automatic cleanup: unknown resource type folder
Traceback (most recent call last):
  File "/global/common/software/nersc/pe/conda-envs/26.1.0/python-3.13/nersc-python/lib/python3.13/multiprocessing/resource_tracker.py", line 371, in main
    raise ValueError(
        f'Cannot register {name} for automatic cleanup: '
        f'unknown resource type {rtype}')
ValueError: Cannot register /loky-2091410-i73w_30e for automatic cleanup: unknown resource type semlock
Traceback (most recent call last):
  File "/global/common/software/nersc/pe/conda-envs/26.1.0/python-3.13/nersc-python/lib/python3.13/multiprocessing/resource_tracker.py", line 371, in main
    raise ValueError(
        f'Cannot register {name} for automatic cleanup: '
        f'unknown resource type {rtype}')
ValueError: Cannot register /loky-2091410-vzsp2olp for automatic cleanup: unknown resource type semlock
Traceback (most recent call last):
  File "/global/common/software/nersc/pe/conda-envs/26.1.0/python-3.13/nersc-python/lib/python3.13/multiprocessing/resource_tracker.py", line 371, in main
    raise ValueError(
        f'Cannot register {name} for automatic cleanup: '
        f'unknown resource type {rtype}')
ValueError: Cannot register /loky-2091410-5hxmzamm for automatic cleanup: unknown resource type semlock
Traceback (most recent call last):
  File "/global/common/software/nersc/pe/conda-envs/26.1.0/python-3.13/nersc-python/lib/python3.13/multiprocessing/resource_tracker.py", line 371, in main
    raise ValueError(
        f'Cannot register {name} for automatic cleanup: '
        f'unknown resource type {rtype}')
ValueError: Cannot register /loky-2091410-289x0cb1 for automatic cleanup: unknown resource type semlock
Traceback (most recent call last):
  File "/global/common/software/nersc/pe/conda-envs/26.1.0/python-3.13/nersc-python/lib/python3.13/multiprocessing/resource_tracker.py", line 371, in main
    raise ValueError(
        f'Cannot register {name} for automatic cleanup: '
        f'unknown resource type {rtype}')
ValueError: Cannot register /loky-2091410-jvz3flhf for automatic cleanup: unknown resource type semlock
Traceback (most recent call last):
  File "/global/common/software/nersc/pe/conda-envs/26.1.0/python-3.13/nersc-python/lib/python3.13/multiprocessing/resource_tracker.py", line 371, in main
    raise ValueError(
        f'Cannot register {name} for automatic cleanup: '
        f'unknown resource type {rtype}')
ValueError: Cannot register /loky-2091410-dys5n0x0 for automatic cleanup: unknown resource type semlock
Traceback (most recent call last):
  File "/global/common/software/nersc/pe/conda-envs/26.1.0/python-3.13/nersc-python/lib/python3.13/multiprocessing/resource_tracker.py", line 371, in main
    raise ValueError(
        f'Cannot register {name} for automatic cleanup: '
        f'unknown resource type {rtype}')
ValueError: Cannot register /dev/shm/joblib_memmapping_folder_2091410_fee3e819924a4a36b15c30772d07fdec_34ace3411ce5461f9764993d49b7ba4c for automatic cleanup: unknown resource type folder
Traceback (most recent call last):
  File "/global/common/software/nersc/pe/conda-envs/26.1.0/python-3.13/nersc-python/lib/python3.13/multiprocessing/resource_tracker.py", line 371, in main
    raise ValueError(
        f'Cannot register {name} for automatic cleanup: '
        f'unknown resource type {rtype}')
ValueError: Cannot register /loky-2091410-b_hp9r7p for automatic cleanup: unknown resource type semlock
Traceback (most recent call last):
  File "/global/common/software/nersc/pe/conda-envs/26.1.0/python-3.13/nersc-python/lib/python3.13/multiprocessing/resource_tracker.py", line 371, in main
    raise ValueError(
        f'Cannot register {name} for automatic cleanup: '
        f'unknown resource type {rtype}')
ValueError: Cannot register /loky-2091410-3bsso_jj for automatic cleanup: unknown resource type semlock
Traceback (most recent call last):
  File "/global/common/software/nersc/pe/conda-envs/26.1.0/python-3.13/nersc-python/lib/python3.13/multiprocessing/resource_tracker.py", line 371, in main
    raise ValueError(
        f'Cannot register {name} for automatic cleanup: '
        f'unknown resource type {rtype}')
ValueError: Cannot register /loky-2091410-26gir1rh for automatic cleanup: unknown resource type semlock
Traceback (most recent call last):
  File "/global/common/software/nersc/pe/conda-envs/26.1.0/python-3.13/nersc-python/lib/python3.13/multiprocessing/resource_tracker.py", line 371, in main
    raise ValueError(
        f'Cannot register {name} for automatic cleanup: '
        f'unknown resource type {rtype}')
ValueError: Cannot register /loky-2091410-zm19rs4h for automatic cleanup: unknown resource type semlock
Traceback (most recent call last):
  File "/global/common/software/nersc/pe/conda-envs/26.1.0/python-3.13/nersc-python/lib/python3.13/multiprocessing/resource_tracker.py", line 371, in main
    raise ValueError(
        f'Cannot register {name} for automatic cleanup: '
        f'unknown resource type {rtype}')
ValueError: Cannot register /loky-2091410-8tpylopu for automatic cleanup: unknown resource type semlock
Traceback (most recent call last):
  File "/global/common/software/nersc/pe/conda-envs/26.1.0/python-3.13/nersc-python/lib/python3.13/multiprocessing/resource_tracker.py", line 371, in main
    raise ValueError(
        f'Cannot register {name} for automatic cleanup: '
        f'unknown resource type {rtype}')
ValueError: Cannot register /loky-2091410-1g24w__i for automatic cleanup: unknown resource type semlock
Traceback (most recent call last):
  File "/global/common/software/nersc/pe/conda-envs/26.1.0/python-3.13/nersc-python/lib/python3.13/multiprocessing/resource_tracker.py", line 371, in main
    raise ValueError(
        f'Cannot register {name} for automatic cleanup: '
        f'unknown resource type {rtype}')
ValueError: Cannot register /loky-2091410-rc5uctdy for automatic cleanup: unknown resource type semlock
Traceback (most recent call last):
  File "/global/common/software/nersc/pe/conda-envs/26.1.0/python-3.13/nersc-python/lib/python3.13/multiprocessing/resource_tracker.py", line 371, in main
    raise ValueError(
        f'Cannot register {name} for automatic cleanup: '
        f'unknown resource type {rtype}')
ValueError: Cannot register /loky-2091410-wiwjtlqz for automatic cleanup: unknown resource type semlock
Traceback (most recent call last):
  File "/global/common/software/nersc/pe/conda-envs/26.1.0/python-3.13/nersc-python/lib/python3.13/multiprocessing/resource_tracker.py", line 371, in main
    raise ValueError(
        f'Cannot register {name} for automatic cleanup: '
        f'unknown resource type {rtype}')
ValueError: Cannot register /loky-2091410-91k3d633 for automatic cleanup: unknown resource type semlock
Traceback (most recent call last):
  File "/global/common/software/nersc/pe/conda-envs/26.1.0/python-3.13/nersc-python/lib/python3.13/multiprocessing/resource_tracker.py", line 371, in main
    raise ValueError(
        f'Cannot register {name} for automatic cleanup: '
        f'unknown resource type {rtype}')
ValueError: Cannot register /loky-2091410-d1z41msm for automatic cleanup: unknown resource type semlock
Traceback (most recent call last):
  File "/global/common/software/nersc/pe/conda-envs/26.1.0/python-3.13/nersc-python/lib/python3.13/multiprocessing/resource_tracker.py", line 371, in main
    raise ValueError(
        f'Cannot register {name} for automatic cleanup: '
        f'unknown resource type {rtype}')
ValueError: Cannot register /loky-2091410-a431cwye for automatic cleanup: unknown resource type semlock
Traceback (most recent call last):
  File "/global/common/software/nersc/pe/conda-envs/26.1.0/python-3.13/nersc-python/lib/python3.13/multiprocessing/resource_tracker.py", line 371, in main
    raise ValueError(
        f'Cannot register {name} for automatic cleanup: '
        f'unknown resource type {rtype}')
ValueError: Cannot register /loky-2091410-6wb12cc3 for automatic cleanup: unknown resource type semlock
Traceback (most recent call last):
  File "/global/common/software/nersc/pe/conda-envs/26.1.0/python-3.13/nersc-python/lib/python3.13/multiprocessing/resource_tracker.py", line 371, in main
    raise ValueError(
        f'Cannot register {name} for automatic cleanup: '
        f'unknown resource type {rtype}')
ValueError: Cannot register /loky-2091410-tr8vxbau for automatic cleanup: unknown resource type semlock
Traceback (most recent call last):
  File "/global/common/software/nersc/pe/conda-envs/26.1.0/python-3.13/nersc-python/lib/python3.13/multiprocessing/resource_tracker.py", line 371, in main
    raise ValueError(
        f'Cannot register {name} for automatic cleanup: '
        f'unknown resource type {rtype}')
ValueError: Cannot register /loky-2091410-bhdpx95p for automatic cleanup: unknown resource type semlock
Traceback (most recent call last):
  File "/global/common/software/nersc/pe/conda-envs/26.1.0/python-3.13/nersc-python/lib/python3.13/multiprocessing/resource_tracker.py", line 371, in main
    raise ValueError(
        f'Cannot register {name} for automatic cleanup: '
        f'unknown resource type {rtype}')
ValueError: Cannot register /loky-2091410-vd_vj_58 for automatic cleanup: unknown resource type semlock
Traceback (most recent call last):
  File "/global/common/software/nersc/pe/conda-envs/26.1.0/python-3.13/nersc-python/lib/python3.13/multiprocessing/resource_tracker.py", line 371, in main
    raise ValueError(
        f'Cannot register {name} for automatic cleanup: '
        f'unknown resource type {rtype}')
ValueError: Cannot register /loky-2091410-c86f8wg9 for automatic cleanup: unknown resource type semlock
Traceback (most recent call last):
  File "/global/common/software/nersc/pe/conda-envs/26.1.0/python-3.13/nersc-python/lib/python3.13/multiprocessing/resource_tracker.py", line 371, in main
    raise ValueError(
        f'Cannot register {name} for automatic cleanup: '
        f'unknown resource type {rtype}')
ValueError: Cannot register /dev/shm/joblib_memmapping_folder_576431_2a6b34a02dd14c988f1fd8468a74ee99_d9e6f9b2d8ff4e17aa278a1cb7dcb939 for automatic cleanup: unknown resource type folder
Traceback (most recent call last):
  File "/global/common/software/nersc/pe/conda-envs/26.1.0/python-3.13/nersc-python/lib/python3.13/multiprocessing/resource_tracker.py", line 371, in main
    raise ValueError(
        f'Cannot register {name} for automatic cleanup: '
        f'unknown resource type {rtype}')
ValueError: Cannot register /loky-576431-s02wxeog for automatic cleanup: unknown resource type semlock
Traceback (most recent call last):
  File "/global/common/software/nersc/pe/conda-envs/26.1.0/python-3.13/nersc-python/lib/python3.13/multiprocessing/resource_tracker.py", line 371, in main
    raise ValueError(
        f'Cannot register {name} for automatic cleanup: '
        f'unknown resource type {rtype}')
ValueError: Cannot register /loky-576431-pppg3y1e for automatic cleanup: unknown resource type semlock
Traceback (most recent call last):
  File "/global/common/software/nersc/pe/conda-envs/26.1.0/python-3.13/nersc-python/lib/python3.13/multiprocessing/resource_tracker.py", line 371, in main
    raise ValueError(
        f'Cannot register {name} for automatic cleanup: '
        f'unknown resource type {rtype}')
ValueError: Cannot register /loky-576431-2b2xdqpz for automatic cleanup: unknown resource type semlock
Traceback (most recent call last):
  File "/global/common/software/nersc/pe/conda-envs/26.1.0/python-3.13/nersc-python/lib/python3.13/multiprocessing/resource_tracker.py", line 371, in main
    raise ValueError(
        f'Cannot register {name} for automatic cleanup: '
        f'unknown resource type {rtype}')
ValueError: Cannot register /loky-576431-m9oqkrt7 for automatic cleanup: unknown resource type semlock
Traceback (most recent call last):
  File "/global/common/software/nersc/pe/conda-envs/26.1.0/python-3.13/nersc-python/lib/python3.13/multiprocessing/resource_tracker.py", line 371, in main
    raise ValueError(
        f'Cannot register {name} for automatic cleanup: '
        f'unknown resource type {rtype}')
ValueError: Cannot register /loky-576431-81peu5_g for automatic cleanup: unknown resource type semlock
Traceback (most recent call last):
  File "/global/common/software/nersc/pe/conda-envs/26.1.0/python-3.13/nersc-python/lib/python3.13/multiprocessing/resource_tracker.py", line 371, in main
    raise ValueError(
        f'Cannot register {name} for automatic cleanup: '
        f'unknown resource type {rtype}')
ValueError: Cannot register /loky-576431-rqllef22 for automatic cleanup: unknown resource type semlock
Traceback (most recent call last):
  File "/global/common/software/nersc/pe/conda-envs/26.1.0/python-3.13/nersc-python/lib/python3.13/multiprocessing/resource_tracker.py", line 371, in main
    raise ValueError(
        f'Cannot register {name} for automatic cleanup: '
        f'unknown resource type {rtype}')
ValueError: Cannot register /dev/shm/joblib_memmapping_folder_576431_2a6b34a02dd14c988f1fd8468a74ee99_385be1adef704756894a59b468bf26a2 for automatic cleanup: unknown resource type folder
Traceback (most recent call last):
  File "/global/common/software/nersc/pe/conda-envs/26.1.0/python-3.13/nersc-python/lib/python3.13/multiprocessing/resource_tracker.py", line 371, in main
    raise ValueError(
        f'Cannot register {name} for automatic cleanup: '
        f'unknown resource type {rtype}')
ValueError: Cannot register /loky-576431-yxa0e9pa for automatic cleanup: unknown resource type semlock
Traceback (most recent call last):
  File "/global/common/software/nersc/pe/conda-envs/26.1.0/python-3.13/nersc-python/lib/python3.13/multiprocessing/resource_tracker.py", line 371, in main
    raise ValueError(
        f'Cannot register {name} for automatic cleanup: '
        f'unknown resource type {rtype}')
ValueError: Cannot register /loky-576431-iyp0jtkf for automatic cleanup: unknown resource type semlock
Traceback (most recent call last):
  File "/global/common/software/nersc/pe/conda-envs/26.1.0/python-3.13/nersc-python/lib/python3.13/multiprocessing/resource_tracker.py", line 371, in main
    raise ValueError(
        f'Cannot register {name} for automatic cleanup: '
        f'unknown resource type {rtype}')
ValueError: Cannot register /loky-576431-ybse01rx for automatic cleanup: unknown resource type semlock
Traceback (most recent call last):
  File "/global/common/software/nersc/pe/conda-envs/26.1.0/python-3.13/nersc-python/lib/python3.13/multiprocessing/resource_tracker.py", line 371, in main
    raise ValueError(
        f'Cannot register {name} for automatic cleanup: '
        f'unknown resource type {rtype}')
ValueError: Cannot register /loky-576431-lkiv7ajv for automatic cleanup: unknown resource type semlock
Traceback (most recent call last):
  File "/global/common/software/nersc/pe/conda-envs/26.1.0/python-3.13/nersc-python/lib/python3.13/multiprocessing/resource_tracker.py", line 371, in main
    raise ValueError(
        f'Cannot register {name} for automatic cleanup: '
        f'unknown resource type {rtype}')
ValueError: Cannot register /loky-576431-11p_dkra for automatic cleanup: unknown resource type semlock
Traceback (most recent call last):
  File "/global/common/software/nersc/pe/conda-envs/26.1.0/python-3.13/nersc-python/lib/python3.13/multiprocessing/resource_tracker.py", line 371, in main
    raise ValueError(
        f'Cannot register {name} for automatic cleanup: '
        f'unknown resource type {rtype}')
ValueError: Cannot register /loky-576431-ncn1umuv for automatic cleanup: unknown resource type semlock
Traceback (most recent call last):
  File "/global/common/software/nersc/pe/conda-envs/26.1.0/python-3.13/nersc-python/lib/python3.13/multiprocessing/resource_tracker.py", line 371, in main
    raise ValueError(
        f'Cannot register {name} for automatic cleanup: '
        f'unknown resource type {rtype}')
ValueError: Cannot register /loky-576431-u64jvksf for automatic cleanup: unknown resource type semlock
Traceback (most recent call last):
  File "/global/common/software/nersc/pe/conda-envs/26.1.0/python-3.13/nersc-python/lib/python3.13/multiprocessing/resource_tracker.py", line 371, in main
    raise ValueError(
        f'Cannot register {name} for automatic cleanup: '
        f'unknown resource type {rtype}')
ValueError: Cannot register /loky-576431-5pl3lw4q for automatic cleanup: unknown resource type semlock
Traceback (most recent call last):
  File "/global/common/software/nersc/pe/conda-envs/26.1.0/python-3.13/nersc-python/lib/python3.13/multiprocessing/resource_tracker.py", line 371, in main
    raise ValueError(
        f'Cannot register {name} for automatic cleanup: '
        f'unknown resource type {rtype}')
ValueError: Cannot register /loky-576431-49uglbsr for automatic cleanup: unknown resource type semlock
Traceback (most recent call last):
  File "/global/common/software/nersc/pe/conda-envs/26.1.0/python-3.13/nersc-python/lib/python3.13/multiprocessing/resource_tracker.py", line 371, in main
    raise ValueError(
        f'Cannot register {name} for automatic cleanup: '
        f'unknown resource type {rtype}')
ValueError: Cannot register /loky-576431-r3plkjen for automatic cleanup: unknown resource type semlock
Traceback (most recent call last):
  File "/global/common/software/nersc/pe/conda-envs/26.1.0/python-3.13/nersc-python/lib/python3.13/multiprocessing/resource_tracker.py", line 371, in main
    raise ValueError(
        f'Cannot register {name} for automatic cleanup: '
        f'unknown resource type {rtype}')
ValueError: Cannot register /loky-576431-q_slj0ey for automatic cleanup: unknown resource type semlock
Traceback (most recent call last):
  File "/global/common/software/nersc/pe/conda-envs/26.1.0/python-3.13/nersc-python/lib/python3.13/multiprocessing/resource_tracker.py", line 371, in main
    raise ValueError(
        f'Cannot register {name} for automatic cleanup: '
        f'unknown resource type {rtype}')
ValueError: Cannot register /loky-576431-9968t32_ for automatic cleanup: unknown resource type semlock
Traceback (most recent call last):
  File "/global/common/software/nersc/pe/conda-envs/26.1.0/python-3.13/nersc-python/lib/python3.13/multiprocessing/resource_tracker.py", line 371, in main
    raise ValueError(
        f'Cannot register {name} for automatic cleanup: '
        f'unknown resource type {rtype}')
ValueError: Cannot register /loky-576431-wyated9j for automatic cleanup: unknown resource type semlock
Traceback (most recent call last):
  File "/global/common/software/nersc/pe/conda-envs/26.1.0/python-3.13/nersc-python/lib/python3.13/multiprocessing/resource_tracker.py", line 371, in main
    raise ValueError(
        f'Cannot register {name} for automatic cleanup: '
        f'unknown resource type {rtype}')
ValueError: Cannot register /loky-576431-3g75adnm for automatic cleanup: unknown resource type semlock
Traceback (most recent call last):
  File "/global/common/software/nersc/pe/conda-envs/26.1.0/python-3.13/nersc-python/lib/python3.13/multiprocessing/resource_tracker.py", line 371, in main
    raise ValueError(
        f'Cannot register {name} for automatic cleanup: '
        f'unknown resource type {rtype}')
ValueError: Cannot register /loky-576431-o1hlflb_ for automatic cleanup: unknown resource type semlock
Traceback (most recent call last):
  File "/global/common/software/nersc/pe/conda-envs/26.1.0/python-3.13/nersc-python/lib/python3.13/multiprocessing/resource_tracker.py", line 371, in main
    raise ValueError(
        f'Cannot register {name} for automatic cleanup: '
        f'unknown resource type {rtype}')
ValueError: Cannot register /loky-576431-qbu3obhz for automatic cleanup: unknown resource type semlock
Traceback (most recent call last):
  File "/global/common/software/nersc/pe/conda-envs/26.1.0/python-3.13/nersc-python/lib/python3.13/multiprocessing/resource_tracker.py", line 371, in main
    raise ValueError(
        f'Cannot register {name} for automatic cleanup: '
        f'unknown resource type {rtype}')
ValueError: Cannot register /dev/shm/joblib_memmapping_folder_416137_c136fd26fb3c4340b96250962a502def_e6f03d86ad2a424eb9cfc66d176d44c4 for automatic cleanup: unknown resource type folder
Traceback (most recent call last):
  File "/global/common/software/nersc/pe/conda-envs/26.1.0/python-3.13/nersc-python/lib/python3.13/multiprocessing/resource_tracker.py", line 371, in main
    raise ValueError(
        f'Cannot register {name} for automatic cleanup: '
        f'unknown resource type {rtype}')
ValueError: Cannot register /loky-416137-ufwcs6bb for automatic cleanup: unknown resource type semlock
Traceback (most recent call last):
  File "/global/common/software/nersc/pe/conda-envs/26.1.0/python-3.13/nersc-python/lib/python3.13/multiprocessing/resource_tracker.py", line 371, in main
    raise ValueError(
        f'Cannot register {name} for automatic cleanup: '
        f'unknown resource type {rtype}')
ValueError: Cannot register /loky-416137-jgjnng4j for automatic cleanup: unknown resource type semlock
Traceback (most recent call last):
  File "/global/common/software/nersc/pe/conda-envs/26.1.0/python-3.13/nersc-python/lib/python3.13/multiprocessing/resource_tracker.py", line 371, in main
    raise ValueError(
        f'Cannot register {name} for automatic cleanup: '
        f'unknown resource type {rtype}')
ValueError: Cannot register /loky-416137-mwmkaoiy for automatic cleanup: unknown resource type semlock
Traceback (most recent call last):
  File "/global/common/software/nersc/pe/conda-envs/26.1.0/python-3.13/nersc-python/lib/python3.13/multiprocessing/resource_tracker.py", line 371, in main
    raise ValueError(
        f'Cannot register {name} for automatic cleanup: '
        f'unknown resource type {rtype}')
ValueError: Cannot register /loky-416137-ufon3c4v for automatic cleanup: unknown resource type semlock
Traceback (most recent call last):
  File "/global/common/software/nersc/pe/conda-envs/26.1.0/python-3.13/nersc-python/lib/python3.13/multiprocessing/resource_tracker.py", line 371, in main
    raise ValueError(
        f'Cannot register {name} for automatic cleanup: '
        f'unknown resource type {rtype}')
ValueError: Cannot register /loky-416137-e4cl9kv0 for automatic cleanup: unknown resource type semlock
Traceback (most recent call last):
  File "/global/common/software/nersc/pe/conda-envs/26.1.0/python-3.13/nersc-python/lib/python3.13/multiprocessing/resource_tracker.py", line 371, in main
    raise ValueError(
        f'Cannot register {name} for automatic cleanup: '
        f'unknown resource type {rtype}')
ValueError: Cannot register /loky-416137-k6xc6xbo for automatic cleanup: unknown resource type semlock
Traceback (most recent call last):
  File "/global/common/software/nersc/pe/conda-envs/26.1.0/python-3.13/nersc-python/lib/python3.13/multiprocessing/resource_tracker.py", line 371, in main
    raise ValueError(
        f'Cannot register {name} for automatic cleanup: '
        f'unknown resource type {rtype}')
ValueError: Cannot register /dev/shm/joblib_memmapping_folder_416137_c136fd26fb3c4340b96250962a502def_84badfe7c37e4e4ba20560f9b60f1bcc for automatic cleanup: unknown resource type folder
Traceback (most recent call last):
  File "/global/common/software/nersc/pe/conda-envs/26.1.0/python-3.13/nersc-python/lib/python3.13/multiprocessing/resource_tracker.py", line 371, in main
    raise ValueError(
        f'Cannot register {name} for automatic cleanup: '
        f'unknown resource type {rtype}')
ValueError: Cannot register /loky-416137-emaa97v7 for automatic cleanup: unknown resource type semlock
Traceback (most recent call last):
  File "/global/common/software/nersc/pe/conda-envs/26.1.0/python-3.13/nersc-python/lib/python3.13/multiprocessing/resource_tracker.py", line 371, in main
    raise ValueError(
        f'Cannot register {name} for automatic cleanup: '
        f'unknown resource type {rtype}')
ValueError: Cannot register /loky-416137-ct83nap7 for automatic cleanup: unknown resource type semlock
Traceback (most recent call last):
  File "/global/common/software/nersc/pe/conda-envs/26.1.0/python-3.13/nersc-python/lib/python3.13/multiprocessing/resource_tracker.py", line 371, in main
    raise ValueError(
        f'Cannot register {name} for automatic cleanup: '
        f'unknown resource type {rtype}')
ValueError: Cannot register /loky-416137-9_5yahj2 for automatic cleanup: unknown resource type semlock
Traceback (most recent call last):
  File "/global/common/software/nersc/pe/conda-envs/26.1.0/python-3.13/nersc-python/lib/python3.13/multiprocessing/resource_tracker.py", line 371, in main
    raise ValueError(
        f'Cannot register {name} for automatic cleanup: '
        f'unknown resource type {rtype}')
ValueError: Cannot register /loky-416137-yiz4ozjg for automatic cleanup: unknown resource type semlock
Traceback (most recent call last):
  File "/global/common/software/nersc/pe/conda-envs/26.1.0/python-3.13/nersc-python/lib/python3.13/multiprocessing/resource_tracker.py", line 371, in main
    raise ValueError(
        f'Cannot register {name} for automatic cleanup: '
        f'unknown resource type {rtype}')
ValueError: Cannot register /loky-416137-5wyo5ie9 for automatic cleanup: unknown resource type semlock
Traceback (most recent call last):
  File "/global/common/software/nersc/pe/conda-envs/26.1.0/python-3.13/nersc-python/lib/python3.13/multiprocessing/resource_tracker.py", line 371, in main
    raise ValueError(
        f'Cannot register {name} for automatic cleanup: '
        f'unknown resource type {rtype}')
ValueError: Cannot register /loky-416137-tpup9lhj for automatic cleanup: unknown resource type semlock
Traceback (most recent call last):
  File "/global/common/software/nersc/pe/conda-envs/26.1.0/python-3.13/nersc-python/lib/python3.13/multiprocessing/resource_tracker.py", line 371, in main
    raise ValueError(
        f'Cannot register {name} for automatic cleanup: '
        f'unknown resource type {rtype}')
ValueError: Cannot register /loky-416137-udsul47q for automatic cleanup: unknown resource type semlock
Traceback (most recent call last):
  File "/global/common/software/nersc/pe/conda-envs/26.1.0/python-3.13/nersc-python/lib/python3.13/multiprocessing/resource_tracker.py", line 371, in main
    raise ValueError(
        f'Cannot register {name} for automatic cleanup: '
        f'unknown resource type {rtype}')
ValueError: Cannot register /loky-416137-9hft35gm for automatic cleanup: unknown resource type semlock
Traceback (most recent call last):
  File "/global/common/software/nersc/pe/conda-envs/26.1.0/python-3.13/nersc-python/lib/python3.13/multiprocessing/resource_tracker.py", line 371, in main
    raise ValueError(
        f'Cannot register {name} for automatic cleanup: '
        f'unknown resource type {rtype}')
ValueError: Cannot register /loky-416137-9batxq3k for automatic cleanup: unknown resource type semlock
Traceback (most recent call last):
  File "/global/common/software/nersc/pe/conda-envs/26.1.0/python-3.13/nersc-python/lib/python3.13/multiprocessing/resource_tracker.py", line 371, in main
    raise ValueError(
        f'Cannot register {name} for automatic cleanup: '
        f'unknown resource type {rtype}')
ValueError: Cannot register /loky-416137-jstmvxtv for automatic cleanup: unknown resource type semlock
Traceback (most recent call last):
  File "/global/common/software/nersc/pe/conda-envs/26.1.0/python-3.13/nersc-python/lib/python3.13/multiprocessing/resource_tracker.py", line 371, in main
    raise ValueError(
        f'Cannot register {name} for automatic cleanup: '
        f'unknown resource type {rtype}')
ValueError: Cannot register /loky-416137-qx9dka3b for automatic cleanup: unknown resource type semlock
Traceback (most recent call last):
  File "/global/common/software/nersc/pe/conda-envs/26.1.0/python-3.13/nersc-python/lib/python3.13/multiprocessing/resource_tracker.py", line 371, in main
    raise ValueError(
        f'Cannot register {name} for automatic cleanup: '
        f'unknown resource type {rtype}')
ValueError: Cannot register /loky-416137-pv_gea33 for automatic cleanup: unknown resource type semlock
Traceback (most recent call last):
  File "/global/common/software/nersc/pe/conda-envs/26.1.0/python-3.13/nersc-python/lib/python3.13/multiprocessing/resource_tracker.py", line 371, in main
    raise ValueError(
        f'Cannot register {name} for automatic cleanup: '
        f'unknown resource type {rtype}')
ValueError: Cannot register /loky-416137-4423p1cx for automatic cleanup: unknown resource type semlock
Traceback (most recent call last):
  File "/global/common/software/nersc/pe/conda-envs/26.1.0/python-3.13/nersc-python/lib/python3.13/multiprocessing/resource_tracker.py", line 371, in main
    raise ValueError(
        f'Cannot register {name} for automatic cleanup: '
        f'unknown resource type {rtype}')
ValueError: Cannot register /loky-416137-9xbloojt for automatic cleanup: unknown resource type semlock
Traceback (most recent call last):
  File "/global/common/software/nersc/pe/conda-envs/26.1.0/python-3.13/nersc-python/lib/python3.13/multiprocessing/resource_tracker.py", line 371, in main
    raise ValueError(
        f'Cannot register {name} for automatic cleanup: '
        f'unknown resource type {rtype}')
ValueError: Cannot register /loky-416137-3cgqz5_l for automatic cleanup: unknown resource type semlock
Traceback (most recent call last):
  File "/global/common/software/nersc/pe/conda-envs/26.1.0/python-3.13/nersc-python/lib/python3.13/multiprocessing/resource_tracker.py", line 371, in main
    raise ValueError(
        f'Cannot register {name} for automatic cleanup: '
        f'unknown resource type {rtype}')
ValueError: Cannot register /loky-416137-suqt7_tb for automatic cleanup: unknown resource type semlock
Traceback (most recent call last):
  File "/global/common/software/nersc/pe/conda-envs/26.1.0/python-3.13/nersc-python/lib/python3.13/multiprocessing/resource_tracker.py", line 371, in main
    raise ValueError(
        f'Cannot register {name} for automatic cleanup: '
        f'unknown resource type {rtype}')
ValueError: Cannot register /dev/shm/joblib_memmapping_folder_1793439_45592732685a41cb8544a84e509b76b1_ea1d03c36cd44a47b8a8354adf7bbcc2 for automatic cleanup: unknown resource type folder
Traceback (most recent call last):
  File "/global/common/software/nersc/pe/conda-envs/26.1.0/python-3.13/nersc-python/lib/python3.13/multiprocessing/resource_tracker.py", line 371, in main
    raise ValueError(
        f'Cannot register {name} for automatic cleanup: '
        f'unknown resource type {rtype}')
ValueError: Cannot register /loky-1793439-gyajkhoq for automatic cleanup: unknown resource type semlock
Traceback (most recent call last):
  File "/global/common/software/nersc/pe/conda-envs/26.1.0/python-3.13/nersc-python/lib/python3.13/multiprocessing/resource_tracker.py", line 371, in main
    raise ValueError(
        f'Cannot register {name} for automatic cleanup: '
        f'unknown resource type {rtype}')
ValueError: Cannot register /loky-1793439-uxmbrh81 for automatic cleanup: unknown resource type semlock
Traceback (most recent call last):
  File "/global/common/software/nersc/pe/conda-envs/26.1.0/python-3.13/nersc-python/lib/python3.13/multiprocessing/resource_tracker.py", line 371, in main
    raise ValueError(
        f'Cannot register {name} for automatic cleanup: '
        f'unknown resource type {rtype}')
ValueError: Cannot register /loky-1793439-h_f9gu59 for automatic cleanup: unknown resource type semlock
Traceback (most recent call last):
  File "/global/common/software/nersc/pe/conda-envs/26.1.0/python-3.13/nersc-python/lib/python3.13/multiprocessing/resource_tracker.py", line 371, in main
    raise ValueError(
        f'Cannot register {name} for automatic cleanup: '
        f'unknown resource type {rtype}')
ValueError: Cannot register /loky-1793439-r763fg8r for automatic cleanup: unknown resource type semlock
Traceback (most recent call last):
  File "/global/common/software/nersc/pe/conda-envs/26.1.0/python-3.13/nersc-python/lib/python3.13/multiprocessing/resource_tracker.py", line 371, in main
    raise ValueError(
        f'Cannot register {name} for automatic cleanup: '
        f'unknown resource type {rtype}')
ValueError: Cannot register /loky-1793439-roje0960 for automatic cleanup: unknown resource type semlock
Traceback (most recent call last):
  File "/global/common/software/nersc/pe/conda-envs/26.1.0/python-3.13/nersc-python/lib/python3.13/multiprocessing/resource_tracker.py", line 371, in main
    raise ValueError(
        f'Cannot register {name} for automatic cleanup: '
        f'unknown resource type {rtype}')
ValueError: Cannot register /loky-1793439-bk7sd9da for automatic cleanup: unknown resource type semlock
Traceback (most recent call last):
  File "/global/common/software/nersc/pe/conda-envs/26.1.0/python-3.13/nersc-python/lib/python3.13/multiprocessing/resource_tracker.py", line 371, in main
    raise ValueError(
        f'Cannot register {name} for automatic cleanup: '
        f'unknown resource type {rtype}')
ValueError: Cannot register /dev/shm/joblib_memmapping_folder_1793439_45592732685a41cb8544a84e509b76b1_6ce9de6a2f6947d18cb9f3612e659f0a for automatic cleanup: unknown resource type folder
Traceback (most recent call last):
  File "/global/common/software/nersc/pe/conda-envs/26.1.0/python-3.13/nersc-python/lib/python3.13/multiprocessing/resource_tracker.py", line 371, in main
    raise ValueError(
        f'Cannot register {name} for automatic cleanup: '
        f'unknown resource type {rtype}')
ValueError: Cannot register /loky-1793439-qzwvnzqb for automatic cleanup: unknown resource type semlock
Traceback (most recent call last):
  File "/global/common/software/nersc/pe/conda-envs/26.1.0/python-3.13/nersc-python/lib/python3.13/multiprocessing/resource_tracker.py", line 371, in main
    raise ValueError(
        f'Cannot register {name} for automatic cleanup: '
        f'unknown resource type {rtype}')
ValueError: Cannot register /loky-1793439-2zimucpu for automatic cleanup: unknown resource type semlock
Traceback (most recent call last):
  File "/global/common/software/nersc/pe/conda-envs/26.1.0/python-3.13/nersc-python/lib/python3.13/multiprocessing/resource_tracker.py", line 371, in main
    raise ValueError(
        f'Cannot register {name} for automatic cleanup: '
        f'unknown resource type {rtype}')
ValueError: Cannot register /loky-1793439-xi3yugvj for automatic cleanup: unknown resource type semlock
Traceback (most recent call last):
  File "/global/common/software/nersc/pe/conda-envs/26.1.0/python-3.13/nersc-python/lib/python3.13/multiprocessing/resource_tracker.py", line 371, in main
    raise ValueError(
        f'Cannot register {name} for automatic cleanup: '
        f'unknown resource type {rtype}')
ValueError: Cannot register /loky-1793439-iqd3h9mf for automatic cleanup: unknown resource type semlock
Traceback (most recent call last):
  File "/global/common/software/nersc/pe/conda-envs/26.1.0/python-3.13/nersc-python/lib/python3.13/multiprocessing/resource_tracker.py", line 371, in main
    raise ValueError(
        f'Cannot register {name} for automatic cleanup: '
        f'unknown resource type {rtype}')
ValueError: Cannot register /loky-1793439-7qvq089j for automatic cleanup: unknown resource type semlock
Traceback (most recent call last):
  File "/global/common/software/nersc/pe/conda-envs/26.1.0/python-3.13/nersc-python/lib/python3.13/multiprocessing/resource_tracker.py", line 371, in main
    raise ValueError(
        f'Cannot register {name} for automatic cleanup: '
        f'unknown resource type {rtype}')
ValueError: Cannot register /loky-1793439-_t3nyi0o for automatic cleanup: unknown resource type semlock
Traceback (most recent call last):
  File "/global/common/software/nersc/pe/conda-envs/26.1.0/python-3.13/nersc-python/lib/python3.13/multiprocessing/resource_tracker.py", line 371, in main
    raise ValueError(
        f'Cannot register {name} for automatic cleanup: '
        f'unknown resource type {rtype}')
ValueError: Cannot register /loky-1793439-5hn_x7bz for automatic cleanup: unknown resource type semlock
Traceback (most recent call last):
  File "/global/common/software/nersc/pe/conda-envs/26.1.0/python-3.13/nersc-python/lib/python3.13/multiprocessing/resource_tracker.py", line 371, in main
    raise ValueError(
        f'Cannot register {name} for automatic cleanup: '
        f'unknown resource type {rtype}')
ValueError: Cannot register /loky-1793439-qxjwi6oe for automatic cleanup: unknown resource type semlock
Traceback (most recent call last):
  File "/global/common/software/nersc/pe/conda-envs/26.1.0/python-3.13/nersc-python/lib/python3.13/multiprocessing/resource_tracker.py", line 371, in main
    raise ValueError(
        f'Cannot register {name} for automatic cleanup: '
        f'unknown resource type {rtype}')
ValueError: Cannot register /loky-1793439-qism835j for automatic cleanup: unknown resource type semlock
Traceback (most recent call last):
  File "/global/common/software/nersc/pe/conda-envs/26.1.0/python-3.13/nersc-python/lib/python3.13/multiprocessing/resource_tracker.py", line 371, in main
    raise ValueError(
        f'Cannot register {name} for automatic cleanup: '
        f'unknown resource type {rtype}')
ValueError: Cannot register /loky-1793439-0thi3cd1 for automatic cleanup: unknown resource type semlock
Traceback (most recent call last):
  File "/global/common/software/nersc/pe/conda-envs/26.1.0/python-3.13/nersc-python/lib/python3.13/multiprocessing/resource_tracker.py", line 371, in main
    raise ValueError(
        f'Cannot register {name} for automatic cleanup: '
        f'unknown resource type {rtype}')
ValueError: Cannot register /loky-1793439-nc_xbihy for automatic cleanup: unknown resource type semlock
Traceback (most recent call last):
  File "/global/common/software/nersc/pe/conda-envs/26.1.0/python-3.13/nersc-python/lib/python3.13/multiprocessing/resource_tracker.py", line 371, in main
    raise ValueError(
        f'Cannot register {name} for automatic cleanup: '
        f'unknown resource type {rtype}')
ValueError: Cannot register /loky-1793439-18ia2gye for automatic cleanup: unknown resource type semlock
Traceback (most recent call last):
  File "/global/common/software/nersc/pe/conda-envs/26.1.0/python-3.13/nersc-python/lib/python3.13/multiprocessing/resource_tracker.py", line 371, in main
    raise ValueError(
        f'Cannot register {name} for automatic cleanup: '
        f'unknown resource type {rtype}')
ValueError: Cannot register /loky-1793439-2aiwou8q for automatic cleanup: unknown resource type semlock
Traceback (most recent call last):
  File "/global/common/software/nersc/pe/conda-envs/26.1.0/python-3.13/nersc-python/lib/python3.13/multiprocessing/resource_tracker.py", line 371, in main
    raise ValueError(
        f'Cannot register {name} for automatic cleanup: '
        f'unknown resource type {rtype}')
ValueError: Cannot register /loky-1793439-r0s2xq6t for automatic cleanup: unknown resource type semlock
Traceback (most recent call last):
  File "/global/common/software/nersc/pe/conda-envs/26.1.0/python-3.13/nersc-python/lib/python3.13/multiprocessing/resource_tracker.py", line 371, in main
    raise ValueError(
        f'Cannot register {name} for automatic cleanup: '
        f'unknown resource type {rtype}')
ValueError: Cannot register /loky-1793439-i5ijhj9f for automatic cleanup: unknown resource type semlock
Traceback (most recent call last):
  File "/global/common/software/nersc/pe/conda-envs/26.1.0/python-3.13/nersc-python/lib/python3.13/multiprocessing/resource_tracker.py", line 371, in main
    raise ValueError(
        f'Cannot register {name} for automatic cleanup: '
        f'unknown resource type {rtype}')
ValueError: Cannot register /loky-1793439-dnfxg3i8 for automatic cleanup: unknown resource type semlock
Traceback (most recent call last):
  File "/global/common/software/nersc/pe/conda-envs/26.1.0/python-3.13/nersc-python/lib/python3.13/multiprocessing/resource_tracker.py", line 371, in main
    raise ValueError(
        f'Cannot register {name} for automatic cleanup: '
        f'unknown resource type {rtype}')
ValueError: Cannot register /dev/shm/joblib_memmapping_folder_1948444_ec2f8d3215654f9497043dab620703e3_3ff3b3139e364b0a8ff10b051c756d8e for automatic cleanup: unknown resource type folder
Traceback (most recent call last):
  File "/global/common/software/nersc/pe/conda-envs/26.1.0/python-3.13/nersc-python/lib/python3.13/multiprocessing/resource_tracker.py", line 371, in main
    raise ValueError(
        f'Cannot register {name} for automatic cleanup: '
        f'unknown resource type {rtype}')
ValueError: Cannot register /loky-1948444-uqjevlep for automatic cleanup: unknown resource type semlock
Traceback (most recent call last):
  File "/global/common/software/nersc/pe/conda-envs/26.1.0/python-3.13/nersc-python/lib/python3.13/multiprocessing/resource_tracker.py", line 371, in main
    raise ValueError(
        f'Cannot register {name} for automatic cleanup: '
        f'unknown resource type {rtype}')
ValueError: Cannot register /loky-1948444-729zgse_ for automatic cleanup: unknown resource type semlock
Traceback (most recent call last):
  File "/global/common/software/nersc/pe/conda-envs/26.1.0/python-3.13/nersc-python/lib/python3.13/multiprocessing/resource_tracker.py", line 371, in main
    raise ValueError(
        f'Cannot register {name} for automatic cleanup: '
        f'unknown resource type {rtype}')
ValueError: Cannot register /loky-1948444-njth2v7u for automatic cleanup: unknown resource type semlock
Traceback (most recent call last):
  File "/global/common/software/nersc/pe/conda-envs/26.1.0/python-3.13/nersc-python/lib/python3.13/multiprocessing/resource_tracker.py", line 371, in main
    raise ValueError(
        f'Cannot register {name} for automatic cleanup: '
        f'unknown resource type {rtype}')
ValueError: Cannot register /loky-1948444-hrz8203t for automatic cleanup: unknown resource type semlock
Traceback (most recent call last):
  File "/global/common/software/nersc/pe/conda-envs/26.1.0/python-3.13/nersc-python/lib/python3.13/multiprocessing/resource_tracker.py", line 371, in main
    raise ValueError(
        f'Cannot register {name} for automatic cleanup: '
        f'unknown resource type {rtype}')
ValueError: Cannot register /loky-1948444-r64sayuo for automatic cleanup: unknown resource type semlock
Traceback (most recent call last):
  File "/global/common/software/nersc/pe/conda-envs/26.1.0/python-3.13/nersc-python/lib/python3.13/multiprocessing/resource_tracker.py", line 371, in main
    raise ValueError(
        f'Cannot register {name} for automatic cleanup: '
        f'unknown resource type {rtype}')
ValueError: Cannot register /loky-1948444-l_vt2h8e for automatic cleanup: unknown resource type semlock
Traceback (most recent call last):
  File "/global/common/software/nersc/pe/conda-envs/26.1.0/python-3.13/nersc-python/lib/python3.13/multiprocessing/resource_tracker.py", line 371, in main
    raise ValueError(
        f'Cannot register {name} for automatic cleanup: '
        f'unknown resource type {rtype}')
ValueError: Cannot register /dev/shm/joblib_memmapping_folder_1948444_ec2f8d3215654f9497043dab620703e3_d4220ba45c2a469fa2251afc12d2297a for automatic cleanup: unknown resource type folder
Traceback (most recent call last):
  File "/global/common/software/nersc/pe/conda-envs/26.1.0/python-3.13/nersc-python/lib/python3.13/multiprocessing/resource_tracker.py", line 371, in main
    raise ValueError(
        f'Cannot register {name} for automatic cleanup: '
        f'unknown resource type {rtype}')
ValueError: Cannot register /loky-1948444-1uikibsj for automatic cleanup: unknown resource type semlock
Traceback (most recent call last):
  File "/global/common/software/nersc/pe/conda-envs/26.1.0/python-3.13/nersc-python/lib/python3.13/multiprocessing/resource_tracker.py", line 371, in main
    raise ValueError(
        f'Cannot register {name} for automatic cleanup: '
        f'unknown resource type {rtype}')
ValueError: Cannot register /loky-1948444-udpf6a4p for automatic cleanup: unknown resource type semlock
Traceback (most recent call last):
  File "/global/common/software/nersc/pe/conda-envs/26.1.0/python-3.13/nersc-python/lib/python3.13/multiprocessing/resource_tracker.py", line 371, in main
    raise ValueError(
        f'Cannot register {name} for automatic cleanup: '
        f'unknown resource type {rtype}')
ValueError: Cannot register /loky-1948444-s_9x1dkr for automatic cleanup: unknown resource type semlock
Traceback (most recent call last):
  File "/global/common/software/nersc/pe/conda-envs/26.1.0/python-3.13/nersc-python/lib/python3.13/multiprocessing/resource_tracker.py", line 371, in main
    raise ValueError(
        f'Cannot register {name} for automatic cleanup: '
        f'unknown resource type {rtype}')
ValueError: Cannot register /loky-1948444-hs6w012j for automatic cleanup: unknown resource type semlock
Traceback (most recent call last):
  File "/global/common/software/nersc/pe/conda-envs/26.1.0/python-3.13/nersc-python/lib/python3.13/multiprocessing/resource_tracker.py", line 371, in main
    raise ValueError(
        f'Cannot register {name} for automatic cleanup: '
        f'unknown resource type {rtype}')
ValueError: Cannot register /loky-1948444-mnu6jj66 for automatic cleanup: unknown resource type semlock
Traceback (most recent call last):
  File "/global/common/software/nersc/pe/conda-envs/26.1.0/python-3.13/nersc-python/lib/python3.13/multiprocessing/resource_tracker.py", line 371, in main
    raise ValueError(
        f'Cannot register {name} for automatic cleanup: '
        f'unknown resource type {rtype}')
ValueError: Cannot register /loky-1948444-i_vq9pca for automatic cleanup: unknown resource type semlock
Traceback (most recent call last):
  File "/global/common/software/nersc/pe/conda-envs/26.1.0/python-3.13/nersc-python/lib/python3.13/multiprocessing/resource_tracker.py", line 371, in main
    raise ValueError(
        f'Cannot register {name} for automatic cleanup: '
        f'unknown resource type {rtype}')
ValueError: Cannot register /loky-1948444-zwbkkz1_ for automatic cleanup: unknown resource type semlock
Traceback (most recent call last):
  File "/global/common/software/nersc/pe/conda-envs/26.1.0/python-3.13/nersc-python/lib/python3.13/multiprocessing/resource_tracker.py", line 371, in main
    raise ValueError(
        f'Cannot register {name} for automatic cleanup: '
        f'unknown resource type {rtype}')
ValueError: Cannot register /loky-1948444-naubunch for automatic cleanup: unknown resource type semlock
Traceback (most recent call last):
  File "/global/common/software/nersc/pe/conda-envs/26.1.0/python-3.13/nersc-python/lib/python3.13/multiprocessing/resource_tracker.py", line 371, in main
    raise ValueError(
        f'Cannot register {name} for automatic cleanup: '
        f'unknown resource type {rtype}')
ValueError: Cannot register /loky-1948444-519dj7an for automatic cleanup: unknown resource type semlock
Traceback (most recent call last):
  File "/global/common/software/nersc/pe/conda-envs/26.1.0/python-3.13/nersc-python/lib/python3.13/multiprocessing/resource_tracker.py", line 371, in main
    raise ValueError(
        f'Cannot register {name} for automatic cleanup: '
        f'unknown resource type {rtype}')
ValueError: Cannot register /loky-1948444-8rpw_5me for automatic cleanup: unknown resource type semlock
Traceback (most recent call last):
  File "/global/common/software/nersc/pe/conda-envs/26.1.0/python-3.13/nersc-python/lib/python3.13/multiprocessing/resource_tracker.py", line 371, in main
    raise ValueError(
        f'Cannot register {name} for automatic cleanup: '
        f'unknown resource type {rtype}')
ValueError: Cannot register /loky-1948444-9021m9zt for automatic cleanup: unknown resource type semlock
Traceback (most recent call last):
  File "/global/common/software/nersc/pe/conda-envs/26.1.0/python-3.13/nersc-python/lib/python3.13/multiprocessing/resource_tracker.py", line 371, in main
    raise ValueError(
        f'Cannot register {name} for automatic cleanup: '
        f'unknown resource type {rtype}')
ValueError: Cannot register /loky-1948444-kgdpldzs for automatic cleanup: unknown resource type semlock
Traceback (most recent call last):
  File "/global/common/software/nersc/pe/conda-envs/26.1.0/python-3.13/nersc-python/lib/python3.13/multiprocessing/resource_tracker.py", line 371, in main
    raise ValueError(
        f'Cannot register {name} for automatic cleanup: '
        f'unknown resource type {rtype}')
ValueError: Cannot register /loky-1948444-xdbjfb1x for automatic cleanup: unknown resource type semlock
Traceback (most recent call last):
  File "/global/common/software/nersc/pe/conda-envs/26.1.0/python-3.13/nersc-python/lib/python3.13/multiprocessing/resource_tracker.py", line 371, in main
    raise ValueError(
        f'Cannot register {name} for automatic cleanup: '
        f'unknown resource type {rtype}')
ValueError: Cannot register /loky-1948444-39v34ze9 for automatic cleanup: unknown resource type semlock
Traceback (most recent call last):
  File "/global/common/software/nersc/pe/conda-envs/26.1.0/python-3.13/nersc-python/lib/python3.13/multiprocessing/resource_tracker.py", line 371, in main
    raise ValueError(
        f'Cannot register {name} for automatic cleanup: '
        f'unknown resource type {rtype}')
ValueError: Cannot register /loky-1948444-xa_gb5f6 for automatic cleanup: unknown resource type semlock
Traceback (most recent call last):
  File "/global/common/software/nersc/pe/conda-envs/26.1.0/python-3.13/nersc-python/lib/python3.13/multiprocessing/resource_tracker.py", line 371, in main
    raise ValueError(
        f'Cannot register {name} for automatic cleanup: '
        f'unknown resource type {rtype}')
ValueError: Cannot register /loky-1948444-nbej0syz for automatic cleanup: unknown resource type semlock
Traceback (most recent call last):
  File "/global/common/software/nersc/pe/conda-envs/26.1.0/python-3.13/nersc-python/lib/python3.13/multiprocessing/resource_tracker.py", line 371, in main
    raise ValueError(
        f'Cannot register {name} for automatic cleanup: '
        f'unknown resource type {rtype}')
ValueError: Cannot register /dev/shm/joblib_memmapping_folder_619071_1071427e751f42d4aacd12ffd2720bba_67ebb6c4386b4a4594b5aca90e5625c4 for automatic cleanup: unknown resource type folder
Traceback (most recent call last):
  File "/global/common/software/nersc/pe/conda-envs/26.1.0/python-3.13/nersc-python/lib/python3.13/multiprocessing/resource_tracker.py", line 371, in main
    raise ValueError(
        f'Cannot register {name} for automatic cleanup: '
        f'unknown resource type {rtype}')
ValueError: Cannot register /loky-619071-624z7p01 for automatic cleanup: unknown resource type semlock
Traceback (most recent call last):
  File "/global/common/software/nersc/pe/conda-envs/26.1.0/python-3.13/nersc-python/lib/python3.13/multiprocessing/resource_tracker.py", line 371, in main
    raise ValueError(
        f'Cannot register {name} for automatic cleanup: '
        f'unknown resource type {rtype}')
ValueError: Cannot register /loky-619071-3zfu03rp for automatic cleanup: unknown resource type semlock
Traceback (most recent call last):
  File "/global/common/software/nersc/pe/conda-envs/26.1.0/python-3.13/nersc-python/lib/python3.13/multiprocessing/resource_tracker.py", line 371, in main
    raise ValueError(
        f'Cannot register {name} for automatic cleanup: '
        f'unknown resource type {rtype}')
ValueError: Cannot register /loky-619071-e5lb3s06 for automatic cleanup: unknown resource type semlock
Traceback (most recent call last):
  File "/global/common/software/nersc/pe/conda-envs/26.1.0/python-3.13/nersc-python/lib/python3.13/multiprocessing/resource_tracker.py", line 371, in main
    raise ValueError(
        f'Cannot register {name} for automatic cleanup: '
        f'unknown resource type {rtype}')
ValueError: Cannot register /loky-619071-iwjf_wdw for automatic cleanup: unknown resource type semlock
Traceback (most recent call last):
  File "/global/common/software/nersc/pe/conda-envs/26.1.0/python-3.13/nersc-python/lib/python3.13/multiprocessing/resource_tracker.py", line 371, in main
    raise ValueError(
        f'Cannot register {name} for automatic cleanup: '
        f'unknown resource type {rtype}')
ValueError: Cannot register /loky-619071-3z0k1h69 for automatic cleanup: unknown resource type semlock
Traceback (most recent call last):
  File "/global/common/software/nersc/pe/conda-envs/26.1.0/python-3.13/nersc-python/lib/python3.13/multiprocessing/resource_tracker.py", line 371, in main
    raise ValueError(
        f'Cannot register {name} for automatic cleanup: '
        f'unknown resource type {rtype}')
ValueError: Cannot register /loky-619071-0m5r4tp7 for automatic cleanup: unknown resource type semlock
Traceback (most recent call last):
  File "/global/common/software/nersc/pe/conda-envs/26.1.0/python-3.13/nersc-python/lib/python3.13/multiprocessing/resource_tracker.py", line 371, in main
    raise ValueError(
        f'Cannot register {name} for automatic cleanup: '
        f'unknown resource type {rtype}')
ValueError: Cannot register /dev/shm/joblib_memmapping_folder_619071_1071427e751f42d4aacd12ffd2720bba_87771e4884214418a1f50cf7f47de203 for automatic cleanup: unknown resource type folder
Traceback (most recent call last):
  File "/global/common/software/nersc/pe/conda-envs/26.1.0/python-3.13/nersc-python/lib/python3.13/multiprocessing/resource_tracker.py", line 371, in main
    raise ValueError(
        f'Cannot register {name} for automatic cleanup: '
        f'unknown resource type {rtype}')
ValueError: Cannot register /loky-619071-jqsent7v for automatic cleanup: unknown resource type semlock
Traceback (most recent call last):
  File "/global/common/software/nersc/pe/conda-envs/26.1.0/python-3.13/nersc-python/lib/python3.13/multiprocessing/resource_tracker.py", line 371, in main
    raise ValueError(
        f'Cannot register {name} for automatic cleanup: '
        f'unknown resource type {rtype}')
ValueError: Cannot register /loky-619071-97ny5pg6 for automatic cleanup: unknown resource type semlock
Traceback (most recent call last):
  File "/global/common/software/nersc/pe/conda-envs/26.1.0/python-3.13/nersc-python/lib/python3.13/multiprocessing/resource_tracker.py", line 371, in main
    raise ValueError(
        f'Cannot register {name} for automatic cleanup: '
        f'unknown resource type {rtype}')
ValueError: Cannot register /loky-619071-kz0_izya for automatic cleanup: unknown resource type semlock
Traceback (most recent call last):
  File "/global/common/software/nersc/pe/conda-envs/26.1.0/python-3.13/nersc-python/lib/python3.13/multiprocessing/resource_tracker.py", line 371, in main
    raise ValueError(
        f'Cannot register {name} for automatic cleanup: '
        f'unknown resource type {rtype}')
ValueError: Cannot register /loky-619071-zj3i5lnn for automatic cleanup: unknown resource type semlock
Traceback (most recent call last):
  File "/global/common/software/nersc/pe/conda-envs/26.1.0/python-3.13/nersc-python/lib/python3.13/multiprocessing/resource_tracker.py", line 371, in main
    raise ValueError(
        f'Cannot register {name} for automatic cleanup: '
        f'unknown resource type {rtype}')
ValueError: Cannot register /loky-619071-n5gj2res for automatic cleanup: unknown resource type semlock
Traceback (most recent call last):
  File "/global/common/software/nersc/pe/conda-envs/26.1.0/python-3.13/nersc-python/lib/python3.13/multiprocessing/resource_tracker.py", line 371, in main
    raise ValueError(
        f'Cannot register {name} for automatic cleanup: '
        f'unknown resource type {rtype}')
ValueError: Cannot register /loky-619071-5jb0g8i3 for automatic cleanup: unknown resource type semlock
Traceback (most recent call last):
  File "/global/common/software/nersc/pe/conda-envs/26.1.0/python-3.13/nersc-python/lib/python3.13/multiprocessing/resource_tracker.py", line 371, in main
    raise ValueError(
        f'Cannot register {name} for automatic cleanup: '
        f'unknown resource type {rtype}')
ValueError: Cannot register /loky-619071-j7oy06pt for automatic cleanup: unknown resource type semlock
Traceback (most recent call last):
  File "/global/common/software/nersc/pe/conda-envs/26.1.0/python-3.13/nersc-python/lib/python3.13/multiprocessing/resource_tracker.py", line 371, in main
    raise ValueError(
        f'Cannot register {name} for automatic cleanup: '
        f'unknown resource type {rtype}')
ValueError: Cannot register /loky-619071-jx7sqrw8 for automatic cleanup: unknown resource type semlock
Traceback (most recent call last):
  File "/global/common/software/nersc/pe/conda-envs/26.1.0/python-3.13/nersc-python/lib/python3.13/multiprocessing/resource_tracker.py", line 371, in main
    raise ValueError(
        f'Cannot register {name} for automatic cleanup: '
        f'unknown resource type {rtype}')
ValueError: Cannot register /loky-619071-z3yr29j4 for automatic cleanup: unknown resource type semlock
Traceback (most recent call last):
  File "/global/common/software/nersc/pe/conda-envs/26.1.0/python-3.13/nersc-python/lib/python3.13/multiprocessing/resource_tracker.py", line 371, in main
    raise ValueError(
        f'Cannot register {name} for automatic cleanup: '
        f'unknown resource type {rtype}')
ValueError: Cannot register /loky-619071-n5g1s_j9 for automatic cleanup: unknown resource type semlock
Traceback (most recent call last):
  File "/global/common/software/nersc/pe/conda-envs/26.1.0/python-3.13/nersc-python/lib/python3.13/multiprocessing/resource_tracker.py", line 371, in main
    raise ValueError(
        f'Cannot register {name} for automatic cleanup: '
        f'unknown resource type {rtype}')
ValueError: Cannot register /loky-619071-ovd80vvd for automatic cleanup: unknown resource type semlock
Traceback (most recent call last):
  File "/global/common/software/nersc/pe/conda-envs/26.1.0/python-3.13/nersc-python/lib/python3.13/multiprocessing/resource_tracker.py", line 371, in main
    raise ValueError(
        f'Cannot register {name} for automatic cleanup: '
        f'unknown resource type {rtype}')
ValueError: Cannot register /loky-619071-96wldqw2 for automatic cleanup: unknown resource type semlock
Traceback (most recent call last):
  File "/global/common/software/nersc/pe/conda-envs/26.1.0/python-3.13/nersc-python/lib/python3.13/multiprocessing/resource_tracker.py", line 371, in main
    raise ValueError(
        f'Cannot register {name} for automatic cleanup: '
        f'unknown resource type {rtype}')
ValueError: Cannot register /loky-619071-nbarcyww for automatic cleanup: unknown resource type semlock
Traceback (most recent call last):
  File "/global/common/software/nersc/pe/conda-envs/26.1.0/python-3.13/nersc-python/lib/python3.13/multiprocessing/resource_tracker.py", line 371, in main
    raise ValueError(
        f'Cannot register {name} for automatic cleanup: '
        f'unknown resource type {rtype}')
ValueError: Cannot register /loky-619071-sj5evyna for automatic cleanup: unknown resource type semlock
Traceback (most recent call last):
  File "/global/common/software/nersc/pe/conda-envs/26.1.0/python-3.13/nersc-python/lib/python3.13/multiprocessing/resource_tracker.py", line 371, in main
    raise ValueError(
        f'Cannot register {name} for automatic cleanup: '
        f'unknown resource type {rtype}')
ValueError: Cannot register /loky-619071-5oak209a for automatic cleanup: unknown resource type semlock
Traceback (most recent call last):
  File "/global/common/software/nersc/pe/conda-envs/26.1.0/python-3.13/nersc-python/lib/python3.13/multiprocessing/resource_tracker.py", line 371, in main
    raise ValueError(
        f'Cannot register {name} for automatic cleanup: '
        f'unknown resource type {rtype}')
ValueError: Cannot register /loky-619071-fkxt2egi for automatic cleanup: unknown resource type semlock
Traceback (most recent call last):
  File "/global/common/software/nersc/pe/conda-envs/26.1.0/python-3.13/nersc-python/lib/python3.13/multiprocessing/resource_tracker.py", line 371, in main
    raise ValueError(
        f'Cannot register {name} for automatic cleanup: '
        f'unknown resource type {rtype}')
ValueError: Cannot register /dev/shm/joblib_memmapping_folder_1818368_c11cef85a3c549d8a6f54e6ede29ecc6_991d100ec7014d9281a17c7a42d644cb for automatic cleanup: unknown resource type folder
Traceback (most recent call last):
  File "/global/common/software/nersc/pe/conda-envs/26.1.0/python-3.13/nersc-python/lib/python3.13/multiprocessing/resource_tracker.py", line 371, in main
    raise ValueError(
        f'Cannot register {name} for automatic cleanup: '
        f'unknown resource type {rtype}')
ValueError: Cannot register /loky-1818368-1wp89583 for automatic cleanup: unknown resource type semlock
Traceback (most recent call last):
  File "/global/common/software/nersc/pe/conda-envs/26.1.0/python-3.13/nersc-python/lib/python3.13/multiprocessing/resource_tracker.py", line 371, in main
    raise ValueError(
        f'Cannot register {name} for automatic cleanup: '
        f'unknown resource type {rtype}')
ValueError: Cannot register /loky-1818368-40qsca9w for automatic cleanup: unknown resource type semlock
Traceback (most recent call last):
  File "/global/common/software/nersc/pe/conda-envs/26.1.0/python-3.13/nersc-python/lib/python3.13/multiprocessing/resource_tracker.py", line 371, in main
    raise ValueError(
        f'Cannot register {name} for automatic cleanup: '
        f'unknown resource type {rtype}')
ValueError: Cannot register /loky-1818368-lt0sj0je for automatic cleanup: unknown resource type semlock
Traceback (most recent call last):
  File "/global/common/software/nersc/pe/conda-envs/26.1.0/python-3.13/nersc-python/lib/python3.13/multiprocessing/resource_tracker.py", line 371, in main
    raise ValueError(
        f'Cannot register {name} for automatic cleanup: '
        f'unknown resource type {rtype}')
ValueError: Cannot register /loky-1818368-wzqlzoj4 for automatic cleanup: unknown resource type semlock
Traceback (most recent call last):
  File "/global/common/software/nersc/pe/conda-envs/26.1.0/python-3.13/nersc-python/lib/python3.13/multiprocessing/resource_tracker.py", line 371, in main
    raise ValueError(
        f'Cannot register {name} for automatic cleanup: '
        f'unknown resource type {rtype}')
ValueError: Cannot register /loky-1818368-pmdrrunu for automatic cleanup: unknown resource type semlock
Traceback (most recent call last):
  File "/global/common/software/nersc/pe/conda-envs/26.1.0/python-3.13/nersc-python/lib/python3.13/multiprocessing/resource_tracker.py", line 371, in main
    raise ValueError(
        f'Cannot register {name} for automatic cleanup: '
        f'unknown resource type {rtype}')
ValueError: Cannot register /loky-1818368-oof4p9uf for automatic cleanup: unknown resource type semlock
Traceback (most recent call last):
  File "/global/common/software/nersc/pe/conda-envs/26.1.0/python-3.13/nersc-python/lib/python3.13/multiprocessing/resource_tracker.py", line 371, in main
    raise ValueError(
        f'Cannot register {name} for automatic cleanup: '
        f'unknown resource type {rtype}')
ValueError: Cannot register /dev/shm/joblib_memmapping_folder_1818368_c11cef85a3c549d8a6f54e6ede29ecc6_a4cafa9d83f247ffaee637c1ea4aceea for automatic cleanup: unknown resource type folder
Traceback (most recent call last):
  File "/global/common/software/nersc/pe/conda-envs/26.1.0/python-3.13/nersc-python/lib/python3.13/multiprocessing/resource_tracker.py", line 371, in main
    raise ValueError(
        f'Cannot register {name} for automatic cleanup: '
        f'unknown resource type {rtype}')
ValueError: Cannot register /loky-1818368-dyq692qw for automatic cleanup: unknown resource type semlock
Traceback (most recent call last):
  File "/global/common/software/nersc/pe/conda-envs/26.1.0/python-3.13/nersc-python/lib/python3.13/multiprocessing/resource_tracker.py", line 371, in main
    raise ValueError(
        f'Cannot register {name} for automatic cleanup: '
        f'unknown resource type {rtype}')
ValueError: Cannot register /loky-1818368-j0lnpv9p for automatic cleanup: unknown resource type semlock
Traceback (most recent call last):
  File "/global/common/software/nersc/pe/conda-envs/26.1.0/python-3.13/nersc-python/lib/python3.13/multiprocessing/resource_tracker.py", line 371, in main
    raise ValueError(
        f'Cannot register {name} for automatic cleanup: '
        f'unknown resource type {rtype}')
ValueError: Cannot register /loky-1818368-2sjm2wdt for automatic cleanup: unknown resource type semlock
Traceback (most recent call last):
  File "/global/common/software/nersc/pe/conda-envs/26.1.0/python-3.13/nersc-python/lib/python3.13/multiprocessing/resource_tracker.py", line 371, in main
    raise ValueError(
        f'Cannot register {name} for automatic cleanup: '
        f'unknown resource type {rtype}')
ValueError: Cannot register /loky-1818368-z_qg7b2s for automatic cleanup: unknown resource type semlock
Traceback (most recent call last):
  File "/global/common/software/nersc/pe/conda-envs/26.1.0/python-3.13/nersc-python/lib/python3.13/multiprocessing/resource_tracker.py", line 371, in main
    raise ValueError(
        f'Cannot register {name} for automatic cleanup: '
        f'unknown resource type {rtype}')
ValueError: Cannot register /loky-1818368-x9bwnblj for automatic cleanup: unknown resource type semlock
Traceback (most recent call last):
  File "/global/common/software/nersc/pe/conda-envs/26.1.0/python-3.13/nersc-python/lib/python3.13/multiprocessing/resource_tracker.py", line 371, in main
    raise ValueError(
        f'Cannot register {name} for automatic cleanup: '
        f'unknown resource type {rtype}')
ValueError: Cannot register /loky-1818368-ic2poa3_ for automatic cleanup: unknown resource type semlock
Traceback (most recent call last):
  File "/global/common/software/nersc/pe/conda-envs/26.1.0/python-3.13/nersc-python/lib/python3.13/multiprocessing/resource_tracker.py", line 371, in main
    raise ValueError(
        f'Cannot register {name} for automatic cleanup: '
        f'unknown resource type {rtype}')
ValueError: Cannot register /loky-1818368-nzv0t5w1 for automatic cleanup: unknown resource type semlock
Traceback (most recent call last):
  File "/global/common/software/nersc/pe/conda-envs/26.1.0/python-3.13/nersc-python/lib/python3.13/multiprocessing/resource_tracker.py", line 371, in main
    raise ValueError(
        f'Cannot register {name} for automatic cleanup: '
        f'unknown resource type {rtype}')
ValueError: Cannot register /loky-1818368-a41yyinq for automatic cleanup: unknown resource type semlock
Traceback (most recent call last):
  File "/global/common/software/nersc/pe/conda-envs/26.1.0/python-3.13/nersc-python/lib/python3.13/multiprocessing/resource_tracker.py", line 371, in main
Traceback (most recent call last):
    raise ValueError(
        f'Cannot register {name} for automatic cleanup: '
        f'unknown resource type {rtype}')
ValueError: Cannot register /loky-1818368-0x58psco for automatic cleanup: unknown resource type semlock
Traceback (most recent call last):
  File "/global/common/software/nersc/pe/conda-envs/26.1.0/python-3.13/nersc-python/lib/python3.13/multiprocessing/resource_tracker.py", line 371, in main
    raise ValueError(
        f'Cannot register {name} for automatic cleanup: '
        f'unknown resource type {rtype}')
ValueError: Cannot register /loky-1818368-ftjq3wxl for automatic cleanup: unknown resource type semlock
Traceback (most recent call last):
  File "/global/common/software/nersc/pe/conda-envs/26.1.0/python-3.13/nersc-python/lib/python3.13/multiprocessing/resource_tracker.py", line 371, in main
    raise ValueError(
        f'Cannot register {name} for automatic cleanup: '
        f'unknown resource type {rtype}')
ValueError: Cannot register /loky-1818368-d29x9wzv for automatic cleanup: unknown resource type semlock
Traceback (most recent call last):
  File "/global/common/software/nersc/pe/conda-envs/26.1.0/python-3.13/nersc-python/lib/python3.13/multiprocessing/resource_tracker.py", line 371, in main
    raise ValueError(
        f'Cannot register {name} for automatic cleanup: '
        f'unknown resource type {rtype}')
ValueError: Cannot register /loky-1818368-44o_3525 for automatic cleanup: unknown resource type semlock
Traceback (most recent call last):
  File "/global/common/software/nersc/pe/conda-envs/26.1.0/python-3.13/nersc-python/lib/python3.13/multiprocessing/resource_tracker.py", line 371, in main
    raise ValueError(
        f'Cannot register {name} for automatic cleanup: '
        f'unknown resource type {rtype}')
ValueError: Cannot register /loky-1818368-_zui_3hz for automatic cleanup: unknown resource type semlock
Traceback (most recent call last):
  File "/global/common/software/nersc/pe/conda-envs/26.1.0/python-3.13/nersc-python/lib/python3.13/multiprocessing/resource_tracker.py", line 371, in main
    raise ValueError(
        f'Cannot register {name} for automatic cleanup: '
        f'unknown resource type {rtype}')
ValueError: Cannot register /loky-1818368-na0bjenb for automatic cleanup: unknown resource type semlock
Traceback (most recent call last):
  File "/global/common/software/nersc/pe/conda-envs/26.1.0/python-3.13/nersc-python/lib/python3.13/multiprocessing/resource_tracker.py", line 371, in main
    raise ValueError(
        f'Cannot register {name} for automatic cleanup: '
        f'unknown resource type {rtype}')
ValueError: Cannot register /loky-1818368-wi42l7gs for automatic cleanup: unknown resource type semlock
Traceback (most recent call last):
  File "/global/common/software/nersc/pe/conda-envs/26.1.0/python-3.13/nersc-python/lib/python3.13/multiprocessing/resource_tracker.py", line 371, in main
    raise ValueError(
        f'Cannot register {name} for automatic cleanup: '
        f'unknown resource type {rtype}')
ValueError: Cannot register /loky-1818368-s8kycnu5 for automatic cleanup: unknown resource type semlock
  File "/global/common/software/nersc/pe/conda-envs/26.1.0/python-3.13/nersc-python/lib/python3.13/multiprocessing/resource_tracker.py", line 371, in main
    raise ValueError(
        f'Cannot register {name} for automatic cleanup: '
        f'unknown resource type {rtype}')
ValueError: Cannot register /dev/shm/joblib_memmapping_folder_10558_806f32faf480403dbd345f8ffc1a03e7_c010e3fe37884f31ac0667f78da0b437 for automatic cleanup: unknown resource type folder
Traceback (most recent call last):
  File "/global/common/software/nersc/pe/conda-envs/26.1.0/python-3.13/nersc-python/lib/python3.13/multiprocessing/resource_tracker.py", line 371, in main
    raise ValueError(
        f'Cannot register {name} for automatic cleanup: '
        f'unknown resource type {rtype}')
ValueError: Cannot register /loky-10558-ca9n5v1t for automatic cleanup: unknown resource type semlock
Traceback (most recent call last):
  File "/global/common/software/nersc/pe/conda-envs/26.1.0/python-3.13/nersc-python/lib/python3.13/multiprocessing/resource_tracker.py", line 371, in main
    raise ValueError(
        f'Cannot register {name} for automatic cleanup: '
        f'unknown resource type {rtype}')
ValueError: Cannot register /loky-10558-lssa03sw for automatic cleanup: unknown resource type semlock
Traceback (most recent call last):
  File "/global/common/software/nersc/pe/conda-envs/26.1.0/python-3.13/nersc-python/lib/python3.13/multiprocessing/resource_tracker.py", line 371, in main
    raise ValueError(
        f'Cannot register {name} for automatic cleanup: '
        f'unknown resource type {rtype}')
ValueError: Cannot register /loky-10558-5xv5gn8x for automatic cleanup: unknown resource type semlock
Traceback (most recent call last):
  File "/global/common/software/nersc/pe/conda-envs/26.1.0/python-3.13/nersc-python/lib/python3.13/multiprocessing/resource_tracker.py", line 371, in main
    raise ValueError(
        f'Cannot register {name} for automatic cleanup: '
        f'unknown resource type {rtype}')
ValueError: Cannot register /loky-10558-24_4r4qw for automatic cleanup: unknown resource type semlock
Traceback (most recent call last):
  File "/global/common/software/nersc/pe/conda-envs/26.1.0/python-3.13/nersc-python/lib/python3.13/multiprocessing/resource_tracker.py", line 371, in main
    raise ValueError(
        f'Cannot register {name} for automatic cleanup: '
        f'unknown resource type {rtype}')
ValueError: Cannot register /loky-10558-er7vhb4d for automatic cleanup: unknown resource type semlock
Traceback (most recent call last):
  File "/global/common/software/nersc/pe/conda-envs/26.1.0/python-3.13/nersc-python/lib/python3.13/multiprocessing/resource_tracker.py", line 371, in main
    raise ValueError(
        f'Cannot register {name} for automatic cleanup: '
        f'unknown resource type {rtype}')
ValueError: Cannot register /loky-10558-r5o1dw4e for automatic cleanup: unknown resource type semlock
Traceback (most recent call last):
  File "/global/common/software/nersc/pe/conda-envs/26.1.0/python-3.13/nersc-python/lib/python3.13/multiprocessing/resource_tracker.py", line 371, in main
    raise ValueError(
        f'Cannot register {name} for automatic cleanup: '
        f'unknown resource type {rtype}')
ValueError: Cannot register /dev/shm/joblib_memmapping_folder_10558_806f32faf480403dbd345f8ffc1a03e7_5a77dfa101e543c6bf345b10d8cbb3b8 for automatic cleanup: unknown resource type folder
Traceback (most recent call last):
  File "/global/common/software/nersc/pe/conda-envs/26.1.0/python-3.13/nersc-python/lib/python3.13/multiprocessing/resource_tracker.py", line 371, in main
    raise ValueError(
        f'Cannot register {name} for automatic cleanup: '
        f'unknown resource type {rtype}')
ValueError: Cannot register /loky-10558-m6y76et6 for automatic cleanup: unknown resource type semlock
Traceback (most recent call last):
  File "/global/common/software/nersc/pe/conda-envs/26.1.0/python-3.13/nersc-python/lib/python3.13/multiprocessing/resource_tracker.py", line 371, in main
    raise ValueError(
        f'Cannot register {name} for automatic cleanup: '
        f'unknown resource type {rtype}')
ValueError: Cannot register /loky-10558-ri_xbs3r for automatic cleanup: unknown resource type semlock
Traceback (most recent call last):
  File "/global/common/software/nersc/pe/conda-envs/26.1.0/python-3.13/nersc-python/lib/python3.13/multiprocessing/resource_tracker.py", line 371, in main
    raise ValueError(
        f'Cannot register {name} for automatic cleanup: '
        f'unknown resource type {rtype}')
ValueError: Cannot register /loky-10558-yke4djyp for automatic cleanup: unknown resource type semlock
Traceback (most recent call last):
  File "/global/common/software/nersc/pe/conda-envs/26.1.0/python-3.13/nersc-python/lib/python3.13/multiprocessing/resource_tracker.py", line 371, in main
    raise ValueError(
        f'Cannot register {name} for automatic cleanup: '
        f'unknown resource type {rtype}')
ValueError: Cannot register /loky-10558-fznzlwhj for automatic cleanup: unknown resource type semlock
Traceback (most recent call last):
  File "/global/common/software/nersc/pe/conda-envs/26.1.0/python-3.13/nersc-python/lib/python3.13/multiprocessing/resource_tracker.py", line 371, in main
    raise ValueError(
        f'Cannot register {name} for automatic cleanup: '
        f'unknown resource type {rtype}')
ValueError: Cannot register /loky-10558-_xrb776g for automatic cleanup: unknown resource type semlock
Traceback (most recent call last):
  File "/global/common/software/nersc/pe/conda-envs/26.1.0/python-3.13/nersc-python/lib/python3.13/multiprocessing/resource_tracker.py", line 371, in main
    raise ValueError(
        f'Cannot register {name} for automatic cleanup: '
        f'unknown resource type {rtype}')
ValueError: Cannot register /loky-10558-5_zpvubq for automatic cleanup: unknown resource type semlock
Traceback (most recent call last):
  File "/global/common/software/nersc/pe/conda-envs/26.1.0/python-3.13/nersc-python/lib/python3.13/multiprocessing/resource_tracker.py", line 371, in main
    raise ValueError(
        f'Cannot register {name} for automatic cleanup: '
        f'unknown resource type {rtype}')
ValueError: Cannot register /loky-10558-5ndgq8ss for automatic cleanup: unknown resource type semlock
Traceback (most recent call last):
  File "/global/common/software/nersc/pe/conda-envs/26.1.0/python-3.13/nersc-python/lib/python3.13/multiprocessing/resource_tracker.py", line 371, in main
    raise ValueError(
        f'Cannot register {name} for automatic cleanup: '
        f'unknown resource type {rtype}')
ValueError: Cannot register /loky-10558-z08womie for automatic cleanup: unknown resource type semlock
Traceback (most recent call last):
  File "/global/common/software/nersc/pe/conda-envs/26.1.0/python-3.13/nersc-python/lib/python3.13/multiprocessing/resource_tracker.py", line 371, in main
    raise ValueError(
        f'Cannot register {name} for automatic cleanup: '
        f'unknown resource type {rtype}')
ValueError: Cannot register /loky-10558-aq4_f7fi for automatic cleanup: unknown resource type semlock
Traceback (most recent call last):
  File "/global/common/software/nersc/pe/conda-envs/26.1.0/python-3.13/nersc-python/lib/python3.13/multiprocessing/resource_tracker.py", line 371, in main
    raise ValueError(
        f'Cannot register {name} for automatic cleanup: '
        f'unknown resource type {rtype}')
ValueError: Cannot register /loky-10558-qi3_nk5b for automatic cleanup: unknown resource type semlock
Traceback (most recent call last):
  File "/global/common/software/nersc/pe/conda-envs/26.1.0/python-3.13/nersc-python/lib/python3.13/multiprocessing/resource_tracker.py", line 371, in main
    raise ValueError(
        f'Cannot register {name} for automatic cleanup: '
        f'unknown resource type {rtype}')
ValueError: Cannot register /loky-10558-2063gyl7 for automatic cleanup: unknown resource type semlock
Traceback (most recent call last):
  File "/global/common/software/nersc/pe/conda-envs/26.1.0/python-3.13/nersc-python/lib/python3.13/multiprocessing/resource_tracker.py", line 371, in main
    raise ValueError(
        f'Cannot register {name} for automatic cleanup: '
        f'unknown resource type {rtype}')
ValueError: Cannot register /loky-10558-n0jhexmv for automatic cleanup: unknown resource type semlock
Traceback (most recent call last):
  File "/global/common/software/nersc/pe/conda-envs/26.1.0/python-3.13/nersc-python/lib/python3.13/multiprocessing/resource_tracker.py", line 371, in main
    raise ValueError(
        f'Cannot register {name} for automatic cleanup: '
        f'unknown resource type {rtype}')
ValueError: Cannot register /loky-10558-mdfvtlu0 for automatic cleanup: unknown resource type semlock
Traceback (most recent call last):
  File "/global/common/software/nersc/pe/conda-envs/26.1.0/python-3.13/nersc-python/lib/python3.13/multiprocessing/resource_tracker.py", line 371, in main
    raise ValueError(
        f'Cannot register {name} for automatic cleanup: '
        f'unknown resource type {rtype}')
ValueError: Cannot register /loky-10558-v00y74ty for automatic cleanup: unknown resource type semlock
Traceback (most recent call last):
  File "/global/common/software/nersc/pe/conda-envs/26.1.0/python-3.13/nersc-python/lib/python3.13/multiprocessing/resource_tracker.py", line 371, in main
    raise ValueError(
        f'Cannot register {name} for automatic cleanup: '
        f'unknown resource type {rtype}')
ValueError: Cannot register /loky-10558-5i77wtdk for automatic cleanup: unknown resource type semlock
Traceback (most recent call last):
  File "/global/common/software/nersc/pe/conda-envs/26.1.0/python-3.13/nersc-python/lib/python3.13/multiprocessing/resource_tracker.py", line 371, in main
    raise ValueError(
        f'Cannot register {name} for automatic cleanup: '
        f'unknown resource type {rtype}')
ValueError: Cannot register /loky-10558-57hbbvvx for automatic cleanup: unknown resource type semlock
Traceback (most recent call last):
  File "/global/common/software/nersc/pe/conda-envs/26.1.0/python-3.13/nersc-python/lib/python3.13/multiprocessing/resource_tracker.py", line 371, in main
    raise ValueError(
        f'Cannot register {name} for automatic cleanup: '
        f'unknown resource type {rtype}')
ValueError: Cannot register /dev/shm/joblib_memmapping_folder_528334_26638fea4f8c4f80b61a01cb02650cb9_f8c2602e544941c8851ea8026a69c9a7 for automatic cleanup: unknown resource type folder
Traceback (most recent call last):
  File "/global/common/software/nersc/pe/conda-envs/26.1.0/python-3.13/nersc-python/lib/python3.13/multiprocessing/resource_tracker.py", line 371, in main
    raise ValueError(
        f'Cannot register {name} for automatic cleanup: '
        f'unknown resource type {rtype}')
ValueError: Cannot register /loky-528334-7uv3igzx for automatic cleanup: unknown resource type semlock
Traceback (most recent call last):
  File "/global/common/software/nersc/pe/conda-envs/26.1.0/python-3.13/nersc-python/lib/python3.13/multiprocessing/resource_tracker.py", line 371, in main
    raise ValueError(
        f'Cannot register {name} for automatic cleanup: '
        f'unknown resource type {rtype}')
ValueError: Cannot register /loky-528334-zfw6fs5y for automatic cleanup: unknown resource type semlock
Traceback (most recent call last):
  File "/global/common/software/nersc/pe/conda-envs/26.1.0/python-3.13/nersc-python/lib/python3.13/multiprocessing/resource_tracker.py", line 371, in main
    raise ValueError(
        f'Cannot register {name} for automatic cleanup: '
        f'unknown resource type {rtype}')
ValueError: Cannot register /loky-528334-_pr8xmag for automatic cleanup: unknown resource type semlock
Traceback (most recent call last):
  File "/global/common/software/nersc/pe/conda-envs/26.1.0/python-3.13/nersc-python/lib/python3.13/multiprocessing/resource_tracker.py", line 371, in main
    raise ValueError(
        f'Cannot register {name} for automatic cleanup: '
        f'unknown resource type {rtype}')
ValueError: Cannot register /loky-528334-4ydupzwr for automatic cleanup: unknown resource type semlock
Traceback (most recent call last):
  File "/global/common/software/nersc/pe/conda-envs/26.1.0/python-3.13/nersc-python/lib/python3.13/multiprocessing/resource_tracker.py", line 371, in main
    raise ValueError(
        f'Cannot register {name} for automatic cleanup: '
        f'unknown resource type {rtype}')
ValueError: Cannot register /loky-528334-889w2i6_ for automatic cleanup: unknown resource type semlock
Traceback (most recent call last):
  File "/global/common/software/nersc/pe/conda-envs/26.1.0/python-3.13/nersc-python/lib/python3.13/multiprocessing/resource_tracker.py", line 371, in main
    raise ValueError(
        f'Cannot register {name} for automatic cleanup: '
        f'unknown resource type {rtype}')
ValueError: Cannot register /loky-528334-nwxndojh for automatic cleanup: unknown resource type semlock
Traceback (most recent call last):
  File "/global/common/software/nersc/pe/conda-envs/26.1.0/python-3.13/nersc-python/lib/python3.13/multiprocessing/resource_tracker.py", line 371, in main
    raise ValueError(
        f'Cannot register {name} for automatic cleanup: '
        f'unknown resource type {rtype}')
ValueError: Cannot register /dev/shm/joblib_memmapping_folder_528334_26638fea4f8c4f80b61a01cb02650cb9_e378ea64eb0f49729c8a0f3bd9e00093 for automatic cleanup: unknown resource type folder
Traceback (most recent call last):
  File "/global/common/software/nersc/pe/conda-envs/26.1.0/python-3.13/nersc-python/lib/python3.13/multiprocessing/resource_tracker.py", line 371, in main
    raise ValueError(
        f'Cannot register {name} for automatic cleanup: '
        f'unknown resource type {rtype}')
ValueError: Cannot register /loky-528334-inap1kfy for automatic cleanup: unknown resource type semlock
Traceback (most recent call last):
  File "/global/common/software/nersc/pe/conda-envs/26.1.0/python-3.13/nersc-python/lib/python3.13/multiprocessing/resource_tracker.py", line 371, in main
    raise ValueError(
        f'Cannot register {name} for automatic cleanup: '
        f'unknown resource type {rtype}')
ValueError: Cannot register /loky-528334-_mz1jpxc for automatic cleanup: unknown resource type semlock
Traceback (most recent call last):
  File "/global/common/software/nersc/pe/conda-envs/26.1.0/python-3.13/nersc-python/lib/python3.13/multiprocessing/resource_tracker.py", line 371, in main
    raise ValueError(
        f'Cannot register {name} for automatic cleanup: '
        f'unknown resource type {rtype}')
ValueError: Cannot register /loky-528334-6yv6wfwn for automatic cleanup: unknown resource type semlock
Traceback (most recent call last):
  File "/global/common/software/nersc/pe/conda-envs/26.1.0/python-3.13/nersc-python/lib/python3.13/multiprocessing/resource_tracker.py", line 371, in main
    raise ValueError(
        f'Cannot register {name} for automatic cleanup: '
        f'unknown resource type {rtype}')
ValueError: Cannot register /loky-528334-m_m8ii1z for automatic cleanup: unknown resource type semlock
Traceback (most recent call last):
  File "/global/common/software/nersc/pe/conda-envs/26.1.0/python-3.13/nersc-python/lib/python3.13/multiprocessing/resource_tracker.py", line 371, in main
    raise ValueError(
        f'Cannot register {name} for automatic cleanup: '
        f'unknown resource type {rtype}')
ValueError: Cannot register /loky-528334-n7b89z6u for automatic cleanup: unknown resource type semlock
Traceback (most recent call last):
  File "/global/common/software/nersc/pe/conda-envs/26.1.0/python-3.13/nersc-python/lib/python3.13/multiprocessing/resource_tracker.py", line 371, in main
    raise ValueError(
        f'Cannot register {name} for automatic cleanup: '
        f'unknown resource type {rtype}')
ValueError: Cannot register /loky-528334-uk47kzm4 for automatic cleanup: unknown resource type semlock
Traceback (most recent call last):
  File "/global/common/software/nersc/pe/conda-envs/26.1.0/python-3.13/nersc-python/lib/python3.13/multiprocessing/resource_tracker.py", line 371, in main
    raise ValueError(
        f'Cannot register {name} for automatic cleanup: '
        f'unknown resource type {rtype}')
ValueError: Cannot register /loky-528334-5x8i2y9n for automatic cleanup: unknown resource type semlock
Traceback (most recent call last):
  File "/global/common/software/nersc/pe/conda-envs/26.1.0/python-3.13/nersc-python/lib/python3.13/multiprocessing/resource_tracker.py", line 371, in main
    raise ValueError(
        f'Cannot register {name} for automatic cleanup: '
        f'unknown resource type {rtype}')
ValueError: Cannot register /loky-528334-2cae8kin for automatic cleanup: unknown resource type semlock
Traceback (most recent call last):
  File "/global/common/software/nersc/pe/conda-envs/26.1.0/python-3.13/nersc-python/lib/python3.13/multiprocessing/resource_tracker.py", line 371, in main
    raise ValueError(
        f'Cannot register {name} for automatic cleanup: '
        f'unknown resource type {rtype}')
ValueError: Cannot register /loky-528334-m_egms3c for automatic cleanup: unknown resource type semlock
Traceback (most recent call last):
  File "/global/common/software/nersc/pe/conda-envs/26.1.0/python-3.13/nersc-python/lib/python3.13/multiprocessing/resource_tracker.py", line 371, in main
    raise ValueError(
        f'Cannot register {name} for automatic cleanup: '
        f'unknown resource type {rtype}')
ValueError: Cannot register /loky-528334-hth79mx8 for automatic cleanup: unknown resource type semlock
Traceback (most recent call last):
  File "/global/common/software/nersc/pe/conda-envs/26.1.0/python-3.13/nersc-python/lib/python3.13/multiprocessing/resource_tracker.py", line 371, in main
    raise ValueError(
        f'Cannot register {name} for automatic cleanup: '
        f'unknown resource type {rtype}')
ValueError: Cannot register /loky-528334-m44domv0 for automatic cleanup: unknown resource type semlock
Traceback (most recent call last):
  File "/global/common/software/nersc/pe/conda-envs/26.1.0/python-3.13/nersc-python/lib/python3.13/multiprocessing/resource_tracker.py", line 371, in main
    raise ValueError(
        f'Cannot register {name} for automatic cleanup: '
        f'unknown resource type {rtype}')
ValueError: Cannot register /loky-528334-d37k7s1r for automatic cleanup: unknown resource type semlock
Traceback (most recent call last):
  File "/global/common/software/nersc/pe/conda-envs/26.1.0/python-3.13/nersc-python/lib/python3.13/multiprocessing/resource_tracker.py", line 371, in main
    raise ValueError(
        f'Cannot register {name} for automatic cleanup: '
        f'unknown resource type {rtype}')
ValueError: Cannot register /loky-528334-iv__iujn for automatic cleanup: unknown resource type semlock
Traceback (most recent call last):
  File "/global/common/software/nersc/pe/conda-envs/26.1.0/python-3.13/nersc-python/lib/python3.13/multiprocessing/resource_tracker.py", line 371, in main
    raise ValueError(
        f'Cannot register {name} for automatic cleanup: '
        f'unknown resource type {rtype}')
ValueError: Cannot register /loky-528334-rwtp77h9 for automatic cleanup: unknown resource type semlock
Traceback (most recent call last):
  File "/global/common/software/nersc/pe/conda-envs/26.1.0/python-3.13/nersc-python/lib/python3.13/multiprocessing/resource_tracker.py", line 371, in main
    raise ValueError(
        f'Cannot register {name} for automatic cleanup: '
        f'unknown resource type {rtype}')
ValueError: Cannot register /loky-528334-qme7eaor for automatic cleanup: unknown resource type semlock
Traceback (most recent call last):
  File "/global/common/software/nersc/pe/conda-envs/26.1.0/python-3.13/nersc-python/lib/python3.13/multiprocessing/resource_tracker.py", line 371, in main
    raise ValueError(
        f'Cannot register {name} for automatic cleanup: '
        f'unknown resource type {rtype}')
ValueError: Cannot register /loky-528334-i41kl763 for automatic cleanup: unknown resource type semlock
Traceback (most recent call last):
  File "/global/common/software/nersc/pe/conda-envs/26.1.0/python-3.13/nersc-python/lib/python3.13/multiprocessing/resource_tracker.py", line 371, in main
    raise ValueError(
        f'Cannot register {name} for automatic cleanup: '
        f'unknown resource type {rtype}')
ValueError: Cannot register /dev/shm/joblib_memmapping_folder_209972_c68fb8856e1e46e2a5961dda1c7849f9_b2f1d046051b4b6e9ae3e9c38c723768 for automatic cleanup: unknown resource type folder
Traceback (most recent call last):
  File "/global/common/software/nersc/pe/conda-envs/26.1.0/python-3.13/nersc-python/lib/python3.13/multiprocessing/resource_tracker.py", line 371, in main
    raise ValueError(
        f'Cannot register {name} for automatic cleanup: '
        f'unknown resource type {rtype}')
ValueError: Cannot register /loky-209972-vkfcgfhr for automatic cleanup: unknown resource type semlock
Traceback (most recent call last):
  File "/global/common/software/nersc/pe/conda-envs/26.1.0/python-3.13/nersc-python/lib/python3.13/multiprocessing/resource_tracker.py", line 371, in main
    raise ValueError(
        f'Cannot register {name} for automatic cleanup: '
        f'unknown resource type {rtype}')
ValueError: Cannot register /loky-209972-npnfzfch for automatic cleanup: unknown resource type semlock
Traceback (most recent call last):
  File "/global/common/software/nersc/pe/conda-envs/26.1.0/python-3.13/nersc-python/lib/python3.13/multiprocessing/resource_tracker.py", line 371, in main
    raise ValueError(
        f'Cannot register {name} for automatic cleanup: '
        f'unknown resource type {rtype}')
ValueError: Cannot register /loky-209972-nmbyiial for automatic cleanup: unknown resource type semlock
Traceback (most recent call last):
  File "/global/common/software/nersc/pe/conda-envs/26.1.0/python-3.13/nersc-python/lib/python3.13/multiprocessing/resource_tracker.py", line 371, in main
    raise ValueError(
        f'Cannot register {name} for automatic cleanup: '
        f'unknown resource type {rtype}')
ValueError: Cannot register /loky-209972-wp815pa2 for automatic cleanup: unknown resource type semlock
Traceback (most recent call last):
  File "/global/common/software/nersc/pe/conda-envs/26.1.0/python-3.13/nersc-python/lib/python3.13/multiprocessing/resource_tracker.py", line 371, in main
    raise ValueError(
        f'Cannot register {name} for automatic cleanup: '
        f'unknown resource type {rtype}')
ValueError: Cannot register /loky-209972-rrsx3toj for automatic cleanup: unknown resource type semlock
Traceback (most recent call last):
  File "/global/common/software/nersc/pe/conda-envs/26.1.0/python-3.13/nersc-python/lib/python3.13/multiprocessing/resource_tracker.py", line 371, in main
    raise ValueError(
        f'Cannot register {name} for automatic cleanup: '
        f'unknown resource type {rtype}')
ValueError: Cannot register /loky-209972-p11azc3t for automatic cleanup: unknown resource type semlock
Traceback (most recent call last):
  File "/global/common/software/nersc/pe/conda-envs/26.1.0/python-3.13/nersc-python/lib/python3.13/multiprocessing/resource_tracker.py", line 371, in main
    raise ValueError(
        f'Cannot register {name} for automatic cleanup: '
        f'unknown resource type {rtype}')
ValueError: Cannot register /dev/shm/joblib_memmapping_folder_209972_c68fb8856e1e46e2a5961dda1c7849f9_0736602a63ab4e749337f0c8f0aa7cad for automatic cleanup: unknown resource type folder
Traceback (most recent call last):
  File "/global/common/software/nersc/pe/conda-envs/26.1.0/python-3.13/nersc-python/lib/python3.13/multiprocessing/resource_tracker.py", line 371, in main
    raise ValueError(
        f'Cannot register {name} for automatic cleanup: '
        f'unknown resource type {rtype}')
ValueError: Cannot register /loky-209972-uplw146r for automatic cleanup: unknown resource type semlock
Traceback (most recent call last):
  File "/global/common/software/nersc/pe/conda-envs/26.1.0/python-3.13/nersc-python/lib/python3.13/multiprocessing/resource_tracker.py", line 371, in main
    raise ValueError(
        f'Cannot register {name} for automatic cleanup: '
        f'unknown resource type {rtype}')
ValueError: Cannot register /loky-209972-xqd7oxvp for automatic cleanup: unknown resource type semlock
Traceback (most recent call last):
  File "/global/common/software/nersc/pe/conda-envs/26.1.0/python-3.13/nersc-python/lib/python3.13/multiprocessing/resource_tracker.py", line 371, in main
    raise ValueError(
        f'Cannot register {name} for automatic cleanup: '
        f'unknown resource type {rtype}')
ValueError: Cannot register /loky-209972-cmay04mp for automatic cleanup: unknown resource type semlock
Traceback (most recent call last):
  File "/global/common/software/nersc/pe/conda-envs/26.1.0/python-3.13/nersc-python/lib/python3.13/multiprocessing/resource_tracker.py", line 371, in main
    raise ValueError(
        f'Cannot register {name} for automatic cleanup: '
        f'unknown resource type {rtype}')
ValueError: Cannot register /loky-209972-782satkw for automatic cleanup: unknown resource type semlock
Traceback (most recent call last):
  File "/global/common/software/nersc/pe/conda-envs/26.1.0/python-3.13/nersc-python/lib/python3.13/multiprocessing/resource_tracker.py", line 371, in main
    raise ValueError(
        f'Cannot register {name} for automatic cleanup: '
        f'unknown resource type {rtype}')
ValueError: Cannot register /loky-209972-w2xsce89 for automatic cleanup: unknown resource type semlock
Traceback (most recent call last):
  File "/global/common/software/nersc/pe/conda-envs/26.1.0/python-3.13/nersc-python/lib/python3.13/multiprocessing/resource_tracker.py", line 371, in main
    raise ValueError(
        f'Cannot register {name} for automatic cleanup: '
        f'unknown resource type {rtype}')
ValueError: Cannot register /loky-209972-e1pem7ll for automatic cleanup: unknown resource type semlock
Traceback (most recent call last):
  File "/global/common/software/nersc/pe/conda-envs/26.1.0/python-3.13/nersc-python/lib/python3.13/multiprocessing/resource_tracker.py", line 371, in main
    raise ValueError(
        f'Cannot register {name} for automatic cleanup: '
        f'unknown resource type {rtype}')
ValueError: Cannot register /loky-209972-nps76v5p for automatic cleanup: unknown resource type semlock
Traceback (most recent call last):
  File "/global/common/software/nersc/pe/conda-envs/26.1.0/python-3.13/nersc-python/lib/python3.13/multiprocessing/resource_tracker.py", line 371, in main
    raise ValueError(
        f'Cannot register {name} for automatic cleanup: '
        f'unknown resource type {rtype}')
ValueError: Cannot register /loky-209972-1c476qg3 for automatic cleanup: unknown resource type semlock
Traceback (most recent call last):
  File "/global/common/software/nersc/pe/conda-envs/26.1.0/python-3.13/nersc-python/lib/python3.13/multiprocessing/resource_tracker.py", line 371, in main
    raise ValueError(
        f'Cannot register {name} for automatic cleanup: '
        f'unknown resource type {rtype}')
ValueError: Cannot register /loky-209972-xn9idp7k for automatic cleanup: unknown resource type semlock
Traceback (most recent call last):
  File "/global/common/software/nersc/pe/conda-envs/26.1.0/python-3.13/nersc-python/lib/python3.13/multiprocessing/resource_tracker.py", line 371, in main
    raise ValueError(
        f'Cannot register {name} for automatic cleanup: '
        f'unknown resource type {rtype}')
ValueError: Cannot register /loky-209972-y7q_spd6 for automatic cleanup: unknown resource type semlock
Traceback (most recent call last):
  File "/global/common/software/nersc/pe/conda-envs/26.1.0/python-3.13/nersc-python/lib/python3.13/multiprocessing/resource_tracker.py", line 371, in main
    raise ValueError(
        f'Cannot register {name} for automatic cleanup: '
        f'unknown resource type {rtype}')
ValueError: Cannot register /loky-209972-gt9i26io for automatic cleanup: unknown resource type semlock
Traceback (most recent call last):
  File "/global/common/software/nersc/pe/conda-envs/26.1.0/python-3.13/nersc-python/lib/python3.13/multiprocessing/resource_tracker.py", line 371, in main
    raise ValueError(
        f'Cannot register {name} for automatic cleanup: '
        f'unknown resource type {rtype}')
ValueError: Cannot register /loky-209972-oc0j50oh for automatic cleanup: unknown resource type semlock
Traceback (most recent call last):
  File "/global/common/software/nersc/pe/conda-envs/26.1.0/python-3.13/nersc-python/lib/python3.13/multiprocessing/resource_tracker.py", line 371, in main
    raise ValueError(
        f'Cannot register {name} for automatic cleanup: '
        f'unknown resource type {rtype}')
ValueError: Cannot register /loky-209972-rckzz9v4 for automatic cleanup: unknown resource type semlock
Traceback (most recent call last):
  File "/global/common/software/nersc/pe/conda-envs/26.1.0/python-3.13/nersc-python/lib/python3.13/multiprocessing/resource_tracker.py", line 371, in main
    raise ValueError(
        f'Cannot register {name} for automatic cleanup: '
        f'unknown resource type {rtype}')
ValueError: Cannot register /loky-209972-znqpzozw for automatic cleanup: unknown resource type semlock
Traceback (most recent call last):
  File "/global/common/software/nersc/pe/conda-envs/26.1.0/python-3.13/nersc-python/lib/python3.13/multiprocessing/resource_tracker.py", line 371, in main
    raise ValueError(
        f'Cannot register {name} for automatic cleanup: '
        f'unknown resource type {rtype}')
ValueError: Cannot register /loky-209972-j18tlwmo for automatic cleanup: unknown resource type semlock
Traceback (most recent call last):
  File "/global/common/software/nersc/pe/conda-envs/26.1.0/python-3.13/nersc-python/lib/python3.13/multiprocessing/resource_tracker.py", line 371, in main
    raise ValueError(
        f'Cannot register {name} for automatic cleanup: '
        f'unknown resource type {rtype}')
ValueError: Cannot register /loky-209972-6ly8j5mo for automatic cleanup: unknown resource type semlock
Traceback (most recent call last):
  File "/global/common/software/nersc/pe/conda-envs/26.1.0/python-3.13/nersc-python/lib/python3.13/multiprocessing/resource_tracker.py", line 371, in main
    raise ValueError(
        f'Cannot register {name} for automatic cleanup: '
        f'unknown resource type {rtype}')
ValueError: Cannot register /dev/shm/joblib_memmapping_folder_1305692_a4f6a74bffcf445a9b6d35b607edfc01_99a37a1045bf4feea358f908b99fc3fc for automatic cleanup: unknown resource type folder
Traceback (most recent call last):
  File "/global/common/software/nersc/pe/conda-envs/26.1.0/python-3.13/nersc-python/lib/python3.13/multiprocessing/resource_tracker.py", line 371, in main
    raise ValueError(
        f'Cannot register {name} for automatic cleanup: '
        f'unknown resource type {rtype}')
ValueError: Cannot register /loky-1305692-srleb1d1 for automatic cleanup: unknown resource type semlock
Traceback (most recent call last):
  File "/global/common/software/nersc/pe/conda-envs/26.1.0/python-3.13/nersc-python/lib/python3.13/multiprocessing/resource_tracker.py", line 371, in main
    raise ValueError(
        f'Cannot register {name} for automatic cleanup: '
        f'unknown resource type {rtype}')
ValueError: Cannot register /loky-1305692-dsc72vhw for automatic cleanup: unknown resource type semlock
Traceback (most recent call last):
  File "/global/common/software/nersc/pe/conda-envs/26.1.0/python-3.13/nersc-python/lib/python3.13/multiprocessing/resource_tracker.py", line 371, in main
    raise ValueError(
        f'Cannot register {name} for automatic cleanup: '
        f'unknown resource type {rtype}')
ValueError: Cannot register /loky-1305692-k1fvyatl for automatic cleanup: unknown resource type semlock
Traceback (most recent call last):
  File "/global/common/software/nersc/pe/conda-envs/26.1.0/python-3.13/nersc-python/lib/python3.13/multiprocessing/resource_tracker.py", line 371, in main
    raise ValueError(
        f'Cannot register {name} for automatic cleanup: '
        f'unknown resource type {rtype}')
ValueError: Cannot register /loky-1305692-7qhioipu for automatic cleanup: unknown resource type semlock
Traceback (most recent call last):
  File "/global/common/software/nersc/pe/conda-envs/26.1.0/python-3.13/nersc-python/lib/python3.13/multiprocessing/resource_tracker.py", line 371, in main
    raise ValueError(
        f'Cannot register {name} for automatic cleanup: '
        f'unknown resource type {rtype}')
ValueError: Cannot register /loky-1305692-47d5kr6i for automatic cleanup: unknown resource type semlock
Traceback (most recent call last):
  File "/global/common/software/nersc/pe/conda-envs/26.1.0/python-3.13/nersc-python/lib/python3.13/multiprocessing/resource_tracker.py", line 371, in main
    raise ValueError(
        f'Cannot register {name} for automatic cleanup: '
        f'unknown resource type {rtype}')
ValueError: Cannot register /loky-1305692-4l3es5y0 for automatic cleanup: unknown resource type semlock
Traceback (most recent call last):
  File "/global/common/software/nersc/pe/conda-envs/26.1.0/python-3.13/nersc-python/lib/python3.13/multiprocessing/resource_tracker.py", line 371, in main
    raise ValueError(
        f'Cannot register {name} for automatic cleanup: '
        f'unknown resource type {rtype}')
ValueError: Cannot register /dev/shm/joblib_memmapping_folder_1305692_a4f6a74bffcf445a9b6d35b607edfc01_895880280eab4bb9b17c4413f167fef1 for automatic cleanup: unknown resource type folder
Traceback (most recent call last):
  File "/global/common/software/nersc/pe/conda-envs/26.1.0/python-3.13/nersc-python/lib/python3.13/multiprocessing/resource_tracker.py", line 371, in main
    raise ValueError(
        f'Cannot register {name} for automatic cleanup: '
        f'unknown resource type {rtype}')
ValueError: Cannot register /loky-1305692-c27zngjz for automatic cleanup: unknown resource type semlock
Traceback (most recent call last):
  File "/global/common/software/nersc/pe/conda-envs/26.1.0/python-3.13/nersc-python/lib/python3.13/multiprocessing/resource_tracker.py", line 371, in main
    raise ValueError(
        f'Cannot register {name} for automatic cleanup: '
        f'unknown resource type {rtype}')
ValueError: Cannot register /loky-1305692-b_bpu2vb for automatic cleanup: unknown resource type semlock
Traceback (most recent call last):
  File "/global/common/software/nersc/pe/conda-envs/26.1.0/python-3.13/nersc-python/lib/python3.13/multiprocessing/resource_tracker.py", line 371, in main
    raise ValueError(
        f'Cannot register {name} for automatic cleanup: '
        f'unknown resource type {rtype}')
ValueError: Cannot register /loky-1305692-s3dycdsw for automatic cleanup: unknown resource type semlock
Traceback (most recent call last):
  File "/global/common/software/nersc/pe/conda-envs/26.1.0/python-3.13/nersc-python/lib/python3.13/multiprocessing/resource_tracker.py", line 371, in main
    raise ValueError(
        f'Cannot register {name} for automatic cleanup: '
        f'unknown resource type {rtype}')
ValueError: Cannot register /loky-1305692-poiyeolz for automatic cleanup: unknown resource type semlock
Traceback (most recent call last):
  File "/global/common/software/nersc/pe/conda-envs/26.1.0/python-3.13/nersc-python/lib/python3.13/multiprocessing/resource_tracker.py", line 371, in main
    raise ValueError(
        f'Cannot register {name} for automatic cleanup: '
        f'unknown resource type {rtype}')
ValueError: Cannot register /loky-1305692-kzydbafh for automatic cleanup: unknown resource type semlock
Traceback (most recent call last):
  File "/global/common/software/nersc/pe/conda-envs/26.1.0/python-3.13/nersc-python/lib/python3.13/multiprocessing/resource_tracker.py", line 371, in main
    raise ValueError(
        f'Cannot register {name} for automatic cleanup: '
        f'unknown resource type {rtype}')
ValueError: Cannot register /loky-1305692-l7g3zpg1 for automatic cleanup: unknown resource type semlock
Traceback (most recent call last):
  File "/global/common/software/nersc/pe/conda-envs/26.1.0/python-3.13/nersc-python/lib/python3.13/multiprocessing/resource_tracker.py", line 371, in main
    raise ValueError(
        f'Cannot register {name} for automatic cleanup: '
        f'unknown resource type {rtype}')
ValueError: Cannot register /loky-1305692-_6qd_cr1 for automatic cleanup: unknown resource type semlock
Traceback (most recent call last):
  File "/global/common/software/nersc/pe/conda-envs/26.1.0/python-3.13/nersc-python/lib/python3.13/multiprocessing/resource_tracker.py", line 371, in main
    raise ValueError(
        f'Cannot register {name} for automatic cleanup: '
        f'unknown resource type {rtype}')
ValueError: Cannot register /loky-1305692-l4mjzssf for automatic cleanup: unknown resource type semlock
Traceback (most recent call last):
  File "/global/common/software/nersc/pe/conda-envs/26.1.0/python-3.13/nersc-python/lib/python3.13/multiprocessing/resource_tracker.py", line 371, in main
    raise ValueError(
        f'Cannot register {name} for automatic cleanup: '
        f'unknown resource type {rtype}')
ValueError: Cannot register /loky-1305692-uv5qoibt for automatic cleanup: unknown resource type semlock
Traceback (most recent call last):
  File "/global/common/software/nersc/pe/conda-envs/26.1.0/python-3.13/nersc-python/lib/python3.13/multiprocessing/resource_tracker.py", line 371, in main
    raise ValueError(
        f'Cannot register {name} for automatic cleanup: '
        f'unknown resource type {rtype}')
ValueError: Cannot register /loky-1305692-eevuwddb for automatic cleanup: unknown resource type semlock
Traceback (most recent call last):
  File "/global/common/software/nersc/pe/conda-envs/26.1.0/python-3.13/nersc-python/lib/python3.13/multiprocessing/resource_tracker.py", line 371, in main
    raise ValueError(
        f'Cannot register {name} for automatic cleanup: '
        f'unknown resource type {rtype}')
ValueError: Cannot register /loky-1305692-119xrt9r for automatic cleanup: unknown resource type semlock
Traceback (most recent call last):
  File "/global/common/software/nersc/pe/conda-envs/26.1.0/python-3.13/nersc-python/lib/python3.13/multiprocessing/resource_tracker.py", line 371, in main
    raise ValueError(
        f'Cannot register {name} for automatic cleanup: '
        f'unknown resource type {rtype}')
ValueError: Cannot register /loky-1305692-y59xlcef for automatic cleanup: unknown resource type semlock
Traceback (most recent call last):
  File "/global/common/software/nersc/pe/conda-envs/26.1.0/python-3.13/nersc-python/lib/python3.13/multiprocessing/resource_tracker.py", line 371, in main
    raise ValueError(
        f'Cannot register {name} for automatic cleanup: '
        f'unknown resource type {rtype}')
ValueError: Cannot register /loky-1305692-6_8jott6 for automatic cleanup: unknown resource type semlock
Traceback (most recent call last):
  File "/global/common/software/nersc/pe/conda-envs/26.1.0/python-3.13/nersc-python/lib/python3.13/multiprocessing/resource_tracker.py", line 371, in main
    raise ValueError(
        f'Cannot register {name} for automatic cleanup: '
        f'unknown resource type {rtype}')
ValueError: Cannot register /loky-1305692-kj67mr02 for automatic cleanup: unknown resource type semlock
Traceback (most recent call last):
  File "/global/common/software/nersc/pe/conda-envs/26.1.0/python-3.13/nersc-python/lib/python3.13/multiprocessing/resource_tracker.py", line 371, in main
    raise ValueError(
        f'Cannot register {name} for automatic cleanup: '
        f'unknown resource type {rtype}')
ValueError: Cannot register /loky-1305692-7fq008vq for automatic cleanup: unknown resource type semlock
Traceback (most recent call last):
  File "/global/common/software/nersc/pe/conda-envs/26.1.0/python-3.13/nersc-python/lib/python3.13/multiprocessing/resource_tracker.py", line 371, in main
    raise ValueError(
        f'Cannot register {name} for automatic cleanup: '
        f'unknown resource type {rtype}')
ValueError: Cannot register /loky-1305692-pdo_jg9k for automatic cleanup: unknown resource type semlock
Traceback (most recent call last):
  File "/global/common/software/nersc/pe/conda-envs/26.1.0/python-3.13/nersc-python/lib/python3.13/multiprocessing/resource_tracker.py", line 371, in main
    raise ValueError(
        f'Cannot register {name} for automatic cleanup: '
        f'unknown resource type {rtype}')
ValueError: Cannot register /dev/shm/joblib_memmapping_folder_1038928_a43a41904c4c4ef286e94aeb93128b85_121a5b83950d4721b849c13a8b6be2fe for automatic cleanup: unknown resource type folder
Traceback (most recent call last):
  File "/global/common/software/nersc/pe/conda-envs/26.1.0/python-3.13/nersc-python/lib/python3.13/multiprocessing/resource_tracker.py", line 371, in main
    raise ValueError(
        f'Cannot register {name} for automatic cleanup: '
        f'unknown resource type {rtype}')
ValueError: Cannot register /loky-1038928-e14yvse1 for automatic cleanup: unknown resource type semlock
Traceback (most recent call last):
  File "/global/common/software/nersc/pe/conda-envs/26.1.0/python-3.13/nersc-python/lib/python3.13/multiprocessing/resource_tracker.py", line 371, in main
    raise ValueError(
        f'Cannot register {name} for automatic cleanup: '
        f'unknown resource type {rtype}')
ValueError: Cannot register /loky-1038928-nuowy2kj for automatic cleanup: unknown resource type semlock
Traceback (most recent call last):
  File "/global/common/software/nersc/pe/conda-envs/26.1.0/python-3.13/nersc-python/lib/python3.13/multiprocessing/resource_tracker.py", line 371, in main
    raise ValueError(
        f'Cannot register {name} for automatic cleanup: '
        f'unknown resource type {rtype}')
ValueError: Cannot register /loky-1038928-g25037qv for automatic cleanup: unknown resource type semlock
Traceback (most recent call last):
  File "/global/common/software/nersc/pe/conda-envs/26.1.0/python-3.13/nersc-python/lib/python3.13/multiprocessing/resource_tracker.py", line 371, in main
    raise ValueError(
        f'Cannot register {name} for automatic cleanup: '
        f'unknown resource type {rtype}')
ValueError: Cannot register /loky-1038928-n35z0olg for automatic cleanup: unknown resource type semlock
Traceback (most recent call last):
  File "/global/common/software/nersc/pe/conda-envs/26.1.0/python-3.13/nersc-python/lib/python3.13/multiprocessing/resource_tracker.py", line 371, in main
    raise ValueError(
        f'Cannot register {name} for automatic cleanup: '
        f'unknown resource type {rtype}')
ValueError: Cannot register /loky-1038928-99nkw2nf for automatic cleanup: unknown resource type semlock
Traceback (most recent call last):
  File "/global/common/software/nersc/pe/conda-envs/26.1.0/python-3.13/nersc-python/lib/python3.13/multiprocessing/resource_tracker.py", line 371, in main
    raise ValueError(
        f'Cannot register {name} for automatic cleanup: '
        f'unknown resource type {rtype}')
ValueError: Cannot register /loky-1038928-hvc476gt for automatic cleanup: unknown resource type semlock
Traceback (most recent call last):
  File "/global/common/software/nersc/pe/conda-envs/26.1.0/python-3.13/nersc-python/lib/python3.13/multiprocessing/resource_tracker.py", line 371, in main
    raise ValueError(
        f'Cannot register {name} for automatic cleanup: '
        f'unknown resource type {rtype}')
ValueError: Cannot register /dev/shm/joblib_memmapping_folder_1038928_a43a41904c4c4ef286e94aeb93128b85_3a3fa3dfbb1444e4ae0b8adc29704583 for automatic cleanup: unknown resource type folder
Traceback (most recent call last):
  File "/global/common/software/nersc/pe/conda-envs/26.1.0/python-3.13/nersc-python/lib/python3.13/multiprocessing/resource_tracker.py", line 371, in main
    raise ValueError(
        f'Cannot register {name} for automatic cleanup: '
        f'unknown resource type {rtype}')
ValueError: Cannot register /loky-1038928-9ez8n_a3 for automatic cleanup: unknown resource type semlock
Traceback (most recent call last):
  File "/global/common/software/nersc/pe/conda-envs/26.1.0/python-3.13/nersc-python/lib/python3.13/multiprocessing/resource_tracker.py", line 371, in main
    raise ValueError(
        f'Cannot register {name} for automatic cleanup: '
        f'unknown resource type {rtype}')
ValueError: Cannot register /loky-1038928-ftkf2xpv for automatic cleanup: unknown resource type semlock
Traceback (most recent call last):
  File "/global/common/software/nersc/pe/conda-envs/26.1.0/python-3.13/nersc-python/lib/python3.13/multiprocessing/resource_tracker.py", line 371, in main
    raise ValueError(
        f'Cannot register {name} for automatic cleanup: '
        f'unknown resource type {rtype}')
ValueError: Cannot register /loky-1038928-czw9bw2r for automatic cleanup: unknown resource type semlock
Traceback (most recent call last):
  File "/global/common/software/nersc/pe/conda-envs/26.1.0/python-3.13/nersc-python/lib/python3.13/multiprocessing/resource_tracker.py", line 371, in main
    raise ValueError(
        f'Cannot register {name} for automatic cleanup: '
        f'unknown resource type {rtype}')
ValueError: Cannot register /loky-1038928-7xy8pef6 for automatic cleanup: unknown resource type semlock
Traceback (most recent call last):
  File "/global/common/software/nersc/pe/conda-envs/26.1.0/python-3.13/nersc-python/lib/python3.13/multiprocessing/resource_tracker.py", line 371, in main
    raise ValueError(
        f'Cannot register {name} for automatic cleanup: '
        f'unknown resource type {rtype}')
ValueError: Cannot register /loky-1038928-1g1i4cy_ for automatic cleanup: unknown resource type semlock
Traceback (most recent call last):
  File "/global/common/software/nersc/pe/conda-envs/26.1.0/python-3.13/nersc-python/lib/python3.13/multiprocessing/resource_tracker.py", line 371, in main
    raise ValueError(
        f'Cannot register {name} for automatic cleanup: '
        f'unknown resource type {rtype}')
ValueError: Cannot register /loky-1038928-td7n4nov for automatic cleanup: unknown resource type semlock
Traceback (most recent call last):
  File "/global/common/software/nersc/pe/conda-envs/26.1.0/python-3.13/nersc-python/lib/python3.13/multiprocessing/resource_tracker.py", line 371, in main
    raise ValueError(
        f'Cannot register {name} for automatic cleanup: '
        f'unknown resource type {rtype}')
ValueError: Cannot register /loky-1038928-wi4ussgj for automatic cleanup: unknown resource type semlock
Traceback (most recent call last):
  File "/global/common/software/nersc/pe/conda-envs/26.1.0/python-3.13/nersc-python/lib/python3.13/multiprocessing/resource_tracker.py", line 371, in main
    raise ValueError(
        f'Cannot register {name} for automatic cleanup: '
        f'unknown resource type {rtype}')
ValueError: Cannot register /loky-1038928-k0axnveu for automatic cleanup: unknown resource type semlock
Traceback (most recent call last):
  File "/global/common/software/nersc/pe/conda-envs/26.1.0/python-3.13/nersc-python/lib/python3.13/multiprocessing/resource_tracker.py", line 371, in main
    raise ValueError(
        f'Cannot register {name} for automatic cleanup: '
        f'unknown resource type {rtype}')
ValueError: Cannot register /loky-1038928-sftq7toc for automatic cleanup: unknown resource type semlock
Traceback (most recent call last):
  File "/global/common/software/nersc/pe/conda-envs/26.1.0/python-3.13/nersc-python/lib/python3.13/multiprocessing/resource_tracker.py", line 371, in main
    raise ValueError(
        f'Cannot register {name} for automatic cleanup: '
        f'unknown resource type {rtype}')
ValueError: Cannot register /loky-1038928-tf_n293r for automatic cleanup: unknown resource type semlock
Traceback (most recent call last):
  File "/global/common/software/nersc/pe/conda-envs/26.1.0/python-3.13/nersc-python/lib/python3.13/multiprocessing/resource_tracker.py", line 371, in main
    raise ValueError(
        f'Cannot register {name} for automatic cleanup: '
        f'unknown resource type {rtype}')
ValueError: Cannot register /loky-1038928-g0xdyhoz for automatic cleanup: unknown resource type semlock
Traceback (most recent call last):
  File "/global/common/software/nersc/pe/conda-envs/26.1.0/python-3.13/nersc-python/lib/python3.13/multiprocessing/resource_tracker.py", line 371, in main
    raise ValueError(
        f'Cannot register {name} for automatic cleanup: '
        f'unknown resource type {rtype}')
ValueError: Cannot register /loky-1038928-qv21j_jg for automatic cleanup: unknown resource type semlock
Traceback (most recent call last):
  File "/global/common/software/nersc/pe/conda-envs/26.1.0/python-3.13/nersc-python/lib/python3.13/multiprocessing/resource_tracker.py", line 371, in main
    raise ValueError(
        f'Cannot register {name} for automatic cleanup: '
        f'unknown resource type {rtype}')
ValueError: Cannot register /loky-1038928-h3i5e7nt for automatic cleanup: unknown resource type semlock
Traceback (most recent call last):
  File "/global/common/software/nersc/pe/conda-envs/26.1.0/python-3.13/nersc-python/lib/python3.13/multiprocessing/resource_tracker.py", line 371, in main
    raise ValueError(
        f'Cannot register {name} for automatic cleanup: '
        f'unknown resource type {rtype}')
ValueError: Cannot register /loky-1038928-sxo9c8u5 for automatic cleanup: unknown resource type semlock
Traceback (most recent call last):
  File "/global/common/software/nersc/pe/conda-envs/26.1.0/python-3.13/nersc-python/lib/python3.13/multiprocessing/resource_tracker.py", line 371, in main
    raise ValueError(
        f'Cannot register {name} for automatic cleanup: '
        f'unknown resource type {rtype}')
ValueError: Cannot register /loky-1038928-2txlkvq7 for automatic cleanup: unknown resource type semlock
Traceback (most recent call last):
  File "/global/common/software/nersc/pe/conda-envs/26.1.0/python-3.13/nersc-python/lib/python3.13/multiprocessing/resource_tracker.py", line 371, in main
    raise ValueError(
        f'Cannot register {name} for automatic cleanup: '
        f'unknown resource type {rtype}')
ValueError: Cannot register /loky-1038928-2wbonltp for automatic cleanup: unknown resource type semlock
Traceback (most recent call last):
Traceback (most recent call last):
  File "/global/common/software/nersc/pe/conda-envs/26.1.0/python-3.13/nersc-python/lib/python3.13/multiprocessing/resource_tracker.py", line 371, in main
    raise ValueError(
        f'Cannot register {name} for automatic cleanup: '
        f'unknown resource type {rtype}')
ValueError: Cannot register /dev/shm/joblib_memmapping_folder_880326_df0f8500a0f54001b922d990c23623db_ea821388d7954fb0a0832cd206d993f9 for automatic cleanup: unknown resource type folder
Traceback (most recent call last):
  File "/global/common/software/nersc/pe/conda-envs/26.1.0/python-3.13/nersc-python/lib/python3.13/multiprocessing/resource_tracker.py", line 371, in main
    raise ValueError(
        f'Cannot register {name} for automatic cleanup: '
        f'unknown resource type {rtype}')
ValueError: Cannot register /loky-880326-3gjl4hci for automatic cleanup: unknown resource type semlock
Traceback (most recent call last):
  File "/global/common/software/nersc/pe/conda-envs/26.1.0/python-3.13/nersc-python/lib/python3.13/multiprocessing/resource_tracker.py", line 371, in main
    raise ValueError(
        f'Cannot register {name} for automatic cleanup: '
        f'unknown resource type {rtype}')
ValueError: Cannot register /loky-880326-1zpyzsjw for automatic cleanup: unknown resource type semlock
Traceback (most recent call last):
  File "/global/common/software/nersc/pe/conda-envs/26.1.0/python-3.13/nersc-python/lib/python3.13/multiprocessing/resource_tracker.py", line 371, in main
    raise ValueError(
        f'Cannot register {name} for automatic cleanup: '
        f'unknown resource type {rtype}')
ValueError: Cannot register /loky-880326-2v0kds8m for automatic cleanup: unknown resource type semlock
Traceback (most recent call last):
  File "/global/common/software/nersc/pe/conda-envs/26.1.0/python-3.13/nersc-python/lib/python3.13/multiprocessing/resource_tracker.py", line 371, in main
    raise ValueError(
        f'Cannot register {name} for automatic cleanup: '
        f'unknown resource type {rtype}')
ValueError: Cannot register /loky-880326-jd3mzbdi for automatic cleanup: unknown resource type semlock
Traceback (most recent call last):
  File "/global/common/software/nersc/pe/conda-envs/26.1.0/python-3.13/nersc-python/lib/python3.13/multiprocessing/resource_tracker.py", line 371, in main
    raise ValueError(
        f'Cannot register {name} for automatic cleanup: '
        f'unknown resource type {rtype}')
ValueError: Cannot register /loky-880326-1gwq1w1n for automatic cleanup: unknown resource type semlock
Traceback (most recent call last):
  File "/global/common/software/nersc/pe/conda-envs/26.1.0/python-3.13/nersc-python/lib/python3.13/multiprocessing/resource_tracker.py", line 371, in main
    raise ValueError(
        f'Cannot register {name} for automatic cleanup: '
        f'unknown resource type {rtype}')
ValueError: Cannot register /loky-880326-lwr1ngsa for automatic cleanup: unknown resource type semlock
Traceback (most recent call last):
  File "/global/common/software/nersc/pe/conda-envs/26.1.0/python-3.13/nersc-python/lib/python3.13/multiprocessing/resource_tracker.py", line 371, in main
    raise ValueError(
        f'Cannot register {name} for automatic cleanup: '
        f'unknown resource type {rtype}')
ValueError: Cannot register /dev/shm/joblib_memmapping_folder_880326_df0f8500a0f54001b922d990c23623db_dbb2869a22d146b384a393feb4872fcf for automatic cleanup: unknown resource type folder
Traceback (most recent call last):
  File "/global/common/software/nersc/pe/conda-envs/26.1.0/python-3.13/nersc-python/lib/python3.13/multiprocessing/resource_tracker.py", line 371, in main
    raise ValueError(
        f'Cannot register {name} for automatic cleanup: '
        f'unknown resource type {rtype}')
ValueError: Cannot register /loky-880326-nm2q2ixe for automatic cleanup: unknown resource type semlock
Traceback (most recent call last):
  File "/global/common/software/nersc/pe/conda-envs/26.1.0/python-3.13/nersc-python/lib/python3.13/multiprocessing/resource_tracker.py", line 371, in main
    raise ValueError(
        f'Cannot register {name} for automatic cleanup: '
        f'unknown resource type {rtype}')
ValueError: Cannot register /loky-880326-t0q6sciv for automatic cleanup: unknown resource type semlock
Traceback (most recent call last):
  File "/global/common/software/nersc/pe/conda-envs/26.1.0/python-3.13/nersc-python/lib/python3.13/multiprocessing/resource_tracker.py", line 371, in main
    raise ValueError(
        f'Cannot register {name} for automatic cleanup: '
        f'unknown resource type {rtype}')
ValueError: Cannot register /loky-880326-jirlgani for automatic cleanup: unknown resource type semlock
  File "/global/common/software/nersc/pe/conda-envs/26.1.0/python-3.13/nersc-python/lib/python3.13/multiprocessing/resource_tracker.py", line 371, in main
Traceback (most recent call last):
    raise ValueError(
        f'Cannot register {name} for automatic cleanup: '
        f'unknown resource type {rtype}')
  File "/global/common/software/nersc/pe/conda-envs/26.1.0/python-3.13/nersc-python/lib/python3.13/multiprocessing/resource_tracker.py", line 371, in main
ValueError: Cannot register /dev/shm/joblib_memmapping_folder_1784562_578f935fd350463fbae80ebb7f6610c9_959c2ad7d32d42ad8c775210543482eb for automatic cleanup: unknown resource type folder
    raise ValueError(
Traceback (most recent call last):
        f'Cannot register {name} for automatic cleanup: '
        f'unknown resource type {rtype}')
ValueError: Cannot register /loky-880326-2sa_axet for automatic cleanup: unknown resource type semlock
Traceback (most recent call last):
  File "/global/common/software/nersc/pe/conda-envs/26.1.0/python-3.13/nersc-python/lib/python3.13/multiprocessing/resource_tracker.py", line 371, in main
    raise ValueError(
  File "/global/common/software/nersc/pe/conda-envs/26.1.0/python-3.13/nersc-python/lib/python3.13/multiprocessing/resource_tracker.py", line 371, in main
        f'Cannot register {name} for automatic cleanup: '
    raise ValueError(
        f'unknown resource type {rtype}')
        f'Cannot register {name} for automatic cleanup: '
ValueError: Cannot register /loky-1784562-5hnh3rv6 for automatic cleanup: unknown resource type semlock
        f'unknown resource type {rtype}')
Traceback (most recent call last):
ValueError: Cannot register /loky-880326-jujv_vzw for automatic cleanup: unknown resource type semlock
Traceback (most recent call last):
  File "/global/common/software/nersc/pe/conda-envs/26.1.0/python-3.13/nersc-python/lib/python3.13/multiprocessing/resource_tracker.py", line 371, in main
  File "/global/common/software/nersc/pe/conda-envs/26.1.0/python-3.13/nersc-python/lib/python3.13/multiprocessing/resource_tracker.py", line 371, in main
    raise ValueError(
    raise ValueError(
        f'Cannot register {name} for automatic cleanup: '
        f'unknown resource type {rtype}')
        f'Cannot register {name} for automatic cleanup: '
ValueError: Cannot register /loky-1784562-rfeloq32 for automatic cleanup: unknown resource type semlock
        f'unknown resource type {rtype}')
Traceback (most recent call last):
ValueError: Cannot register /loky-880326-y6jqtmqv for automatic cleanup: unknown resource type semlock
  File "/global/common/software/nersc/pe/conda-envs/26.1.0/python-3.13/nersc-python/lib/python3.13/multiprocessing/resource_tracker.py", line 371, in main
Traceback (most recent call last):
    raise ValueError(
  File "/global/common/software/nersc/pe/conda-envs/26.1.0/python-3.13/nersc-python/lib/python3.13/multiprocessing/resource_tracker.py", line 371, in main
        f'Cannot register {name} for automatic cleanup: '
    raise ValueError(
        f'unknown resource type {rtype}')
        f'Cannot register {name} for automatic cleanup: '
ValueError: Cannot register /loky-1784562-m_mgj6az for automatic cleanup: unknown resource type semlock
        f'unknown resource type {rtype}')
Traceback (most recent call last):
ValueError: Cannot register /loky-880326-f3dylq5x for automatic cleanup: unknown resource type semlock
Traceback (most recent call last):
  File "/global/common/software/nersc/pe/conda-envs/26.1.0/python-3.13/nersc-python/lib/python3.13/multiprocessing/resource_tracker.py", line 371, in main
  File "/global/common/software/nersc/pe/conda-envs/26.1.0/python-3.13/nersc-python/lib/python3.13/multiprocessing/resource_tracker.py", line 371, in main
    raise ValueError(
    raise ValueError(
        f'Cannot register {name} for automatic cleanup: '
        f'Cannot register {name} for automatic cleanup: '
        f'unknown resource type {rtype}')
        f'unknown resource type {rtype}')
ValueError: Cannot register /loky-1784562-15170tfj for automatic cleanup: unknown resource type semlock
ValueError: Cannot register /loky-880326-sss1c0p6 for automatic cleanup: unknown resource type semlock
Traceback (most recent call last):
Traceback (most recent call last):
  File "/global/common/software/nersc/pe/conda-envs/26.1.0/python-3.13/nersc-python/lib/python3.13/multiprocessing/resource_tracker.py", line 371, in main
    raise ValueError(
        f'Cannot register {name} for automatic cleanup: '
        f'unknown resource type {rtype}')
  File "/global/common/software/nersc/pe/conda-envs/26.1.0/python-3.13/nersc-python/lib/python3.13/multiprocessing/resource_tracker.py", line 371, in main
ValueError: Cannot register /loky-1784562-byii2mla for automatic cleanup: unknown resource type semlock
    raise ValueError(
Traceback (most recent call last):
        f'Cannot register {name} for automatic cleanup: '
  File "/global/common/software/nersc/pe/conda-envs/26.1.0/python-3.13/nersc-python/lib/python3.13/multiprocessing/resource_tracker.py", line 371, in main
        f'unknown resource type {rtype}')
    raise ValueError(
ValueError: Cannot register /loky-880326-1lq34r1w for automatic cleanup: unknown resource type semlock
        f'Cannot register {name} for automatic cleanup: '
        f'unknown resource type {rtype}')
Traceback (most recent call last):
ValueError: Cannot register /loky-1784562-bug1pok4 for automatic cleanup: unknown resource type semlock
Traceback (most recent call last):
  File "/global/common/software/nersc/pe/conda-envs/26.1.0/python-3.13/nersc-python/lib/python3.13/multiprocessing/resource_tracker.py", line 371, in main
    raise ValueError(
        f'Cannot register {name} for automatic cleanup: '
  File "/global/common/software/nersc/pe/conda-envs/26.1.0/python-3.13/nersc-python/lib/python3.13/multiprocessing/resource_tracker.py", line 371, in main
        f'unknown resource type {rtype}')
    raise ValueError(
        f'Cannot register {name} for automatic cleanup: '
ValueError: Cannot register /dev/shm/joblib_memmapping_folder_1784562_578f935fd350463fbae80ebb7f6610c9_d685235ffdbc4aa1abea578e91c48f65 for automatic cleanup: unknown resource type folder
        f'unknown resource type {rtype}')
Traceback (most recent call last):
ValueError: Cannot register /loky-880326-d7wmgx_t for automatic cleanup: unknown resource type semlock
Traceback (most recent call last):
  File "/global/common/software/nersc/pe/conda-envs/26.1.0/python-3.13/nersc-python/lib/python3.13/multiprocessing/resource_tracker.py", line 371, in main
  File "/global/common/software/nersc/pe/conda-envs/26.1.0/python-3.13/nersc-python/lib/python3.13/multiprocessing/resource_tracker.py", line 371, in main
    raise ValueError(
    raise ValueError(
        f'Cannot register {name} for automatic cleanup: '
        f'unknown resource type {rtype}')
        f'Cannot register {name} for automatic cleanup: '
ValueError: Cannot register /loky-1784562-mee0mkqh for automatic cleanup: unknown resource type semlock
        f'unknown resource type {rtype}')
Traceback (most recent call last):
ValueError: Cannot register /loky-880326-2fl3g09l for automatic cleanup: unknown resource type semlock
Traceback (most recent call last):
  File "/global/common/software/nersc/pe/conda-envs/26.1.0/python-3.13/nersc-python/lib/python3.13/multiprocessing/resource_tracker.py", line 371, in main
  File "/global/common/software/nersc/pe/conda-envs/26.1.0/python-3.13/nersc-python/lib/python3.13/multiprocessing/resource_tracker.py", line 371, in main
    raise ValueError(
    raise ValueError(
        f'Cannot register {name} for automatic cleanup: '
        f'Cannot register {name} for automatic cleanup: '
        f'unknown resource type {rtype}')
        f'unknown resource type {rtype}')
ValueError: Cannot register /loky-880326-9yjawt9d for automatic cleanup: unknown resource type semlock
ValueError: Cannot register /loky-1784562-dd9yf3z0 for automatic cleanup: unknown resource type semlock
Traceback (most recent call last):
Traceback (most recent call last):
  File "/global/common/software/nersc/pe/conda-envs/26.1.0/python-3.13/nersc-python/lib/python3.13/multiprocessing/resource_tracker.py", line 371, in main
  File "/global/common/software/nersc/pe/conda-envs/26.1.0/python-3.13/nersc-python/lib/python3.13/multiprocessing/resource_tracker.py", line 371, in main
    raise ValueError(
    raise ValueError(
        f'Cannot register {name} for automatic cleanup: '
        f'Cannot register {name} for automatic cleanup: '
        f'unknown resource type {rtype}')
        f'unknown resource type {rtype}')
ValueError: Cannot register /loky-880326-osp3b51a for automatic cleanup: unknown resource type semlock
ValueError: Cannot register /loky-1784562-ba4af2hi for automatic cleanup: unknown resource type semlock
Traceback (most recent call last):
Traceback (most recent call last):
  File "/global/common/software/nersc/pe/conda-envs/26.1.0/python-3.13/nersc-python/lib/python3.13/multiprocessing/resource_tracker.py", line 371, in main
  File "/global/common/software/nersc/pe/conda-envs/26.1.0/python-3.13/nersc-python/lib/python3.13/multiprocessing/resource_tracker.py", line 371, in main
    raise ValueError(
        f'Cannot register {name} for automatic cleanup: '
    raise ValueError(
        f'unknown resource type {rtype}')
        f'Cannot register {name} for automatic cleanup: '
ValueError: Cannot register /loky-880326-ynv_0_1h for automatic cleanup: unknown resource type semlock
        f'unknown resource type {rtype}')
Traceback (most recent call last):
ValueError: Cannot register /loky-1784562-ee63j9kp for automatic cleanup: unknown resource type semlock
  File "/global/common/software/nersc/pe/conda-envs/26.1.0/python-3.13/nersc-python/lib/python3.13/multiprocessing/resource_tracker.py", line 371, in main
    raise ValueError(
Traceback (most recent call last):
        f'Cannot register {name} for automatic cleanup: '
  File "/global/common/software/nersc/pe/conda-envs/26.1.0/python-3.13/nersc-python/lib/python3.13/multiprocessing/resource_tracker.py", line 371, in main
        f'unknown resource type {rtype}')
    raise ValueError(
ValueError: Cannot register /loky-880326-kdnhjgly for automatic cleanup: unknown resource type semlock
        f'Cannot register {name} for automatic cleanup: '
        f'unknown resource type {rtype}')
Traceback (most recent call last):
ValueError: Cannot register /loky-1784562-yra_tzpv for automatic cleanup: unknown resource type semlock
  File "/global/common/software/nersc/pe/conda-envs/26.1.0/python-3.13/nersc-python/lib/python3.13/multiprocessing/resource_tracker.py", line 371, in main
Traceback (most recent call last):
    raise ValueError(
  File "/global/common/software/nersc/pe/conda-envs/26.1.0/python-3.13/nersc-python/lib/python3.13/multiprocessing/resource_tracker.py", line 371, in main
        f'Cannot register {name} for automatic cleanup: '
    raise ValueError(
        f'unknown resource type {rtype}')
        f'Cannot register {name} for automatic cleanup: '
ValueError: Cannot register /loky-880326-w162b82_ for automatic cleanup: unknown resource type semlock
        f'unknown resource type {rtype}')
ValueError: Cannot register /loky-1784562-q57b4nm0 for automatic cleanup: unknown resource type semlock
Traceback (most recent call last):
  File "/global/common/software/nersc/pe/conda-envs/26.1.0/python-3.13/nersc-python/lib/python3.13/multiprocessing/resource_tracker.py", line 371, in main
    raise ValueError(
        f'Cannot register {name} for automatic cleanup: '
        f'unknown resource type {rtype}')
ValueError: Cannot register /loky-1784562-gbqcaakb for automatic cleanup: unknown resource type semlock
Traceback (most recent call last):
  File "/global/common/software/nersc/pe/conda-envs/26.1.0/python-3.13/nersc-python/lib/python3.13/multiprocessing/resource_tracker.py", line 371, in main
    raise ValueError(
        f'Cannot register {name} for automatic cleanup: '
        f'unknown resource type {rtype}')
ValueError: Cannot register /loky-1784562-f4e8wgx5 for automatic cleanup: unknown resource type semlock
Traceback (most recent call last):
  File "/global/common/software/nersc/pe/conda-envs/26.1.0/python-3.13/nersc-python/lib/python3.13/multiprocessing/resource_tracker.py", line 371, in main
    raise ValueError(
        f'Cannot register {name} for automatic cleanup: '
        f'unknown resource type {rtype}')
ValueError: Cannot register /loky-1784562-5pl2y0bw for automatic cleanup: unknown resource type semlock
Traceback (most recent call last):
  File "/global/common/software/nersc/pe/conda-envs/26.1.0/python-3.13/nersc-python/lib/python3.13/multiprocessing/resource_tracker.py", line 371, in main
    raise ValueError(
        f'Cannot register {name} for automatic cleanup: '
        f'unknown resource type {rtype}')
ValueError: Cannot register /loky-1784562-xxn2y0k8 for automatic cleanup: unknown resource type semlock
Traceback (most recent call last):
  File "/global/common/software/nersc/pe/conda-envs/26.1.0/python-3.13/nersc-python/lib/python3.13/multiprocessing/resource_tracker.py", line 371, in main
    raise ValueError(
        f'Cannot register {name} for automatic cleanup: '
        f'unknown resource type {rtype}')
ValueError: Cannot register /loky-1784562-wqsa20mo for automatic cleanup: unknown resource type semlock
Traceback (most recent call last):
  File "/global/common/software/nersc/pe/conda-envs/26.1.0/python-3.13/nersc-python/lib/python3.13/multiprocessing/resource_tracker.py", line 371, in main
    raise ValueError(
        f'Cannot register {name} for automatic cleanup: '
        f'unknown resource type {rtype}')
ValueError: Cannot register /loky-1784562-2qo_6xfh for automatic cleanup: unknown resource type semlock
Traceback (most recent call last):
  File "/global/common/software/nersc/pe/conda-envs/26.1.0/python-3.13/nersc-python/lib/python3.13/multiprocessing/resource_tracker.py", line 371, in main
    raise ValueError(
        f'Cannot register {name} for automatic cleanup: '
        f'unknown resource type {rtype}')
ValueError: Cannot register /loky-1784562-_65nmicf for automatic cleanup: unknown resource type semlock
Traceback (most recent call last):
  File "/global/common/software/nersc/pe/conda-envs/26.1.0/python-3.13/nersc-python/lib/python3.13/multiprocessing/resource_tracker.py", line 371, in main
    raise ValueError(
        f'Cannot register {name} for automatic cleanup: '
        f'unknown resource type {rtype}')
ValueError: Cannot register /loky-1784562-3ql0btob for automatic cleanup: unknown resource type semlock
Traceback (most recent call last):
  File "/global/common/software/nersc/pe/conda-envs/26.1.0/python-3.13/nersc-python/lib/python3.13/multiprocessing/resource_tracker.py", line 371, in main
    raise ValueError(
        f'Cannot register {name} for automatic cleanup: '
        f'unknown resource type {rtype}')
ValueError: Cannot register /loky-1784562-fnfej99a for automatic cleanup: unknown resource type semlock
Traceback (most recent call last):
  File "/global/common/software/nersc/pe/conda-envs/26.1.0/python-3.13/nersc-python/lib/python3.13/multiprocessing/resource_tracker.py", line 371, in main
    raise ValueError(
        f'Cannot register {name} for automatic cleanup: '
        f'unknown resource type {rtype}')
ValueError: Cannot register /loky-1784562-39mpknv3 for automatic cleanup: unknown resource type semlock
Traceback (most recent call last):
  File "/global/common/software/nersc/pe/conda-envs/26.1.0/python-3.13/nersc-python/lib/python3.13/multiprocessing/resource_tracker.py", line 371, in main
    raise ValueError(
        f'Cannot register {name} for automatic cleanup: '
        f'unknown resource type {rtype}')
ValueError: Cannot register /dev/shm/joblib_memmapping_folder_917640_8a85b57cf70d48be8cbfd5c8515a2f94_bf5489f8a4604d6c8c938b91a15fdf6c for automatic cleanup: unknown resource type folder
Traceback (most recent call last):
  File "/global/common/software/nersc/pe/conda-envs/26.1.0/python-3.13/nersc-python/lib/python3.13/multiprocessing/resource_tracker.py", line 371, in main
    raise ValueError(
        f'Cannot register {name} for automatic cleanup: '
        f'unknown resource type {rtype}')
ValueError: Cannot register /loky-917640-_pgmdx6a for automatic cleanup: unknown resource type semlock
Traceback (most recent call last):
  File "/global/common/software/nersc/pe/conda-envs/26.1.0/python-3.13/nersc-python/lib/python3.13/multiprocessing/resource_tracker.py", line 371, in main
    raise ValueError(
        f'Cannot register {name} for automatic cleanup: '
        f'unknown resource type {rtype}')
ValueError: Cannot register /loky-917640-i0bpa0td for automatic cleanup: unknown resource type semlock
Traceback (most recent call last):
  File "/global/common/software/nersc/pe/conda-envs/26.1.0/python-3.13/nersc-python/lib/python3.13/multiprocessing/resource_tracker.py", line 371, in main
    raise ValueError(
        f'Cannot register {name} for automatic cleanup: '
        f'unknown resource type {rtype}')
ValueError: Cannot register /loky-917640-6sf9dwi8 for automatic cleanup: unknown resource type semlock
Traceback (most recent call last):
  File "/global/common/software/nersc/pe/conda-envs/26.1.0/python-3.13/nersc-python/lib/python3.13/multiprocessing/resource_tracker.py", line 371, in main
    raise ValueError(
        f'Cannot register {name} for automatic cleanup: '
        f'unknown resource type {rtype}')
ValueError: Cannot register /loky-917640-870s_r7x for automatic cleanup: unknown resource type semlock
Traceback (most recent call last):
  File "/global/common/software/nersc/pe/conda-envs/26.1.0/python-3.13/nersc-python/lib/python3.13/multiprocessing/resource_tracker.py", line 371, in main
    raise ValueError(
        f'Cannot register {name} for automatic cleanup: '
        f'unknown resource type {rtype}')
ValueError: Cannot register /loky-917640-bcjn4be5 for automatic cleanup: unknown resource type semlock
Traceback (most recent call last):
  File "/global/common/software/nersc/pe/conda-envs/26.1.0/python-3.13/nersc-python/lib/python3.13/multiprocessing/resource_tracker.py", line 371, in main
    raise ValueError(
        f'Cannot register {name} for automatic cleanup: '
        f'unknown resource type {rtype}')
ValueError: Cannot register /loky-917640-n_3fwq_w for automatic cleanup: unknown resource type semlock
Traceback (most recent call last):
  File "/global/common/software/nersc/pe/conda-envs/26.1.0/python-3.13/nersc-python/lib/python3.13/multiprocessing/resource_tracker.py", line 371, in main
    raise ValueError(
        f'Cannot register {name} for automatic cleanup: '
        f'unknown resource type {rtype}')
ValueError: Cannot register /dev/shm/joblib_memmapping_folder_917640_8a85b57cf70d48be8cbfd5c8515a2f94_730f58fb2d484e9481cffd3be4c01f41 for automatic cleanup: unknown resource type folder
Traceback (most recent call last):
  File "/global/common/software/nersc/pe/conda-envs/26.1.0/python-3.13/nersc-python/lib/python3.13/multiprocessing/resource_tracker.py", line 371, in main
    raise ValueError(
        f'Cannot register {name} for automatic cleanup: '
        f'unknown resource type {rtype}')
ValueError: Cannot register /loky-917640-pmxasusc for automatic cleanup: unknown resource type semlock
Traceback (most recent call last):
  File "/global/common/software/nersc/pe/conda-envs/26.1.0/python-3.13/nersc-python/lib/python3.13/multiprocessing/resource_tracker.py", line 371, in main
    raise ValueError(
        f'Cannot register {name} for automatic cleanup: '
        f'unknown resource type {rtype}')
ValueError: Cannot register /loky-917640-v2837m_g for automatic cleanup: unknown resource type semlock
Traceback (most recent call last):
  File "/global/common/software/nersc/pe/conda-envs/26.1.0/python-3.13/nersc-python/lib/python3.13/multiprocessing/resource_tracker.py", line 371, in main
    raise ValueError(
        f'Cannot register {name} for automatic cleanup: '
        f'unknown resource type {rtype}')
ValueError: Cannot register /loky-917640-0hdpfa2c for automatic cleanup: unknown resource type semlock
Traceback (most recent call last):
  File "/global/common/software/nersc/pe/conda-envs/26.1.0/python-3.13/nersc-python/lib/python3.13/multiprocessing/resource_tracker.py", line 371, in main
    raise ValueError(
        f'Cannot register {name} for automatic cleanup: '
        f'unknown resource type {rtype}')
ValueError: Cannot register /loky-917640-1g_dpab8 for automatic cleanup: unknown resource type semlock
Traceback (most recent call last):
  File "/global/common/software/nersc/pe/conda-envs/26.1.0/python-3.13/nersc-python/lib/python3.13/multiprocessing/resource_tracker.py", line 371, in main
    raise ValueError(
        f'Cannot register {name} for automatic cleanup: '
        f'unknown resource type {rtype}')
ValueError: Cannot register /loky-917640-ja6tnpid for automatic cleanup: unknown resource type semlock
Traceback (most recent call last):
  File "/global/common/software/nersc/pe/conda-envs/26.1.0/python-3.13/nersc-python/lib/python3.13/multiprocessing/resource_tracker.py", line 371, in main
    raise ValueError(
        f'Cannot register {name} for automatic cleanup: '
        f'unknown resource type {rtype}')
ValueError: Cannot register /loky-917640-jl_m619z for automatic cleanup: unknown resource type semlock
Traceback (most recent call last):
  File "/global/common/software/nersc/pe/conda-envs/26.1.0/python-3.13/nersc-python/lib/python3.13/multiprocessing/resource_tracker.py", line 371, in main
    raise ValueError(
        f'Cannot register {name} for automatic cleanup: '
        f'unknown resource type {rtype}')
ValueError: Cannot register /loky-917640-cd6u6nss for automatic cleanup: unknown resource type semlock
Traceback (most recent call last):
  File "/global/common/software/nersc/pe/conda-envs/26.1.0/python-3.13/nersc-python/lib/python3.13/multiprocessing/resource_tracker.py", line 371, in main
    raise ValueError(
        f'Cannot register {name} for automatic cleanup: '
        f'unknown resource type {rtype}')
ValueError: Cannot register /loky-917640-4poqmd5q for automatic cleanup: unknown resource type semlock
Traceback (most recent call last):
  File "/global/common/software/nersc/pe/conda-envs/26.1.0/python-3.13/nersc-python/lib/python3.13/multiprocessing/resource_tracker.py", line 371, in main
    raise ValueError(
        f'Cannot register {name} for automatic cleanup: '
        f'unknown resource type {rtype}')
ValueError: Cannot register /loky-917640-bwhbuxbk for automatic cleanup: unknown resource type semlock
Traceback (most recent call last):
  File "/global/common/software/nersc/pe/conda-envs/26.1.0/python-3.13/nersc-python/lib/python3.13/multiprocessing/resource_tracker.py", line 371, in main
    raise ValueError(
        f'Cannot register {name} for automatic cleanup: '
        f'unknown resource type {rtype}')
ValueError: Cannot register /loky-917640-z6fvu8i4 for automatic cleanup: unknown resource type semlock
Traceback (most recent call last):
  File "/global/common/software/nersc/pe/conda-envs/26.1.0/python-3.13/nersc-python/lib/python3.13/multiprocessing/resource_tracker.py", line 371, in main
    raise ValueError(
        f'Cannot register {name} for automatic cleanup: '
        f'unknown resource type {rtype}')
ValueError: Cannot register /loky-917640-dtxy7laj for automatic cleanup: unknown resource type semlock
Traceback (most recent call last):
  File "/global/common/software/nersc/pe/conda-envs/26.1.0/python-3.13/nersc-python/lib/python3.13/multiprocessing/resource_tracker.py", line 371, in main
    raise ValueError(
        f'Cannot register {name} for automatic cleanup: '
        f'unknown resource type {rtype}')
ValueError: Cannot register /loky-917640-dt_mf292 for automatic cleanup: unknown resource type semlock
Traceback (most recent call last):
  File "/global/common/software/nersc/pe/conda-envs/26.1.0/python-3.13/nersc-python/lib/python3.13/multiprocessing/resource_tracker.py", line 371, in main
    raise ValueError(
        f'Cannot register {name} for automatic cleanup: '
        f'unknown resource type {rtype}')
ValueError: Cannot register /loky-917640-85r020hn for automatic cleanup: unknown resource type semlock
Traceback (most recent call last):
  File "/global/common/software/nersc/pe/conda-envs/26.1.0/python-3.13/nersc-python/lib/python3.13/multiprocessing/resource_tracker.py", line 371, in main
    raise ValueError(
        f'Cannot register {name} for automatic cleanup: '
        f'unknown resource type {rtype}')
ValueError: Cannot register /loky-917640-kvtanwdm for automatic cleanup: unknown resource type semlock
Traceback (most recent call last):
  File "/global/common/software/nersc/pe/conda-envs/26.1.0/python-3.13/nersc-python/lib/python3.13/multiprocessing/resource_tracker.py", line 371, in main
    raise ValueError(
        f'Cannot register {name} for automatic cleanup: '
        f'unknown resource type {rtype}')
ValueError: Cannot register /loky-917640-hn_xpema for automatic cleanup: unknown resource type semlock
Traceback (most recent call last):
  File "/global/common/software/nersc/pe/conda-envs/26.1.0/python-3.13/nersc-python/lib/python3.13/multiprocessing/resource_tracker.py", line 371, in main
    raise ValueError(
        f'Cannot register {name} for automatic cleanup: '
        f'unknown resource type {rtype}')
ValueError: Cannot register /loky-917640-t3vfqsjk for automatic cleanup: unknown resource type semlock
Traceback (most recent call last):
  File "/global/common/software/nersc/pe/conda-envs/26.1.0/python-3.13/nersc-python/lib/python3.13/multiprocessing/resource_tracker.py", line 371, in main
    raise ValueError(
        f'Cannot register {name} for automatic cleanup: '
        f'unknown resource type {rtype}')
ValueError: Cannot register /dev/shm/joblib_memmapping_folder_1710219_a97c62e796b942f6b49f8448e3e59a2f_2d830a6bca704789b4925d89b59e2528 for automatic cleanup: unknown resource type folder
Traceback (most recent call last):
Traceback (most recent call last):
  File "/global/common/software/nersc/pe/conda-envs/26.1.0/python-3.13/nersc-python/lib/python3.13/multiprocessing/resource_tracker.py", line 371, in main
    raise ValueError(
        f'Cannot register {name} for automatic cleanup: '
        f'unknown resource type {rtype}')
ValueError: Cannot register /loky-1710219-452a9amh for automatic cleanup: unknown resource type semlock
Traceback (most recent call last):
  File "/global/common/software/nersc/pe/conda-envs/26.1.0/python-3.13/nersc-python/lib/python3.13/multiprocessing/resource_tracker.py", line 371, in main
    raise ValueError(
        f'Cannot register {name} for automatic cleanup: '
        f'unknown resource type {rtype}')
ValueError: Cannot register /loky-1710219-qna56cl4 for automatic cleanup: unknown resource type semlock
Traceback (most recent call last):
  File "/global/common/software/nersc/pe/conda-envs/26.1.0/python-3.13/nersc-python/lib/python3.13/multiprocessing/resource_tracker.py", line 371, in main
    raise ValueError(
        f'Cannot register {name} for automatic cleanup: '
        f'unknown resource type {rtype}')
ValueError: Cannot register /loky-1710219-k0sy45gz for automatic cleanup: unknown resource type semlock
Traceback (most recent call last):
  File "/global/common/software/nersc/pe/conda-envs/26.1.0/python-3.13/nersc-python/lib/python3.13/multiprocessing/resource_tracker.py", line 371, in main
    raise ValueError(
        f'Cannot register {name} for automatic cleanup: '
        f'unknown resource type {rtype}')
ValueError: Cannot register /loky-1710219-5x6mt2po for automatic cleanup: unknown resource type semlock
Traceback (most recent call last):
  File "/global/common/software/nersc/pe/conda-envs/26.1.0/python-3.13/nersc-python/lib/python3.13/multiprocessing/resource_tracker.py", line 371, in main
    raise ValueError(
        f'Cannot register {name} for automatic cleanup: '
        f'unknown resource type {rtype}')
ValueError: Cannot register /loky-1710219-y39eqt60 for automatic cleanup: unknown resource type semlock
Traceback (most recent call last):
  File "/global/common/software/nersc/pe/conda-envs/26.1.0/python-3.13/nersc-python/lib/python3.13/multiprocessing/resource_tracker.py", line 371, in main
    raise ValueError(
        f'Cannot register {name} for automatic cleanup: '
        f'unknown resource type {rtype}')
ValueError: Cannot register /loky-1710219-06b_1gq9 for automatic cleanup: unknown resource type semlock
Traceback (most recent call last):
  File "/global/common/software/nersc/pe/conda-envs/26.1.0/python-3.13/nersc-python/lib/python3.13/multiprocessing/resource_tracker.py", line 371, in main
    raise ValueError(
        f'Cannot register {name} for automatic cleanup: '
        f'unknown resource type {rtype}')
ValueError: Cannot register /dev/shm/joblib_memmapping_folder_1710219_a97c62e796b942f6b49f8448e3e59a2f_d72fd8c8918c4424b0bdbf55bf529d26 for automatic cleanup: unknown resource type folder
Traceback (most recent call last):
  File "/global/common/software/nersc/pe/conda-envs/26.1.0/python-3.13/nersc-python/lib/python3.13/multiprocessing/resource_tracker.py", line 371, in main
    raise ValueError(
        f'Cannot register {name} for automatic cleanup: '
        f'unknown resource type {rtype}')
ValueError: Cannot register /loky-1710219-t1_m1hbq for automatic cleanup: unknown resource type semlock
Traceback (most recent call last):
  File "/global/common/software/nersc/pe/conda-envs/26.1.0/python-3.13/nersc-python/lib/python3.13/multiprocessing/resource_tracker.py", line 371, in main
    raise ValueError(
        f'Cannot register {name} for automatic cleanup: '
        f'unknown resource type {rtype}')
ValueError: Cannot register /loky-1710219-_gq_f3y1 for automatic cleanup: unknown resource type semlock
Traceback (most recent call last):
  File "/global/common/software/nersc/pe/conda-envs/26.1.0/python-3.13/nersc-python/lib/python3.13/multiprocessing/resource_tracker.py", line 371, in main
    raise ValueError(
        f'Cannot register {name} for automatic cleanup: '
        f'unknown resource type {rtype}')
ValueError: Cannot register /loky-1710219-rm3nv3kz for automatic cleanup: unknown resource type semlock
Traceback (most recent call last):
  File "/global/common/software/nersc/pe/conda-envs/26.1.0/python-3.13/nersc-python/lib/python3.13/multiprocessing/resource_tracker.py", line 371, in main
    raise ValueError(
        f'Cannot register {name} for automatic cleanup: '
        f'unknown resource type {rtype}')
ValueError: Cannot register /loky-1710219-5c_h689r for automatic cleanup: unknown resource type semlock
Traceback (most recent call last):
  File "/global/common/software/nersc/pe/conda-envs/26.1.0/python-3.13/nersc-python/lib/python3.13/multiprocessing/resource_tracker.py", line 371, in main
    raise ValueError(
        f'Cannot register {name} for automatic cleanup: '
        f'unknown resource type {rtype}')
ValueError: Cannot register /loky-1710219-my06mk11 for automatic cleanup: unknown resource type semlock
Traceback (most recent call last):
  File "/global/common/software/nersc/pe/conda-envs/26.1.0/python-3.13/nersc-python/lib/python3.13/multiprocessing/resource_tracker.py", line 371, in main
    raise ValueError(
        f'Cannot register {name} for automatic cleanup: '
        f'unknown resource type {rtype}')
ValueError: Cannot register /loky-1710219-jom6wpvm for automatic cleanup: unknown resource type semlock
Traceback (most recent call last):
  File "/global/common/software/nersc/pe/conda-envs/26.1.0/python-3.13/nersc-python/lib/python3.13/multiprocessing/resource_tracker.py", line 371, in main
    raise ValueError(
        f'Cannot register {name} for automatic cleanup: '
        f'unknown resource type {rtype}')
ValueError: Cannot register /loky-1710219-bwx354t7 for automatic cleanup: unknown resource type semlock
Traceback (most recent call last):
  File "/global/common/software/nersc/pe/conda-envs/26.1.0/python-3.13/nersc-python/lib/python3.13/multiprocessing/resource_tracker.py", line 371, in main
    raise ValueError(
        f'Cannot register {name} for automatic cleanup: '
        f'unknown resource type {rtype}')
ValueError: Cannot register /loky-1710219-83kk2wfz for automatic cleanup: unknown resource type semlock
Traceback (most recent call last):
  File "/global/common/software/nersc/pe/conda-envs/26.1.0/python-3.13/nersc-python/lib/python3.13/multiprocessing/resource_tracker.py", line 371, in main
    raise ValueError(
        f'Cannot register {name} for automatic cleanup: '
        f'unknown resource type {rtype}')
ValueError: Cannot register /loky-1710219-an8gv0wu for automatic cleanup: unknown resource type semlock
Traceback (most recent call last):
  File "/global/common/software/nersc/pe/conda-envs/26.1.0/python-3.13/nersc-python/lib/python3.13/multiprocessing/resource_tracker.py", line 371, in main
    raise ValueError(
  File "/global/common/software/nersc/pe/conda-envs/26.1.0/python-3.13/nersc-python/lib/python3.13/multiprocessing/resource_tracker.py", line 371, in main
    raise ValueError(
        f'Cannot register {name} for automatic cleanup: '
        f'Cannot register {name} for automatic cleanup: '
        f'unknown resource type {rtype}')
        f'unknown resource type {rtype}')
ValueError: Cannot register /loky-1710219-6f220tag for automatic cleanup: unknown resource type semlock
ValueError: Cannot register /dev/shm/joblib_memmapping_folder_382002_2ff8cbad959a45d79db976569b80b849_5a2db67ee8ba48839a1ffdc416701adb for automatic cleanup: unknown resource type folder
Traceback (most recent call last):
Traceback (most recent call last):
  File "/global/common/software/nersc/pe/conda-envs/26.1.0/python-3.13/nersc-python/lib/python3.13/multiprocessing/resource_tracker.py", line 371, in main
  File "/global/common/software/nersc/pe/conda-envs/26.1.0/python-3.13/nersc-python/lib/python3.13/multiprocessing/resource_tracker.py", line 371, in main
    raise ValueError(
    raise ValueError(
        f'Cannot register {name} for automatic cleanup: '
        f'Cannot register {name} for automatic cleanup: '
        f'unknown resource type {rtype}')
        f'unknown resource type {rtype}')
ValueError: Cannot register /loky-382002-coa_37uo for automatic cleanup: unknown resource type semlock
ValueError: Cannot register /loky-1710219-4hal1j8p for automatic cleanup: unknown resource type semlock
Traceback (most recent call last):
Traceback (most recent call last):
  File "/global/common/software/nersc/pe/conda-envs/26.1.0/python-3.13/nersc-python/lib/python3.13/multiprocessing/resource_tracker.py", line 371, in main
    raise ValueError(
        f'Cannot register {name} for automatic cleanup: '
        f'unknown resource type {rtype}')
ValueError: Cannot register /loky-382002-lyul38__ for automatic cleanup: unknown resource type semlock
  File "/global/common/software/nersc/pe/conda-envs/26.1.0/python-3.13/nersc-python/lib/python3.13/multiprocessing/resource_tracker.py", line 371, in main
Traceback (most recent call last):
    raise ValueError(
        f'Cannot register {name} for automatic cleanup: '
        f'unknown resource type {rtype}')
ValueError: Cannot register /loky-1710219-qhjmx7j7 for automatic cleanup: unknown resource type semlock
  File "/global/common/software/nersc/pe/conda-envs/26.1.0/python-3.13/nersc-python/lib/python3.13/multiprocessing/resource_tracker.py", line 371, in main
    raise ValueError(
Traceback (most recent call last):
        f'Cannot register {name} for automatic cleanup: '
        f'unknown resource type {rtype}')
ValueError: Cannot register /loky-382002-j_rkcc1_ for automatic cleanup: unknown resource type semlock
Traceback (most recent call last):
  File "/global/common/software/nersc/pe/conda-envs/26.1.0/python-3.13/nersc-python/lib/python3.13/multiprocessing/resource_tracker.py", line 371, in main
    raise ValueError(
  File "/global/common/software/nersc/pe/conda-envs/26.1.0/python-3.13/nersc-python/lib/python3.13/multiprocessing/resource_tracker.py", line 371, in main
        f'Cannot register {name} for automatic cleanup: '
        f'unknown resource type {rtype}')
    raise ValueError(
ValueError: Cannot register /loky-1710219-751n6bin for automatic cleanup: unknown resource type semlock
        f'Cannot register {name} for automatic cleanup: '
        f'unknown resource type {rtype}')
ValueError: Cannot register /loky-382002-yq3a5buj for automatic cleanup: unknown resource type semlock
Traceback (most recent call last):
Traceback (most recent call last):
  File "/global/common/software/nersc/pe/conda-envs/26.1.0/python-3.13/nersc-python/lib/python3.13/multiprocessing/resource_tracker.py", line 371, in main
    raise ValueError(
        f'Cannot register {name} for automatic cleanup: '
        f'unknown resource type {rtype}')
  File "/global/common/software/nersc/pe/conda-envs/26.1.0/python-3.13/nersc-python/lib/python3.13/multiprocessing/resource_tracker.py", line 371, in main
ValueError: Cannot register /loky-382002-t_w_m93p for automatic cleanup: unknown resource type semlock
    raise ValueError(
Traceback (most recent call last):
        f'Cannot register {name} for automatic cleanup: '
        f'unknown resource type {rtype}')
ValueError: Cannot register /loky-1710219-ri591o0r for automatic cleanup: unknown resource type semlock
  File "/global/common/software/nersc/pe/conda-envs/26.1.0/python-3.13/nersc-python/lib/python3.13/multiprocessing/resource_tracker.py", line 371, in main
Traceback (most recent call last):
    raise ValueError(
        f'Cannot register {name} for automatic cleanup: '
        f'unknown resource type {rtype}')
ValueError: Cannot register /loky-382002-8ezu_l_w for automatic cleanup: unknown resource type semlock
Traceback (most recent call last):
  File "/global/common/software/nersc/pe/conda-envs/26.1.0/python-3.13/nersc-python/lib/python3.13/multiprocessing/resource_tracker.py", line 371, in main
    raise ValueError(
        f'Cannot register {name} for automatic cleanup: '
        f'unknown resource type {rtype}')
  File "/global/common/software/nersc/pe/conda-envs/26.1.0/python-3.13/nersc-python/lib/python3.13/multiprocessing/resource_tracker.py", line 371, in main
ValueError: Cannot register /loky-1710219-8b80tywd for automatic cleanup: unknown resource type semlock
    raise ValueError(
Traceback (most recent call last):
        f'Cannot register {name} for automatic cleanup: '
        f'unknown resource type {rtype}')
ValueError: Cannot register /dev/shm/joblib_memmapping_folder_382002_2ff8cbad959a45d79db976569b80b849_0891278f6d1b480aa39125bd2bfdf470 for automatic cleanup: unknown resource type folder
Traceback (most recent call last):
  File "/global/common/software/nersc/pe/conda-envs/26.1.0/python-3.13/nersc-python/lib/python3.13/multiprocessing/resource_tracker.py", line 371, in main
    raise ValueError(
        f'Cannot register {name} for automatic cleanup: '
        f'unknown resource type {rtype}')
ValueError: Cannot register /loky-1710219-1n4brl3e for automatic cleanup: unknown resource type semlock
  File "/global/common/software/nersc/pe/conda-envs/26.1.0/python-3.13/nersc-python/lib/python3.13/multiprocessing/resource_tracker.py", line 371, in main
    raise ValueError(
        f'Cannot register {name} for automatic cleanup: '
        f'unknown resource type {rtype}')
ValueError: Cannot register /loky-382002-ykhbg7tx for automatic cleanup: unknown resource type semlock
Traceback (most recent call last):
  File "/global/common/software/nersc/pe/conda-envs/26.1.0/python-3.13/nersc-python/lib/python3.13/multiprocessing/resource_tracker.py", line 371, in main
    raise ValueError(
        f'Cannot register {name} for automatic cleanup: '
        f'unknown resource type {rtype}')
ValueError: Cannot register /loky-382002-ai07439_ for automatic cleanup: unknown resource type semlock
Traceback (most recent call last):
  File "/global/common/software/nersc/pe/conda-envs/26.1.0/python-3.13/nersc-python/lib/python3.13/multiprocessing/resource_tracker.py", line 371, in main
    raise ValueError(
        f'Cannot register {name} for automatic cleanup: '
        f'unknown resource type {rtype}')
ValueError: Cannot register /loky-382002-uie8674b for automatic cleanup: unknown resource type semlock
Traceback (most recent call last):
  File "/global/common/software/nersc/pe/conda-envs/26.1.0/python-3.13/nersc-python/lib/python3.13/multiprocessing/resource_tracker.py", line 371, in main
    raise ValueError(
        f'Cannot register {name} for automatic cleanup: '
        f'unknown resource type {rtype}')
ValueError: Cannot register /loky-382002-1we8uvbs for automatic cleanup: unknown resource type semlock
Traceback (most recent call last):
  File "/global/common/software/nersc/pe/conda-envs/26.1.0/python-3.13/nersc-python/lib/python3.13/multiprocessing/resource_tracker.py", line 371, in main
    raise ValueError(
        f'Cannot register {name} for automatic cleanup: '
        f'unknown resource type {rtype}')
ValueError: Cannot register /loky-382002-jfzwc6kp for automatic cleanup: unknown resource type semlock
Traceback (most recent call last):
  File "/global/common/software/nersc/pe/conda-envs/26.1.0/python-3.13/nersc-python/lib/python3.13/multiprocessing/resource_tracker.py", line 371, in main
    raise ValueError(
        f'Cannot register {name} for automatic cleanup: '
        f'unknown resource type {rtype}')
ValueError: Cannot register /loky-382002-nb7psf0l for automatic cleanup: unknown resource type semlock
Traceback (most recent call last):
  File "/global/common/software/nersc/pe/conda-envs/26.1.0/python-3.13/nersc-python/lib/python3.13/multiprocessing/resource_tracker.py", line 371, in main
    raise ValueError(
        f'Cannot register {name} for automatic cleanup: '
        f'unknown resource type {rtype}')
ValueError: Cannot register /loky-382002-4z495fsy for automatic cleanup: unknown resource type semlock
Traceback (most recent call last):
  File "/global/common/software/nersc/pe/conda-envs/26.1.0/python-3.13/nersc-python/lib/python3.13/multiprocessing/resource_tracker.py", line 371, in main
    raise ValueError(
        f'Cannot register {name} for automatic cleanup: '
        f'unknown resource type {rtype}')
ValueError: Cannot register /loky-382002-vwvfw6z8 for automatic cleanup: unknown resource type semlock
Traceback (most recent call last):
  File "/global/common/software/nersc/pe/conda-envs/26.1.0/python-3.13/nersc-python/lib/python3.13/multiprocessing/resource_tracker.py", line 371, in main
    raise ValueError(
        f'Cannot register {name} for automatic cleanup: '
        f'unknown resource type {rtype}')
ValueError: Cannot register /loky-382002-3n3ucwg_ for automatic cleanup: unknown resource type semlock
Traceback (most recent call last):
  File "/global/common/software/nersc/pe/conda-envs/26.1.0/python-3.13/nersc-python/lib/python3.13/multiprocessing/resource_tracker.py", line 371, in main
    raise ValueError(
        f'Cannot register {name} for automatic cleanup: '
        f'unknown resource type {rtype}')
ValueError: Cannot register /loky-382002-zozpt9vu for automatic cleanup: unknown resource type semlock
Traceback (most recent call last):
  File "/global/common/software/nersc/pe/conda-envs/26.1.0/python-3.13/nersc-python/lib/python3.13/multiprocessing/resource_tracker.py", line 371, in main
    raise ValueError(
        f'Cannot register {name} for automatic cleanup: '
        f'unknown resource type {rtype}')
ValueError: Cannot register /loky-382002-ystgsgwe for automatic cleanup: unknown resource type semlock
Traceback (most recent call last):
  File "/global/common/software/nersc/pe/conda-envs/26.1.0/python-3.13/nersc-python/lib/python3.13/multiprocessing/resource_tracker.py", line 371, in main
    raise ValueError(
        f'Cannot register {name} for automatic cleanup: '
        f'unknown resource type {rtype}')
ValueError: Cannot register /loky-382002-efkfkb4c for automatic cleanup: unknown resource type semlock
Traceback (most recent call last):
  File "/global/common/software/nersc/pe/conda-envs/26.1.0/python-3.13/nersc-python/lib/python3.13/multiprocessing/resource_tracker.py", line 371, in main
    raise ValueError(
        f'Cannot register {name} for automatic cleanup: '
        f'unknown resource type {rtype}')
ValueError: Cannot register /loky-382002-wwleee2j for automatic cleanup: unknown resource type semlock
Traceback (most recent call last):
  File "/global/common/software/nersc/pe/conda-envs/26.1.0/python-3.13/nersc-python/lib/python3.13/multiprocessing/resource_tracker.py", line 371, in main
    raise ValueError(
        f'Cannot register {name} for automatic cleanup: '
        f'unknown resource type {rtype}')
ValueError: Cannot register /loky-382002-tjf24ati for automatic cleanup: unknown resource type semlock
Traceback (most recent call last):
  File "/global/common/software/nersc/pe/conda-envs/26.1.0/python-3.13/nersc-python/lib/python3.13/multiprocessing/resource_tracker.py", line 371, in main
    raise ValueError(
        f'Cannot register {name} for automatic cleanup: '
        f'unknown resource type {rtype}')
ValueError: Cannot register /loky-382002-vwgqbyzg for automatic cleanup: unknown resource type semlock
Traceback (most recent call last):
  File "/global/common/software/nersc/pe/conda-envs/26.1.0/python-3.13/nersc-python/lib/python3.13/multiprocessing/resource_tracker.py", line 371, in main
    raise ValueError(
        f'Cannot register {name} for automatic cleanup: '
        f'unknown resource type {rtype}')
ValueError: Cannot register /loky-382002-rc9k4lmc for automatic cleanup: unknown resource type semlock
Traceback (most recent call last):
  File "/global/common/software/nersc/pe/conda-envs/26.1.0/python-3.13/nersc-python/lib/python3.13/multiprocessing/resource_tracker.py", line 371, in main
    raise ValueError(
        f'Cannot register {name} for automatic cleanup: '
        f'unknown resource type {rtype}')
ValueError: Cannot register /dev/shm/joblib_memmapping_folder_591671_69c1aae259494e73a9da84bb5f74d104_1ace48ed96324942bc4c49ddcf461ceb for automatic cleanup: unknown resource type folder
Traceback (most recent call last):
  File "/global/common/software/nersc/pe/conda-envs/26.1.0/python-3.13/nersc-python/lib/python3.13/multiprocessing/resource_tracker.py", line 371, in main
    raise ValueError(
        f'Cannot register {name} for automatic cleanup: '
        f'unknown resource type {rtype}')
ValueError: Cannot register /loky-591671-zc0qo35z for automatic cleanup: unknown resource type semlock
Traceback (most recent call last):
  File "/global/common/software/nersc/pe/conda-envs/26.1.0/python-3.13/nersc-python/lib/python3.13/multiprocessing/resource_tracker.py", line 371, in main
    raise ValueError(
        f'Cannot register {name} for automatic cleanup: '
        f'unknown resource type {rtype}')
ValueError: Cannot register /loky-591671-j9x2cemz for automatic cleanup: unknown resource type semlock
Traceback (most recent call last):
  File "/global/common/software/nersc/pe/conda-envs/26.1.0/python-3.13/nersc-python/lib/python3.13/multiprocessing/resource_tracker.py", line 371, in main
    raise ValueError(
        f'Cannot register {name} for automatic cleanup: '
        f'unknown resource type {rtype}')
ValueError: Cannot register /loky-591671-n43v8x25 for automatic cleanup: unknown resource type semlock
Traceback (most recent call last):
  File "/global/common/software/nersc/pe/conda-envs/26.1.0/python-3.13/nersc-python/lib/python3.13/multiprocessing/resource_tracker.py", line 371, in main
    raise ValueError(
        f'Cannot register {name} for automatic cleanup: '
        f'unknown resource type {rtype}')
ValueError: Cannot register /loky-591671-yrkek_sh for automatic cleanup: unknown resource type semlock
Traceback (most recent call last):
  File "/global/common/software/nersc/pe/conda-envs/26.1.0/python-3.13/nersc-python/lib/python3.13/multiprocessing/resource_tracker.py", line 371, in main
    raise ValueError(
        f'Cannot register {name} for automatic cleanup: '
        f'unknown resource type {rtype}')
ValueError: Cannot register /loky-591671-om_hrt35 for automatic cleanup: unknown resource type semlock
Traceback (most recent call last):
  File "/global/common/software/nersc/pe/conda-envs/26.1.0/python-3.13/nersc-python/lib/python3.13/multiprocessing/resource_tracker.py", line 371, in main
    raise ValueError(
        f'Cannot register {name} for automatic cleanup: '
        f'unknown resource type {rtype}')
ValueError: Cannot register /loky-591671-v0q989xu for automatic cleanup: unknown resource type semlock
Traceback (most recent call last):
  File "/global/common/software/nersc/pe/conda-envs/26.1.0/python-3.13/nersc-python/lib/python3.13/multiprocessing/resource_tracker.py", line 371, in main
    raise ValueError(
        f'Cannot register {name} for automatic cleanup: '
        f'unknown resource type {rtype}')
ValueError: Cannot register /dev/shm/joblib_memmapping_folder_591671_69c1aae259494e73a9da84bb5f74d104_e031e9efc06c4f5083355ca1cd9a2209 for automatic cleanup: unknown resource type folder
Traceback (most recent call last):
  File "/global/common/software/nersc/pe/conda-envs/26.1.0/python-3.13/nersc-python/lib/python3.13/multiprocessing/resource_tracker.py", line 371, in main
    raise ValueError(
        f'Cannot register {name} for automatic cleanup: '
        f'unknown resource type {rtype}')
ValueError: Cannot register /loky-591671-6rmppxa_ for automatic cleanup: unknown resource type semlock
Traceback (most recent call last):
  File "/global/common/software/nersc/pe/conda-envs/26.1.0/python-3.13/nersc-python/lib/python3.13/multiprocessing/resource_tracker.py", line 371, in main
    raise ValueError(
        f'Cannot register {name} for automatic cleanup: '
        f'unknown resource type {rtype}')
ValueError: Cannot register /loky-591671-87odwdt5 for automatic cleanup: unknown resource type semlock
Traceback (most recent call last):
  File "/global/common/software/nersc/pe/conda-envs/26.1.0/python-3.13/nersc-python/lib/python3.13/multiprocessing/resource_tracker.py", line 371, in main
    raise ValueError(
        f'Cannot register {name} for automatic cleanup: '
        f'unknown resource type {rtype}')
ValueError: Cannot register /loky-591671-7s9bev4k for automatic cleanup: unknown resource type semlock
Traceback (most recent call last):
  File "/global/common/software/nersc/pe/conda-envs/26.1.0/python-3.13/nersc-python/lib/python3.13/multiprocessing/resource_tracker.py", line 371, in main
    raise ValueError(
        f'Cannot register {name} for automatic cleanup: '
        f'unknown resource type {rtype}')
ValueError: Cannot register /loky-591671-yi56ih_p for automatic cleanup: unknown resource type semlock
Traceback (most recent call last):
  File "/global/common/software/nersc/pe/conda-envs/26.1.0/python-3.13/nersc-python/lib/python3.13/multiprocessing/resource_tracker.py", line 371, in main
    raise ValueError(
        f'Cannot register {name} for automatic cleanup: '
        f'unknown resource type {rtype}')
ValueError: Cannot register /loky-591671-s5w0gg68 for automatic cleanup: unknown resource type semlock
Traceback (most recent call last):
  File "/global/common/software/nersc/pe/conda-envs/26.1.0/python-3.13/nersc-python/lib/python3.13/multiprocessing/resource_tracker.py", line 371, in main
    raise ValueError(
        f'Cannot register {name} for automatic cleanup: '
        f'unknown resource type {rtype}')
ValueError: Cannot register /loky-591671-mzz9x89_ for automatic cleanup: unknown resource type semlock
Traceback (most recent call last):
  File "/global/common/software/nersc/pe/conda-envs/26.1.0/python-3.13/nersc-python/lib/python3.13/multiprocessing/resource_tracker.py", line 371, in main
    raise ValueError(
        f'Cannot register {name} for automatic cleanup: '
        f'unknown resource type {rtype}')
ValueError: Cannot register /loky-591671-_sv6x3jw for automatic cleanup: unknown resource type semlock
Traceback (most recent call last):
  File "/global/common/software/nersc/pe/conda-envs/26.1.0/python-3.13/nersc-python/lib/python3.13/multiprocessing/resource_tracker.py", line 371, in main
    raise ValueError(
        f'Cannot register {name} for automatic cleanup: '
        f'unknown resource type {rtype}')
ValueError: Cannot register /loky-591671-hpelhkhk for automatic cleanup: unknown resource type semlock
Traceback (most recent call last):
  File "/global/common/software/nersc/pe/conda-envs/26.1.0/python-3.13/nersc-python/lib/python3.13/multiprocessing/resource_tracker.py", line 371, in main
    raise ValueError(
        f'Cannot register {name} for automatic cleanup: '
        f'unknown resource type {rtype}')
ValueError: Cannot register /loky-591671-lxh8hf2r for automatic cleanup: unknown resource type semlock
Traceback (most recent call last):
  File "/global/common/software/nersc/pe/conda-envs/26.1.0/python-3.13/nersc-python/lib/python3.13/multiprocessing/resource_tracker.py", line 371, in main
    raise ValueError(
        f'Cannot register {name} for automatic cleanup: '
        f'unknown resource type {rtype}')
ValueError: Cannot register /loky-591671-iuuwebb0 for automatic cleanup: unknown resource type semlock
Traceback (most recent call last):
  File "/global/common/software/nersc/pe/conda-envs/26.1.0/python-3.13/nersc-python/lib/python3.13/multiprocessing/resource_tracker.py", line 371, in main
    raise ValueError(
        f'Cannot register {name} for automatic cleanup: '
        f'unknown resource type {rtype}')
ValueError: Cannot register /loky-591671-eneyiu2i for automatic cleanup: unknown resource type semlock
Traceback (most recent call last):
  File "/global/common/software/nersc/pe/conda-envs/26.1.0/python-3.13/nersc-python/lib/python3.13/multiprocessing/resource_tracker.py", line 371, in main
    raise ValueError(
        f'Cannot register {name} for automatic cleanup: '
        f'unknown resource type {rtype}')
ValueError: Cannot register /loky-591671-ylj6l0lv for automatic cleanup: unknown resource type semlock
Traceback (most recent call last):
  File "/global/common/software/nersc/pe/conda-envs/26.1.0/python-3.13/nersc-python/lib/python3.13/multiprocessing/resource_tracker.py", line 371, in main
    raise ValueError(
        f'Cannot register {name} for automatic cleanup: '
        f'unknown resource type {rtype}')
ValueError: Cannot register /loky-591671-v5q84y38 for automatic cleanup: unknown resource type semlock
Traceback (most recent call last):
  File "/global/common/software/nersc/pe/conda-envs/26.1.0/python-3.13/nersc-python/lib/python3.13/multiprocessing/resource_tracker.py", line 371, in main
    raise ValueError(
        f'Cannot register {name} for automatic cleanup: '
        f'unknown resource type {rtype}')
ValueError: Cannot register /loky-591671-gp2wpw2n for automatic cleanup: unknown resource type semlock
Traceback (most recent call last):
  File "/global/common/software/nersc/pe/conda-envs/26.1.0/python-3.13/nersc-python/lib/python3.13/multiprocessing/resource_tracker.py", line 371, in main
    raise ValueError(
        f'Cannot register {name} for automatic cleanup: '
        f'unknown resource type {rtype}')
ValueError: Cannot register /loky-591671-yhf6_lwn for automatic cleanup: unknown resource type semlock
Traceback (most recent call last):
  File "/global/common/software/nersc/pe/conda-envs/26.1.0/python-3.13/nersc-python/lib/python3.13/multiprocessing/resource_tracker.py", line 371, in main
    raise ValueError(
        f'Cannot register {name} for automatic cleanup: '
        f'unknown resource type {rtype}')
ValueError: Cannot register /loky-591671-42omqzfg for automatic cleanup: unknown resource type semlock
Traceback (most recent call last):
  File "/global/common/software/nersc/pe/conda-envs/26.1.0/python-3.13/nersc-python/lib/python3.13/multiprocessing/resource_tracker.py", line 371, in main
    raise ValueError(
        f'Cannot register {name} for automatic cleanup: '
        f'unknown resource type {rtype}')
ValueError: Cannot register /dev/shm/joblib_memmapping_folder_831580_bfeb9058078f472284f277ffe88cffde_e614f098c6324bf3a9da5d07e4dddc4e for automatic cleanup: unknown resource type folder
Traceback (most recent call last):
  File "/global/common/software/nersc/pe/conda-envs/26.1.0/python-3.13/nersc-python/lib/python3.13/multiprocessing/resource_tracker.py", line 371, in main
    raise ValueError(
        f'Cannot register {name} for automatic cleanup: '
        f'unknown resource type {rtype}')
ValueError: Cannot register /loky-831580-qh7n1orn for automatic cleanup: unknown resource type semlock
Traceback (most recent call last):
  File "/global/common/software/nersc/pe/conda-envs/26.1.0/python-3.13/nersc-python/lib/python3.13/multiprocessing/resource_tracker.py", line 371, in main
    raise ValueError(
        f'Cannot register {name} for automatic cleanup: '
        f'unknown resource type {rtype}')
ValueError: Cannot register /loky-831580-rbtsql4z for automatic cleanup: unknown resource type semlock
Traceback (most recent call last):
  File "/global/common/software/nersc/pe/conda-envs/26.1.0/python-3.13/nersc-python/lib/python3.13/multiprocessing/resource_tracker.py", line 371, in main
    raise ValueError(
        f'Cannot register {name} for automatic cleanup: '
        f'unknown resource type {rtype}')
ValueError: Cannot register /loky-831580-isp2koko for automatic cleanup: unknown resource type semlock
Traceback (most recent call last):
  File "/global/common/software/nersc/pe/conda-envs/26.1.0/python-3.13/nersc-python/lib/python3.13/multiprocessing/resource_tracker.py", line 371, in main
    raise ValueError(
        f'Cannot register {name} for automatic cleanup: '
        f'unknown resource type {rtype}')
ValueError: Cannot register /loky-831580-8m_ccdaf for automatic cleanup: unknown resource type semlock
Traceback (most recent call last):
  File "/global/common/software/nersc/pe/conda-envs/26.1.0/python-3.13/nersc-python/lib/python3.13/multiprocessing/resource_tracker.py", line 371, in main
    raise ValueError(
        f'Cannot register {name} for automatic cleanup: '
        f'unknown resource type {rtype}')
ValueError: Cannot register /loky-831580-nxqfp3lv for automatic cleanup: unknown resource type semlock
Traceback (most recent call last):
  File "/global/common/software/nersc/pe/conda-envs/26.1.0/python-3.13/nersc-python/lib/python3.13/multiprocessing/resource_tracker.py", line 371, in main
    raise ValueError(
        f'Cannot register {name} for automatic cleanup: '
        f'unknown resource type {rtype}')
ValueError: Cannot register /loky-831580-f0zw8arw for automatic cleanup: unknown resource type semlock
Traceback (most recent call last):
  File "/global/common/software/nersc/pe/conda-envs/26.1.0/python-3.13/nersc-python/lib/python3.13/multiprocessing/resource_tracker.py", line 371, in main
    raise ValueError(
        f'Cannot register {name} for automatic cleanup: '
        f'unknown resource type {rtype}')
ValueError: Cannot register /dev/shm/joblib_memmapping_folder_831580_bfeb9058078f472284f277ffe88cffde_34aac6e0f9124fcb846c9b6143342782 for automatic cleanup: unknown resource type folder
Traceback (most recent call last):
  File "/global/common/software/nersc/pe/conda-envs/26.1.0/python-3.13/nersc-python/lib/python3.13/multiprocessing/resource_tracker.py", line 371, in main
    raise ValueError(
        f'Cannot register {name} for automatic cleanup: '
        f'unknown resource type {rtype}')
ValueError: Cannot register /loky-831580-0jtqkw46 for automatic cleanup: unknown resource type semlock
Traceback (most recent call last):
  File "/global/common/software/nersc/pe/conda-envs/26.1.0/python-3.13/nersc-python/lib/python3.13/multiprocessing/resource_tracker.py", line 371, in main
    raise ValueError(
        f'Cannot register {name} for automatic cleanup: '
        f'unknown resource type {rtype}')
ValueError: Cannot register /loky-831580-cg8o6ig0 for automatic cleanup: unknown resource type semlock
Traceback (most recent call last):
  File "/global/common/software/nersc/pe/conda-envs/26.1.0/python-3.13/nersc-python/lib/python3.13/multiprocessing/resource_tracker.py", line 371, in main
    raise ValueError(
        f'Cannot register {name} for automatic cleanup: '
        f'unknown resource type {rtype}')
ValueError: Cannot register /loky-831580-398kd5kr for automatic cleanup: unknown resource type semlock
Traceback (most recent call last):
  File "/global/common/software/nersc/pe/conda-envs/26.1.0/python-3.13/nersc-python/lib/python3.13/multiprocessing/resource_tracker.py", line 371, in main
    raise ValueError(
        f'Cannot register {name} for automatic cleanup: '
        f'unknown resource type {rtype}')
ValueError: Cannot register /loky-831580-a7g1f236 for automatic cleanup: unknown resource type semlock
Traceback (most recent call last):
  File "/global/common/software/nersc/pe/conda-envs/26.1.0/python-3.13/nersc-python/lib/python3.13/multiprocessing/resource_tracker.py", line 371, in main
    raise ValueError(
        f'Cannot register {name} for automatic cleanup: '
        f'unknown resource type {rtype}')
ValueError: Cannot register /loky-831580-bhuly7c4 for automatic cleanup: unknown resource type semlock
Traceback (most recent call last):
  File "/global/common/software/nersc/pe/conda-envs/26.1.0/python-3.13/nersc-python/lib/python3.13/multiprocessing/resource_tracker.py", line 371, in main
    raise ValueError(
        f'Cannot register {name} for automatic cleanup: '
        f'unknown resource type {rtype}')
ValueError: Cannot register /loky-831580-x67dkojn for automatic cleanup: unknown resource type semlock
Traceback (most recent call last):
  File "/global/common/software/nersc/pe/conda-envs/26.1.0/python-3.13/nersc-python/lib/python3.13/multiprocessing/resource_tracker.py", line 371, in main
    raise ValueError(
        f'Cannot register {name} for automatic cleanup: '
        f'unknown resource type {rtype}')
ValueError: Cannot register /loky-831580-8439dpua for automatic cleanup: unknown resource type semlock
Traceback (most recent call last):
  File "/global/common/software/nersc/pe/conda-envs/26.1.0/python-3.13/nersc-python/lib/python3.13/multiprocessing/resource_tracker.py", line 371, in main
    raise ValueError(
        f'Cannot register {name} for automatic cleanup: '
        f'unknown resource type {rtype}')
ValueError: Cannot register /loky-831580-de2oce6g for automatic cleanup: unknown resource type semlock
Traceback (most recent call last):
  File "/global/common/software/nersc/pe/conda-envs/26.1.0/python-3.13/nersc-python/lib/python3.13/multiprocessing/resource_tracker.py", line 371, in main
    raise ValueError(
        f'Cannot register {name} for automatic cleanup: '
        f'unknown resource type {rtype}')
ValueError: Cannot register /loky-831580-6z5n7x3z for automatic cleanup: unknown resource type semlock
Traceback (most recent call last):
  File "/global/common/software/nersc/pe/conda-envs/26.1.0/python-3.13/nersc-python/lib/python3.13/multiprocessing/resource_tracker.py", line 371, in main
    raise ValueError(
        f'Cannot register {name} for automatic cleanup: '
        f'unknown resource type {rtype}')
ValueError: Cannot register /loky-831580-jlg5874b for automatic cleanup: unknown resource type semlock
Traceback (most recent call last):
  File "/global/common/software/nersc/pe/conda-envs/26.1.0/python-3.13/nersc-python/lib/python3.13/multiprocessing/resource_tracker.py", line 371, in main
    raise ValueError(
        f'Cannot register {name} for automatic cleanup: '
        f'unknown resource type {rtype}')
ValueError: Cannot register /loky-831580-h5ornmcf for automatic cleanup: unknown resource type semlock
Traceback (most recent call last):
  File "/global/common/software/nersc/pe/conda-envs/26.1.0/python-3.13/nersc-python/lib/python3.13/multiprocessing/resource_tracker.py", line 371, in main
    raise ValueError(
        f'Cannot register {name} for automatic cleanup: '
        f'unknown resource type {rtype}')
ValueError: Cannot register /loky-831580-8kb6qbox for automatic cleanup: unknown resource type semlock
Traceback (most recent call last):
  File "/global/common/software/nersc/pe/conda-envs/26.1.0/python-3.13/nersc-python/lib/python3.13/multiprocessing/resource_tracker.py", line 371, in main
    raise ValueError(
        f'Cannot register {name} for automatic cleanup: '
        f'unknown resource type {rtype}')
ValueError: Cannot register /loky-831580-h7y70qqo for automatic cleanup: unknown resource type semlock
Traceback (most recent call last):
  File "/global/common/software/nersc/pe/conda-envs/26.1.0/python-3.13/nersc-python/lib/python3.13/multiprocessing/resource_tracker.py", line 371, in main
    raise ValueError(
        f'Cannot register {name} for automatic cleanup: '
        f'unknown resource type {rtype}')
ValueError: Cannot register /loky-831580-5x6z9u3o for automatic cleanup: unknown resource type semlock
Traceback (most recent call last):
  File "/global/common/software/nersc/pe/conda-envs/26.1.0/python-3.13/nersc-python/lib/python3.13/multiprocessing/resource_tracker.py", line 371, in main
    raise ValueError(
        f'Cannot register {name} for automatic cleanup: '
        f'unknown resource type {rtype}')
ValueError: Cannot register /loky-831580-hmk96f51 for automatic cleanup: unknown resource type semlock
Traceback (most recent call last):
  File "/global/common/software/nersc/pe/conda-envs/26.1.0/python-3.13/nersc-python/lib/python3.13/multiprocessing/resource_tracker.py", line 371, in main
    raise ValueError(
        f'Cannot register {name} for automatic cleanup: '
        f'unknown resource type {rtype}')
ValueError: Cannot register /loky-831580-enojprpy for automatic cleanup: unknown resource type semlock
Traceback (most recent call last):
  File "/global/common/software/nersc/pe/conda-envs/26.1.0/python-3.13/nersc-python/lib/python3.13/multiprocessing/resource_tracker.py", line 371, in main
    raise ValueError(
        f'Cannot register {name} for automatic cleanup: '
        f'unknown resource type {rtype}')
ValueError: Cannot register /dev/shm/joblib_memmapping_folder_1946072_0f1d0602afdc44ad86d7fbb3d599d862_008cb8d900bd4039a5c25508d07c05ad for automatic cleanup: unknown resource type folder
Traceback (most recent call last):
  File "/global/common/software/nersc/pe/conda-envs/26.1.0/python-3.13/nersc-python/lib/python3.13/multiprocessing/resource_tracker.py", line 371, in main
    raise ValueError(
        f'Cannot register {name} for automatic cleanup: '
        f'unknown resource type {rtype}')
ValueError: Cannot register /loky-1946072-9bgj6y6f for automatic cleanup: unknown resource type semlock
Traceback (most recent call last):
  File "/global/common/software/nersc/pe/conda-envs/26.1.0/python-3.13/nersc-python/lib/python3.13/multiprocessing/resource_tracker.py", line 371, in main
    raise ValueError(
        f'Cannot register {name} for automatic cleanup: '
        f'unknown resource type {rtype}')
ValueError: Cannot register /loky-1946072-bxzjq4e8 for automatic cleanup: unknown resource type semlock
Traceback (most recent call last):
  File "/global/common/software/nersc/pe/conda-envs/26.1.0/python-3.13/nersc-python/lib/python3.13/multiprocessing/resource_tracker.py", line 371, in main
    raise ValueError(
        f'Cannot register {name} for automatic cleanup: '
        f'unknown resource type {rtype}')
ValueError: Cannot register /loky-1946072-djgkxvf7 for automatic cleanup: unknown resource type semlock
Traceback (most recent call last):
  File "/global/common/software/nersc/pe/conda-envs/26.1.0/python-3.13/nersc-python/lib/python3.13/multiprocessing/resource_tracker.py", line 371, in main
    raise ValueError(
        f'Cannot register {name} for automatic cleanup: '
        f'unknown resource type {rtype}')
ValueError: Cannot register /loky-1946072-ltajmeii for automatic cleanup: unknown resource type semlock
Traceback (most recent call last):
  File "/global/common/software/nersc/pe/conda-envs/26.1.0/python-3.13/nersc-python/lib/python3.13/multiprocessing/resource_tracker.py", line 371, in main
    raise ValueError(
        f'Cannot register {name} for automatic cleanup: '
        f'unknown resource type {rtype}')
ValueError: Cannot register /loky-1946072-5nellwld for automatic cleanup: unknown resource type semlock
Traceback (most recent call last):
  File "/global/common/software/nersc/pe/conda-envs/26.1.0/python-3.13/nersc-python/lib/python3.13/multiprocessing/resource_tracker.py", line 371, in main
    raise ValueError(
        f'Cannot register {name} for automatic cleanup: '
        f'unknown resource type {rtype}')
ValueError: Cannot register /loky-1946072-eha3a40t for automatic cleanup: unknown resource type semlock
Traceback (most recent call last):
  File "/global/common/software/nersc/pe/conda-envs/26.1.0/python-3.13/nersc-python/lib/python3.13/multiprocessing/resource_tracker.py", line 371, in main
    raise ValueError(
        f'Cannot register {name} for automatic cleanup: '
        f'unknown resource type {rtype}')
ValueError: Cannot register /dev/shm/joblib_memmapping_folder_1946072_0f1d0602afdc44ad86d7fbb3d599d862_c5710c2db54c4f879a9d69adb0c7a935 for automatic cleanup: unknown resource type folder
Traceback (most recent call last):
  File "/global/common/software/nersc/pe/conda-envs/26.1.0/python-3.13/nersc-python/lib/python3.13/multiprocessing/resource_tracker.py", line 371, in main
    raise ValueError(
        f'Cannot register {name} for automatic cleanup: '
        f'unknown resource type {rtype}')
ValueError: Cannot register /loky-1946072-8mojtiau for automatic cleanup: unknown resource type semlock
Traceback (most recent call last):
  File "/global/common/software/nersc/pe/conda-envs/26.1.0/python-3.13/nersc-python/lib/python3.13/multiprocessing/resource_tracker.py", line 371, in main
    raise ValueError(
        f'Cannot register {name} for automatic cleanup: '
        f'unknown resource type {rtype}')
ValueError: Cannot register /loky-1946072-9y65wezl for automatic cleanup: unknown resource type semlock
Traceback (most recent call last):
  File "/global/common/software/nersc/pe/conda-envs/26.1.0/python-3.13/nersc-python/lib/python3.13/multiprocessing/resource_tracker.py", line 371, in main
    raise ValueError(
        f'Cannot register {name} for automatic cleanup: '
        f'unknown resource type {rtype}')
ValueError: Cannot register /loky-1946072-_m9v94m4 for automatic cleanup: unknown resource type semlock
Traceback (most recent call last):
  File "/global/common/software/nersc/pe/conda-envs/26.1.0/python-3.13/nersc-python/lib/python3.13/multiprocessing/resource_tracker.py", line 371, in main
    raise ValueError(
        f'Cannot register {name} for automatic cleanup: '
        f'unknown resource type {rtype}')
ValueError: Cannot register /loky-1946072-hip391f0 for automatic cleanup: unknown resource type semlock
Traceback (most recent call last):
  File "/global/common/software/nersc/pe/conda-envs/26.1.0/python-3.13/nersc-python/lib/python3.13/multiprocessing/resource_tracker.py", line 371, in main
    raise ValueError(
        f'Cannot register {name} for automatic cleanup: '
        f'unknown resource type {rtype}')
ValueError: Cannot register /loky-1946072-yraerd0v for automatic cleanup: unknown resource type semlock
Traceback (most recent call last):
  File "/global/common/software/nersc/pe/conda-envs/26.1.0/python-3.13/nersc-python/lib/python3.13/multiprocessing/resource_tracker.py", line 371, in main
    raise ValueError(
        f'Cannot register {name} for automatic cleanup: '
        f'unknown resource type {rtype}')
ValueError: Cannot register /loky-1946072-j0cgp3tm for automatic cleanup: unknown resource type semlock
Traceback (most recent call last):
  File "/global/common/software/nersc/pe/conda-envs/26.1.0/python-3.13/nersc-python/lib/python3.13/multiprocessing/resource_tracker.py", line 371, in main
    raise ValueError(
        f'Cannot register {name} for automatic cleanup: '
        f'unknown resource type {rtype}')
ValueError: Cannot register /loky-1946072-_mw75gmt for automatic cleanup: unknown resource type semlock
Traceback (most recent call last):
  File "/global/common/software/nersc/pe/conda-envs/26.1.0/python-3.13/nersc-python/lib/python3.13/multiprocessing/resource_tracker.py", line 371, in main
    raise ValueError(
        f'Cannot register {name} for automatic cleanup: '
        f'unknown resource type {rtype}')
ValueError: Cannot register /loky-1946072-16qedksd for automatic cleanup: unknown resource type semlock
Traceback (most recent call last):
  File "/global/common/software/nersc/pe/conda-envs/26.1.0/python-3.13/nersc-python/lib/python3.13/multiprocessing/resource_tracker.py", line 371, in main
    raise ValueError(
        f'Cannot register {name} for automatic cleanup: '
        f'unknown resource type {rtype}')
ValueError: Cannot register /loky-1946072-456r0cna for automatic cleanup: unknown resource type semlock
Traceback (most recent call last):
  File "/global/common/software/nersc/pe/conda-envs/26.1.0/python-3.13/nersc-python/lib/python3.13/multiprocessing/resource_tracker.py", line 371, in main
    raise ValueError(
        f'Cannot register {name} for automatic cleanup: '
        f'unknown resource type {rtype}')
ValueError: Cannot register /loky-1946072-7e2cqwc_ for automatic cleanup: unknown resource type semlock
Traceback (most recent call last):
  File "/global/common/software/nersc/pe/conda-envs/26.1.0/python-3.13/nersc-python/lib/python3.13/multiprocessing/resource_tracker.py", line 371, in main
    raise ValueError(
        f'Cannot register {name} for automatic cleanup: '
        f'unknown resource type {rtype}')
ValueError: Cannot register /loky-1946072-ck8pa3c5 for automatic cleanup: unknown resource type semlock
Traceback (most recent call last):
  File "/global/common/software/nersc/pe/conda-envs/26.1.0/python-3.13/nersc-python/lib/python3.13/multiprocessing/resource_tracker.py", line 371, in main
    raise ValueError(
        f'Cannot register {name} for automatic cleanup: '
        f'unknown resource type {rtype}')
ValueError: Cannot register /loky-1946072-rfqsu8st for automatic cleanup: unknown resource type semlock
Traceback (most recent call last):
  File "/global/common/software/nersc/pe/conda-envs/26.1.0/python-3.13/nersc-python/lib/python3.13/multiprocessing/resource_tracker.py", line 371, in main
    raise ValueError(
        f'Cannot register {name} for automatic cleanup: '
        f'unknown resource type {rtype}')
ValueError: Cannot register /loky-1946072-6zte97qk for automatic cleanup: unknown resource type semlock
Traceback (most recent call last):
  File "/global/common/software/nersc/pe/conda-envs/26.1.0/python-3.13/nersc-python/lib/python3.13/multiprocessing/resource_tracker.py", line 371, in main
    raise ValueError(
        f'Cannot register {name} for automatic cleanup: '
        f'unknown resource type {rtype}')
ValueError: Cannot register /loky-1946072-g3u_pxbd for automatic cleanup: unknown resource type semlock
Traceback (most recent call last):
  File "/global/common/software/nersc/pe/conda-envs/26.1.0/python-3.13/nersc-python/lib/python3.13/multiprocessing/resource_tracker.py", line 371, in main
    raise ValueError(
        f'Cannot register {name} for automatic cleanup: '
        f'unknown resource type {rtype}')
ValueError: Cannot register /loky-1946072-954bnvh9 for automatic cleanup: unknown resource type semlock
Traceback (most recent call last):
  File "/global/common/software/nersc/pe/conda-envs/26.1.0/python-3.13/nersc-python/lib/python3.13/multiprocessing/resource_tracker.py", line 371, in main
    raise ValueError(
        f'Cannot register {name} for automatic cleanup: '
        f'unknown resource type {rtype}')
ValueError: Cannot register /loky-1946072-7fa6wjgg for automatic cleanup: unknown resource type semlock
Traceback (most recent call last):
  File "/global/common/software/nersc/pe/conda-envs/26.1.0/python-3.13/nersc-python/lib/python3.13/multiprocessing/resource_tracker.py", line 371, in main
    raise ValueError(
        f'Cannot register {name} for automatic cleanup: '
        f'unknown resource type {rtype}')
ValueError: Cannot register /dev/shm/joblib_memmapping_folder_1777440_c4402e22850748b8aad2f5be6c0746b4_32fc642399164a578b7f21d9e9ecb4d5 for automatic cleanup: unknown resource type folder
Traceback (most recent call last):
  File "/global/common/software/nersc/pe/conda-envs/26.1.0/python-3.13/nersc-python/lib/python3.13/multiprocessing/resource_tracker.py", line 371, in main
    raise ValueError(
        f'Cannot register {name} for automatic cleanup: '
        f'unknown resource type {rtype}')
ValueError: Cannot register /loky-1777440-qzt6vt7j for automatic cleanup: unknown resource type semlock
Traceback (most recent call last):
  File "/global/common/software/nersc/pe/conda-envs/26.1.0/python-3.13/nersc-python/lib/python3.13/multiprocessing/resource_tracker.py", line 371, in main
    raise ValueError(
        f'Cannot register {name} for automatic cleanup: '
        f'unknown resource type {rtype}')
ValueError: Cannot register /loky-1777440-cmo1ezxh for automatic cleanup: unknown resource type semlock
Traceback (most recent call last):
  File "/global/common/software/nersc/pe/conda-envs/26.1.0/python-3.13/nersc-python/lib/python3.13/multiprocessing/resource_tracker.py", line 371, in main
    raise ValueError(
        f'Cannot register {name} for automatic cleanup: '
        f'unknown resource type {rtype}')
ValueError: Cannot register /loky-1777440-gdxbqne1 for automatic cleanup: unknown resource type semlock
Traceback (most recent call last):
  File "/global/common/software/nersc/pe/conda-envs/26.1.0/python-3.13/nersc-python/lib/python3.13/multiprocessing/resource_tracker.py", line 371, in main
    raise ValueError(
        f'Cannot register {name} for automatic cleanup: '
        f'unknown resource type {rtype}')
ValueError: Cannot register /loky-1777440-273kth6f for automatic cleanup: unknown resource type semlock
Traceback (most recent call last):
  File "/global/common/software/nersc/pe/conda-envs/26.1.0/python-3.13/nersc-python/lib/python3.13/multiprocessing/resource_tracker.py", line 371, in main
    raise ValueError(
        f'Cannot register {name} for automatic cleanup: '
        f'unknown resource type {rtype}')
ValueError: Cannot register /loky-1777440-6geubdzs for automatic cleanup: unknown resource type semlock
Traceback (most recent call last):
  File "/global/common/software/nersc/pe/conda-envs/26.1.0/python-3.13/nersc-python/lib/python3.13/multiprocessing/resource_tracker.py", line 371, in main
    raise ValueError(
        f'Cannot register {name} for automatic cleanup: '
        f'unknown resource type {rtype}')
ValueError: Cannot register /loky-1777440-76r6z1xc for automatic cleanup: unknown resource type semlock
Traceback (most recent call last):
  File "/global/common/software/nersc/pe/conda-envs/26.1.0/python-3.13/nersc-python/lib/python3.13/multiprocessing/resource_tracker.py", line 371, in main
    raise ValueError(
        f'Cannot register {name} for automatic cleanup: '
        f'unknown resource type {rtype}')
ValueError: Cannot register /dev/shm/joblib_memmapping_folder_1777440_c4402e22850748b8aad2f5be6c0746b4_85d22a6c6c7e410caba93ec25f7864e0 for automatic cleanup: unknown resource type folder
Traceback (most recent call last):
  File "/global/common/software/nersc/pe/conda-envs/26.1.0/python-3.13/nersc-python/lib/python3.13/multiprocessing/resource_tracker.py", line 371, in main
    raise ValueError(
        f'Cannot register {name} for automatic cleanup: '
        f'unknown resource type {rtype}')
ValueError: Cannot register /loky-1777440-e8gxl5yi for automatic cleanup: unknown resource type semlock
Traceback (most recent call last):
  File "/global/common/software/nersc/pe/conda-envs/26.1.0/python-3.13/nersc-python/lib/python3.13/multiprocessing/resource_tracker.py", line 371, in main
    raise ValueError(
        f'Cannot register {name} for automatic cleanup: '
        f'unknown resource type {rtype}')
ValueError: Cannot register /loky-1777440-c509j5k5 for automatic cleanup: unknown resource type semlock
Traceback (most recent call last):
  File "/global/common/software/nersc/pe/conda-envs/26.1.0/python-3.13/nersc-python/lib/python3.13/multiprocessing/resource_tracker.py", line 371, in main
    raise ValueError(
        f'Cannot register {name} for automatic cleanup: '
        f'unknown resource type {rtype}')
ValueError: Cannot register /loky-1777440-bzc8avzh for automatic cleanup: unknown resource type semlock
Traceback (most recent call last):
  File "/global/common/software/nersc/pe/conda-envs/26.1.0/python-3.13/nersc-python/lib/python3.13/multiprocessing/resource_tracker.py", line 371, in main
    raise ValueError(
        f'Cannot register {name} for automatic cleanup: '
        f'unknown resource type {rtype}')
ValueError: Cannot register /loky-1777440-borde1wr for automatic cleanup: unknown resource type semlock
Traceback (most recent call last):
  File "/global/common/software/nersc/pe/conda-envs/26.1.0/python-3.13/nersc-python/lib/python3.13/multiprocessing/resource_tracker.py", line 371, in main
    raise ValueError(
        f'Cannot register {name} for automatic cleanup: '
        f'unknown resource type {rtype}')
ValueError: Cannot register /loky-1777440-_6w4h2_o for automatic cleanup: unknown resource type semlock
Traceback (most recent call last):
  File "/global/common/software/nersc/pe/conda-envs/26.1.0/python-3.13/nersc-python/lib/python3.13/multiprocessing/resource_tracker.py", line 371, in main
    raise ValueError(
        f'Cannot register {name} for automatic cleanup: '
        f'unknown resource type {rtype}')
ValueError: Cannot register /loky-1777440-wxj2n5td for automatic cleanup: unknown resource type semlock
Traceback (most recent call last):
  File "/global/common/software/nersc/pe/conda-envs/26.1.0/python-3.13/nersc-python/lib/python3.13/multiprocessing/resource_tracker.py", line 371, in main
    raise ValueError(
        f'Cannot register {name} for automatic cleanup: '
        f'unknown resource type {rtype}')
ValueError: Cannot register /loky-1777440-egh7af0g for automatic cleanup: unknown resource type semlock
Traceback (most recent call last):
  File "/global/common/software/nersc/pe/conda-envs/26.1.0/python-3.13/nersc-python/lib/python3.13/multiprocessing/resource_tracker.py", line 371, in main
    raise ValueError(
        f'Cannot register {name} for automatic cleanup: '
        f'unknown resource type {rtype}')
ValueError: Cannot register /loky-1777440-d3r6au3i for automatic cleanup: unknown resource type semlock
Traceback (most recent call last):
  File "/global/common/software/nersc/pe/conda-envs/26.1.0/python-3.13/nersc-python/lib/python3.13/multiprocessing/resource_tracker.py", line 371, in main
    raise ValueError(
        f'Cannot register {name} for automatic cleanup: '
        f'unknown resource type {rtype}')
ValueError: Cannot register /loky-1777440-o8tj5rpy for automatic cleanup: unknown resource type semlock
Traceback (most recent call last):
  File "/global/common/software/nersc/pe/conda-envs/26.1.0/python-3.13/nersc-python/lib/python3.13/multiprocessing/resource_tracker.py", line 371, in main
    raise ValueError(
        f'Cannot register {name} for automatic cleanup: '
        f'unknown resource type {rtype}')
ValueError: Cannot register /loky-1777440-0_ixoud5 for automatic cleanup: unknown resource type semlock
Traceback (most recent call last):
  File "/global/common/software/nersc/pe/conda-envs/26.1.0/python-3.13/nersc-python/lib/python3.13/multiprocessing/resource_tracker.py", line 371, in main
    raise ValueError(
        f'Cannot register {name} for automatic cleanup: '
        f'unknown resource type {rtype}')
ValueError: Cannot register /loky-1777440-w2s8a187 for automatic cleanup: unknown resource type semlock
Traceback (most recent call last):
  File "/global/common/software/nersc/pe/conda-envs/26.1.0/python-3.13/nersc-python/lib/python3.13/multiprocessing/resource_tracker.py", line 371, in main
    raise ValueError(
        f'Cannot register {name} for automatic cleanup: '
        f'unknown resource type {rtype}')
ValueError: Cannot register /loky-1777440-seiv72uo for automatic cleanup: unknown resource type semlock
Traceback (most recent call last):
  File "/global/common/software/nersc/pe/conda-envs/26.1.0/python-3.13/nersc-python/lib/python3.13/multiprocessing/resource_tracker.py", line 371, in main
    raise ValueError(
        f'Cannot register {name} for automatic cleanup: '
        f'unknown resource type {rtype}')
ValueError: Cannot register /loky-1777440-tkzqgfl5 for automatic cleanup: unknown resource type semlock
Traceback (most recent call last):
  File "/global/common/software/nersc/pe/conda-envs/26.1.0/python-3.13/nersc-python/lib/python3.13/multiprocessing/resource_tracker.py", line 371, in main
    raise ValueError(
        f'Cannot register {name} for automatic cleanup: '
        f'unknown resource type {rtype}')
ValueError: Cannot register /loky-1777440-orcz3dq5 for automatic cleanup: unknown resource type semlock
Traceback (most recent call last):
  File "/global/common/software/nersc/pe/conda-envs/26.1.0/python-3.13/nersc-python/lib/python3.13/multiprocessing/resource_tracker.py", line 371, in main
    raise ValueError(
        f'Cannot register {name} for automatic cleanup: '
        f'unknown resource type {rtype}')
ValueError: Cannot register /loky-1777440-fqs3o7ux for automatic cleanup: unknown resource type semlock
Traceback (most recent call last):
  File "/global/common/software/nersc/pe/conda-envs/26.1.0/python-3.13/nersc-python/lib/python3.13/multiprocessing/resource_tracker.py", line 371, in main
    raise ValueError(
        f'Cannot register {name} for automatic cleanup: '
        f'unknown resource type {rtype}')
ValueError: Cannot register /loky-1777440-vp4s9ulm for automatic cleanup: unknown resource type semlock
Traceback (most recent call last):
  File "/global/common/software/nersc/pe/conda-envs/26.1.0/python-3.13/nersc-python/lib/python3.13/multiprocessing/resource_tracker.py", line 371, in main
    raise ValueError(
        f'Cannot register {name} for automatic cleanup: '
        f'unknown resource type {rtype}')
ValueError: Cannot register /dev/shm/joblib_memmapping_folder_2198800_55f6267ebaa54f17b9502cfb1bae2662_1c97a29dcb9146eeb616c1166893cf0d for automatic cleanup: unknown resource type folder
Traceback (most recent call last):
  File "/global/common/software/nersc/pe/conda-envs/26.1.0/python-3.13/nersc-python/lib/python3.13/multiprocessing/resource_tracker.py", line 371, in main
    raise ValueError(
        f'Cannot register {name} for automatic cleanup: '
        f'unknown resource type {rtype}')
ValueError: Cannot register /loky-2198800-0t10evj7 for automatic cleanup: unknown resource type semlock
Traceback (most recent call last):
  File "/global/common/software/nersc/pe/conda-envs/26.1.0/python-3.13/nersc-python/lib/python3.13/multiprocessing/resource_tracker.py", line 371, in main
    raise ValueError(
        f'Cannot register {name} for automatic cleanup: '
        f'unknown resource type {rtype}')
ValueError: Cannot register /loky-2198800-omkuc0pw for automatic cleanup: unknown resource type semlock
Traceback (most recent call last):
  File "/global/common/software/nersc/pe/conda-envs/26.1.0/python-3.13/nersc-python/lib/python3.13/multiprocessing/resource_tracker.py", line 371, in main
    raise ValueError(
        f'Cannot register {name} for automatic cleanup: '
        f'unknown resource type {rtype}')
ValueError: Cannot register /loky-2198800-9yhx25s4 for automatic cleanup: unknown resource type semlock
Traceback (most recent call last):
  File "/global/common/software/nersc/pe/conda-envs/26.1.0/python-3.13/nersc-python/lib/python3.13/multiprocessing/resource_tracker.py", line 371, in main
    raise ValueError(
        f'Cannot register {name} for automatic cleanup: '
        f'unknown resource type {rtype}')
ValueError: Cannot register /loky-2198800-5h_jp7iv for automatic cleanup: unknown resource type semlock
Traceback (most recent call last):
  File "/global/common/software/nersc/pe/conda-envs/26.1.0/python-3.13/nersc-python/lib/python3.13/multiprocessing/resource_tracker.py", line 371, in main
    raise ValueError(
        f'Cannot register {name} for automatic cleanup: '
        f'unknown resource type {rtype}')
ValueError: Cannot register /loky-2198800-6whj537c for automatic cleanup: unknown resource type semlock
Traceback (most recent call last):
  File "/global/common/software/nersc/pe/conda-envs/26.1.0/python-3.13/nersc-python/lib/python3.13/multiprocessing/resource_tracker.py", line 371, in main
    raise ValueError(
        f'Cannot register {name} for automatic cleanup: '
        f'unknown resource type {rtype}')
ValueError: Cannot register /loky-2198800-lx15v6iv for automatic cleanup: unknown resource type semlock
Traceback (most recent call last):
  File "/global/common/software/nersc/pe/conda-envs/26.1.0/python-3.13/nersc-python/lib/python3.13/multiprocessing/resource_tracker.py", line 371, in main
    raise ValueError(
        f'Cannot register {name} for automatic cleanup: '
        f'unknown resource type {rtype}')
ValueError: Cannot register /dev/shm/joblib_memmapping_folder_2198800_55f6267ebaa54f17b9502cfb1bae2662_c59d629204784e51bc8bff2ebcaf9ad8 for automatic cleanup: unknown resource type folder
Traceback (most recent call last):
  File "/global/common/software/nersc/pe/conda-envs/26.1.0/python-3.13/nersc-python/lib/python3.13/multiprocessing/resource_tracker.py", line 371, in main
    raise ValueError(
        f'Cannot register {name} for automatic cleanup: '
        f'unknown resource type {rtype}')
ValueError: Cannot register /loky-2198800-8ppk56k_ for automatic cleanup: unknown resource type semlock
Traceback (most recent call last):
  File "/global/common/software/nersc/pe/conda-envs/26.1.0/python-3.13/nersc-python/lib/python3.13/multiprocessing/resource_tracker.py", line 371, in main
    raise ValueError(
        f'Cannot register {name} for automatic cleanup: '
        f'unknown resource type {rtype}')
ValueError: Cannot register /loky-2198800-uc8a6z3y for automatic cleanup: unknown resource type semlock
Traceback (most recent call last):
  File "/global/common/software/nersc/pe/conda-envs/26.1.0/python-3.13/nersc-python/lib/python3.13/multiprocessing/resource_tracker.py", line 371, in main
    raise ValueError(
        f'Cannot register {name} for automatic cleanup: '
        f'unknown resource type {rtype}')
ValueError: Cannot register /loky-2198800-5h3sk13k for automatic cleanup: unknown resource type semlock
Traceback (most recent call last):
  File "/global/common/software/nersc/pe/conda-envs/26.1.0/python-3.13/nersc-python/lib/python3.13/multiprocessing/resource_tracker.py", line 371, in main
    raise ValueError(
        f'Cannot register {name} for automatic cleanup: '
        f'unknown resource type {rtype}')
ValueError: Cannot register /loky-2198800-__tel0ka for automatic cleanup: unknown resource type semlock
Traceback (most recent call last):
  File "/global/common/software/nersc/pe/conda-envs/26.1.0/python-3.13/nersc-python/lib/python3.13/multiprocessing/resource_tracker.py", line 371, in main
    raise ValueError(
        f'Cannot register {name} for automatic cleanup: '
        f'unknown resource type {rtype}')
ValueError: Cannot register /loky-2198800-r6i0p4b4 for automatic cleanup: unknown resource type semlock
Traceback (most recent call last):
  File "/global/common/software/nersc/pe/conda-envs/26.1.0/python-3.13/nersc-python/lib/python3.13/multiprocessing/resource_tracker.py", line 371, in main
    raise ValueError(
        f'Cannot register {name} for automatic cleanup: '
        f'unknown resource type {rtype}')
ValueError: Cannot register /loky-2198800-zoopm1bv for automatic cleanup: unknown resource type semlock
Traceback (most recent call last):
  File "/global/common/software/nersc/pe/conda-envs/26.1.0/python-3.13/nersc-python/lib/python3.13/multiprocessing/resource_tracker.py", line 371, in main
    raise ValueError(
        f'Cannot register {name} for automatic cleanup: '
        f'unknown resource type {rtype}')
ValueError: Cannot register /loky-2198800-58fyuyu5 for automatic cleanup: unknown resource type semlock
Traceback (most recent call last):
  File "/global/common/software/nersc/pe/conda-envs/26.1.0/python-3.13/nersc-python/lib/python3.13/multiprocessing/resource_tracker.py", line 371, in main
    raise ValueError(
        f'Cannot register {name} for automatic cleanup: '
        f'unknown resource type {rtype}')
ValueError: Cannot register /loky-2198800-if7v02jq for automatic cleanup: unknown resource type semlock
Traceback (most recent call last):
  File "/global/common/software/nersc/pe/conda-envs/26.1.0/python-3.13/nersc-python/lib/python3.13/multiprocessing/resource_tracker.py", line 371, in main
    raise ValueError(
        f'Cannot register {name} for automatic cleanup: '
        f'unknown resource type {rtype}')
ValueError: Cannot register /loky-2198800-ftpscl2d for automatic cleanup: unknown resource type semlock
Traceback (most recent call last):
  File "/global/common/software/nersc/pe/conda-envs/26.1.0/python-3.13/nersc-python/lib/python3.13/multiprocessing/resource_tracker.py", line 371, in main
    raise ValueError(
        f'Cannot register {name} for automatic cleanup: '
        f'unknown resource type {rtype}')
ValueError: Cannot register /loky-2198800-izbtsn45 for automatic cleanup: unknown resource type semlock
Traceback (most recent call last):
  File "/global/common/software/nersc/pe/conda-envs/26.1.0/python-3.13/nersc-python/lib/python3.13/multiprocessing/resource_tracker.py", line 371, in main
    raise ValueError(
        f'Cannot register {name} for automatic cleanup: '
        f'unknown resource type {rtype}')
ValueError: Cannot register /loky-2198800-5q_9ikih for automatic cleanup: unknown resource type semlock
Traceback (most recent call last):
  File "/global/common/software/nersc/pe/conda-envs/26.1.0/python-3.13/nersc-python/lib/python3.13/multiprocessing/resource_tracker.py", line 371, in main
    raise ValueError(
        f'Cannot register {name} for automatic cleanup: '
        f'unknown resource type {rtype}')
ValueError: Cannot register /loky-2198800-5lribyri for automatic cleanup: unknown resource type semlock
Traceback (most recent call last):
  File "/global/common/software/nersc/pe/conda-envs/26.1.0/python-3.13/nersc-python/lib/python3.13/multiprocessing/resource_tracker.py", line 371, in main
    raise ValueError(
        f'Cannot register {name} for automatic cleanup: '
        f'unknown resource type {rtype}')
ValueError: Cannot register /loky-2198800-3yf8o5kc for automatic cleanup: unknown resource type semlock
Traceback (most recent call last):
  File "/global/common/software/nersc/pe/conda-envs/26.1.0/python-3.13/nersc-python/lib/python3.13/multiprocessing/resource_tracker.py", line 371, in main
    raise ValueError(
        f'Cannot register {name} for automatic cleanup: '
        f'unknown resource type {rtype}')
ValueError: Cannot register /loky-2198800-m4l0rhyj for automatic cleanup: unknown resource type semlock
Traceback (most recent call last):
  File "/global/common/software/nersc/pe/conda-envs/26.1.0/python-3.13/nersc-python/lib/python3.13/multiprocessing/resource_tracker.py", line 371, in main
    raise ValueError(
        f'Cannot register {name} for automatic cleanup: '
        f'unknown resource type {rtype}')
ValueError: Cannot register /loky-2198800-26vj1wet for automatic cleanup: unknown resource type semlock
Traceback (most recent call last):
  File "/global/common/software/nersc/pe/conda-envs/26.1.0/python-3.13/nersc-python/lib/python3.13/multiprocessing/resource_tracker.py", line 371, in main
    raise ValueError(
        f'Cannot register {name} for automatic cleanup: '
        f'unknown resource type {rtype}')
ValueError: Cannot register /loky-2198800-ouqfa61q for automatic cleanup: unknown resource type semlock
Traceback (most recent call last):
  File "/global/common/software/nersc/pe/conda-envs/26.1.0/python-3.13/nersc-python/lib/python3.13/multiprocessing/resource_tracker.py", line 371, in main
    raise ValueError(
        f'Cannot register {name} for automatic cleanup: '
        f'unknown resource type {rtype}')
ValueError: Cannot register /dev/shm/joblib_memmapping_folder_1067633_861e022ea655446bb4cc8d6ec6d6d080_3854cc94d9b448bb91edb661b4579956 for automatic cleanup: unknown resource type folder
Traceback (most recent call last):
  File "/global/common/software/nersc/pe/conda-envs/26.1.0/python-3.13/nersc-python/lib/python3.13/multiprocessing/resource_tracker.py", line 371, in main
    raise ValueError(
        f'Cannot register {name} for automatic cleanup: '
        f'unknown resource type {rtype}')
ValueError: Cannot register /loky-1067633-5t4z7gss for automatic cleanup: unknown resource type semlock
Traceback (most recent call last):
  File "/global/common/software/nersc/pe/conda-envs/26.1.0/python-3.13/nersc-python/lib/python3.13/multiprocessing/resource_tracker.py", line 371, in main
    raise ValueError(
        f'Cannot register {name} for automatic cleanup: '
        f'unknown resource type {rtype}')
ValueError: Cannot register /loky-1067633-2kwx2nec for automatic cleanup: unknown resource type semlock
Traceback (most recent call last):
  File "/global/common/software/nersc/pe/conda-envs/26.1.0/python-3.13/nersc-python/lib/python3.13/multiprocessing/resource_tracker.py", line 371, in main
    raise ValueError(
        f'Cannot register {name} for automatic cleanup: '
        f'unknown resource type {rtype}')
ValueError: Cannot register /loky-1067633-8u94xqa7 for automatic cleanup: unknown resource type semlock
Traceback (most recent call last):
  File "/global/common/software/nersc/pe/conda-envs/26.1.0/python-3.13/nersc-python/lib/python3.13/multiprocessing/resource_tracker.py", line 371, in main
    raise ValueError(
        f'Cannot register {name} for automatic cleanup: '
        f'unknown resource type {rtype}')
ValueError: Cannot register /loky-1067633-bdmgbmm6 for automatic cleanup: unknown resource type semlock
Traceback (most recent call last):
  File "/global/common/software/nersc/pe/conda-envs/26.1.0/python-3.13/nersc-python/lib/python3.13/multiprocessing/resource_tracker.py", line 371, in main
    raise ValueError(
        f'Cannot register {name} for automatic cleanup: '
        f'unknown resource type {rtype}')
ValueError: Cannot register /loky-1067633-0go6r7af for automatic cleanup: unknown resource type semlock
Traceback (most recent call last):
  File "/global/common/software/nersc/pe/conda-envs/26.1.0/python-3.13/nersc-python/lib/python3.13/multiprocessing/resource_tracker.py", line 371, in main
    raise ValueError(
        f'Cannot register {name} for automatic cleanup: '
        f'unknown resource type {rtype}')
ValueError: Cannot register /loky-1067633-ndovilus for automatic cleanup: unknown resource type semlock
Traceback (most recent call last):
  File "/global/common/software/nersc/pe/conda-envs/26.1.0/python-3.13/nersc-python/lib/python3.13/multiprocessing/resource_tracker.py", line 371, in main
    raise ValueError(
        f'Cannot register {name} for automatic cleanup: '
        f'unknown resource type {rtype}')
ValueError: Cannot register /dev/shm/joblib_memmapping_folder_1067633_861e022ea655446bb4cc8d6ec6d6d080_09a637c4309642feb08176951bf7417b for automatic cleanup: unknown resource type folder
Traceback (most recent call last):
  File "/global/common/software/nersc/pe/conda-envs/26.1.0/python-3.13/nersc-python/lib/python3.13/multiprocessing/resource_tracker.py", line 371, in main
    raise ValueError(
        f'Cannot register {name} for automatic cleanup: '
        f'unknown resource type {rtype}')
ValueError: Cannot register /loky-1067633-piaylcpo for automatic cleanup: unknown resource type semlock
Traceback (most recent call last):
  File "/global/common/software/nersc/pe/conda-envs/26.1.0/python-3.13/nersc-python/lib/python3.13/multiprocessing/resource_tracker.py", line 371, in main
    raise ValueError(
        f'Cannot register {name} for automatic cleanup: '
        f'unknown resource type {rtype}')
ValueError: Cannot register /loky-1067633-ozo88eq5 for automatic cleanup: unknown resource type semlock
Traceback (most recent call last):
  File "/global/common/software/nersc/pe/conda-envs/26.1.0/python-3.13/nersc-python/lib/python3.13/multiprocessing/resource_tracker.py", line 371, in main
    raise ValueError(
        f'Cannot register {name} for automatic cleanup: '
        f'unknown resource type {rtype}')
ValueError: Cannot register /loky-1067633-r9gcj9px for automatic cleanup: unknown resource type semlock
Traceback (most recent call last):
  File "/global/common/software/nersc/pe/conda-envs/26.1.0/python-3.13/nersc-python/lib/python3.13/multiprocessing/resource_tracker.py", line 371, in main
    raise ValueError(
        f'Cannot register {name} for automatic cleanup: '
        f'unknown resource type {rtype}')
ValueError: Cannot register /loky-1067633-v5_uu0he for automatic cleanup: unknown resource type semlock
Traceback (most recent call last):
  File "/global/common/software/nersc/pe/conda-envs/26.1.0/python-3.13/nersc-python/lib/python3.13/multiprocessing/resource_tracker.py", line 371, in main
    raise ValueError(
        f'Cannot register {name} for automatic cleanup: '
        f'unknown resource type {rtype}')
ValueError: Cannot register /loky-1067633-qbve02yy for automatic cleanup: unknown resource type semlock
Traceback (most recent call last):
  File "/global/common/software/nersc/pe/conda-envs/26.1.0/python-3.13/nersc-python/lib/python3.13/multiprocessing/resource_tracker.py", line 371, in main
    raise ValueError(
        f'Cannot register {name} for automatic cleanup: '
        f'unknown resource type {rtype}')
ValueError: Cannot register /loky-1067633-fvvfdoel for automatic cleanup: unknown resource type semlock
Traceback (most recent call last):
  File "/global/common/software/nersc/pe/conda-envs/26.1.0/python-3.13/nersc-python/lib/python3.13/multiprocessing/resource_tracker.py", line 371, in main
    raise ValueError(
        f'Cannot register {name} for automatic cleanup: '
        f'unknown resource type {rtype}')
ValueError: Cannot register /loky-1067633-3h3c76r1 for automatic cleanup: unknown resource type semlock
Traceback (most recent call last):
  File "/global/common/software/nersc/pe/conda-envs/26.1.0/python-3.13/nersc-python/lib/python3.13/multiprocessing/resource_tracker.py", line 371, in main
    raise ValueError(
        f'Cannot register {name} for automatic cleanup: '
        f'unknown resource type {rtype}')
ValueError: Cannot register /loky-1067633-sit3t0j6 for automatic cleanup: unknown resource type semlock
Traceback (most recent call last):
  File "/global/common/software/nersc/pe/conda-envs/26.1.0/python-3.13/nersc-python/lib/python3.13/multiprocessing/resource_tracker.py", line 371, in main
    raise ValueError(
        f'Cannot register {name} for automatic cleanup: '
        f'unknown resource type {rtype}')
ValueError: Cannot register /loky-1067633-5bjbg1y8 for automatic cleanup: unknown resource type semlock
Traceback (most recent call last):
  File "/global/common/software/nersc/pe/conda-envs/26.1.0/python-3.13/nersc-python/lib/python3.13/multiprocessing/resource_tracker.py", line 371, in main
    raise ValueError(
        f'Cannot register {name} for automatic cleanup: '
        f'unknown resource type {rtype}')
ValueError: Cannot register /loky-1067633-8q7789zf for automatic cleanup: unknown resource type semlock
Traceback (most recent call last):
  File "/global/common/software/nersc/pe/conda-envs/26.1.0/python-3.13/nersc-python/lib/python3.13/multiprocessing/resource_tracker.py", line 371, in main
    raise ValueError(
        f'Cannot register {name} for automatic cleanup: '
        f'unknown resource type {rtype}')
ValueError: Cannot register /loky-1067633-qlfo8l_x for automatic cleanup: unknown resource type semlock
Traceback (most recent call last):
  File "/global/common/software/nersc/pe/conda-envs/26.1.0/python-3.13/nersc-python/lib/python3.13/multiprocessing/resource_tracker.py", line 371, in main
    raise ValueError(
        f'Cannot register {name} for automatic cleanup: '
        f'unknown resource type {rtype}')
ValueError: Cannot register /loky-1067633-9rs79t2v for automatic cleanup: unknown resource type semlock
Traceback (most recent call last):
  File "/global/common/software/nersc/pe/conda-envs/26.1.0/python-3.13/nersc-python/lib/python3.13/multiprocessing/resource_tracker.py", line 371, in main
    raise ValueError(
        f'Cannot register {name} for automatic cleanup: '
        f'unknown resource type {rtype}')
ValueError: Cannot register /loky-1067633-70f7ftag for automatic cleanup: unknown resource type semlock
Traceback (most recent call last):
  File "/global/common/software/nersc/pe/conda-envs/26.1.0/python-3.13/nersc-python/lib/python3.13/multiprocessing/resource_tracker.py", line 371, in main
    raise ValueError(
        f'Cannot register {name} for automatic cleanup: '
        f'unknown resource type {rtype}')
ValueError: Cannot register /loky-1067633-wdgpkzx7 for automatic cleanup: unknown resource type semlock
Traceback (most recent call last):
  File "/global/common/software/nersc/pe/conda-envs/26.1.0/python-3.13/nersc-python/lib/python3.13/multiprocessing/resource_tracker.py", line 371, in main
    raise ValueError(
        f'Cannot register {name} for automatic cleanup: '
        f'unknown resource type {rtype}')
ValueError: Cannot register /loky-1067633-u1wnng_g for automatic cleanup: unknown resource type semlock
Traceback (most recent call last):
  File "/global/common/software/nersc/pe/conda-envs/26.1.0/python-3.13/nersc-python/lib/python3.13/multiprocessing/resource_tracker.py", line 371, in main
    raise ValueError(
        f'Cannot register {name} for automatic cleanup: '
        f'unknown resource type {rtype}')
ValueError: Cannot register /loky-1067633-j0ivmojl for automatic cleanup: unknown resource type semlock
[2026-08-24T16:00:12.750] error: *** STEP 57415827.4 ON nid004491 CANCELLED AT 2026-08-24T16:00:12 DUE to SIGNAL Terminated ***
[2026-08-24T16:00:12.751] error: *** STEP 57415827.3 ON nid004487 CANCELLED AT 2026-08-24T16:00:12 DUE to SIGNAL Terminated ***
[2026-08-24T16:00:12.751] error: *** STEP 57415827.2 ON nid004479 CANCELLED AT 2026-08-24T16:00:12 DUE to SIGNAL Terminated ***
[2026-08-24T16:00:12.751] error: *** STEP 57415827.1 ON nid004471 CANCELLED AT 2026-08-24T16:00:12 DUE to SIGNAL Terminated ***
[2026-08-24T16:00:12.752] error: *** STEP 57415827.5 ON nid004502 CANCELLED AT 2026-08-24T16:00:12 DUE to SIGNAL Terminated ***
[2026-08-24T16:00:12.752] error: *** STEP 57415827.28 ON nid005153 CANCELLED AT 2026-08-24T16:00:12 DUE to SIGNAL Terminated ***
[2026-08-24T16:00:12.752] error: *** STEP 57415827.31 ON nid005328 CANCELLED AT 2026-08-24T16:00:12 DUE to SIGNAL Terminated ***
[2026-08-24T16:00:12.752] error: *** STEP 57415827.17 ON nid004627 CANCELLED AT 2026-08-24T16:00:12 DUE to SIGNAL Terminated ***
[2026-08-24T16:00:12.752] error: *** STEP 57415827.29 ON nid005189 CANCELLED AT 2026-08-24T16:00:12 DUE to SIGNAL Terminated ***
[2026-08-24T16:00:12.753] error: *** STEP 57415827.18 ON nid004651 CANCELLED AT 2026-08-24T16:00:12 DUE to SIGNAL Terminated ***
[2026-08-24T16:00:12.753] error: *** STEP 57415827.16 ON nid004623 CANCELLED AT 2026-08-24T16:00:12 DUE to SIGNAL Terminated ***
[2026-08-24T16:00:12.753] error: *** STEP 57415827.20 ON nid004663 CANCELLED AT 2026-08-24T16:00:12 DUE to SIGNAL Terminated ***
[2026-08-24T16:00:12.753] error: *** STEP 57415827.19 ON nid004659 CANCELLED AT 2026-08-24T16:00:12 DUE to SIGNAL Terminated ***
[2026-08-24T16:00:12.754] error: *** STEP 57415827.21 ON nid004670 CANCELLED AT 2026-08-24T16:00:12 DUE to SIGNAL Terminated ***
[2026-08-24T16:00:12.754] error: *** STEP 57415827.30 ON nid005237 CANCELLED AT 2026-08-24T16:00:12 DUE to SIGNAL Terminated ***
[2026-08-24T16:00:12.756] error: *** STEP 57415827.6 ON nid004513 CANCELLED AT 2026-08-24T16:00:12 DUE to SIGNAL Terminated ***
[2026-08-24T16:00:12.756] error: *** STEP 57415827.7 ON nid004518 CANCELLED AT 2026-08-24T16:00:12 DUE to SIGNAL Terminated ***
[2026-08-24T16:00:12.756] error: *** STEP 57415827.22 ON nid004679 CANCELLED AT 2026-08-24T16:00:12 DUE to SIGNAL Terminated ***
[2026-08-24T16:00:12.757] error: *** STEP 57415827.12 ON nid004565 CANCELLED AT 2026-08-24T16:00:12 DUE to SIGNAL Terminated ***
[2026-08-24T16:00:12.757] error: *** STEP 57415827.23 ON nid004682 CANCELLED AT 2026-08-24T16:00:12 DUE to SIGNAL Terminated ***
[2026-08-24T16:00:12.758] error: *** STEP 57415827.13 ON nid004575 CANCELLED AT 2026-08-24T16:00:12 DUE to SIGNAL Terminated ***
[2026-08-24T16:00:12.758] error: *** STEP 57415827.8 ON nid004524 CANCELLED AT 2026-08-24T16:00:12 DUE to SIGNAL Terminated ***
[2026-08-24T16:00:12.758] error: *** STEP 57415827.10 ON nid004552 CANCELLED AT 2026-08-24T16:00:12 DUE to SIGNAL Terminated ***
[2026-08-24T16:00:12.758] error: *** STEP 57415827.9 ON nid004546 CANCELLED AT 2026-08-24T16:00:12 DUE to SIGNAL Terminated ***
[2026-08-24T16:00:12.758] error: *** STEP 57415827.24 ON nid004694 CANCELLED AT 2026-08-24T16:00:12 DUE to SIGNAL Terminated ***
[2026-08-24T16:00:12.758] error: *** STEP 57415827.15 ON nid004612 CANCELLED AT 2026-08-24T16:00:12 DUE to SIGNAL Terminated ***
[2026-08-24T16:00:12.759] error: *** STEP 57415827.26 ON nid004733 CANCELLED AT 2026-08-24T16:00:12 DUE to SIGNAL Terminated ***
[2026-08-24T16:00:12.759] error: *** STEP 57415827.11 ON nid004562 CANCELLED AT 2026-08-24T16:00:12 DUE to SIGNAL Terminated ***
[2026-08-24T16:00:12.759] error: *** STEP 57415827.25 ON nid004697 CANCELLED AT 2026-08-24T16:00:12 DUE to SIGNAL Terminated ***
[2026-08-24T16:00:12.760] error: *** STEP 57415827.14 ON nid004580 CANCELLED AT 2026-08-24T16:00:12 DUE to SIGNAL Terminated ***
[2026-08-24T16:00:12.761] error: *** STEP 57415827.27 ON nid004739 CANCELLED AT 2026-08-24T16:00:12 DUE to SIGNAL Terminated ***
[2026-08-24T16:00:12.805] error: *** STEP 57415827.0 ON nid004468 CANCELLED AT 2026-08-24T16:00:12 DUE to SIGNAL Terminated ***
[2026-08-24T16:00:12.807] error: *** JOB 57415827 ON nid004468 CANCELLED AT 2026-08-24T16:00:12 DUE to SIGNAL Terminated ***
