Traceback (most recent call last):
  File "/global/common/software/nersc/pe/conda-envs/26.1.0/python-3.13/nersc-python/lib/python3.13/multiprocessing/resource_tracker.py", line 371, in main
    raise ValueError(
        f'Cannot register {name} for automatic cleanup: '
        f'unknown resource type {rtype}')
ValueError: Cannot register /dev/shm/joblib_memmapping_folder_25605_42be093c7397431692be232a6fc3242b_c228f8aa1cb146a0a436a618c98e1585 for automatic cleanup: unknown resource type folder
Traceback (most recent call last):
  File "/global/common/software/nersc/pe/conda-envs/26.1.0/python-3.13/nersc-python/lib/python3.13/multiprocessing/resource_tracker.py", line 371, in main
    raise ValueError(
        f'Cannot register {name} for automatic cleanup: '
        f'unknown resource type {rtype}')
ValueError: Cannot register /loky-25605-g0pfa1fc for automatic cleanup: unknown resource type semlock
Traceback (most recent call last):
  File "/global/common/software/nersc/pe/conda-envs/26.1.0/python-3.13/nersc-python/lib/python3.13/multiprocessing/resource_tracker.py", line 371, in main
    raise ValueError(
        f'Cannot register {name} for automatic cleanup: '
        f'unknown resource type {rtype}')
ValueError: Cannot register /loky-25605-jl7md_lq for automatic cleanup: unknown resource type semlock
Traceback (most recent call last):
  File "/global/common/software/nersc/pe/conda-envs/26.1.0/python-3.13/nersc-python/lib/python3.13/multiprocessing/resource_tracker.py", line 371, in main
    raise ValueError(
        f'Cannot register {name} for automatic cleanup: '
        f'unknown resource type {rtype}')
ValueError: Cannot register /loky-25605-ifq1b9o8 for automatic cleanup: unknown resource type semlock
Traceback (most recent call last):
  File "/global/common/software/nersc/pe/conda-envs/26.1.0/python-3.13/nersc-python/lib/python3.13/multiprocessing/resource_tracker.py", line 371, in main
    raise ValueError(
        f'Cannot register {name} for automatic cleanup: '
        f'unknown resource type {rtype}')
ValueError: Cannot register /loky-25605-mbgi4u7y for automatic cleanup: unknown resource type semlock
Traceback (most recent call last):
  File "/global/common/software/nersc/pe/conda-envs/26.1.0/python-3.13/nersc-python/lib/python3.13/multiprocessing/resource_tracker.py", line 371, in main
    raise ValueError(
        f'Cannot register {name} for automatic cleanup: '
        f'unknown resource type {rtype}')
ValueError: Cannot register /loky-25605-5cs4jlmb for automatic cleanup: unknown resource type semlock
Traceback (most recent call last):
  File "/global/common/software/nersc/pe/conda-envs/26.1.0/python-3.13/nersc-python/lib/python3.13/multiprocessing/resource_tracker.py", line 371, in main
    raise ValueError(
        f'Cannot register {name} for automatic cleanup: '
        f'unknown resource type {rtype}')
ValueError: Cannot register /loky-25605-k7_ndh4r for automatic cleanup: unknown resource type semlock
Traceback (most recent call last):
  File "/global/common/software/nersc/pe/conda-envs/26.1.0/python-3.13/nersc-python/lib/python3.13/multiprocessing/resource_tracker.py", line 371, in main
    raise ValueError(
        f'Cannot register {name} for automatic cleanup: '
        f'unknown resource type {rtype}')
ValueError: Cannot register /dev/shm/joblib_memmapping_folder_25605_42be093c7397431692be232a6fc3242b_e4b63a80d0dd44a39550f288ddf23639 for automatic cleanup: unknown resource type folder
Traceback (most recent call last):
  File "/global/common/software/nersc/pe/conda-envs/26.1.0/python-3.13/nersc-python/lib/python3.13/multiprocessing/resource_tracker.py", line 371, in main
    raise ValueError(
        f'Cannot register {name} for automatic cleanup: '
        f'unknown resource type {rtype}')
ValueError: Cannot register /loky-25605-medexpdo for automatic cleanup: unknown resource type semlock
Traceback (most recent call last):
  File "/global/common/software/nersc/pe/conda-envs/26.1.0/python-3.13/nersc-python/lib/python3.13/multiprocessing/resource_tracker.py", line 371, in main
    raise ValueError(
        f'Cannot register {name} for automatic cleanup: '
        f'unknown resource type {rtype}')
ValueError: Cannot register /loky-25605-19uyuw8n for automatic cleanup: unknown resource type semlock
Traceback (most recent call last):
  File "/global/common/software/nersc/pe/conda-envs/26.1.0/python-3.13/nersc-python/lib/python3.13/multiprocessing/resource_tracker.py", line 371, in main
    raise ValueError(
        f'Cannot register {name} for automatic cleanup: '
        f'unknown resource type {rtype}')
ValueError: Cannot register /loky-25605-ybx7eogg for automatic cleanup: unknown resource type semlock
Traceback (most recent call last):
  File "/global/common/software/nersc/pe/conda-envs/26.1.0/python-3.13/nersc-python/lib/python3.13/multiprocessing/resource_tracker.py", line 371, in main
    raise ValueError(
        f'Cannot register {name} for automatic cleanup: '
        f'unknown resource type {rtype}')
ValueError: Cannot register /loky-25605-ie_rvhkh for automatic cleanup: unknown resource type semlock
Traceback (most recent call last):
  File "/global/common/software/nersc/pe/conda-envs/26.1.0/python-3.13/nersc-python/lib/python3.13/multiprocessing/resource_tracker.py", line 371, in main
    raise ValueError(
        f'Cannot register {name} for automatic cleanup: '
        f'unknown resource type {rtype}')
ValueError: Cannot register /loky-25605-1iogcj30 for automatic cleanup: unknown resource type semlock
Traceback (most recent call last):
  File "/global/common/software/nersc/pe/conda-envs/26.1.0/python-3.13/nersc-python/lib/python3.13/multiprocessing/resource_tracker.py", line 371, in main
    raise ValueError(
        f'Cannot register {name} for automatic cleanup: '
        f'unknown resource type {rtype}')
ValueError: Cannot register /loky-25605-pla4jzby for automatic cleanup: unknown resource type semlock
Traceback (most recent call last):
  File "/global/common/software/nersc/pe/conda-envs/26.1.0/python-3.13/nersc-python/lib/python3.13/multiprocessing/resource_tracker.py", line 371, in main
    raise ValueError(
        f'Cannot register {name} for automatic cleanup: '
        f'unknown resource type {rtype}')
ValueError: Cannot register /loky-25605-33qj7v87 for automatic cleanup: unknown resource type semlock
Traceback (most recent call last):
  File "/global/common/software/nersc/pe/conda-envs/26.1.0/python-3.13/nersc-python/lib/python3.13/multiprocessing/resource_tracker.py", line 371, in main
    raise ValueError(
        f'Cannot register {name} for automatic cleanup: '
        f'unknown resource type {rtype}')
ValueError: Cannot register /loky-25605-g43yr04l for automatic cleanup: unknown resource type semlock
Traceback (most recent call last):
Traceback (most recent call last):
  File "/global/common/software/nersc/pe/conda-envs/26.1.0/python-3.13/nersc-python/lib/python3.13/multiprocessing/resource_tracker.py", line 371, in main
    raise ValueError(
        f'Cannot register {name} for automatic cleanup: '
        f'unknown resource type {rtype}')
ValueError: Cannot register /dev/shm/joblib_memmapping_folder_25588_5f04b8701d184bb4ba0b408f7851dbf0_72a985e20e0a4c91a5de099c42219798 for automatic cleanup: unknown resource type folder
Traceback (most recent call last):
  File "/global/common/software/nersc/pe/conda-envs/26.1.0/python-3.13/nersc-python/lib/python3.13/multiprocessing/resource_tracker.py", line 371, in main
    raise ValueError(
        f'Cannot register {name} for automatic cleanup: '
        f'unknown resource type {rtype}')
ValueError: Cannot register /loky-25588-yqn7r5th for automatic cleanup: unknown resource type semlock
Traceback (most recent call last):
  File "/global/common/software/nersc/pe/conda-envs/26.1.0/python-3.13/nersc-python/lib/python3.13/multiprocessing/resource_tracker.py", line 371, in main
    raise ValueError(
        f'Cannot register {name} for automatic cleanup: '
        f'unknown resource type {rtype}')
ValueError: Cannot register /loky-25588-xdrkiz1n for automatic cleanup: unknown resource type semlock
Traceback (most recent call last):
  File "/global/common/software/nersc/pe/conda-envs/26.1.0/python-3.13/nersc-python/lib/python3.13/multiprocessing/resource_tracker.py", line 371, in main
    raise ValueError(
        f'Cannot register {name} for automatic cleanup: '
        f'unknown resource type {rtype}')
ValueError: Cannot register /loky-25588-pox60mb3 for automatic cleanup: unknown resource type semlock
Traceback (most recent call last):
  File "/global/common/software/nersc/pe/conda-envs/26.1.0/python-3.13/nersc-python/lib/python3.13/multiprocessing/resource_tracker.py", line 371, in main
    raise ValueError(
        f'Cannot register {name} for automatic cleanup: '
        f'unknown resource type {rtype}')
ValueError: Cannot register /loky-25588-in17etlt for automatic cleanup: unknown resource type semlock
Traceback (most recent call last):
  File "/global/common/software/nersc/pe/conda-envs/26.1.0/python-3.13/nersc-python/lib/python3.13/multiprocessing/resource_tracker.py", line 371, in main
    raise ValueError(
        f'Cannot register {name} for automatic cleanup: '
        f'unknown resource type {rtype}')
ValueError: Cannot register /loky-25588-8myii_5z for automatic cleanup: unknown resource type semlock
Traceback (most recent call last):
  File "/global/common/software/nersc/pe/conda-envs/26.1.0/python-3.13/nersc-python/lib/python3.13/multiprocessing/resource_tracker.py", line 371, in main
    raise ValueError(
        f'Cannot register {name} for automatic cleanup: '
        f'unknown resource type {rtype}')
ValueError: Cannot register /loky-25588-zr4a9kvd for automatic cleanup: unknown resource type semlock
Traceback (most recent call last):
  File "/global/common/software/nersc/pe/conda-envs/26.1.0/python-3.13/nersc-python/lib/python3.13/multiprocessing/resource_tracker.py", line 371, in main
    raise ValueError(
        f'Cannot register {name} for automatic cleanup: '
        f'unknown resource type {rtype}')
ValueError: Cannot register /dev/shm/joblib_memmapping_folder_25588_5f04b8701d184bb4ba0b408f7851dbf0_b7e1f4f397ef443fbf303df63cc3c113 for automatic cleanup: unknown resource type folder
Traceback (most recent call last):
  File "/global/common/software/nersc/pe/conda-envs/26.1.0/python-3.13/nersc-python/lib/python3.13/multiprocessing/resource_tracker.py", line 371, in main
    raise ValueError(
        f'Cannot register {name} for automatic cleanup: '
        f'unknown resource type {rtype}')
ValueError: Cannot register /loky-25588-7cm76bgy for automatic cleanup: unknown resource type semlock
Traceback (most recent call last):
  File "/global/common/software/nersc/pe/conda-envs/26.1.0/python-3.13/nersc-python/lib/python3.13/multiprocessing/resource_tracker.py", line 371, in main
    raise ValueError(
        f'Cannot register {name} for automatic cleanup: '
        f'unknown resource type {rtype}')
ValueError: Cannot register /loky-25588-yzkq9b26 for automatic cleanup: unknown resource type semlock
Traceback (most recent call last):
  File "/global/common/software/nersc/pe/conda-envs/26.1.0/python-3.13/nersc-python/lib/python3.13/multiprocessing/resource_tracker.py", line 371, in main
    raise ValueError(
        f'Cannot register {name} for automatic cleanup: '
        f'unknown resource type {rtype}')
ValueError: Cannot register /loky-25588-nm0gggbl for automatic cleanup: unknown resource type semlock
Traceback (most recent call last):
  File "/global/common/software/nersc/pe/conda-envs/26.1.0/python-3.13/nersc-python/lib/python3.13/multiprocessing/resource_tracker.py", line 371, in main
    raise ValueError(
        f'Cannot register {name} for automatic cleanup: '
        f'unknown resource type {rtype}')
ValueError: Cannot register /loky-25588-jutzwym2 for automatic cleanup: unknown resource type semlock
Traceback (most recent call last):
  File "/global/common/software/nersc/pe/conda-envs/26.1.0/python-3.13/nersc-python/lib/python3.13/multiprocessing/resource_tracker.py", line 371, in main
    raise ValueError(
        f'Cannot register {name} for automatic cleanup: '
        f'unknown resource type {rtype}')
ValueError: Cannot register /loky-25588-ce9guffe for automatic cleanup: unknown resource type semlock
Traceback (most recent call last):
  File "/global/common/software/nersc/pe/conda-envs/26.1.0/python-3.13/nersc-python/lib/python3.13/multiprocessing/resource_tracker.py", line 371, in main
    raise ValueError(
        f'Cannot register {name} for automatic cleanup: '
        f'unknown resource type {rtype}')
ValueError: Cannot register /loky-25588-ny5awk5i for automatic cleanup: unknown resource type semlock
Traceback (most recent call last):
  File "/global/common/software/nersc/pe/conda-envs/26.1.0/python-3.13/nersc-python/lib/python3.13/multiprocessing/resource_tracker.py", line 371, in main
    raise ValueError(
        f'Cannot register {name} for automatic cleanup: '
        f'unknown resource type {rtype}')
ValueError: Cannot register /loky-25588-bsq05jt8 for automatic cleanup: unknown resource type semlock
Traceback (most recent call last):
  File "/global/common/software/nersc/pe/conda-envs/26.1.0/python-3.13/nersc-python/lib/python3.13/multiprocessing/resource_tracker.py", line 371, in main
    raise ValueError(
        f'Cannot register {name} for automatic cleanup: '
        f'unknown resource type {rtype}')
ValueError: Cannot register /loky-25588-czye_3f3 for automatic cleanup: unknown resource type semlock
Traceback (most recent call last):
  File "/global/common/software/nersc/pe/conda-envs/26.1.0/python-3.13/nersc-python/lib/python3.13/multiprocessing/resource_tracker.py", line 371, in main
    raise ValueError(
        f'Cannot register {name} for automatic cleanup: '
        f'unknown resource type {rtype}')
ValueError: Cannot register /dev/shm/joblib_memmapping_folder_25582_9b17c7968b7c40cc82a262654ce438d7_fb1f8f0e2e804b228d1ca3e6618eafeb for automatic cleanup: unknown resource type folder
Traceback (most recent call last):
  File "/global/common/software/nersc/pe/conda-envs/26.1.0/python-3.13/nersc-python/lib/python3.13/multiprocessing/resource_tracker.py", line 371, in main
    raise ValueError(
        f'Cannot register {name} for automatic cleanup: '
        f'unknown resource type {rtype}')
ValueError: Cannot register /loky-25582-58bvqgw9 for automatic cleanup: unknown resource type semlock
Traceback (most recent call last):
  File "/global/common/software/nersc/pe/conda-envs/26.1.0/python-3.13/nersc-python/lib/python3.13/multiprocessing/resource_tracker.py", line 371, in main
    raise ValueError(
        f'Cannot register {name} for automatic cleanup: '
        f'unknown resource type {rtype}')
ValueError: Cannot register /loky-25582-2qnrm1xv for automatic cleanup: unknown resource type semlock
Traceback (most recent call last):
  File "/global/common/software/nersc/pe/conda-envs/26.1.0/python-3.13/nersc-python/lib/python3.13/multiprocessing/resource_tracker.py", line 371, in main
    raise ValueError(
        f'Cannot register {name} for automatic cleanup: '
        f'unknown resource type {rtype}')
ValueError: Cannot register /loky-25582-2zx3v5n3 for automatic cleanup: unknown resource type semlock
Traceback (most recent call last):
  File "/global/common/software/nersc/pe/conda-envs/26.1.0/python-3.13/nersc-python/lib/python3.13/multiprocessing/resource_tracker.py", line 371, in main
    raise ValueError(
        f'Cannot register {name} for automatic cleanup: '
        f'unknown resource type {rtype}')
ValueError: Cannot register /loky-25582-v8nojro4 for automatic cleanup: unknown resource type semlock
Traceback (most recent call last):
  File "/global/common/software/nersc/pe/conda-envs/26.1.0/python-3.13/nersc-python/lib/python3.13/multiprocessing/resource_tracker.py", line 371, in main
    raise ValueError(
        f'Cannot register {name} for automatic cleanup: '
        f'unknown resource type {rtype}')
ValueError: Cannot register /loky-25582-1sc1k1rt for automatic cleanup: unknown resource type semlock
Traceback (most recent call last):
  File "/global/common/software/nersc/pe/conda-envs/26.1.0/python-3.13/nersc-python/lib/python3.13/multiprocessing/resource_tracker.py", line 371, in main
    raise ValueError(
        f'Cannot register {name} for automatic cleanup: '
        f'unknown resource type {rtype}')
ValueError: Cannot register /loky-25582-7se9lpw9 for automatic cleanup: unknown resource type semlock
Traceback (most recent call last):
  File "/global/common/software/nersc/pe/conda-envs/26.1.0/python-3.13/nersc-python/lib/python3.13/multiprocessing/resource_tracker.py", line 371, in main
    raise ValueError(
        f'Cannot register {name} for automatic cleanup: '
        f'unknown resource type {rtype}')
ValueError: Cannot register /dev/shm/joblib_memmapping_folder_25582_9b17c7968b7c40cc82a262654ce438d7_5491c6bf875b4e659368b0c5f03bd183 for automatic cleanup: unknown resource type folder
Traceback (most recent call last):
  File "/global/common/software/nersc/pe/conda-envs/26.1.0/python-3.13/nersc-python/lib/python3.13/multiprocessing/resource_tracker.py", line 371, in main
    raise ValueError(
        f'Cannot register {name} for automatic cleanup: '
        f'unknown resource type {rtype}')
ValueError: Cannot register /loky-25582-tnsk504g for automatic cleanup: unknown resource type semlock
Traceback (most recent call last):
  File "/global/common/software/nersc/pe/conda-envs/26.1.0/python-3.13/nersc-python/lib/python3.13/multiprocessing/resource_tracker.py", line 371, in main
    raise ValueError(
        f'Cannot register {name} for automatic cleanup: '
        f'unknown resource type {rtype}')
ValueError: Cannot register /loky-25582-oz11_aom for automatic cleanup: unknown resource type semlock
Traceback (most recent call last):
  File "/global/common/software/nersc/pe/conda-envs/26.1.0/python-3.13/nersc-python/lib/python3.13/multiprocessing/resource_tracker.py", line 371, in main
    raise ValueError(
        f'Cannot register {name} for automatic cleanup: '
        f'unknown resource type {rtype}')
ValueError: Cannot register /loky-25582-0u47axva for automatic cleanup: unknown resource type semlock
Traceback (most recent call last):
  File "/global/common/software/nersc/pe/conda-envs/26.1.0/python-3.13/nersc-python/lib/python3.13/multiprocessing/resource_tracker.py", line 371, in main
    raise ValueError(
        f'Cannot register {name} for automatic cleanup: '
        f'unknown resource type {rtype}')
ValueError: Cannot register /loky-25582-py63nfnt for automatic cleanup: unknown resource type semlock
Traceback (most recent call last):
  File "/global/common/software/nersc/pe/conda-envs/26.1.0/python-3.13/nersc-python/lib/python3.13/multiprocessing/resource_tracker.py", line 371, in main
    raise ValueError(
        f'Cannot register {name} for automatic cleanup: '
        f'unknown resource type {rtype}')
ValueError: Cannot register /loky-25582-towvoxjh for automatic cleanup: unknown resource type semlock
Traceback (most recent call last):
  File "/global/common/software/nersc/pe/conda-envs/26.1.0/python-3.13/nersc-python/lib/python3.13/multiprocessing/resource_tracker.py", line 371, in main
    raise ValueError(
        f'Cannot register {name} for automatic cleanup: '
        f'unknown resource type {rtype}')
ValueError: Cannot register /loky-25582-4myg67ji for automatic cleanup: unknown resource type semlock
Traceback (most recent call last):
  File "/global/common/software/nersc/pe/conda-envs/26.1.0/python-3.13/nersc-python/lib/python3.13/multiprocessing/resource_tracker.py", line 371, in main
    raise ValueError(
        f'Cannot register {name} for automatic cleanup: '
        f'unknown resource type {rtype}')
ValueError: Cannot register /loky-25582-934kw_i8 for automatic cleanup: unknown resource type semlock
Traceback (most recent call last):
  File "/global/common/software/nersc/pe/conda-envs/26.1.0/python-3.13/nersc-python/lib/python3.13/multiprocessing/resource_tracker.py", line 371, in main
    raise ValueError(
        f'Cannot register {name} for automatic cleanup: '
        f'unknown resource type {rtype}')
ValueError: Cannot register /loky-25582-jb6gz1qz for automatic cleanup: unknown resource type semlock
  File "/global/common/software/nersc/pe/conda-envs/26.1.0/python-3.13/nersc-python/lib/python3.13/multiprocessing/resource_tracker.py", line 371, in main
    raise ValueError(
        f'Cannot register {name} for automatic cleanup: '
        f'unknown resource type {rtype}')
ValueError: Cannot register /dev/shm/joblib_memmapping_folder_25584_7f9e57b302854574a7838cb0bb890c56_1ab71e0f4f8540828a4e272ce2d692b4 for automatic cleanup: unknown resource type folder
Traceback (most recent call last):
  File "/global/common/software/nersc/pe/conda-envs/26.1.0/python-3.13/nersc-python/lib/python3.13/multiprocessing/resource_tracker.py", line 371, in main
    raise ValueError(
        f'Cannot register {name} for automatic cleanup: '
        f'unknown resource type {rtype}')
ValueError: Cannot register /loky-25584-jqqjggn2 for automatic cleanup: unknown resource type semlock
Traceback (most recent call last):
  File "/global/common/software/nersc/pe/conda-envs/26.1.0/python-3.13/nersc-python/lib/python3.13/multiprocessing/resource_tracker.py", line 371, in main
    raise ValueError(
        f'Cannot register {name} for automatic cleanup: '
        f'unknown resource type {rtype}')
ValueError: Cannot register /loky-25584-vrgj7wep for automatic cleanup: unknown resource type semlock
Traceback (most recent call last):
  File "/global/common/software/nersc/pe/conda-envs/26.1.0/python-3.13/nersc-python/lib/python3.13/multiprocessing/resource_tracker.py", line 371, in main
    raise ValueError(
        f'Cannot register {name} for automatic cleanup: '
        f'unknown resource type {rtype}')
ValueError: Cannot register /loky-25584-3zff1ajj for automatic cleanup: unknown resource type semlock
Traceback (most recent call last):
  File "/global/common/software/nersc/pe/conda-envs/26.1.0/python-3.13/nersc-python/lib/python3.13/multiprocessing/resource_tracker.py", line 371, in main
    raise ValueError(
        f'Cannot register {name} for automatic cleanup: '
        f'unknown resource type {rtype}')
ValueError: Cannot register /loky-25584-ur2sfd6m for automatic cleanup: unknown resource type semlock
Traceback (most recent call last):
  File "/global/common/software/nersc/pe/conda-envs/26.1.0/python-3.13/nersc-python/lib/python3.13/multiprocessing/resource_tracker.py", line 371, in main
    raise ValueError(
        f'Cannot register {name} for automatic cleanup: '
        f'unknown resource type {rtype}')
ValueError: Cannot register /loky-25584-prjzsvpn for automatic cleanup: unknown resource type semlock
Traceback (most recent call last):
  File "/global/common/software/nersc/pe/conda-envs/26.1.0/python-3.13/nersc-python/lib/python3.13/multiprocessing/resource_tracker.py", line 371, in main
    raise ValueError(
        f'Cannot register {name} for automatic cleanup: '
        f'unknown resource type {rtype}')
ValueError: Cannot register /loky-25584-6dvme6hx for automatic cleanup: unknown resource type semlock
Traceback (most recent call last):
  File "/global/common/software/nersc/pe/conda-envs/26.1.0/python-3.13/nersc-python/lib/python3.13/multiprocessing/resource_tracker.py", line 371, in main
    raise ValueError(
        f'Cannot register {name} for automatic cleanup: '
        f'unknown resource type {rtype}')
ValueError: Cannot register /dev/shm/joblib_memmapping_folder_25584_7f9e57b302854574a7838cb0bb890c56_00bc1b2da77143238dc94f75f316faa3 for automatic cleanup: unknown resource type folder
Traceback (most recent call last):
  File "/global/common/software/nersc/pe/conda-envs/26.1.0/python-3.13/nersc-python/lib/python3.13/multiprocessing/resource_tracker.py", line 371, in main
    raise ValueError(
        f'Cannot register {name} for automatic cleanup: '
        f'unknown resource type {rtype}')
ValueError: Cannot register /loky-25584-3bt4t1g1 for automatic cleanup: unknown resource type semlock
Traceback (most recent call last):
  File "/global/common/software/nersc/pe/conda-envs/26.1.0/python-3.13/nersc-python/lib/python3.13/multiprocessing/resource_tracker.py", line 371, in main
    raise ValueError(
        f'Cannot register {name} for automatic cleanup: '
        f'unknown resource type {rtype}')
ValueError: Cannot register /loky-25584-cf_0vr26 for automatic cleanup: unknown resource type semlock
Traceback (most recent call last):
  File "/global/common/software/nersc/pe/conda-envs/26.1.0/python-3.13/nersc-python/lib/python3.13/multiprocessing/resource_tracker.py", line 371, in main
    raise ValueError(
        f'Cannot register {name} for automatic cleanup: '
        f'unknown resource type {rtype}')
ValueError: Cannot register /loky-25584-tcf2ly3x for automatic cleanup: unknown resource type semlock
Traceback (most recent call last):
  File "/global/common/software/nersc/pe/conda-envs/26.1.0/python-3.13/nersc-python/lib/python3.13/multiprocessing/resource_tracker.py", line 371, in main
    raise ValueError(
        f'Cannot register {name} for automatic cleanup: '
        f'unknown resource type {rtype}')
ValueError: Cannot register /loky-25584-khcefsdn for automatic cleanup: unknown resource type semlock
Traceback (most recent call last):
  File "/global/common/software/nersc/pe/conda-envs/26.1.0/python-3.13/nersc-python/lib/python3.13/multiprocessing/resource_tracker.py", line 371, in main
    raise ValueError(
        f'Cannot register {name} for automatic cleanup: '
        f'unknown resource type {rtype}')
ValueError: Cannot register /loky-25584-scyq59x0 for automatic cleanup: unknown resource type semlock
Traceback (most recent call last):
  File "/global/common/software/nersc/pe/conda-envs/26.1.0/python-3.13/nersc-python/lib/python3.13/multiprocessing/resource_tracker.py", line 371, in main
    raise ValueError(
        f'Cannot register {name} for automatic cleanup: '
        f'unknown resource type {rtype}')
ValueError: Cannot register /loky-25584-m3_ozo4u for automatic cleanup: unknown resource type semlock
Traceback (most recent call last):
  File "/global/common/software/nersc/pe/conda-envs/26.1.0/python-3.13/nersc-python/lib/python3.13/multiprocessing/resource_tracker.py", line 371, in main
    raise ValueError(
        f'Cannot register {name} for automatic cleanup: '
        f'unknown resource type {rtype}')
ValueError: Cannot register /loky-25584-vtrbpfcj for automatic cleanup: unknown resource type semlock
Traceback (most recent call last):
  File "/global/common/software/nersc/pe/conda-envs/26.1.0/python-3.13/nersc-python/lib/python3.13/multiprocessing/resource_tracker.py", line 371, in main
    raise ValueError(
        f'Cannot register {name} for automatic cleanup: '
        f'unknown resource type {rtype}')
ValueError: Cannot register /loky-25584-73w_aovw for automatic cleanup: unknown resource type semlock
Traceback (most recent call last):
  File "/global/common/software/nersc/pe/conda-envs/26.1.0/python-3.13/nersc-python/lib/python3.13/multiprocessing/resource_tracker.py", line 371, in main
    raise ValueError(
        f'Cannot register {name} for automatic cleanup: '
        f'unknown resource type {rtype}')
ValueError: Cannot register /dev/shm/joblib_memmapping_folder_25521_28803816fc844aa9b2f0627c225c6554_4d4f512b3be04c528866d6c5aad56acd for automatic cleanup: unknown resource type folder
Traceback (most recent call last):
  File "/global/common/software/nersc/pe/conda-envs/26.1.0/python-3.13/nersc-python/lib/python3.13/multiprocessing/resource_tracker.py", line 371, in main
    raise ValueError(
        f'Cannot register {name} for automatic cleanup: '
        f'unknown resource type {rtype}')
ValueError: Cannot register /loky-25521-m5_6ghc2 for automatic cleanup: unknown resource type semlock
Traceback (most recent call last):
  File "/global/common/software/nersc/pe/conda-envs/26.1.0/python-3.13/nersc-python/lib/python3.13/multiprocessing/resource_tracker.py", line 371, in main
    raise ValueError(
        f'Cannot register {name} for automatic cleanup: '
        f'unknown resource type {rtype}')
ValueError: Cannot register /loky-25521-ea5va8jj for automatic cleanup: unknown resource type semlock
Traceback (most recent call last):
  File "/global/common/software/nersc/pe/conda-envs/26.1.0/python-3.13/nersc-python/lib/python3.13/multiprocessing/resource_tracker.py", line 371, in main
    raise ValueError(
        f'Cannot register {name} for automatic cleanup: '
        f'unknown resource type {rtype}')
ValueError: Cannot register /loky-25521-66rqbpf5 for automatic cleanup: unknown resource type semlock
Traceback (most recent call last):
  File "/global/common/software/nersc/pe/conda-envs/26.1.0/python-3.13/nersc-python/lib/python3.13/multiprocessing/resource_tracker.py", line 371, in main
    raise ValueError(
        f'Cannot register {name} for automatic cleanup: '
        f'unknown resource type {rtype}')
ValueError: Cannot register /loky-25521-ibzuj85z for automatic cleanup: unknown resource type semlock
Traceback (most recent call last):
  File "/global/common/software/nersc/pe/conda-envs/26.1.0/python-3.13/nersc-python/lib/python3.13/multiprocessing/resource_tracker.py", line 371, in main
    raise ValueError(
        f'Cannot register {name} for automatic cleanup: '
        f'unknown resource type {rtype}')
ValueError: Cannot register /loky-25521-71bjwv52 for automatic cleanup: unknown resource type semlock
Traceback (most recent call last):
  File "/global/common/software/nersc/pe/conda-envs/26.1.0/python-3.13/nersc-python/lib/python3.13/multiprocessing/resource_tracker.py", line 371, in main
    raise ValueError(
        f'Cannot register {name} for automatic cleanup: '
        f'unknown resource type {rtype}')
ValueError: Cannot register /loky-25521-3j9793m5 for automatic cleanup: unknown resource type semlock
Traceback (most recent call last):
  File "/global/common/software/nersc/pe/conda-envs/26.1.0/python-3.13/nersc-python/lib/python3.13/multiprocessing/resource_tracker.py", line 371, in main
    raise ValueError(
        f'Cannot register {name} for automatic cleanup: '
        f'unknown resource type {rtype}')
ValueError: Cannot register /dev/shm/joblib_memmapping_folder_25521_28803816fc844aa9b2f0627c225c6554_f118fc27b1f3438f8b5b48a56854c352 for automatic cleanup: unknown resource type folder
Traceback (most recent call last):
  File "/global/common/software/nersc/pe/conda-envs/26.1.0/python-3.13/nersc-python/lib/python3.13/multiprocessing/resource_tracker.py", line 371, in main
    raise ValueError(
        f'Cannot register {name} for automatic cleanup: '
        f'unknown resource type {rtype}')
ValueError: Cannot register /loky-25521-4tnxm73l for automatic cleanup: unknown resource type semlock
Traceback (most recent call last):
  File "/global/common/software/nersc/pe/conda-envs/26.1.0/python-3.13/nersc-python/lib/python3.13/multiprocessing/resource_tracker.py", line 371, in main
    raise ValueError(
        f'Cannot register {name} for automatic cleanup: '
        f'unknown resource type {rtype}')
ValueError: Cannot register /loky-25521-6d9evzw_ for automatic cleanup: unknown resource type semlock
Traceback (most recent call last):
  File "/global/common/software/nersc/pe/conda-envs/26.1.0/python-3.13/nersc-python/lib/python3.13/multiprocessing/resource_tracker.py", line 371, in main
    raise ValueError(
        f'Cannot register {name} for automatic cleanup: '
        f'unknown resource type {rtype}')
ValueError: Cannot register /loky-25521-okfm0_xv for automatic cleanup: unknown resource type semlock
Traceback (most recent call last):
  File "/global/common/software/nersc/pe/conda-envs/26.1.0/python-3.13/nersc-python/lib/python3.13/multiprocessing/resource_tracker.py", line 371, in main
    raise ValueError(
        f'Cannot register {name} for automatic cleanup: '
        f'unknown resource type {rtype}')
ValueError: Cannot register /loky-25521-smavel23 for automatic cleanup: unknown resource type semlock
Traceback (most recent call last):
  File "/global/common/software/nersc/pe/conda-envs/26.1.0/python-3.13/nersc-python/lib/python3.13/multiprocessing/resource_tracker.py", line 371, in main
    raise ValueError(
        f'Cannot register {name} for automatic cleanup: '
        f'unknown resource type {rtype}')
ValueError: Cannot register /loky-25521-vvzkaxy6 for automatic cleanup: unknown resource type semlock
Traceback (most recent call last):
  File "/global/common/software/nersc/pe/conda-envs/26.1.0/python-3.13/nersc-python/lib/python3.13/multiprocessing/resource_tracker.py", line 371, in main
    raise ValueError(
        f'Cannot register {name} for automatic cleanup: '
        f'unknown resource type {rtype}')
ValueError: Cannot register /loky-25521-_cujllny for automatic cleanup: unknown resource type semlock
Traceback (most recent call last):
  File "/global/common/software/nersc/pe/conda-envs/26.1.0/python-3.13/nersc-python/lib/python3.13/multiprocessing/resource_tracker.py", line 371, in main
    raise ValueError(
        f'Cannot register {name} for automatic cleanup: '
        f'unknown resource type {rtype}')
ValueError: Cannot register /loky-25521-t5nlprtg for automatic cleanup: unknown resource type semlock
Traceback (most recent call last):
  File "/global/common/software/nersc/pe/conda-envs/26.1.0/python-3.13/nersc-python/lib/python3.13/multiprocessing/resource_tracker.py", line 371, in main
    raise ValueError(
        f'Cannot register {name} for automatic cleanup: '
        f'unknown resource type {rtype}')
ValueError: Cannot register /loky-25521-plngv88a for automatic cleanup: unknown resource type semlock
Traceback (most recent call last):
  File "/global/common/software/nersc/pe/conda-envs/26.1.0/python-3.13/nersc-python/lib/python3.13/multiprocessing/resource_tracker.py", line 371, in main
    raise ValueError(
        f'Cannot register {name} for automatic cleanup: '
        f'unknown resource type {rtype}')
ValueError: Cannot register /dev/shm/joblib_memmapping_folder_25622_78138a4631b3439ea63c47c93ab8c0da_5a19464748e9401e852c7d14ff82bb6c for automatic cleanup: unknown resource type folder
Traceback (most recent call last):
  File "/global/common/software/nersc/pe/conda-envs/26.1.0/python-3.13/nersc-python/lib/python3.13/multiprocessing/resource_tracker.py", line 371, in main
    raise ValueError(
        f'Cannot register {name} for automatic cleanup: '
        f'unknown resource type {rtype}')
ValueError: Cannot register /loky-25622-xfkuuybh for automatic cleanup: unknown resource type semlock
Traceback (most recent call last):
  File "/global/common/software/nersc/pe/conda-envs/26.1.0/python-3.13/nersc-python/lib/python3.13/multiprocessing/resource_tracker.py", line 371, in main
    raise ValueError(
        f'Cannot register {name} for automatic cleanup: '
        f'unknown resource type {rtype}')
ValueError: Cannot register /loky-25622-4i24eokq for automatic cleanup: unknown resource type semlock
Traceback (most recent call last):
  File "/global/common/software/nersc/pe/conda-envs/26.1.0/python-3.13/nersc-python/lib/python3.13/multiprocessing/resource_tracker.py", line 371, in main
    raise ValueError(
        f'Cannot register {name} for automatic cleanup: '
        f'unknown resource type {rtype}')
ValueError: Cannot register /loky-25622-63w44fyb for automatic cleanup: unknown resource type semlock
Traceback (most recent call last):
  File "/global/common/software/nersc/pe/conda-envs/26.1.0/python-3.13/nersc-python/lib/python3.13/multiprocessing/resource_tracker.py", line 371, in main
    raise ValueError(
        f'Cannot register {name} for automatic cleanup: '
        f'unknown resource type {rtype}')
ValueError: Cannot register /loky-25622-hpb11tnh for automatic cleanup: unknown resource type semlock
Traceback (most recent call last):
  File "/global/common/software/nersc/pe/conda-envs/26.1.0/python-3.13/nersc-python/lib/python3.13/multiprocessing/resource_tracker.py", line 371, in main
    raise ValueError(
        f'Cannot register {name} for automatic cleanup: '
        f'unknown resource type {rtype}')
ValueError: Cannot register /loky-25622-oqgn6zbx for automatic cleanup: unknown resource type semlock
Traceback (most recent call last):
  File "/global/common/software/nersc/pe/conda-envs/26.1.0/python-3.13/nersc-python/lib/python3.13/multiprocessing/resource_tracker.py", line 371, in main
    raise ValueError(
        f'Cannot register {name} for automatic cleanup: '
        f'unknown resource type {rtype}')
ValueError: Cannot register /loky-25622-vd54h595 for automatic cleanup: unknown resource type semlock
Traceback (most recent call last):
  File "/global/common/software/nersc/pe/conda-envs/26.1.0/python-3.13/nersc-python/lib/python3.13/multiprocessing/resource_tracker.py", line 371, in main
    raise ValueError(
        f'Cannot register {name} for automatic cleanup: '
        f'unknown resource type {rtype}')
ValueError: Cannot register /dev/shm/joblib_memmapping_folder_25622_78138a4631b3439ea63c47c93ab8c0da_6d21399238e84d71b38a5c20b91b776a for automatic cleanup: unknown resource type folder
Traceback (most recent call last):
  File "/global/common/software/nersc/pe/conda-envs/26.1.0/python-3.13/nersc-python/lib/python3.13/multiprocessing/resource_tracker.py", line 371, in main
    raise ValueError(
        f'Cannot register {name} for automatic cleanup: '
        f'unknown resource type {rtype}')
ValueError: Cannot register /loky-25622-lhfdmxw7 for automatic cleanup: unknown resource type semlock
Traceback (most recent call last):
  File "/global/common/software/nersc/pe/conda-envs/26.1.0/python-3.13/nersc-python/lib/python3.13/multiprocessing/resource_tracker.py", line 371, in main
    raise ValueError(
        f'Cannot register {name} for automatic cleanup: '
        f'unknown resource type {rtype}')
ValueError: Cannot register /loky-25622-_4dygijk for automatic cleanup: unknown resource type semlock
Traceback (most recent call last):
  File "/global/common/software/nersc/pe/conda-envs/26.1.0/python-3.13/nersc-python/lib/python3.13/multiprocessing/resource_tracker.py", line 371, in main
    raise ValueError(
        f'Cannot register {name} for automatic cleanup: '
        f'unknown resource type {rtype}')
ValueError: Cannot register /loky-25622-g52j8_j4 for automatic cleanup: unknown resource type semlock
Traceback (most recent call last):
  File "/global/common/software/nersc/pe/conda-envs/26.1.0/python-3.13/nersc-python/lib/python3.13/multiprocessing/resource_tracker.py", line 371, in main
    raise ValueError(
        f'Cannot register {name} for automatic cleanup: '
        f'unknown resource type {rtype}')
ValueError: Cannot register /loky-25622-5rqiawkf for automatic cleanup: unknown resource type semlock
Traceback (most recent call last):
  File "/global/common/software/nersc/pe/conda-envs/26.1.0/python-3.13/nersc-python/lib/python3.13/multiprocessing/resource_tracker.py", line 371, in main
    raise ValueError(
        f'Cannot register {name} for automatic cleanup: '
        f'unknown resource type {rtype}')
ValueError: Cannot register /loky-25622-ozv9a1yc for automatic cleanup: unknown resource type semlock
Traceback (most recent call last):
  File "/global/common/software/nersc/pe/conda-envs/26.1.0/python-3.13/nersc-python/lib/python3.13/multiprocessing/resource_tracker.py", line 371, in main
    raise ValueError(
        f'Cannot register {name} for automatic cleanup: '
        f'unknown resource type {rtype}')
ValueError: Cannot register /loky-25622-_nb2qhjj for automatic cleanup: unknown resource type semlock
Traceback (most recent call last):
  File "/global/common/software/nersc/pe/conda-envs/26.1.0/python-3.13/nersc-python/lib/python3.13/multiprocessing/resource_tracker.py", line 371, in main
    raise ValueError(
        f'Cannot register {name} for automatic cleanup: '
        f'unknown resource type {rtype}')
ValueError: Cannot register /loky-25622-ooxug2g2 for automatic cleanup: unknown resource type semlock
Traceback (most recent call last):
  File "/global/common/software/nersc/pe/conda-envs/26.1.0/python-3.13/nersc-python/lib/python3.13/multiprocessing/resource_tracker.py", line 371, in main
    raise ValueError(
        f'Cannot register {name} for automatic cleanup: '
        f'unknown resource type {rtype}')
ValueError: Cannot register /loky-25622-pca8tw8_ for automatic cleanup: unknown resource type semlock
Traceback (most recent call last):
Traceback (most recent call last):
Traceback (most recent call last):
Traceback (most recent call last):
Traceback (most recent call last):
Traceback (most recent call last):
  File "/global/common/software/nersc/pe/conda-envs/26.1.0/python-3.13/nersc-python/lib/python3.13/multiprocessing/resource_tracker.py", line 371, in main
    raise ValueError(
        f'Cannot register {name} for automatic cleanup: '
        f'unknown resource type {rtype}')
ValueError: Cannot register /dev/shm/joblib_memmapping_folder_25632_5e571abb508f4634949078ef58196145_ee29aa86eba44d769dcdf8681153d1d6 for automatic cleanup: unknown resource type folder
Traceback (most recent call last):
  File "/global/common/software/nersc/pe/conda-envs/26.1.0/python-3.13/nersc-python/lib/python3.13/multiprocessing/resource_tracker.py", line 371, in main
    raise ValueError(
        f'Cannot register {name} for automatic cleanup: '
        f'unknown resource type {rtype}')
ValueError: Cannot register /loky-25632-tv18hvie for automatic cleanup: unknown resource type semlock
Traceback (most recent call last):
  File "/global/common/software/nersc/pe/conda-envs/26.1.0/python-3.13/nersc-python/lib/python3.13/multiprocessing/resource_tracker.py", line 371, in main
    raise ValueError(
        f'Cannot register {name} for automatic cleanup: '
        f'unknown resource type {rtype}')
ValueError: Cannot register /loky-25632-wr7ucgcn for automatic cleanup: unknown resource type semlock
Traceback (most recent call last):
  File "/global/common/software/nersc/pe/conda-envs/26.1.0/python-3.13/nersc-python/lib/python3.13/multiprocessing/resource_tracker.py", line 371, in main
    raise ValueError(
        f'Cannot register {name} for automatic cleanup: '
        f'unknown resource type {rtype}')
ValueError: Cannot register /loky-25632-45vssld0 for automatic cleanup: unknown resource type semlock
Traceback (most recent call last):
  File "/global/common/software/nersc/pe/conda-envs/26.1.0/python-3.13/nersc-python/lib/python3.13/multiprocessing/resource_tracker.py", line 371, in main
    raise ValueError(
        f'Cannot register {name} for automatic cleanup: '
        f'unknown resource type {rtype}')
ValueError: Cannot register /loky-25632-beenvdog for automatic cleanup: unknown resource type semlock
Traceback (most recent call last):
  File "/global/common/software/nersc/pe/conda-envs/26.1.0/python-3.13/nersc-python/lib/python3.13/multiprocessing/resource_tracker.py", line 371, in main
    raise ValueError(
        f'Cannot register {name} for automatic cleanup: '
        f'unknown resource type {rtype}')
ValueError: Cannot register /loky-25632-chkonqf8 for automatic cleanup: unknown resource type semlock
Traceback (most recent call last):
  File "/global/common/software/nersc/pe/conda-envs/26.1.0/python-3.13/nersc-python/lib/python3.13/multiprocessing/resource_tracker.py", line 371, in main
    raise ValueError(
        f'Cannot register {name} for automatic cleanup: '
        f'unknown resource type {rtype}')
ValueError: Cannot register /loky-25632-p3zz135l for automatic cleanup: unknown resource type semlock
Traceback (most recent call last):
  File "/global/common/software/nersc/pe/conda-envs/26.1.0/python-3.13/nersc-python/lib/python3.13/multiprocessing/resource_tracker.py", line 371, in main
    raise ValueError(
        f'Cannot register {name} for automatic cleanup: '
        f'unknown resource type {rtype}')
ValueError: Cannot register /dev/shm/joblib_memmapping_folder_25632_5e571abb508f4634949078ef58196145_70b1019dc767454a884518ecb0d6e63e for automatic cleanup: unknown resource type folder
Traceback (most recent call last):
  File "/global/common/software/nersc/pe/conda-envs/26.1.0/python-3.13/nersc-python/lib/python3.13/multiprocessing/resource_tracker.py", line 371, in main
    raise ValueError(
        f'Cannot register {name} for automatic cleanup: '
        f'unknown resource type {rtype}')
ValueError: Cannot register /loky-25632-e_nfo1tw for automatic cleanup: unknown resource type semlock
Traceback (most recent call last):
  File "/global/common/software/nersc/pe/conda-envs/26.1.0/python-3.13/nersc-python/lib/python3.13/multiprocessing/resource_tracker.py", line 371, in main
    raise ValueError(
        f'Cannot register {name} for automatic cleanup: '
        f'unknown resource type {rtype}')
ValueError: Cannot register /loky-25632-ez_zj623 for automatic cleanup: unknown resource type semlock
Traceback (most recent call last):
  File "/global/common/software/nersc/pe/conda-envs/26.1.0/python-3.13/nersc-python/lib/python3.13/multiprocessing/resource_tracker.py", line 371, in main
    raise ValueError(
        f'Cannot register {name} for automatic cleanup: '
        f'unknown resource type {rtype}')
ValueError: Cannot register /loky-25632-_n9n1r6n for automatic cleanup: unknown resource type semlock
Traceback (most recent call last):
  File "/global/common/software/nersc/pe/conda-envs/26.1.0/python-3.13/nersc-python/lib/python3.13/multiprocessing/resource_tracker.py", line 371, in main
    raise ValueError(
        f'Cannot register {name} for automatic cleanup: '
        f'unknown resource type {rtype}')
  File "/global/common/software/nersc/pe/conda-envs/26.1.0/python-3.13/nersc-python/lib/python3.13/multiprocessing/resource_tracker.py", line 371, in main
    raise ValueError(
ValueError: Cannot register /dev/shm/joblib_memmapping_folder_1171204_692bc606e5974d37af71600a83b5c16d_d91168f1f59b47c184677e1c30b7a95c for automatic cleanup: unknown resource type folder
        f'Cannot register {name} for automatic cleanup: '
Traceback (most recent call last):
        f'unknown resource type {rtype}')
ValueError: Cannot register /loky-25632-8o_ehsr1 for automatic cleanup: unknown resource type semlock
Traceback (most recent call last):
  File "/global/common/software/nersc/pe/conda-envs/26.1.0/python-3.13/nersc-python/lib/python3.13/multiprocessing/resource_tracker.py", line 371, in main
    raise ValueError(
  File "/global/common/software/nersc/pe/conda-envs/26.1.0/python-3.13/nersc-python/lib/python3.13/multiprocessing/resource_tracker.py", line 371, in main
        f'Cannot register {name} for automatic cleanup: '
    raise ValueError(
        f'unknown resource type {rtype}')
        f'Cannot register {name} for automatic cleanup: '
ValueError: Cannot register /loky-1171204-dp_9zik7 for automatic cleanup: unknown resource type semlock
        f'unknown resource type {rtype}')
Traceback (most recent call last):
ValueError: Cannot register /loky-25632-zk6resyo for automatic cleanup: unknown resource type semlock
Traceback (most recent call last):
  File "/global/common/software/nersc/pe/conda-envs/26.1.0/python-3.13/nersc-python/lib/python3.13/multiprocessing/resource_tracker.py", line 371, in main
  File "/global/common/software/nersc/pe/conda-envs/26.1.0/python-3.13/nersc-python/lib/python3.13/multiprocessing/resource_tracker.py", line 371, in main
    raise ValueError(
    raise ValueError(
        f'Cannot register {name} for automatic cleanup: '
        f'Cannot register {name} for automatic cleanup: '
        f'unknown resource type {rtype}')
        f'unknown resource type {rtype}')
ValueError: Cannot register /loky-25632-by10_r7h for automatic cleanup: unknown resource type semlock
ValueError: Cannot register /loky-1171204-xpkt1p8e for automatic cleanup: unknown resource type semlock
Traceback (most recent call last):
Traceback (most recent call last):
  File "/global/common/software/nersc/pe/conda-envs/26.1.0/python-3.13/nersc-python/lib/python3.13/multiprocessing/resource_tracker.py", line 371, in main
    raise ValueError(
        f'Cannot register {name} for automatic cleanup: '
        f'unknown resource type {rtype}')
  File "/global/common/software/nersc/pe/conda-envs/26.1.0/python-3.13/nersc-python/lib/python3.13/multiprocessing/resource_tracker.py", line 371, in main
ValueError: Cannot register /loky-25632-j310l3p9 for automatic cleanup: unknown resource type semlock
    raise ValueError(
Traceback (most recent call last):
        f'Cannot register {name} for automatic cleanup: '
        f'unknown resource type {rtype}')
ValueError: Cannot register /loky-1171204-likj1abu for automatic cleanup: unknown resource type semlock
  File "/global/common/software/nersc/pe/conda-envs/26.1.0/python-3.13/nersc-python/lib/python3.13/multiprocessing/resource_tracker.py", line 371, in main
Traceback (most recent call last):
    raise ValueError(
        f'Cannot register {name} for automatic cleanup: '
  File "/global/common/software/nersc/pe/conda-envs/26.1.0/python-3.13/nersc-python/lib/python3.13/multiprocessing/resource_tracker.py", line 371, in main
        f'unknown resource type {rtype}')
    raise ValueError(
        f'Cannot register {name} for automatic cleanup: '
ValueError: Cannot register /loky-25632-4ghtmtai for automatic cleanup: unknown resource type semlock
        f'unknown resource type {rtype}')
ValueError: Cannot register /loky-1171204-nz65xuy2 for automatic cleanup: unknown resource type semlock
Traceback (most recent call last):
  File "/global/common/software/nersc/pe/conda-envs/26.1.0/python-3.13/nersc-python/lib/python3.13/multiprocessing/resource_tracker.py", line 371, in main
    raise ValueError(
        f'Cannot register {name} for automatic cleanup: '
        f'unknown resource type {rtype}')
ValueError: Cannot register /loky-1171204-gcggtl__ for automatic cleanup: unknown resource type semlock
Traceback (most recent call last):
  File "/global/common/software/nersc/pe/conda-envs/26.1.0/python-3.13/nersc-python/lib/python3.13/multiprocessing/resource_tracker.py", line 371, in main
    raise ValueError(
        f'Cannot register {name} for automatic cleanup: '
        f'unknown resource type {rtype}')
ValueError: Cannot register /loky-1171204-redodl8m for automatic cleanup: unknown resource type semlock
Traceback (most recent call last):
  File "/global/common/software/nersc/pe/conda-envs/26.1.0/python-3.13/nersc-python/lib/python3.13/multiprocessing/resource_tracker.py", line 371, in main
    raise ValueError(
        f'Cannot register {name} for automatic cleanup: '
        f'unknown resource type {rtype}')
ValueError: Cannot register /dev/shm/joblib_memmapping_folder_1171204_692bc606e5974d37af71600a83b5c16d_c7cad0a9134a42c1af8a6387d687eb1b for automatic cleanup: unknown resource type folder
Traceback (most recent call last):
  File "/global/common/software/nersc/pe/conda-envs/26.1.0/python-3.13/nersc-python/lib/python3.13/multiprocessing/resource_tracker.py", line 371, in main
    raise ValueError(
        f'Cannot register {name} for automatic cleanup: '
        f'unknown resource type {rtype}')
ValueError: Cannot register /loky-1171204-g0mr5xjg for automatic cleanup: unknown resource type semlock
Traceback (most recent call last):
  File "/global/common/software/nersc/pe/conda-envs/26.1.0/python-3.13/nersc-python/lib/python3.13/multiprocessing/resource_tracker.py", line 371, in main
    raise ValueError(
        f'Cannot register {name} for automatic cleanup: '
        f'unknown resource type {rtype}')
ValueError: Cannot register /loky-1171204-7idp4dba for automatic cleanup: unknown resource type semlock
Traceback (most recent call last):
  File "/global/common/software/nersc/pe/conda-envs/26.1.0/python-3.13/nersc-python/lib/python3.13/multiprocessing/resource_tracker.py", line 371, in main
    raise ValueError(
        f'Cannot register {name} for automatic cleanup: '
        f'unknown resource type {rtype}')
ValueError: Cannot register /loky-1171204-os5laut_ for automatic cleanup: unknown resource type semlock
Traceback (most recent call last):
  File "/global/common/software/nersc/pe/conda-envs/26.1.0/python-3.13/nersc-python/lib/python3.13/multiprocessing/resource_tracker.py", line 371, in main
    raise ValueError(
        f'Cannot register {name} for automatic cleanup: '
        f'unknown resource type {rtype}')
ValueError: Cannot register /loky-1171204-8ykp2r29 for automatic cleanup: unknown resource type semlock
Traceback (most recent call last):
  File "/global/common/software/nersc/pe/conda-envs/26.1.0/python-3.13/nersc-python/lib/python3.13/multiprocessing/resource_tracker.py", line 371, in main
    raise ValueError(
        f'Cannot register {name} for automatic cleanup: '
        f'unknown resource type {rtype}')
ValueError: Cannot register /loky-1171204-rk3sc41i for automatic cleanup: unknown resource type semlock
Traceback (most recent call last):
  File "/global/common/software/nersc/pe/conda-envs/26.1.0/python-3.13/nersc-python/lib/python3.13/multiprocessing/resource_tracker.py", line 371, in main
    raise ValueError(
        f'Cannot register {name} for automatic cleanup: '
        f'unknown resource type {rtype}')
ValueError: Cannot register /loky-1171204-ct55htcw for automatic cleanup: unknown resource type semlock
Traceback (most recent call last):
  File "/global/common/software/nersc/pe/conda-envs/26.1.0/python-3.13/nersc-python/lib/python3.13/multiprocessing/resource_tracker.py", line 371, in main
    raise ValueError(
        f'Cannot register {name} for automatic cleanup: '
        f'unknown resource type {rtype}')
ValueError: Cannot register /loky-1171204-2_69i7zq for automatic cleanup: unknown resource type semlock
Traceback (most recent call last):
  File "/global/common/software/nersc/pe/conda-envs/26.1.0/python-3.13/nersc-python/lib/python3.13/multiprocessing/resource_tracker.py", line 371, in main
    raise ValueError(
        f'Cannot register {name} for automatic cleanup: '
        f'unknown resource type {rtype}')
ValueError: Cannot register /loky-1171204-nses19pr for automatic cleanup: unknown resource type semlock
Traceback (most recent call last):
Traceback (most recent call last):
  File "/global/common/software/nersc/pe/conda-envs/26.1.0/python-3.13/nersc-python/lib/python3.13/multiprocessing/resource_tracker.py", line 371, in main
    raise ValueError(
        f'Cannot register {name} for automatic cleanup: '
        f'unknown resource type {rtype}')
  File "/global/common/software/nersc/pe/conda-envs/26.1.0/python-3.13/nersc-python/lib/python3.13/multiprocessing/resource_tracker.py", line 371, in main
ValueError: Cannot register /dev/shm/joblib_memmapping_folder_25599_2f1ff7718c844d659bbbaa6f475471fc_e6af7347dcc64b7cafd80e1187dbae71 for automatic cleanup: unknown resource type folder
    raise ValueError(
Traceback (most recent call last):
        f'Cannot register {name} for automatic cleanup: '
        f'unknown resource type {rtype}')
ValueError: Cannot register /dev/shm/joblib_memmapping_folder_25546_2de3d8502d6346709554bedc23d45316_beacd1edcf564deeb3f581b36678e25a for automatic cleanup: unknown resource type folder
  File "/global/common/software/nersc/pe/conda-envs/26.1.0/python-3.13/nersc-python/lib/python3.13/multiprocessing/resource_tracker.py", line 371, in main
Traceback (most recent call last):
    raise ValueError(
  File "/global/common/software/nersc/pe/conda-envs/26.1.0/python-3.13/nersc-python/lib/python3.13/multiprocessing/resource_tracker.py", line 371, in main
        f'Cannot register {name} for automatic cleanup: '
  File "/global/common/software/nersc/pe/conda-envs/26.1.0/python-3.13/nersc-python/lib/python3.13/multiprocessing/resource_tracker.py", line 371, in main
    raise ValueError(
        f'unknown resource type {rtype}')
    raise ValueError(
  File "/global/common/software/nersc/pe/conda-envs/26.1.0/python-3.13/nersc-python/lib/python3.13/multiprocessing/resource_tracker.py", line 371, in main
        f'Cannot register {name} for automatic cleanup: '
ValueError: Cannot register /dev/shm/joblib_memmapping_folder_25566_d1f66b5cc1db4b8ba2c82d78aa7f7556_87221eda2a3b4ee3ad515a7c5a14e4a3 for automatic cleanup: unknown resource type folder
        f'Cannot register {name} for automatic cleanup: '
    raise ValueError(
        f'unknown resource type {rtype}')
Traceback (most recent call last):
        f'unknown resource type {rtype}')
        f'Cannot register {name} for automatic cleanup: '
ValueError: Cannot register /loky-25599-5tzsbrfs for automatic cleanup: unknown resource type semlock
  File "/global/common/software/nersc/pe/conda-envs/26.1.0/python-3.13/nersc-python/lib/python3.13/multiprocessing/resource_tracker.py", line 371, in main
        f'unknown resource type {rtype}')
ValueError: Cannot register /dev/shm/joblib_memmapping_folder_25551_29501bb56d6140c49f1214dcdf3fc8e3_9f68c7f7dcd14131a95bf6834dfb0b25 for automatic cleanup: unknown resource type folder
Traceback (most recent call last):
    raise ValueError(
ValueError: Cannot register /loky-25546-ljywrq_u for automatic cleanup: unknown resource type semlock
Traceback (most recent call last):
  File "/global/common/software/nersc/pe/conda-envs/26.1.0/python-3.13/nersc-python/lib/python3.13/multiprocessing/resource_tracker.py", line 371, in main
        f'Cannot register {name} for automatic cleanup: '
Traceback (most recent call last):
  File "/global/common/software/nersc/pe/conda-envs/26.1.0/python-3.13/nersc-python/lib/python3.13/multiprocessing/resource_tracker.py", line 371, in main
    raise ValueError(
        f'unknown resource type {rtype}')
  File "/global/common/software/nersc/pe/conda-envs/26.1.0/python-3.13/nersc-python/lib/python3.13/multiprocessing/resource_tracker.py", line 371, in main
    raise ValueError(
        f'Cannot register {name} for automatic cleanup: '
ValueError: Cannot register /loky-25566-mj7qd1yd for automatic cleanup: unknown resource type semlock
    raise ValueError(
        f'Cannot register {name} for automatic cleanup: '
        f'unknown resource type {rtype}')
Traceback (most recent call last):
        f'Cannot register {name} for automatic cleanup: '
        f'unknown resource type {rtype}')
ValueError: Cannot register /loky-25599-x8xl6khb for automatic cleanup: unknown resource type semlock
  File "/global/common/software/nersc/pe/conda-envs/26.1.0/python-3.13/nersc-python/lib/python3.13/multiprocessing/resource_tracker.py", line 371, in main
        f'unknown resource type {rtype}')
ValueError: Cannot register /loky-25551-s4nixkcs for automatic cleanup: unknown resource type semlock
Traceback (most recent call last):
    raise ValueError(
ValueError: Cannot register /loky-25546-z82yb6k7 for automatic cleanup: unknown resource type semlock
Traceback (most recent call last):
  File "/global/common/software/nersc/pe/conda-envs/26.1.0/python-3.13/nersc-python/lib/python3.13/multiprocessing/resource_tracker.py", line 371, in main
        f'Cannot register {name} for automatic cleanup: '
Traceback (most recent call last):
  File "/global/common/software/nersc/pe/conda-envs/26.1.0/python-3.13/nersc-python/lib/python3.13/multiprocessing/resource_tracker.py", line 371, in main
    raise ValueError(
        f'unknown resource type {rtype}')
  File "/global/common/software/nersc/pe/conda-envs/26.1.0/python-3.13/nersc-python/lib/python3.13/multiprocessing/resource_tracker.py", line 371, in main
    raise ValueError(
        f'Cannot register {name} for automatic cleanup: '
ValueError: Cannot register /loky-25566-aub64l_u for automatic cleanup: unknown resource type semlock
    raise ValueError(
        f'Cannot register {name} for automatic cleanup: '
        f'unknown resource type {rtype}')
Traceback (most recent call last):
        f'Cannot register {name} for automatic cleanup: '
        f'unknown resource type {rtype}')
ValueError: Cannot register /loky-25599-o2ln9iu5 for automatic cleanup: unknown resource type semlock
  File "/global/common/software/nersc/pe/conda-envs/26.1.0/python-3.13/nersc-python/lib/python3.13/multiprocessing/resource_tracker.py", line 371, in main
        f'unknown resource type {rtype}')
ValueError: Cannot register /loky-25551-lv_8vvpk for automatic cleanup: unknown resource type semlock
Traceback (most recent call last):
    raise ValueError(
ValueError: Cannot register /loky-25546-zny95_1j for automatic cleanup: unknown resource type semlock
Traceback (most recent call last):
  File "/global/common/software/nersc/pe/conda-envs/26.1.0/python-3.13/nersc-python/lib/python3.13/multiprocessing/resource_tracker.py", line 371, in main
        f'Cannot register {name} for automatic cleanup: '
Traceback (most recent call last):
  File "/global/common/software/nersc/pe/conda-envs/26.1.0/python-3.13/nersc-python/lib/python3.13/multiprocessing/resource_tracker.py", line 371, in main
    raise ValueError(
        f'unknown resource type {rtype}')
  File "/global/common/software/nersc/pe/conda-envs/26.1.0/python-3.13/nersc-python/lib/python3.13/multiprocessing/resource_tracker.py", line 371, in main
    raise ValueError(
        f'Cannot register {name} for automatic cleanup: '
ValueError: Cannot register /loky-25566-suo6xvcn for automatic cleanup: unknown resource type semlock
    raise ValueError(
        f'Cannot register {name} for automatic cleanup: '
        f'unknown resource type {rtype}')
Traceback (most recent call last):
        f'Cannot register {name} for automatic cleanup: '
        f'unknown resource type {rtype}')
ValueError: Cannot register /loky-25599-o80r_tyg for automatic cleanup: unknown resource type semlock
  File "/global/common/software/nersc/pe/conda-envs/26.1.0/python-3.13/nersc-python/lib/python3.13/multiprocessing/resource_tracker.py", line 371, in main
        f'unknown resource type {rtype}')
ValueError: Cannot register /loky-25551-ck_mhqs0 for automatic cleanup: unknown resource type semlock
Traceback (most recent call last):
    raise ValueError(
ValueError: Cannot register /loky-25546-_7hfyed5 for automatic cleanup: unknown resource type semlock
Traceback (most recent call last):
  File "/global/common/software/nersc/pe/conda-envs/26.1.0/python-3.13/nersc-python/lib/python3.13/multiprocessing/resource_tracker.py", line 371, in main
        f'Cannot register {name} for automatic cleanup: '
Traceback (most recent call last):
  File "/global/common/software/nersc/pe/conda-envs/26.1.0/python-3.13/nersc-python/lib/python3.13/multiprocessing/resource_tracker.py", line 371, in main
    raise ValueError(
        f'unknown resource type {rtype}')
  File "/global/common/software/nersc/pe/conda-envs/26.1.0/python-3.13/nersc-python/lib/python3.13/multiprocessing/resource_tracker.py", line 371, in main
    raise ValueError(
        f'Cannot register {name} for automatic cleanup: '
ValueError: Cannot register /loky-25566-6q_l0tia for automatic cleanup: unknown resource type semlock
    raise ValueError(
        f'Cannot register {name} for automatic cleanup: '
        f'unknown resource type {rtype}')
Traceback (most recent call last):
        f'Cannot register {name} for automatic cleanup: '
        f'unknown resource type {rtype}')
ValueError: Cannot register /loky-25599-ucaz2q6g for automatic cleanup: unknown resource type semlock
  File "/global/common/software/nersc/pe/conda-envs/26.1.0/python-3.13/nersc-python/lib/python3.13/multiprocessing/resource_tracker.py", line 371, in main
        f'unknown resource type {rtype}')
ValueError: Cannot register /loky-25551-ughc4sxa for automatic cleanup: unknown resource type semlock
Traceback (most recent call last):
    raise ValueError(
ValueError: Cannot register /loky-25546-uhz4zeu2 for automatic cleanup: unknown resource type semlock
Traceback (most recent call last):
  File "/global/common/software/nersc/pe/conda-envs/26.1.0/python-3.13/nersc-python/lib/python3.13/multiprocessing/resource_tracker.py", line 371, in main
        f'Cannot register {name} for automatic cleanup: '
Traceback (most recent call last):
Traceback (most recent call last):
  File "/global/common/software/nersc/pe/conda-envs/26.1.0/python-3.13/nersc-python/lib/python3.13/multiprocessing/resource_tracker.py", line 371, in main
    raise ValueError(
        f'unknown resource type {rtype}')
  File "/global/common/software/nersc/pe/conda-envs/26.1.0/python-3.13/nersc-python/lib/python3.13/multiprocessing/resource_tracker.py", line 371, in main
    raise ValueError(
        f'Cannot register {name} for automatic cleanup: '
ValueError: Cannot register /loky-25566-b4vvfngo for automatic cleanup: unknown resource type semlock
    raise ValueError(
        f'Cannot register {name} for automatic cleanup: '
        f'unknown resource type {rtype}')
Traceback (most recent call last):
        f'Cannot register {name} for automatic cleanup: '
        f'unknown resource type {rtype}')
ValueError: Cannot register /loky-25599-0cttx33g for automatic cleanup: unknown resource type semlock
  File "/global/common/software/nersc/pe/conda-envs/26.1.0/python-3.13/nersc-python/lib/python3.13/multiprocessing/resource_tracker.py", line 371, in main
        f'unknown resource type {rtype}')
ValueError: Cannot register /loky-25551-70bw128c for automatic cleanup: unknown resource type semlock
Traceback (most recent call last):
    raise ValueError(
ValueError: Cannot register /loky-25546-b2cnf292 for automatic cleanup: unknown resource type semlock
Traceback (most recent call last):
  File "/global/common/software/nersc/pe/conda-envs/26.1.0/python-3.13/nersc-python/lib/python3.13/multiprocessing/resource_tracker.py", line 371, in main
        f'Cannot register {name} for automatic cleanup: '
Traceback (most recent call last):
  File "/global/common/software/nersc/pe/conda-envs/26.1.0/python-3.13/nersc-python/lib/python3.13/multiprocessing/resource_tracker.py", line 371, in main
    raise ValueError(
        f'unknown resource type {rtype}')
  File "/global/common/software/nersc/pe/conda-envs/26.1.0/python-3.13/nersc-python/lib/python3.13/multiprocessing/resource_tracker.py", line 371, in main
    raise ValueError(
        f'Cannot register {name} for automatic cleanup: '
ValueError: Cannot register /loky-25566-wjf10k84 for automatic cleanup: unknown resource type semlock
    raise ValueError(
        f'Cannot register {name} for automatic cleanup: '
        f'unknown resource type {rtype}')
Traceback (most recent call last):
ValueError: Cannot register /dev/shm/joblib_memmapping_folder_25599_2f1ff7718c844d659bbbaa6f475471fc_c7637d95fb2e4e8e87f5692c6b71d04e for automatic cleanup: unknown resource type folder
        f'Cannot register {name} for automatic cleanup: '
        f'unknown resource type {rtype}')
  File "/global/common/software/nersc/pe/conda-envs/26.1.0/python-3.13/nersc-python/lib/python3.13/multiprocessing/resource_tracker.py", line 371, in main
Traceback (most recent call last):
        f'unknown resource type {rtype}')
ValueError: Cannot register /loky-25551-btxnikmf for automatic cleanup: unknown resource type semlock
    raise ValueError(
  File "/global/common/software/nersc/pe/conda-envs/26.1.0/python-3.13/nersc-python/lib/python3.13/multiprocessing/resource_tracker.py", line 371, in main
ValueError: Cannot register /dev/shm/joblib_memmapping_folder_25546_2de3d8502d6346709554bedc23d45316_b433528e5cba4bda96c083b201c384f7 for automatic cleanup: unknown resource type folder
Traceback (most recent call last):
        f'Cannot register {name} for automatic cleanup: '
    raise ValueError(
Traceback (most recent call last):
  File "/global/common/software/nersc/pe/conda-envs/26.1.0/python-3.13/nersc-python/lib/python3.13/multiprocessing/resource_tracker.py", line 371, in main
        f'unknown resource type {rtype}')
        f'Cannot register {name} for automatic cleanup: '
  File "/global/common/software/nersc/pe/conda-envs/26.1.0/python-3.13/nersc-python/lib/python3.13/multiprocessing/resource_tracker.py", line 371, in main
    raise ValueError(
ValueError: Cannot register /dev/shm/joblib_memmapping_folder_25566_d1f66b5cc1db4b8ba2c82d78aa7f7556_df955a57abfc46dba2cbe2401986fa61 for automatic cleanup: unknown resource type folder
        f'unknown resource type {rtype}')
    raise ValueError(
        f'Cannot register {name} for automatic cleanup: '
Traceback (most recent call last):
        f'Cannot register {name} for automatic cleanup: '
ValueError: Cannot register /loky-25599-r4fstz07 for automatic cleanup: unknown resource type semlock
        f'unknown resource type {rtype}')
  File "/global/common/software/nersc/pe/conda-envs/26.1.0/python-3.13/nersc-python/lib/python3.13/multiprocessing/resource_tracker.py", line 371, in main
        f'unknown resource type {rtype}')
Traceback (most recent call last):
ValueError: Cannot register /dev/shm/joblib_memmapping_folder_25551_29501bb56d6140c49f1214dcdf3fc8e3_1baddfc4be224477bda96bfdf217ff4f for automatic cleanup: unknown resource type folder
    raise ValueError(
ValueError: Cannot register /loky-25546-0bnp0szs for automatic cleanup: unknown resource type semlock
  File "/global/common/software/nersc/pe/conda-envs/26.1.0/python-3.13/nersc-python/lib/python3.13/multiprocessing/resource_tracker.py", line 371, in main
Traceback (most recent call last):
        f'Cannot register {name} for automatic cleanup: '
Traceback (most recent call last):
    raise ValueError(
  File "/global/common/software/nersc/pe/conda-envs/26.1.0/python-3.13/nersc-python/lib/python3.13/multiprocessing/resource_tracker.py", line 371, in main
        f'unknown resource type {rtype}')
  File "/global/common/software/nersc/pe/conda-envs/26.1.0/python-3.13/nersc-python/lib/python3.13/multiprocessing/resource_tracker.py", line 371, in main
        f'Cannot register {name} for automatic cleanup: '
    raise ValueError(
ValueError: Cannot register /loky-25566-3xudjmo8 for automatic cleanup: unknown resource type semlock
    raise ValueError(
        f'unknown resource type {rtype}')
        f'Cannot register {name} for automatic cleanup: '
Traceback (most recent call last):
        f'Cannot register {name} for automatic cleanup: '
ValueError: Cannot register /loky-25599-_hhd0ck7 for automatic cleanup: unknown resource type semlock
        f'unknown resource type {rtype}')
  File "/global/common/software/nersc/pe/conda-envs/26.1.0/python-3.13/nersc-python/lib/python3.13/multiprocessing/resource_tracker.py", line 371, in main
        f'unknown resource type {rtype}')
ValueError: Cannot register /loky-25546-93ur39r3 for automatic cleanup: unknown resource type semlock
Traceback (most recent call last):
ValueError: Cannot register /loky-25551-jltrr5j7 for automatic cleanup: unknown resource type semlock
    raise ValueError(
Traceback (most recent call last):
  File "/global/common/software/nersc/pe/conda-envs/26.1.0/python-3.13/nersc-python/lib/python3.13/multiprocessing/resource_tracker.py", line 371, in main
Traceback (most recent call last):
        f'Cannot register {name} for automatic cleanup: '
  File "/global/common/software/nersc/pe/conda-envs/26.1.0/python-3.13/nersc-python/lib/python3.13/multiprocessing/resource_tracker.py", line 371, in main
    raise ValueError(
  File "/global/common/software/nersc/pe/conda-envs/26.1.0/python-3.13/nersc-python/lib/python3.13/multiprocessing/resource_tracker.py", line 371, in main
        f'unknown resource type {rtype}')
    raise ValueError(
        f'Cannot register {name} for automatic cleanup: '
    raise ValueError(
ValueError: Cannot register /loky-25566-xro27tp3 for automatic cleanup: unknown resource type semlock
        f'Cannot register {name} for automatic cleanup: '
        f'unknown resource type {rtype}')
        f'Cannot register {name} for automatic cleanup: '
Traceback (most recent call last):
        f'unknown resource type {rtype}')
ValueError: Cannot register /loky-25599-2ispc7n_ for automatic cleanup: unknown resource type semlock
        f'unknown resource type {rtype}')
  File "/global/common/software/nersc/pe/conda-envs/26.1.0/python-3.13/nersc-python/lib/python3.13/multiprocessing/resource_tracker.py", line 371, in main
ValueError: Cannot register /loky-25546-eiosfw3g for automatic cleanup: unknown resource type semlock
Traceback (most recent call last):
ValueError: Cannot register /loky-25551-4m8hyjeu for automatic cleanup: unknown resource type semlock
    raise ValueError(
Traceback (most recent call last):
  File "/global/common/software/nersc/pe/conda-envs/26.1.0/python-3.13/nersc-python/lib/python3.13/multiprocessing/resource_tracker.py", line 371, in main
Traceback (most recent call last):
        f'Cannot register {name} for automatic cleanup: '
  File "/global/common/software/nersc/pe/conda-envs/26.1.0/python-3.13/nersc-python/lib/python3.13/multiprocessing/resource_tracker.py", line 371, in main
    raise ValueError(
  File "/global/common/software/nersc/pe/conda-envs/26.1.0/python-3.13/nersc-python/lib/python3.13/multiprocessing/resource_tracker.py", line 371, in main
        f'unknown resource type {rtype}')
    raise ValueError(
        f'Cannot register {name} for automatic cleanup: '
    raise ValueError(
ValueError: Cannot register /loky-25566-r8aennzk for automatic cleanup: unknown resource type semlock
        f'Cannot register {name} for automatic cleanup: '
        f'unknown resource type {rtype}')
        f'Cannot register {name} for automatic cleanup: '
Traceback (most recent call last):
        f'unknown resource type {rtype}')
ValueError: Cannot register /loky-25599-0pj0r6rz for automatic cleanup: unknown resource type semlock
        f'unknown resource type {rtype}')
  File "/global/common/software/nersc/pe/conda-envs/26.1.0/python-3.13/nersc-python/lib/python3.13/multiprocessing/resource_tracker.py", line 371, in main
ValueError: Cannot register /loky-25546-84ejlnlc for automatic cleanup: unknown resource type semlock
Traceback (most recent call last):
ValueError: Cannot register /loky-25551-fwv27n_j for automatic cleanup: unknown resource type semlock
    raise ValueError(
Traceback (most recent call last):
  File "/global/common/software/nersc/pe/conda-envs/26.1.0/python-3.13/nersc-python/lib/python3.13/multiprocessing/resource_tracker.py", line 371, in main
Traceback (most recent call last):
        f'Cannot register {name} for automatic cleanup: '
  File "/global/common/software/nersc/pe/conda-envs/26.1.0/python-3.13/nersc-python/lib/python3.13/multiprocessing/resource_tracker.py", line 371, in main
    raise ValueError(
  File "/global/common/software/nersc/pe/conda-envs/26.1.0/python-3.13/nersc-python/lib/python3.13/multiprocessing/resource_tracker.py", line 371, in main
        f'unknown resource type {rtype}')
    raise ValueError(
        f'Cannot register {name} for automatic cleanup: '
    raise ValueError(
ValueError: Cannot register /loky-25566-ahkgcn6y for automatic cleanup: unknown resource type semlock
        f'Cannot register {name} for automatic cleanup: '
        f'unknown resource type {rtype}')
        f'Cannot register {name} for automatic cleanup: '
Traceback (most recent call last):
        f'unknown resource type {rtype}')
ValueError: Cannot register /loky-25599-aca12aub for automatic cleanup: unknown resource type semlock
        f'unknown resource type {rtype}')
  File "/global/common/software/nersc/pe/conda-envs/26.1.0/python-3.13/nersc-python/lib/python3.13/multiprocessing/resource_tracker.py", line 371, in main
ValueError: Cannot register /loky-25546-wjyz6d7a for automatic cleanup: unknown resource type semlock
Traceback (most recent call last):
ValueError: Cannot register /loky-25551-ml06gs12 for automatic cleanup: unknown resource type semlock
    raise ValueError(
Traceback (most recent call last):
  File "/global/common/software/nersc/pe/conda-envs/26.1.0/python-3.13/nersc-python/lib/python3.13/multiprocessing/resource_tracker.py", line 371, in main
Traceback (most recent call last):
        f'Cannot register {name} for automatic cleanup: '
  File "/global/common/software/nersc/pe/conda-envs/26.1.0/python-3.13/nersc-python/lib/python3.13/multiprocessing/resource_tracker.py", line 371, in main
    raise ValueError(
  File "/global/common/software/nersc/pe/conda-envs/26.1.0/python-3.13/nersc-python/lib/python3.13/multiprocessing/resource_tracker.py", line 371, in main
        f'unknown resource type {rtype}')
    raise ValueError(
        f'Cannot register {name} for automatic cleanup: '
    raise ValueError(
ValueError: Cannot register /loky-25566-5vdt99vv for automatic cleanup: unknown resource type semlock
        f'Cannot register {name} for automatic cleanup: '
        f'unknown resource type {rtype}')
        f'unknown resource type {rtype}')
        f'Cannot register {name} for automatic cleanup: '
Traceback (most recent call last):
ValueError: Cannot register /loky-25546-cb_9k_tv for automatic cleanup: unknown resource type semlock
ValueError: Cannot register /loky-25599-zyxvlrjz for automatic cleanup: unknown resource type semlock
        f'unknown resource type {rtype}')
  File "/global/common/software/nersc/pe/conda-envs/26.1.0/python-3.13/nersc-python/lib/python3.13/multiprocessing/resource_tracker.py", line 371, in main
Traceback (most recent call last):
Traceback (most recent call last):
ValueError: Cannot register /loky-25551-x8_g9bxs for automatic cleanup: unknown resource type semlock
    raise ValueError(
  File "/global/common/software/nersc/pe/conda-envs/26.1.0/python-3.13/nersc-python/lib/python3.13/multiprocessing/resource_tracker.py", line 371, in main
  File "/global/common/software/nersc/pe/conda-envs/26.1.0/python-3.13/nersc-python/lib/python3.13/multiprocessing/resource_tracker.py", line 371, in main
Traceback (most recent call last):
        f'Cannot register {name} for automatic cleanup: '
    raise ValueError(
    raise ValueError(
  File "/global/common/software/nersc/pe/conda-envs/26.1.0/python-3.13/nersc-python/lib/python3.13/multiprocessing/resource_tracker.py", line 371, in main
        f'unknown resource type {rtype}')
        f'Cannot register {name} for automatic cleanup: '
        f'Cannot register {name} for automatic cleanup: '
    raise ValueError(
ValueError: Cannot register /loky-25566-orkhx0tp for automatic cleanup: unknown resource type semlock
        f'unknown resource type {rtype}')
        f'unknown resource type {rtype}')
        f'Cannot register {name} for automatic cleanup: '
  File "/global/common/software/nersc/pe/conda-envs/26.1.0/python-3.13/nersc-python/lib/python3.13/multiprocessing/resource_tracker.py", line 371, in main
Traceback (most recent call last):
ValueError: Cannot register /loky-25546-2xvz1yvm for automatic cleanup: unknown resource type semlock
ValueError: Cannot register /loky-25599-yzc8wrap for automatic cleanup: unknown resource type semlock
        f'unknown resource type {rtype}')
    raise ValueError(
  File "/global/common/software/nersc/pe/conda-envs/26.1.0/python-3.13/nersc-python/lib/python3.13/multiprocessing/resource_tracker.py", line 371, in main
Traceback (most recent call last):
Traceback (most recent call last):
ValueError: Cannot register /loky-25551-2igptk5m for automatic cleanup: unknown resource type semlock
        f'Cannot register {name} for automatic cleanup: '
    raise ValueError(
  File "/global/common/software/nersc/pe/conda-envs/26.1.0/python-3.13/nersc-python/lib/python3.13/multiprocessing/resource_tracker.py", line 371, in main
  File "/global/common/software/nersc/pe/conda-envs/26.1.0/python-3.13/nersc-python/lib/python3.13/multiprocessing/resource_tracker.py", line 371, in main
Traceback (most recent call last):
        f'unknown resource type {rtype}')
        f'Cannot register {name} for automatic cleanup: '
    raise ValueError(
    raise ValueError(
  File "/global/common/software/nersc/pe/conda-envs/26.1.0/python-3.13/nersc-python/lib/python3.13/multiprocessing/resource_tracker.py", line 371, in main
ValueError: Cannot register /dev/shm/joblib_memmapping_folder_1171224_badf99a7d92448008c9cc17d7a1754e5_d20e1dca4ec54d9f9a68726aebe0bb0f for automatic cleanup: unknown resource type folder
        f'unknown resource type {rtype}')
        f'Cannot register {name} for automatic cleanup: '
        f'Cannot register {name} for automatic cleanup: '
    raise ValueError(
  File "/global/common/software/nersc/pe/conda-envs/26.1.0/python-3.13/nersc-python/lib/python3.13/multiprocessing/resource_tracker.py", line 371, in main
Traceback (most recent call last):
ValueError: Cannot register /loky-25566-c11pfhwz for automatic cleanup: unknown resource type semlock
        f'unknown resource type {rtype}')
        f'unknown resource type {rtype}')
        f'Cannot register {name} for automatic cleanup: '
    raise ValueError(
  File "/global/common/software/nersc/pe/conda-envs/26.1.0/python-3.13/nersc-python/lib/python3.13/multiprocessing/resource_tracker.py", line 371, in main
Traceback (most recent call last):
ValueError: Cannot register /loky-25546-n0a6m9y8 for automatic cleanup: unknown resource type semlock
ValueError: Cannot register /loky-25599-pgppsz_k for automatic cleanup: unknown resource type semlock
        f'unknown resource type {rtype}')
ValueError: Cannot register /loky-25551-sji9u_1n for automatic cleanup: unknown resource type semlock
        f'Cannot register {name} for automatic cleanup: '
    raise ValueError(
  File "/global/common/software/nersc/pe/conda-envs/26.1.0/python-3.13/nersc-python/lib/python3.13/multiprocessing/resource_tracker.py", line 371, in main
Traceback (most recent call last):
        f'unknown resource type {rtype}')
        f'Cannot register {name} for automatic cleanup: '
    raise ValueError(
  File "/global/common/software/nersc/pe/conda-envs/26.1.0/python-3.13/nersc-python/lib/python3.13/multiprocessing/resource_tracker.py", line 371, in main
ValueError: Cannot register /dev/shm/joblib_memmapping_folder_1171185_d6cd2f4c913b4612ad6847965da58168_7980a8a2ee2f441cadcbc4f158795859 for automatic cleanup: unknown resource type folder
        f'unknown resource type {rtype}')
        f'Cannot register {name} for automatic cleanup: '
    raise ValueError(
Traceback (most recent call last):
ValueError: Cannot register /loky-1171224-l78fnwgj for automatic cleanup: unknown resource type semlock
        f'unknown resource type {rtype}')
        f'Cannot register {name} for automatic cleanup: '
  File "/global/common/software/nersc/pe/conda-envs/26.1.0/python-3.13/nersc-python/lib/python3.13/multiprocessing/resource_tracker.py", line 371, in main
Traceback (most recent call last):
        f'unknown resource type {rtype}')
ValueError: Cannot register /loky-25566-1lago5gf for automatic cleanup: unknown resource type semlock
    raise ValueError(
  File "/global/common/software/nersc/pe/conda-envs/26.1.0/python-3.13/nersc-python/lib/python3.13/multiprocessing/resource_tracker.py", line 371, in main
ValueError: Cannot register /loky-25551-t31uprd0 for automatic cleanup: unknown resource type semlock
        f'Cannot register {name} for automatic cleanup: '
    raise ValueError(
        f'unknown resource type {rtype}')
        f'Cannot register {name} for automatic cleanup: '
ValueError: Cannot register /loky-1171185-czwmpgjp for automatic cleanup: unknown resource type semlock
        f'unknown resource type {rtype}')
Traceback (most recent call last):
ValueError: Cannot register /loky-1171224-m67orpfg for automatic cleanup: unknown resource type semlock
  File "/global/common/software/nersc/pe/conda-envs/26.1.0/python-3.13/nersc-python/lib/python3.13/multiprocessing/resource_tracker.py", line 371, in main
  File "/global/common/software/nersc/pe/conda-envs/26.1.0/python-3.13/nersc-python/lib/python3.13/multiprocessing/resource_tracker.py", line 371, in main
Traceback (most recent call last):
    raise ValueError(
    raise ValueError(
  File "/global/common/software/nersc/pe/conda-envs/26.1.0/python-3.13/nersc-python/lib/python3.13/multiprocessing/resource_tracker.py", line 371, in main
        f'Cannot register {name} for automatic cleanup: '
        f'Cannot register {name} for automatic cleanup: '
    raise ValueError(
        f'unknown resource type {rtype}')
        f'unknown resource type {rtype}')
        f'Cannot register {name} for automatic cleanup: '
ValueError: Cannot register /loky-1171185-43cxb05x for automatic cleanup: unknown resource type semlock
ValueError: Cannot register /dev/shm/joblib_memmapping_folder_25568_8a7a7e30e83747daaf779620b36affed_d6737cb1fc684ebab10b16a8e7b246ae for automatic cleanup: unknown resource type folder
        f'unknown resource type {rtype}')
Traceback (most recent call last):
Traceback (most recent call last):
ValueError: Cannot register /loky-1171224-b2rdjc0l for automatic cleanup: unknown resource type semlock
  File "/global/common/software/nersc/pe/conda-envs/26.1.0/python-3.13/nersc-python/lib/python3.13/multiprocessing/resource_tracker.py", line 371, in main
  File "/global/common/software/nersc/pe/conda-envs/26.1.0/python-3.13/nersc-python/lib/python3.13/multiprocessing/resource_tracker.py", line 371, in main
Traceback (most recent call last):
    raise ValueError(
    raise ValueError(
  File "/global/common/software/nersc/pe/conda-envs/26.1.0/python-3.13/nersc-python/lib/python3.13/multiprocessing/resource_tracker.py", line 371, in main
        f'Cannot register {name} for automatic cleanup: '
        f'Cannot register {name} for automatic cleanup: '
    raise ValueError(
        f'unknown resource type {rtype}')
        f'unknown resource type {rtype}')
        f'Cannot register {name} for automatic cleanup: '
ValueError: Cannot register /loky-1171185-tiz8i6yx for automatic cleanup: unknown resource type semlock
ValueError: Cannot register /loky-25568-95xjwrbw for automatic cleanup: unknown resource type semlock
        f'unknown resource type {rtype}')
Traceback (most recent call last):
Traceback (most recent call last):
ValueError: Cannot register /loky-1171224-dh6nk69t for automatic cleanup: unknown resource type semlock
  File "/global/common/software/nersc/pe/conda-envs/26.1.0/python-3.13/nersc-python/lib/python3.13/multiprocessing/resource_tracker.py", line 371, in main
  File "/global/common/software/nersc/pe/conda-envs/26.1.0/python-3.13/nersc-python/lib/python3.13/multiprocessing/resource_tracker.py", line 371, in main
Traceback (most recent call last):
    raise ValueError(
    raise ValueError(
  File "/global/common/software/nersc/pe/conda-envs/26.1.0/python-3.13/nersc-python/lib/python3.13/multiprocessing/resource_tracker.py", line 371, in main
        f'Cannot register {name} for automatic cleanup: '
        f'Cannot register {name} for automatic cleanup: '
    raise ValueError(
        f'unknown resource type {rtype}')
        f'unknown resource type {rtype}')
        f'Cannot register {name} for automatic cleanup: '
ValueError: Cannot register /loky-1171185-hr84pyiv for automatic cleanup: unknown resource type semlock
ValueError: Cannot register /loky-25568-zdxa_h61 for automatic cleanup: unknown resource type semlock
        f'unknown resource type {rtype}')
Traceback (most recent call last):
Traceback (most recent call last):
ValueError: Cannot register /loky-1171224-3vhwiobz for automatic cleanup: unknown resource type semlock
  File "/global/common/software/nersc/pe/conda-envs/26.1.0/python-3.13/nersc-python/lib/python3.13/multiprocessing/resource_tracker.py", line 371, in main
  File "/global/common/software/nersc/pe/conda-envs/26.1.0/python-3.13/nersc-python/lib/python3.13/multiprocessing/resource_tracker.py", line 371, in main
Traceback (most recent call last):
    raise ValueError(
    raise ValueError(
  File "/global/common/software/nersc/pe/conda-envs/26.1.0/python-3.13/nersc-python/lib/python3.13/multiprocessing/resource_tracker.py", line 371, in main
        f'Cannot register {name} for automatic cleanup: '
        f'Cannot register {name} for automatic cleanup: '
    raise ValueError(
        f'unknown resource type {rtype}')
        f'unknown resource type {rtype}')
        f'Cannot register {name} for automatic cleanup: '
ValueError: Cannot register /loky-1171185-fq69iv2k for automatic cleanup: unknown resource type semlock
ValueError: Cannot register /loky-25568-cn0lu69o for automatic cleanup: unknown resource type semlock
        f'unknown resource type {rtype}')
Traceback (most recent call last):
Traceback (most recent call last):
ValueError: Cannot register /loky-1171224-ikt9yeyh for automatic cleanup: unknown resource type semlock
  File "/global/common/software/nersc/pe/conda-envs/26.1.0/python-3.13/nersc-python/lib/python3.13/multiprocessing/resource_tracker.py", line 371, in main
  File "/global/common/software/nersc/pe/conda-envs/26.1.0/python-3.13/nersc-python/lib/python3.13/multiprocessing/resource_tracker.py", line 371, in main
Traceback (most recent call last):
    raise ValueError(
    raise ValueError(
        f'Cannot register {name} for automatic cleanup: '
  File "/global/common/software/nersc/pe/conda-envs/26.1.0/python-3.13/nersc-python/lib/python3.13/multiprocessing/resource_tracker.py", line 371, in main
    raise ValueError(
        f'Cannot register {name} for automatic cleanup: '
        f'unknown resource type {rtype}')
        f'Cannot register {name} for automatic cleanup: '
        f'unknown resource type {rtype}')
ValueError: Cannot register /loky-25568-ps033usn for automatic cleanup: unknown resource type semlock
        f'unknown resource type {rtype}')
ValueError: Cannot register /loky-1171185-v5w4f431 for automatic cleanup: unknown resource type semlock
Traceback (most recent call last):
ValueError: Cannot register /dev/shm/joblib_memmapping_folder_1171224_badf99a7d92448008c9cc17d7a1754e5_ee658dd248ad4cb39989d594f4c8c6b0 for automatic cleanup: unknown resource type folder
Traceback (most recent call last):
  File "/global/common/software/nersc/pe/conda-envs/26.1.0/python-3.13/nersc-python/lib/python3.13/multiprocessing/resource_tracker.py", line 371, in main
Traceback (most recent call last):
  File "/global/common/software/nersc/pe/conda-envs/26.1.0/python-3.13/nersc-python/lib/python3.13/multiprocessing/resource_tracker.py", line 371, in main
    raise ValueError(
  File "/global/common/software/nersc/pe/conda-envs/26.1.0/python-3.13/nersc-python/lib/python3.13/multiprocessing/resource_tracker.py", line 371, in main
    raise ValueError(
        f'Cannot register {name} for automatic cleanup: '
    raise ValueError(
        f'Cannot register {name} for automatic cleanup: '
        f'unknown resource type {rtype}')
        f'Cannot register {name} for automatic cleanup: '
        f'unknown resource type {rtype}')
ValueError: Cannot register /loky-25568-s6hsnr4i for automatic cleanup: unknown resource type semlock
        f'unknown resource type {rtype}')
ValueError: Cannot register /dev/shm/joblib_memmapping_folder_1171185_d6cd2f4c913b4612ad6847965da58168_c9de8422bc6f4f7a83f8bd525b88ab6a for automatic cleanup: unknown resource type folder
Traceback (most recent call last):
ValueError: Cannot register /loky-1171224-y2ezt450 for automatic cleanup: unknown resource type semlock
Traceback (most recent call last):
  File "/global/common/software/nersc/pe/conda-envs/26.1.0/python-3.13/nersc-python/lib/python3.13/multiprocessing/resource_tracker.py", line 371, in main
Traceback (most recent call last):
  File "/global/common/software/nersc/pe/conda-envs/26.1.0/python-3.13/nersc-python/lib/python3.13/multiprocessing/resource_tracker.py", line 371, in main
    raise ValueError(
  File "/global/common/software/nersc/pe/conda-envs/26.1.0/python-3.13/nersc-python/lib/python3.13/multiprocessing/resource_tracker.py", line 371, in main
    raise ValueError(
        f'Cannot register {name} for automatic cleanup: '
    raise ValueError(
        f'Cannot register {name} for automatic cleanup: '
        f'unknown resource type {rtype}')
        f'Cannot register {name} for automatic cleanup: '
        f'unknown resource type {rtype}')
ValueError: Cannot register /loky-25568-zy_e0ek0 for automatic cleanup: unknown resource type semlock
        f'unknown resource type {rtype}')
ValueError: Cannot register /loky-1171185-ch30x153 for automatic cleanup: unknown resource type semlock
Traceback (most recent call last):
ValueError: Cannot register /loky-1171224-yj8x20zk for automatic cleanup: unknown resource type semlock
Traceback (most recent call last):
  File "/global/common/software/nersc/pe/conda-envs/26.1.0/python-3.13/nersc-python/lib/python3.13/multiprocessing/resource_tracker.py", line 371, in main
Traceback (most recent call last):
  File "/global/common/software/nersc/pe/conda-envs/26.1.0/python-3.13/nersc-python/lib/python3.13/multiprocessing/resource_tracker.py", line 371, in main
    raise ValueError(
  File "/global/common/software/nersc/pe/conda-envs/26.1.0/python-3.13/nersc-python/lib/python3.13/multiprocessing/resource_tracker.py", line 371, in main
    raise ValueError(
        f'Cannot register {name} for automatic cleanup: '
    raise ValueError(
        f'Cannot register {name} for automatic cleanup: '
        f'unknown resource type {rtype}')
        f'Cannot register {name} for automatic cleanup: '
        f'unknown resource type {rtype}')
ValueError: Cannot register /dev/shm/joblib_memmapping_folder_25568_8a7a7e30e83747daaf779620b36affed_ba557273a5f943569f11782871493f96 for automatic cleanup: unknown resource type folder
        f'unknown resource type {rtype}')
ValueError: Cannot register /loky-1171185-57axnwec for automatic cleanup: unknown resource type semlock
Traceback (most recent call last):
ValueError: Cannot register /loky-1171224-xcl7fo4y for automatic cleanup: unknown resource type semlock
Traceback (most recent call last):
  File "/global/common/software/nersc/pe/conda-envs/26.1.0/python-3.13/nersc-python/lib/python3.13/multiprocessing/resource_tracker.py", line 371, in main
Traceback (most recent call last):
  File "/global/common/software/nersc/pe/conda-envs/26.1.0/python-3.13/nersc-python/lib/python3.13/multiprocessing/resource_tracker.py", line 371, in main
    raise ValueError(
  File "/global/common/software/nersc/pe/conda-envs/26.1.0/python-3.13/nersc-python/lib/python3.13/multiprocessing/resource_tracker.py", line 371, in main
    raise ValueError(
        f'Cannot register {name} for automatic cleanup: '
    raise ValueError(
        f'Cannot register {name} for automatic cleanup: '
        f'unknown resource type {rtype}')
        f'Cannot register {name} for automatic cleanup: '
        f'unknown resource type {rtype}')
ValueError: Cannot register /loky-25568-im11loy2 for automatic cleanup: unknown resource type semlock
        f'unknown resource type {rtype}')
ValueError: Cannot register /loky-1171185-mssw4_in for automatic cleanup: unknown resource type semlock
Traceback (most recent call last):
ValueError: Cannot register /loky-1171224-8xzmf5i6 for automatic cleanup: unknown resource type semlock
Traceback (most recent call last):
  File "/global/common/software/nersc/pe/conda-envs/26.1.0/python-3.13/nersc-python/lib/python3.13/multiprocessing/resource_tracker.py", line 371, in main
Traceback (most recent call last):
  File "/global/common/software/nersc/pe/conda-envs/26.1.0/python-3.13/nersc-python/lib/python3.13/multiprocessing/resource_tracker.py", line 371, in main
    raise ValueError(
  File "/global/common/software/nersc/pe/conda-envs/26.1.0/python-3.13/nersc-python/lib/python3.13/multiprocessing/resource_tracker.py", line 371, in main
    raise ValueError(
        f'Cannot register {name} for automatic cleanup: '
    raise ValueError(
        f'Cannot register {name} for automatic cleanup: '
        f'unknown resource type {rtype}')
        f'Cannot register {name} for automatic cleanup: '
        f'unknown resource type {rtype}')
ValueError: Cannot register /loky-25568-q24gf3gq for automatic cleanup: unknown resource type semlock
        f'unknown resource type {rtype}')
ValueError: Cannot register /loky-1171185-rtlxeoyw for automatic cleanup: unknown resource type semlock
Traceback (most recent call last):
ValueError: Cannot register /loky-1171224-uc29iz1c for automatic cleanup: unknown resource type semlock
Traceback (most recent call last):
  File "/global/common/software/nersc/pe/conda-envs/26.1.0/python-3.13/nersc-python/lib/python3.13/multiprocessing/resource_tracker.py", line 371, in main
Traceback (most recent call last):
  File "/global/common/software/nersc/pe/conda-envs/26.1.0/python-3.13/nersc-python/lib/python3.13/multiprocessing/resource_tracker.py", line 371, in main
    raise ValueError(
  File "/global/common/software/nersc/pe/conda-envs/26.1.0/python-3.13/nersc-python/lib/python3.13/multiprocessing/resource_tracker.py", line 371, in main
    raise ValueError(
        f'Cannot register {name} for automatic cleanup: '
    raise ValueError(
        f'Cannot register {name} for automatic cleanup: '
        f'unknown resource type {rtype}')
        f'Cannot register {name} for automatic cleanup: '
        f'unknown resource type {rtype}')
ValueError: Cannot register /loky-25568-vd4cv2x6 for automatic cleanup: unknown resource type semlock
        f'unknown resource type {rtype}')
ValueError: Cannot register /loky-1171185-12uz2_sn for automatic cleanup: unknown resource type semlock
Traceback (most recent call last):
ValueError: Cannot register /loky-1171224-3k8wvm3u for automatic cleanup: unknown resource type semlock
Traceback (most recent call last):
  File "/global/common/software/nersc/pe/conda-envs/26.1.0/python-3.13/nersc-python/lib/python3.13/multiprocessing/resource_tracker.py", line 371, in main
Traceback (most recent call last):
  File "/global/common/software/nersc/pe/conda-envs/26.1.0/python-3.13/nersc-python/lib/python3.13/multiprocessing/resource_tracker.py", line 371, in main
    raise ValueError(
  File "/global/common/software/nersc/pe/conda-envs/26.1.0/python-3.13/nersc-python/lib/python3.13/multiprocessing/resource_tracker.py", line 371, in main
    raise ValueError(
        f'Cannot register {name} for automatic cleanup: '
    raise ValueError(
        f'Cannot register {name} for automatic cleanup: '
        f'unknown resource type {rtype}')
        f'Cannot register {name} for automatic cleanup: '
        f'unknown resource type {rtype}')
ValueError: Cannot register /loky-25568-vykmwcsn for automatic cleanup: unknown resource type semlock
        f'unknown resource type {rtype}')
ValueError: Cannot register /loky-1171185-whqvvfrn for automatic cleanup: unknown resource type semlock
Traceback (most recent call last):
ValueError: Cannot register /loky-1171224-nl7kfq7t for automatic cleanup: unknown resource type semlock
Traceback (most recent call last):
  File "/global/common/software/nersc/pe/conda-envs/26.1.0/python-3.13/nersc-python/lib/python3.13/multiprocessing/resource_tracker.py", line 371, in main
Traceback (most recent call last):
  File "/global/common/software/nersc/pe/conda-envs/26.1.0/python-3.13/nersc-python/lib/python3.13/multiprocessing/resource_tracker.py", line 371, in main
    raise ValueError(
  File "/global/common/software/nersc/pe/conda-envs/26.1.0/python-3.13/nersc-python/lib/python3.13/multiprocessing/resource_tracker.py", line 371, in main
    raise ValueError(
        f'Cannot register {name} for automatic cleanup: '
    raise ValueError(
        f'Cannot register {name} for automatic cleanup: '
        f'unknown resource type {rtype}')
        f'Cannot register {name} for automatic cleanup: '
        f'unknown resource type {rtype}')
ValueError: Cannot register /loky-25568-i2zrb8_2 for automatic cleanup: unknown resource type semlock
        f'unknown resource type {rtype}')
ValueError: Cannot register /loky-1171185-7covxwj7 for automatic cleanup: unknown resource type semlock
Traceback (most recent call last):
ValueError: Cannot register /loky-1171224-r3hlkpjx for automatic cleanup: unknown resource type semlock
Traceback (most recent call last):
  File "/global/common/software/nersc/pe/conda-envs/26.1.0/python-3.13/nersc-python/lib/python3.13/multiprocessing/resource_tracker.py", line 371, in main
  File "/global/common/software/nersc/pe/conda-envs/26.1.0/python-3.13/nersc-python/lib/python3.13/multiprocessing/resource_tracker.py", line 371, in main
    raise ValueError(
    raise ValueError(
        f'Cannot register {name} for automatic cleanup: '
        f'Cannot register {name} for automatic cleanup: '
        f'unknown resource type {rtype}')
        f'unknown resource type {rtype}')
ValueError: Cannot register /loky-25568-kg90_jqt for automatic cleanup: unknown resource type semlock
ValueError: Cannot register /loky-1171185-h0juckez for automatic cleanup: unknown resource type semlock
Traceback (most recent call last):
  File "/global/common/software/nersc/pe/conda-envs/26.1.0/python-3.13/nersc-python/lib/python3.13/multiprocessing/resource_tracker.py", line 371, in main
    raise ValueError(
        f'Cannot register {name} for automatic cleanup: '
        f'unknown resource type {rtype}')
ValueError: Cannot register /loky-25568-ji7uoldv for automatic cleanup: unknown resource type semlock
Traceback (most recent call last):
  File "/global/common/software/nersc/pe/conda-envs/26.1.0/python-3.13/nersc-python/lib/python3.13/multiprocessing/resource_tracker.py", line 371, in main
    raise ValueError(
        f'Cannot register {name} for automatic cleanup: '
        f'unknown resource type {rtype}')
ValueError: Cannot register /loky-25568-sx0wwm0t for automatic cleanup: unknown resource type semlock
Traceback (most recent call last):
  File "/global/common/software/nersc/pe/conda-envs/26.1.0/python-3.13/nersc-python/lib/python3.13/multiprocessing/resource_tracker.py", line 371, in main
    raise ValueError(
        f'Cannot register {name} for automatic cleanup: '
        f'unknown resource type {rtype}')
ValueError: Cannot register /dev/shm/joblib_memmapping_folder_1171267_fab6bf9afa684e9a91987dff6623d818_cdd50c87cd6f4486847e23b8f2c1b12d for automatic cleanup: unknown resource type folder
Traceback (most recent call last):
  File "/global/common/software/nersc/pe/conda-envs/26.1.0/python-3.13/nersc-python/lib/python3.13/multiprocessing/resource_tracker.py", line 371, in main
    raise ValueError(
        f'Cannot register {name} for automatic cleanup: '
        f'unknown resource type {rtype}')
ValueError: Cannot register /loky-1171267-se_hodyu for automatic cleanup: unknown resource type semlock
Traceback (most recent call last):
  File "/global/common/software/nersc/pe/conda-envs/26.1.0/python-3.13/nersc-python/lib/python3.13/multiprocessing/resource_tracker.py", line 371, in main
    raise ValueError(
        f'Cannot register {name} for automatic cleanup: '
        f'unknown resource type {rtype}')
ValueError: Cannot register /loky-1171267-9prgxwcw for automatic cleanup: unknown resource type semlock
Traceback (most recent call last):
  File "/global/common/software/nersc/pe/conda-envs/26.1.0/python-3.13/nersc-python/lib/python3.13/multiprocessing/resource_tracker.py", line 371, in main
    raise ValueError(
        f'Cannot register {name} for automatic cleanup: '
        f'unknown resource type {rtype}')
ValueError: Cannot register /loky-1171267-2ypyw26w for automatic cleanup: unknown resource type semlock
Traceback (most recent call last):
  File "/global/common/software/nersc/pe/conda-envs/26.1.0/python-3.13/nersc-python/lib/python3.13/multiprocessing/resource_tracker.py", line 371, in main
    raise ValueError(
        f'Cannot register {name} for automatic cleanup: '
        f'unknown resource type {rtype}')
ValueError: Cannot register /loky-1171267-w_wtktt4 for automatic cleanup: unknown resource type semlock
Traceback (most recent call last):
  File "/global/common/software/nersc/pe/conda-envs/26.1.0/python-3.13/nersc-python/lib/python3.13/multiprocessing/resource_tracker.py", line 371, in main
    raise ValueError(
        f'Cannot register {name} for automatic cleanup: '
        f'unknown resource type {rtype}')
ValueError: Cannot register /loky-1171267-255cqkl7 for automatic cleanup: unknown resource type semlock
Traceback (most recent call last):
  File "/global/common/software/nersc/pe/conda-envs/26.1.0/python-3.13/nersc-python/lib/python3.13/multiprocessing/resource_tracker.py", line 371, in main
    raise ValueError(
        f'Cannot register {name} for automatic cleanup: '
        f'unknown resource type {rtype}')
ValueError: Cannot register /loky-1171267-g68p597_ for automatic cleanup: unknown resource type semlock
Traceback (most recent call last):
  File "/global/common/software/nersc/pe/conda-envs/26.1.0/python-3.13/nersc-python/lib/python3.13/multiprocessing/resource_tracker.py", line 371, in main
    raise ValueError(
        f'Cannot register {name} for automatic cleanup: '
        f'unknown resource type {rtype}')
ValueError: Cannot register /dev/shm/joblib_memmapping_folder_1171267_fab6bf9afa684e9a91987dff6623d818_7f2b3cb256b2421887d810ce74be29c8 for automatic cleanup: unknown resource type folder
Traceback (most recent call last):
  File "/global/common/software/nersc/pe/conda-envs/26.1.0/python-3.13/nersc-python/lib/python3.13/multiprocessing/resource_tracker.py", line 371, in main
    raise ValueError(
        f'Cannot register {name} for automatic cleanup: '
        f'unknown resource type {rtype}')
ValueError: Cannot register /loky-1171267-ausul_3o for automatic cleanup: unknown resource type semlock
Traceback (most recent call last):
  File "/global/common/software/nersc/pe/conda-envs/26.1.0/python-3.13/nersc-python/lib/python3.13/multiprocessing/resource_tracker.py", line 371, in main
    raise ValueError(
        f'Cannot register {name} for automatic cleanup: '
        f'unknown resource type {rtype}')
ValueError: Cannot register /loky-1171267-8t_cnfie for automatic cleanup: unknown resource type semlock
Traceback (most recent call last):
  File "/global/common/software/nersc/pe/conda-envs/26.1.0/python-3.13/nersc-python/lib/python3.13/multiprocessing/resource_tracker.py", line 371, in main
    raise ValueError(
        f'Cannot register {name} for automatic cleanup: '
        f'unknown resource type {rtype}')
ValueError: Cannot register /loky-1171267-hg1kf_0u for automatic cleanup: unknown resource type semlock
Traceback (most recent call last):
  File "/global/common/software/nersc/pe/conda-envs/26.1.0/python-3.13/nersc-python/lib/python3.13/multiprocessing/resource_tracker.py", line 371, in main
    raise ValueError(
        f'Cannot register {name} for automatic cleanup: '
        f'unknown resource type {rtype}')
ValueError: Cannot register /loky-1171267-q27wb7ed for automatic cleanup: unknown resource type semlock
Traceback (most recent call last):
  File "/global/common/software/nersc/pe/conda-envs/26.1.0/python-3.13/nersc-python/lib/python3.13/multiprocessing/resource_tracker.py", line 371, in main
    raise ValueError(
        f'Cannot register {name} for automatic cleanup: '
        f'unknown resource type {rtype}')
ValueError: Cannot register /loky-1171267-am44q5mq for automatic cleanup: unknown resource type semlock
Traceback (most recent call last):
  File "/global/common/software/nersc/pe/conda-envs/26.1.0/python-3.13/nersc-python/lib/python3.13/multiprocessing/resource_tracker.py", line 371, in main
    raise ValueError(
        f'Cannot register {name} for automatic cleanup: '
        f'unknown resource type {rtype}')
ValueError: Cannot register /loky-1171267-xlp60w5h for automatic cleanup: unknown resource type semlock
Traceback (most recent call last):
  File "/global/common/software/nersc/pe/conda-envs/26.1.0/python-3.13/nersc-python/lib/python3.13/multiprocessing/resource_tracker.py", line 371, in main
    raise ValueError(
        f'Cannot register {name} for automatic cleanup: '
        f'unknown resource type {rtype}')
ValueError: Cannot register /loky-1171267-laezoxlt for automatic cleanup: unknown resource type semlock
Traceback (most recent call last):
  File "/global/common/software/nersc/pe/conda-envs/26.1.0/python-3.13/nersc-python/lib/python3.13/multiprocessing/resource_tracker.py", line 371, in main
    raise ValueError(
        f'Cannot register {name} for automatic cleanup: '
        f'unknown resource type {rtype}')
ValueError: Cannot register /loky-1171267-rz9p4vv_ for automatic cleanup: unknown resource type semlock
Traceback (most recent call last):
Traceback (most recent call last):
  File "/global/common/software/nersc/pe/conda-envs/26.1.0/python-3.13/nersc-python/lib/python3.13/multiprocessing/resource_tracker.py", line 371, in main
    raise ValueError(
        f'Cannot register {name} for automatic cleanup: '
        f'unknown resource type {rtype}')
ValueError: Cannot register /dev/shm/joblib_memmapping_folder_1171263_7bdddd0f65a0451da84d51314a802c38_df064b4fa5a24378ab646dd64e64926e for automatic cleanup: unknown resource type folder
Traceback (most recent call last):
  File "/global/common/software/nersc/pe/conda-envs/26.1.0/python-3.13/nersc-python/lib/python3.13/multiprocessing/resource_tracker.py", line 371, in main
    raise ValueError(
        f'Cannot register {name} for automatic cleanup: '
        f'unknown resource type {rtype}')
ValueError: Cannot register /loky-1171263-f72wf6dh for automatic cleanup: unknown resource type semlock
Traceback (most recent call last):
  File "/global/common/software/nersc/pe/conda-envs/26.1.0/python-3.13/nersc-python/lib/python3.13/multiprocessing/resource_tracker.py", line 371, in main
    raise ValueError(
        f'Cannot register {name} for automatic cleanup: '
        f'unknown resource type {rtype}')
ValueError: Cannot register /loky-1171263-zvhvthji for automatic cleanup: unknown resource type semlock
Traceback (most recent call last):
  File "/global/common/software/nersc/pe/conda-envs/26.1.0/python-3.13/nersc-python/lib/python3.13/multiprocessing/resource_tracker.py", line 371, in main
    raise ValueError(
        f'Cannot register {name} for automatic cleanup: '
        f'unknown resource type {rtype}')
ValueError: Cannot register /loky-1171263-xjgw3i3v for automatic cleanup: unknown resource type semlock
Traceback (most recent call last):
  File "/global/common/software/nersc/pe/conda-envs/26.1.0/python-3.13/nersc-python/lib/python3.13/multiprocessing/resource_tracker.py", line 371, in main
    raise ValueError(
        f'Cannot register {name} for automatic cleanup: '
        f'unknown resource type {rtype}')
ValueError: Cannot register /loky-1171263-5kvaasq1 for automatic cleanup: unknown resource type semlock
Traceback (most recent call last):
  File "/global/common/software/nersc/pe/conda-envs/26.1.0/python-3.13/nersc-python/lib/python3.13/multiprocessing/resource_tracker.py", line 371, in main
    raise ValueError(
        f'Cannot register {name} for automatic cleanup: '
        f'unknown resource type {rtype}')
ValueError: Cannot register /loky-1171263-lxc_8aaw for automatic cleanup: unknown resource type semlock
Traceback (most recent call last):
  File "/global/common/software/nersc/pe/conda-envs/26.1.0/python-3.13/nersc-python/lib/python3.13/multiprocessing/resource_tracker.py", line 371, in main
    raise ValueError(
        f'Cannot register {name} for automatic cleanup: '
        f'unknown resource type {rtype}')
ValueError: Cannot register /loky-1171263-adv2zrny for automatic cleanup: unknown resource type semlock
Traceback (most recent call last):
  File "/global/common/software/nersc/pe/conda-envs/26.1.0/python-3.13/nersc-python/lib/python3.13/multiprocessing/resource_tracker.py", line 371, in main
    raise ValueError(
        f'Cannot register {name} for automatic cleanup: '
        f'unknown resource type {rtype}')
ValueError: Cannot register /dev/shm/joblib_memmapping_folder_1171263_7bdddd0f65a0451da84d51314a802c38_34970efa276441f19a4def6b581f7743 for automatic cleanup: unknown resource type folder
Traceback (most recent call last):
  File "/global/common/software/nersc/pe/conda-envs/26.1.0/python-3.13/nersc-python/lib/python3.13/multiprocessing/resource_tracker.py", line 371, in main
    raise ValueError(
        f'Cannot register {name} for automatic cleanup: '
        f'unknown resource type {rtype}')
ValueError: Cannot register /loky-1171263-hvnxxpsv for automatic cleanup: unknown resource type semlock
Traceback (most recent call last):
  File "/global/common/software/nersc/pe/conda-envs/26.1.0/python-3.13/nersc-python/lib/python3.13/multiprocessing/resource_tracker.py", line 371, in main
    raise ValueError(
        f'Cannot register {name} for automatic cleanup: '
  File "/global/common/software/nersc/pe/conda-envs/26.1.0/python-3.13/nersc-python/lib/python3.13/multiprocessing/resource_tracker.py", line 371, in main
    raise ValueError(
        f'unknown resource type {rtype}')
        f'Cannot register {name} for automatic cleanup: '
ValueError: Cannot register /loky-1171263-cmwjvx4_ for automatic cleanup: unknown resource type semlock
        f'unknown resource type {rtype}')
Traceback (most recent call last):
ValueError: Cannot register /dev/shm/joblib_memmapping_folder_25604_6d4508f988584628aca28c8488570033_e9887da2acf5478b82b0777f5a700120 for automatic cleanup: unknown resource type folder
Traceback (most recent call last):
  File "/global/common/software/nersc/pe/conda-envs/26.1.0/python-3.13/nersc-python/lib/python3.13/multiprocessing/resource_tracker.py", line 371, in main
    raise ValueError(
        f'Cannot register {name} for automatic cleanup: '
        f'unknown resource type {rtype}')
ValueError: Cannot register /loky-1171263-oi9n7oui for automatic cleanup: unknown resource type semlock
Traceback (most recent call last):
  File "/global/common/software/nersc/pe/conda-envs/26.1.0/python-3.13/nersc-python/lib/python3.13/multiprocessing/resource_tracker.py", line 371, in main
  File "/global/common/software/nersc/pe/conda-envs/26.1.0/python-3.13/nersc-python/lib/python3.13/multiprocessing/resource_tracker.py", line 371, in main
    raise ValueError(
    raise ValueError(
        f'Cannot register {name} for automatic cleanup: '
        f'Cannot register {name} for automatic cleanup: '
        f'unknown resource type {rtype}')
        f'unknown resource type {rtype}')
ValueError: Cannot register /loky-25604-e2llt31k for automatic cleanup: unknown resource type semlock
ValueError: Cannot register /loky-1171263-5sjeo2b_ for automatic cleanup: unknown resource type semlock
Traceback (most recent call last):
Traceback (most recent call last):
  File "/global/common/software/nersc/pe/conda-envs/26.1.0/python-3.13/nersc-python/lib/python3.13/multiprocessing/resource_tracker.py", line 371, in main
  File "/global/common/software/nersc/pe/conda-envs/26.1.0/python-3.13/nersc-python/lib/python3.13/multiprocessing/resource_tracker.py", line 371, in main
    raise ValueError(
    raise ValueError(
        f'Cannot register {name} for automatic cleanup: '
        f'Cannot register {name} for automatic cleanup: '
        f'unknown resource type {rtype}')
        f'unknown resource type {rtype}')
ValueError: Cannot register /loky-25604-beha_lsh for automatic cleanup: unknown resource type semlock
ValueError: Cannot register /loky-1171263-_wg7ry_m for automatic cleanup: unknown resource type semlock
Traceback (most recent call last):
Traceback (most recent call last):
  File "/global/common/software/nersc/pe/conda-envs/26.1.0/python-3.13/nersc-python/lib/python3.13/multiprocessing/resource_tracker.py", line 371, in main
  File "/global/common/software/nersc/pe/conda-envs/26.1.0/python-3.13/nersc-python/lib/python3.13/multiprocessing/resource_tracker.py", line 371, in main
    raise ValueError(
    raise ValueError(
        f'Cannot register {name} for automatic cleanup: '
        f'Cannot register {name} for automatic cleanup: '
        f'unknown resource type {rtype}')
        f'unknown resource type {rtype}')
ValueError: Cannot register /loky-25604-zvpsg3bn for automatic cleanup: unknown resource type semlock
ValueError: Cannot register /loky-1171263-e1oieh7w for automatic cleanup: unknown resource type semlock
Traceback (most recent call last):
Traceback (most recent call last):
  File "/global/common/software/nersc/pe/conda-envs/26.1.0/python-3.13/nersc-python/lib/python3.13/multiprocessing/resource_tracker.py", line 371, in main
    raise ValueError(
  File "/global/common/software/nersc/pe/conda-envs/26.1.0/python-3.13/nersc-python/lib/python3.13/multiprocessing/resource_tracker.py", line 371, in main
        f'Cannot register {name} for automatic cleanup: '
    raise ValueError(
        f'unknown resource type {rtype}')
        f'Cannot register {name} for automatic cleanup: '
ValueError: Cannot register /loky-1171263-_6ficgw7 for automatic cleanup: unknown resource type semlock
        f'unknown resource type {rtype}')
ValueError: Cannot register /loky-25604-cdwgpaai for automatic cleanup: unknown resource type semlock
Traceback (most recent call last):
Traceback (most recent call last):
  File "/global/common/software/nersc/pe/conda-envs/26.1.0/python-3.13/nersc-python/lib/python3.13/multiprocessing/resource_tracker.py", line 371, in main
  File "/global/common/software/nersc/pe/conda-envs/26.1.0/python-3.13/nersc-python/lib/python3.13/multiprocessing/resource_tracker.py", line 371, in main
    raise ValueError(
    raise ValueError(
        f'Cannot register {name} for automatic cleanup: '
        f'Cannot register {name} for automatic cleanup: '
        f'unknown resource type {rtype}')
        f'unknown resource type {rtype}')
ValueError: Cannot register /loky-25604-84nbd6vo for automatic cleanup: unknown resource type semlock
ValueError: Cannot register /loky-1171263-fm51i5j9 for automatic cleanup: unknown resource type semlock
Traceback (most recent call last):
  File "/global/common/software/nersc/pe/conda-envs/26.1.0/python-3.13/nersc-python/lib/python3.13/multiprocessing/resource_tracker.py", line 371, in main
    raise ValueError(
        f'Cannot register {name} for automatic cleanup: '
        f'unknown resource type {rtype}')
ValueError: Cannot register /loky-25604-c6d3vfj5 for automatic cleanup: unknown resource type semlock
Traceback (most recent call last):
  File "/global/common/software/nersc/pe/conda-envs/26.1.0/python-3.13/nersc-python/lib/python3.13/multiprocessing/resource_tracker.py", line 371, in main
    raise ValueError(
        f'Cannot register {name} for automatic cleanup: '
        f'unknown resource type {rtype}')
ValueError: Cannot register /dev/shm/joblib_memmapping_folder_25604_6d4508f988584628aca28c8488570033_d2e2a23d73cf4efc85dd1c0862f9bef5 for automatic cleanup: unknown resource type folder
Traceback (most recent call last):
  File "/global/common/software/nersc/pe/conda-envs/26.1.0/python-3.13/nersc-python/lib/python3.13/multiprocessing/resource_tracker.py", line 371, in main
    raise ValueError(
        f'Cannot register {name} for automatic cleanup: '
        f'unknown resource type {rtype}')
ValueError: Cannot register /loky-25604-dtjj_cc1 for automatic cleanup: unknown resource type semlock
Traceback (most recent call last):
  File "/global/common/software/nersc/pe/conda-envs/26.1.0/python-3.13/nersc-python/lib/python3.13/multiprocessing/resource_tracker.py", line 371, in main
    raise ValueError(
        f'Cannot register {name} for automatic cleanup: '
        f'unknown resource type {rtype}')
ValueError: Cannot register /loky-25604-4eqfcyf1 for automatic cleanup: unknown resource type semlock
Traceback (most recent call last):
  File "/global/common/software/nersc/pe/conda-envs/26.1.0/python-3.13/nersc-python/lib/python3.13/multiprocessing/resource_tracker.py", line 371, in main
    raise ValueError(
        f'Cannot register {name} for automatic cleanup: '
        f'unknown resource type {rtype}')
ValueError: Cannot register /loky-25604-069koo8v for automatic cleanup: unknown resource type semlock
Traceback (most recent call last):
  File "/global/common/software/nersc/pe/conda-envs/26.1.0/python-3.13/nersc-python/lib/python3.13/multiprocessing/resource_tracker.py", line 371, in main
    raise ValueError(
        f'Cannot register {name} for automatic cleanup: '
        f'unknown resource type {rtype}')
ValueError: Cannot register /loky-25604-jmt1ha9y for automatic cleanup: unknown resource type semlock
Traceback (most recent call last):
  File "/global/common/software/nersc/pe/conda-envs/26.1.0/python-3.13/nersc-python/lib/python3.13/multiprocessing/resource_tracker.py", line 371, in main
    raise ValueError(
        f'Cannot register {name} for automatic cleanup: '
        f'unknown resource type {rtype}')
ValueError: Cannot register /loky-25604-aorups0w for automatic cleanup: unknown resource type semlock
Traceback (most recent call last):
  File "/global/common/software/nersc/pe/conda-envs/26.1.0/python-3.13/nersc-python/lib/python3.13/multiprocessing/resource_tracker.py", line 371, in main
    raise ValueError(
        f'Cannot register {name} for automatic cleanup: '
        f'unknown resource type {rtype}')
ValueError: Cannot register /loky-25604-3s06jbkh for automatic cleanup: unknown resource type semlock
Traceback (most recent call last):
  File "/global/common/software/nersc/pe/conda-envs/26.1.0/python-3.13/nersc-python/lib/python3.13/multiprocessing/resource_tracker.py", line 371, in main
    raise ValueError(
        f'Cannot register {name} for automatic cleanup: '
        f'unknown resource type {rtype}')
ValueError: Cannot register /loky-25604-479ruk5y for automatic cleanup: unknown resource type semlock
Traceback (most recent call last):
  File "/global/common/software/nersc/pe/conda-envs/26.1.0/python-3.13/nersc-python/lib/python3.13/multiprocessing/resource_tracker.py", line 371, in main
    raise ValueError(
        f'Cannot register {name} for automatic cleanup: '
        f'unknown resource type {rtype}')
ValueError: Cannot register /loky-25604-5x3eviri for automatic cleanup: unknown resource type semlock
Traceback (most recent call last):
  File "/global/common/software/nersc/pe/conda-envs/26.1.0/python-3.13/nersc-python/lib/python3.13/multiprocessing/resource_tracker.py", line 371, in main
    raise ValueError(
        f'Cannot register {name} for automatic cleanup: '
        f'unknown resource type {rtype}')
ValueError: Cannot register /dev/shm/joblib_memmapping_folder_1171269_a640f0e3f99e4d35befa642e887b9ad6_16afa8898a8445c9b2a755a2485f0529 for automatic cleanup: unknown resource type folder
Traceback (most recent call last):
  File "/global/common/software/nersc/pe/conda-envs/26.1.0/python-3.13/nersc-python/lib/python3.13/multiprocessing/resource_tracker.py", line 371, in main
    raise ValueError(
        f'Cannot register {name} for automatic cleanup: '
        f'unknown resource type {rtype}')
ValueError: Cannot register /loky-1171269-whlmwsdi for automatic cleanup: unknown resource type semlock
Traceback (most recent call last):
  File "/global/common/software/nersc/pe/conda-envs/26.1.0/python-3.13/nersc-python/lib/python3.13/multiprocessing/resource_tracker.py", line 371, in main
    raise ValueError(
        f'Cannot register {name} for automatic cleanup: '
        f'unknown resource type {rtype}')
ValueError: Cannot register /loky-1171269-hgth1rdm for automatic cleanup: unknown resource type semlock
Traceback (most recent call last):
Traceback (most recent call last):
  File "/global/common/software/nersc/pe/conda-envs/26.1.0/python-3.13/nersc-python/lib/python3.13/multiprocessing/resource_tracker.py", line 371, in main
    raise ValueError(
        f'Cannot register {name} for automatic cleanup: '
        f'unknown resource type {rtype}')
ValueError: Cannot register /loky-1171269-ucj6ars6 for automatic cleanup: unknown resource type semlock
Traceback (most recent call last):
  File "/global/common/software/nersc/pe/conda-envs/26.1.0/python-3.13/nersc-python/lib/python3.13/multiprocessing/resource_tracker.py", line 371, in main
    raise ValueError(
        f'Cannot register {name} for automatic cleanup: '
        f'unknown resource type {rtype}')
ValueError: Cannot register /loky-1171269-md7ix1tm for automatic cleanup: unknown resource type semlock
Traceback (most recent call last):
  File "/global/common/software/nersc/pe/conda-envs/26.1.0/python-3.13/nersc-python/lib/python3.13/multiprocessing/resource_tracker.py", line 371, in main
    raise ValueError(
        f'Cannot register {name} for automatic cleanup: '
        f'unknown resource type {rtype}')
ValueError: Cannot register /loky-1171269-4a8fnzl0 for automatic cleanup: unknown resource type semlock
Traceback (most recent call last):
  File "/global/common/software/nersc/pe/conda-envs/26.1.0/python-3.13/nersc-python/lib/python3.13/multiprocessing/resource_tracker.py", line 371, in main
    raise ValueError(
        f'Cannot register {name} for automatic cleanup: '
        f'unknown resource type {rtype}')
ValueError: Cannot register /loky-1171269-4qvfhf7a for automatic cleanup: unknown resource type semlock
Traceback (most recent call last):
  File "/global/common/software/nersc/pe/conda-envs/26.1.0/python-3.13/nersc-python/lib/python3.13/multiprocessing/resource_tracker.py", line 371, in main
    raise ValueError(
        f'Cannot register {name} for automatic cleanup: '
        f'unknown resource type {rtype}')
ValueError: Cannot register /dev/shm/joblib_memmapping_folder_1171269_a640f0e3f99e4d35befa642e887b9ad6_df200aaf6e5c4b4ca2f0bd64490ba23c for automatic cleanup: unknown resource type folder
Traceback (most recent call last):
  File "/global/common/software/nersc/pe/conda-envs/26.1.0/python-3.13/nersc-python/lib/python3.13/multiprocessing/resource_tracker.py", line 371, in main
    raise ValueError(
        f'Cannot register {name} for automatic cleanup: '
        f'unknown resource type {rtype}')
ValueError: Cannot register /loky-1171269-3dkfbpak for automatic cleanup: unknown resource type semlock
Traceback (most recent call last):
  File "/global/common/software/nersc/pe/conda-envs/26.1.0/python-3.13/nersc-python/lib/python3.13/multiprocessing/resource_tracker.py", line 371, in main
    raise ValueError(
        f'Cannot register {name} for automatic cleanup: '
        f'unknown resource type {rtype}')
ValueError: Cannot register /loky-1171269-2e6435_o for automatic cleanup: unknown resource type semlock
Traceback (most recent call last):
  File "/global/common/software/nersc/pe/conda-envs/26.1.0/python-3.13/nersc-python/lib/python3.13/multiprocessing/resource_tracker.py", line 371, in main
    raise ValueError(
        f'Cannot register {name} for automatic cleanup: '
        f'unknown resource type {rtype}')
ValueError: Cannot register /loky-1171269-50lyt0te for automatic cleanup: unknown resource type semlock
Traceback (most recent call last):
  File "/global/common/software/nersc/pe/conda-envs/26.1.0/python-3.13/nersc-python/lib/python3.13/multiprocessing/resource_tracker.py", line 371, in main
    raise ValueError(
        f'Cannot register {name} for automatic cleanup: '
        f'unknown resource type {rtype}')
ValueError: Cannot register /loky-1171269-0pqc3ihe for automatic cleanup: unknown resource type semlock
Traceback (most recent call last):
  File "/global/common/software/nersc/pe/conda-envs/26.1.0/python-3.13/nersc-python/lib/python3.13/multiprocessing/resource_tracker.py", line 371, in main
    raise ValueError(
        f'Cannot register {name} for automatic cleanup: '
        f'unknown resource type {rtype}')
ValueError: Cannot register /loky-1171269-juln_gzu for automatic cleanup: unknown resource type semlock
Traceback (most recent call last):
  File "/global/common/software/nersc/pe/conda-envs/26.1.0/python-3.13/nersc-python/lib/python3.13/multiprocessing/resource_tracker.py", line 371, in main
    raise ValueError(
        f'Cannot register {name} for automatic cleanup: '
        f'unknown resource type {rtype}')
ValueError: Cannot register /loky-1171269-mzwcu5wy for automatic cleanup: unknown resource type semlock
Traceback (most recent call last):
  File "/global/common/software/nersc/pe/conda-envs/26.1.0/python-3.13/nersc-python/lib/python3.13/multiprocessing/resource_tracker.py", line 371, in main
    raise ValueError(
        f'Cannot register {name} for automatic cleanup: '
        f'unknown resource type {rtype}')
ValueError: Cannot register /loky-1171269-filkyupj for automatic cleanup: unknown resource type semlock
Traceback (most recent call last):
  File "/global/common/software/nersc/pe/conda-envs/26.1.0/python-3.13/nersc-python/lib/python3.13/multiprocessing/resource_tracker.py", line 371, in main
    raise ValueError(
        f'Cannot register {name} for automatic cleanup: '
        f'unknown resource type {rtype}')
ValueError: Cannot register /loky-1171269-0l3ec9r8 for automatic cleanup: unknown resource type semlock
  File "/global/common/software/nersc/pe/conda-envs/26.1.0/python-3.13/nersc-python/lib/python3.13/multiprocessing/resource_tracker.py", line 371, in main
    raise ValueError(
        f'Cannot register {name} for automatic cleanup: '
        f'unknown resource type {rtype}')
ValueError: Cannot register /dev/shm/joblib_memmapping_folder_1171202_8be07f0e3cc84cc1b29f8b58448c134c_fdd82527418a42d685e2ae28953dbe94 for automatic cleanup: unknown resource type folder
Traceback (most recent call last):
  File "/global/common/software/nersc/pe/conda-envs/26.1.0/python-3.13/nersc-python/lib/python3.13/multiprocessing/resource_tracker.py", line 371, in main
    raise ValueError(
        f'Cannot register {name} for automatic cleanup: '
        f'unknown resource type {rtype}')
ValueError: Cannot register /loky-1171202-vk43ndz4 for automatic cleanup: unknown resource type semlock
Traceback (most recent call last):
  File "/global/common/software/nersc/pe/conda-envs/26.1.0/python-3.13/nersc-python/lib/python3.13/multiprocessing/resource_tracker.py", line 371, in main
    raise ValueError(
        f'Cannot register {name} for automatic cleanup: '
        f'unknown resource type {rtype}')
ValueError: Cannot register /loky-1171202-ymz9h7j8 for automatic cleanup: unknown resource type semlock
Traceback (most recent call last):
  File "/global/common/software/nersc/pe/conda-envs/26.1.0/python-3.13/nersc-python/lib/python3.13/multiprocessing/resource_tracker.py", line 371, in main
    raise ValueError(
        f'Cannot register {name} for automatic cleanup: '
        f'unknown resource type {rtype}')
ValueError: Cannot register /loky-1171202-zswdzdah for automatic cleanup: unknown resource type semlock
Traceback (most recent call last):
  File "/global/common/software/nersc/pe/conda-envs/26.1.0/python-3.13/nersc-python/lib/python3.13/multiprocessing/resource_tracker.py", line 371, in main
    raise ValueError(
        f'Cannot register {name} for automatic cleanup: '
        f'unknown resource type {rtype}')
ValueError: Cannot register /loky-1171202-1eby0t9m for automatic cleanup: unknown resource type semlock
Traceback (most recent call last):
  File "/global/common/software/nersc/pe/conda-envs/26.1.0/python-3.13/nersc-python/lib/python3.13/multiprocessing/resource_tracker.py", line 371, in main
    raise ValueError(
        f'Cannot register {name} for automatic cleanup: '
        f'unknown resource type {rtype}')
ValueError: Cannot register /loky-1171202-wuvkxilt for automatic cleanup: unknown resource type semlock
Traceback (most recent call last):
  File "/global/common/software/nersc/pe/conda-envs/26.1.0/python-3.13/nersc-python/lib/python3.13/multiprocessing/resource_tracker.py", line 371, in main
    raise ValueError(
        f'Cannot register {name} for automatic cleanup: '
        f'unknown resource type {rtype}')
ValueError: Cannot register /loky-1171202-7ne0qt60 for automatic cleanup: unknown resource type semlock
Traceback (most recent call last):
  File "/global/common/software/nersc/pe/conda-envs/26.1.0/python-3.13/nersc-python/lib/python3.13/multiprocessing/resource_tracker.py", line 371, in main
    raise ValueError(
        f'Cannot register {name} for automatic cleanup: '
        f'unknown resource type {rtype}')
ValueError: Cannot register /dev/shm/joblib_memmapping_folder_1171202_8be07f0e3cc84cc1b29f8b58448c134c_7a5e2292d83440249fc59b64bb593ade for automatic cleanup: unknown resource type folder
Traceback (most recent call last):
  File "/global/common/software/nersc/pe/conda-envs/26.1.0/python-3.13/nersc-python/lib/python3.13/multiprocessing/resource_tracker.py", line 371, in main
    raise ValueError(
        f'Cannot register {name} for automatic cleanup: '
        f'unknown resource type {rtype}')
ValueError: Cannot register /loky-1171202-w2r4ldao for automatic cleanup: unknown resource type semlock
Traceback (most recent call last):
  File "/global/common/software/nersc/pe/conda-envs/26.1.0/python-3.13/nersc-python/lib/python3.13/multiprocessing/resource_tracker.py", line 371, in main
    raise ValueError(
        f'Cannot register {name} for automatic cleanup: '
        f'unknown resource type {rtype}')
ValueError: Cannot register /loky-1171202-fjkxxst3 for automatic cleanup: unknown resource type semlock
Traceback (most recent call last):
  File "/global/common/software/nersc/pe/conda-envs/26.1.0/python-3.13/nersc-python/lib/python3.13/multiprocessing/resource_tracker.py", line 371, in main
    raise ValueError(
        f'Cannot register {name} for automatic cleanup: '
        f'unknown resource type {rtype}')
ValueError: Cannot register /loky-1171202-mxmo74mw for automatic cleanup: unknown resource type semlock
Traceback (most recent call last):
  File "/global/common/software/nersc/pe/conda-envs/26.1.0/python-3.13/nersc-python/lib/python3.13/multiprocessing/resource_tracker.py", line 371, in main
    raise ValueError(
        f'Cannot register {name} for automatic cleanup: '
        f'unknown resource type {rtype}')
ValueError: Cannot register /loky-1171202-c9ekdcde for automatic cleanup: unknown resource type semlock
Traceback (most recent call last):
  File "/global/common/software/nersc/pe/conda-envs/26.1.0/python-3.13/nersc-python/lib/python3.13/multiprocessing/resource_tracker.py", line 371, in main
    raise ValueError(
        f'Cannot register {name} for automatic cleanup: '
        f'unknown resource type {rtype}')
ValueError: Cannot register /loky-1171202-g68ebi96 for automatic cleanup: unknown resource type semlock
Traceback (most recent call last):
  File "/global/common/software/nersc/pe/conda-envs/26.1.0/python-3.13/nersc-python/lib/python3.13/multiprocessing/resource_tracker.py", line 371, in main
    raise ValueError(
        f'Cannot register {name} for automatic cleanup: '
        f'unknown resource type {rtype}')
ValueError: Cannot register /loky-1171202-lxry_wjo for automatic cleanup: unknown resource type semlock
Traceback (most recent call last):
  File "/global/common/software/nersc/pe/conda-envs/26.1.0/python-3.13/nersc-python/lib/python3.13/multiprocessing/resource_tracker.py", line 371, in main
    raise ValueError(
        f'Cannot register {name} for automatic cleanup: '
        f'unknown resource type {rtype}')
ValueError: Cannot register /loky-1171202-w0ta0zoe for automatic cleanup: unknown resource type semlock
Traceback (most recent call last):
  File "/global/common/software/nersc/pe/conda-envs/26.1.0/python-3.13/nersc-python/lib/python3.13/multiprocessing/resource_tracker.py", line 371, in main
    raise ValueError(
        f'Cannot register {name} for automatic cleanup: '
        f'unknown resource type {rtype}')
ValueError: Cannot register /loky-1171202-3hvlkbd0 for automatic cleanup: unknown resource type semlock
Traceback (most recent call last):
Traceback (most recent call last):
  File "/global/common/software/nersc/pe/conda-envs/26.1.0/python-3.13/nersc-python/lib/python3.13/multiprocessing/resource_tracker.py", line 371, in main
    raise ValueError(
        f'Cannot register {name} for automatic cleanup: '
        f'unknown resource type {rtype}')
ValueError: Cannot register /dev/shm/joblib_memmapping_folder_25524_7576ea9511794447b87c11e46b9a9f66_4fe7d2f11b944120be621cf05781eb32 for automatic cleanup: unknown resource type folder
Traceback (most recent call last):
  File "/global/common/software/nersc/pe/conda-envs/26.1.0/python-3.13/nersc-python/lib/python3.13/multiprocessing/resource_tracker.py", line 371, in main
    raise ValueError(
        f'Cannot register {name} for automatic cleanup: '
        f'unknown resource type {rtype}')
ValueError: Cannot register /loky-25524-vkp2kh4u for automatic cleanup: unknown resource type semlock
Traceback (most recent call last):
  File "/global/common/software/nersc/pe/conda-envs/26.1.0/python-3.13/nersc-python/lib/python3.13/multiprocessing/resource_tracker.py", line 371, in main
    raise ValueError(
        f'Cannot register {name} for automatic cleanup: '
        f'unknown resource type {rtype}')
ValueError: Cannot register /loky-25524-6ubarkij for automatic cleanup: unknown resource type semlock
Traceback (most recent call last):
  File "/global/common/software/nersc/pe/conda-envs/26.1.0/python-3.13/nersc-python/lib/python3.13/multiprocessing/resource_tracker.py", line 371, in main
    raise ValueError(
        f'Cannot register {name} for automatic cleanup: '
        f'unknown resource type {rtype}')
ValueError: Cannot register /loky-25524-nj5itjgw for automatic cleanup: unknown resource type semlock
Traceback (most recent call last):
  File "/global/common/software/nersc/pe/conda-envs/26.1.0/python-3.13/nersc-python/lib/python3.13/multiprocessing/resource_tracker.py", line 371, in main
    raise ValueError(
        f'Cannot register {name} for automatic cleanup: '
        f'unknown resource type {rtype}')
ValueError: Cannot register /loky-25524-toceswii for automatic cleanup: unknown resource type semlock
Traceback (most recent call last):
  File "/global/common/software/nersc/pe/conda-envs/26.1.0/python-3.13/nersc-python/lib/python3.13/multiprocessing/resource_tracker.py", line 371, in main
    raise ValueError(
        f'Cannot register {name} for automatic cleanup: '
        f'unknown resource type {rtype}')
  File "/global/common/software/nersc/pe/conda-envs/26.1.0/python-3.13/nersc-python/lib/python3.13/multiprocessing/resource_tracker.py", line 371, in main
ValueError: Cannot register /loky-25524-shr473of for automatic cleanup: unknown resource type semlock
    raise ValueError(
Traceback (most recent call last):
        f'Cannot register {name} for automatic cleanup: '
        f'unknown resource type {rtype}')
ValueError: Cannot register /dev/shm/joblib_memmapping_folder_1171178_cc1c213445e0452cb8c72d11c1a723c6_2bc38bfb00984a92865bb79399e1236d for automatic cleanup: unknown resource type folder
  File "/global/common/software/nersc/pe/conda-envs/26.1.0/python-3.13/nersc-python/lib/python3.13/multiprocessing/resource_tracker.py", line 371, in main
Traceback (most recent call last):
    raise ValueError(
        f'Cannot register {name} for automatic cleanup: '
        f'unknown resource type {rtype}')
  File "/global/common/software/nersc/pe/conda-envs/26.1.0/python-3.13/nersc-python/lib/python3.13/multiprocessing/resource_tracker.py", line 371, in main
ValueError: Cannot register /loky-25524-pyiqnw6s for automatic cleanup: unknown resource type semlock
    raise ValueError(
        f'Cannot register {name} for automatic cleanup: '
Traceback (most recent call last):
        f'unknown resource type {rtype}')
ValueError: Cannot register /loky-1171178-y_12eiwu for automatic cleanup: unknown resource type semlock
  File "/global/common/software/nersc/pe/conda-envs/26.1.0/python-3.13/nersc-python/lib/python3.13/multiprocessing/resource_tracker.py", line 371, in main
Traceback (most recent call last):
    raise ValueError(
        f'Cannot register {name} for automatic cleanup: '
        f'unknown resource type {rtype}')
ValueError: Cannot register /dev/shm/joblib_memmapping_folder_25524_7576ea9511794447b87c11e46b9a9f66_0156ad5fe20a43c1a0745db6e925c42e for automatic cleanup: unknown resource type folder
Traceback (most recent call last):
  File "/global/common/software/nersc/pe/conda-envs/26.1.0/python-3.13/nersc-python/lib/python3.13/multiprocessing/resource_tracker.py", line 371, in main
    raise ValueError(
        f'Cannot register {name} for automatic cleanup: '
        f'unknown resource type {rtype}')
  File "/global/common/software/nersc/pe/conda-envs/26.1.0/python-3.13/nersc-python/lib/python3.13/multiprocessing/resource_tracker.py", line 371, in main
ValueError: Cannot register /loky-1171178-rwa3h8nd for automatic cleanup: unknown resource type semlock
    raise ValueError(
        f'Cannot register {name} for automatic cleanup: '
Traceback (most recent call last):
        f'unknown resource type {rtype}')
ValueError: Cannot register /loky-25524-qvv9s5eu for automatic cleanup: unknown resource type semlock
Traceback (most recent call last):
  File "/global/common/software/nersc/pe/conda-envs/26.1.0/python-3.13/nersc-python/lib/python3.13/multiprocessing/resource_tracker.py", line 371, in main
    raise ValueError(
        f'Cannot register {name} for automatic cleanup: '
        f'unknown resource type {rtype}')
  File "/global/common/software/nersc/pe/conda-envs/26.1.0/python-3.13/nersc-python/lib/python3.13/multiprocessing/resource_tracker.py", line 371, in main
ValueError: Cannot register /loky-1171178-rrml2pwk for automatic cleanup: unknown resource type semlock
    raise ValueError(
        f'Cannot register {name} for automatic cleanup: '
Traceback (most recent call last):
        f'unknown resource type {rtype}')
ValueError: Cannot register /loky-25524-xw40iu5y for automatic cleanup: unknown resource type semlock
Traceback (most recent call last):
  File "/global/common/software/nersc/pe/conda-envs/26.1.0/python-3.13/nersc-python/lib/python3.13/multiprocessing/resource_tracker.py", line 371, in main
    raise ValueError(
        f'Cannot register {name} for automatic cleanup: '
        f'unknown resource type {rtype}')
  File "/global/common/software/nersc/pe/conda-envs/26.1.0/python-3.13/nersc-python/lib/python3.13/multiprocessing/resource_tracker.py", line 371, in main
ValueError: Cannot register /loky-1171178-ke356uh1 for automatic cleanup: unknown resource type semlock
    raise ValueError(
        f'Cannot register {name} for automatic cleanup: '
        f'unknown resource type {rtype}')
ValueError: Cannot register /loky-25524-p628935c for automatic cleanup: unknown resource type semlock
Traceback (most recent call last):
Traceback (most recent call last):
  File "/global/common/software/nersc/pe/conda-envs/26.1.0/python-3.13/nersc-python/lib/python3.13/multiprocessing/resource_tracker.py", line 371, in main
    raise ValueError(
        f'Cannot register {name} for automatic cleanup: '
  File "/global/common/software/nersc/pe/conda-envs/26.1.0/python-3.13/nersc-python/lib/python3.13/multiprocessing/resource_tracker.py", line 371, in main
        f'unknown resource type {rtype}')
    raise ValueError(
ValueError: Cannot register /loky-1171178-9pex5wcd for automatic cleanup: unknown resource type semlock
        f'Cannot register {name} for automatic cleanup: '
Traceback (most recent call last):
        f'unknown resource type {rtype}')
ValueError: Cannot register /loky-25524-0somaxvg for automatic cleanup: unknown resource type semlock
Traceback (most recent call last):
  File "/global/common/software/nersc/pe/conda-envs/26.1.0/python-3.13/nersc-python/lib/python3.13/multiprocessing/resource_tracker.py", line 371, in main
  File "/global/common/software/nersc/pe/conda-envs/26.1.0/python-3.13/nersc-python/lib/python3.13/multiprocessing/resource_tracker.py", line 371, in main
    raise ValueError(
    raise ValueError(
        f'Cannot register {name} for automatic cleanup: '
        f'Cannot register {name} for automatic cleanup: '
        f'unknown resource type {rtype}')
        f'unknown resource type {rtype}')
ValueError: Cannot register /loky-1171178-2vxuj17v for automatic cleanup: unknown resource type semlock
ValueError: Cannot register /loky-25524-0ys_hd3z for automatic cleanup: unknown resource type semlock
Traceback (most recent call last):
Traceback (most recent call last):
  File "/global/common/software/nersc/pe/conda-envs/26.1.0/python-3.13/nersc-python/lib/python3.13/multiprocessing/resource_tracker.py", line 371, in main
    raise ValueError(
        f'Cannot register {name} for automatic cleanup: '
  File "/global/common/software/nersc/pe/conda-envs/26.1.0/python-3.13/nersc-python/lib/python3.13/multiprocessing/resource_tracker.py", line 371, in main
        f'unknown resource type {rtype}')
    raise ValueError(
ValueError: Cannot register /dev/shm/joblib_memmapping_folder_1171178_cc1c213445e0452cb8c72d11c1a723c6_12fdf04174144d818de57f5014d10413 for automatic cleanup: unknown resource type folder
        f'Cannot register {name} for automatic cleanup: '
Traceback (most recent call last):
        f'unknown resource type {rtype}')
  File "/global/common/software/nersc/pe/conda-envs/26.1.0/python-3.13/nersc-python/lib/python3.13/multiprocessing/resource_tracker.py", line 371, in main
ValueError: Cannot register /loky-25524-eusedpka for automatic cleanup: unknown resource type semlock
    raise ValueError(
        f'Cannot register {name} for automatic cleanup: '
Traceback (most recent call last):
        f'unknown resource type {rtype}')
  File "/global/common/software/nersc/pe/conda-envs/26.1.0/python-3.13/nersc-python/lib/python3.13/multiprocessing/resource_tracker.py", line 371, in main
ValueError: Cannot register /loky-1171178-qxn22h4p for automatic cleanup: unknown resource type semlock
    raise ValueError(
Traceback (most recent call last):
        f'Cannot register {name} for automatic cleanup: '
        f'unknown resource type {rtype}')
ValueError: Cannot register /loky-25524-7jkj2625 for automatic cleanup: unknown resource type semlock
  File "/global/common/software/nersc/pe/conda-envs/26.1.0/python-3.13/nersc-python/lib/python3.13/multiprocessing/resource_tracker.py", line 371, in main
Traceback (most recent call last):
    raise ValueError(
        f'Cannot register {name} for automatic cleanup: '
        f'unknown resource type {rtype}')
  File "/global/common/software/nersc/pe/conda-envs/26.1.0/python-3.13/nersc-python/lib/python3.13/multiprocessing/resource_tracker.py", line 371, in main
ValueError: Cannot register /loky-1171178-7mwmorix for automatic cleanup: unknown resource type semlock
    raise ValueError(
        f'Cannot register {name} for automatic cleanup: '
Traceback (most recent call last):
        f'unknown resource type {rtype}')
ValueError: Cannot register /loky-25524-y46dokjm for automatic cleanup: unknown resource type semlock
  File "/global/common/software/nersc/pe/conda-envs/26.1.0/python-3.13/nersc-python/lib/python3.13/multiprocessing/resource_tracker.py", line 371, in main
    raise ValueError(
        f'Cannot register {name} for automatic cleanup: '
        f'unknown resource type {rtype}')
ValueError: Cannot register /loky-1171178-19stkvvf for automatic cleanup: unknown resource type semlock
Traceback (most recent call last):
  File "/global/common/software/nersc/pe/conda-envs/26.1.0/python-3.13/nersc-python/lib/python3.13/multiprocessing/resource_tracker.py", line 371, in main
    raise ValueError(
        f'Cannot register {name} for automatic cleanup: '
        f'unknown resource type {rtype}')
ValueError: Cannot register /loky-1171178-fn6t4956 for automatic cleanup: unknown resource type semlock
Traceback (most recent call last):
  File "/global/common/software/nersc/pe/conda-envs/26.1.0/python-3.13/nersc-python/lib/python3.13/multiprocessing/resource_tracker.py", line 371, in main
    raise ValueError(
        f'Cannot register {name} for automatic cleanup: '
        f'unknown resource type {rtype}')
ValueError: Cannot register /loky-1171178-k0egalgd for automatic cleanup: unknown resource type semlock
Traceback (most recent call last):
  File "/global/common/software/nersc/pe/conda-envs/26.1.0/python-3.13/nersc-python/lib/python3.13/multiprocessing/resource_tracker.py", line 371, in main
    raise ValueError(
        f'Cannot register {name} for automatic cleanup: '
        f'unknown resource type {rtype}')
ValueError: Cannot register /loky-1171178-mcyp1a9s for automatic cleanup: unknown resource type semlock
Traceback (most recent call last):
  File "/global/common/software/nersc/pe/conda-envs/26.1.0/python-3.13/nersc-python/lib/python3.13/multiprocessing/resource_tracker.py", line 371, in main
    raise ValueError(
        f'Cannot register {name} for automatic cleanup: '
        f'unknown resource type {rtype}')
ValueError: Cannot register /loky-1171178-fpwrk_la for automatic cleanup: unknown resource type semlock
Traceback (most recent call last):
  File "/global/common/software/nersc/pe/conda-envs/26.1.0/python-3.13/nersc-python/lib/python3.13/multiprocessing/resource_tracker.py", line 371, in main
    raise ValueError(
        f'Cannot register {name} for automatic cleanup: '
        f'unknown resource type {rtype}')
ValueError: Cannot register /loky-1171178-etj7o1_y for automatic cleanup: unknown resource type semlock
Traceback (most recent call last):
  File "/global/common/software/nersc/pe/conda-envs/26.1.0/python-3.13/nersc-python/lib/python3.13/multiprocessing/resource_tracker.py", line 371, in main
    raise ValueError(
        f'Cannot register {name} for automatic cleanup: '
        f'unknown resource type {rtype}')
ValueError: Cannot register /dev/shm/joblib_memmapping_folder_1171221_77daf37bf29248488f259a19761776bc_3feab187b6cb4ae8b9cc839191828047 for automatic cleanup: unknown resource type folder
Traceback (most recent call last):
  File "/global/common/software/nersc/pe/conda-envs/26.1.0/python-3.13/nersc-python/lib/python3.13/multiprocessing/resource_tracker.py", line 371, in main
    raise ValueError(
        f'Cannot register {name} for automatic cleanup: '
        f'unknown resource type {rtype}')
ValueError: Cannot register /loky-1171221-3ak06zw5 for automatic cleanup: unknown resource type semlock
Traceback (most recent call last):
  File "/global/common/software/nersc/pe/conda-envs/26.1.0/python-3.13/nersc-python/lib/python3.13/multiprocessing/resource_tracker.py", line 371, in main
    raise ValueError(
        f'Cannot register {name} for automatic cleanup: '
        f'unknown resource type {rtype}')
ValueError: Cannot register /loky-1171221-wyhhr2yz for automatic cleanup: unknown resource type semlock
Traceback (most recent call last):
  File "/global/common/software/nersc/pe/conda-envs/26.1.0/python-3.13/nersc-python/lib/python3.13/multiprocessing/resource_tracker.py", line 371, in main
    raise ValueError(
        f'Cannot register {name} for automatic cleanup: '
        f'unknown resource type {rtype}')
ValueError: Cannot register /loky-1171221-izf3rk13 for automatic cleanup: unknown resource type semlock
Traceback (most recent call last):
  File "/global/common/software/nersc/pe/conda-envs/26.1.0/python-3.13/nersc-python/lib/python3.13/multiprocessing/resource_tracker.py", line 371, in main
    raise ValueError(
        f'Cannot register {name} for automatic cleanup: '
        f'unknown resource type {rtype}')
ValueError: Cannot register /loky-1171221-35ycatcs for automatic cleanup: unknown resource type semlock
Traceback (most recent call last):
  File "/global/common/software/nersc/pe/conda-envs/26.1.0/python-3.13/nersc-python/lib/python3.13/multiprocessing/resource_tracker.py", line 371, in main
    raise ValueError(
        f'Cannot register {name} for automatic cleanup: '
        f'unknown resource type {rtype}')
ValueError: Cannot register /loky-1171221-cvoei1y1 for automatic cleanup: unknown resource type semlock
Traceback (most recent call last):
  File "/global/common/software/nersc/pe/conda-envs/26.1.0/python-3.13/nersc-python/lib/python3.13/multiprocessing/resource_tracker.py", line 371, in main
    raise ValueError(
        f'Cannot register {name} for automatic cleanup: '
        f'unknown resource type {rtype}')
ValueError: Cannot register /loky-1171221-7xjbcksu for automatic cleanup: unknown resource type semlock
Traceback (most recent call last):
  File "/global/common/software/nersc/pe/conda-envs/26.1.0/python-3.13/nersc-python/lib/python3.13/multiprocessing/resource_tracker.py", line 371, in main
    raise ValueError(
        f'Cannot register {name} for automatic cleanup: '
        f'unknown resource type {rtype}')
ValueError: Cannot register /dev/shm/joblib_memmapping_folder_1171221_77daf37bf29248488f259a19761776bc_25d994a26f99482b998f4895fb71090a for automatic cleanup: unknown resource type folder
Traceback (most recent call last):
  File "/global/common/software/nersc/pe/conda-envs/26.1.0/python-3.13/nersc-python/lib/python3.13/multiprocessing/resource_tracker.py", line 371, in main
    raise ValueError(
        f'Cannot register {name} for automatic cleanup: '
        f'unknown resource type {rtype}')
ValueError: Cannot register /loky-1171221-w3_9i_pc for automatic cleanup: unknown resource type semlock
Traceback (most recent call last):
  File "/global/common/software/nersc/pe/conda-envs/26.1.0/python-3.13/nersc-python/lib/python3.13/multiprocessing/resource_tracker.py", line 371, in main
    raise ValueError(
        f'Cannot register {name} for automatic cleanup: '
        f'unknown resource type {rtype}')
ValueError: Cannot register /loky-1171221-z4dn69t5 for automatic cleanup: unknown resource type semlock
Traceback (most recent call last):
  File "/global/common/software/nersc/pe/conda-envs/26.1.0/python-3.13/nersc-python/lib/python3.13/multiprocessing/resource_tracker.py", line 371, in main
    raise ValueError(
        f'Cannot register {name} for automatic cleanup: '
        f'unknown resource type {rtype}')
ValueError: Cannot register /loky-1171221-xl0kwizm for automatic cleanup: unknown resource type semlock
Traceback (most recent call last):
  File "/global/common/software/nersc/pe/conda-envs/26.1.0/python-3.13/nersc-python/lib/python3.13/multiprocessing/resource_tracker.py", line 371, in main
    raise ValueError(
        f'Cannot register {name} for automatic cleanup: '
        f'unknown resource type {rtype}')
ValueError: Cannot register /loky-1171221-jwx05hc9 for automatic cleanup: unknown resource type semlock
Traceback (most recent call last):
  File "/global/common/software/nersc/pe/conda-envs/26.1.0/python-3.13/nersc-python/lib/python3.13/multiprocessing/resource_tracker.py", line 371, in main
    raise ValueError(
        f'Cannot register {name} for automatic cleanup: '
        f'unknown resource type {rtype}')
ValueError: Cannot register /loky-1171221-1yic7tl2 for automatic cleanup: unknown resource type semlock
Traceback (most recent call last):
  File "/global/common/software/nersc/pe/conda-envs/26.1.0/python-3.13/nersc-python/lib/python3.13/multiprocessing/resource_tracker.py", line 371, in main
    raise ValueError(
        f'Cannot register {name} for automatic cleanup: '
        f'unknown resource type {rtype}')
ValueError: Cannot register /loky-1171221-48ivccu1 for automatic cleanup: unknown resource type semlock
Traceback (most recent call last):
  File "/global/common/software/nersc/pe/conda-envs/26.1.0/python-3.13/nersc-python/lib/python3.13/multiprocessing/resource_tracker.py", line 371, in main
    raise ValueError(
        f'Cannot register {name} for automatic cleanup: '
        f'unknown resource type {rtype}')
ValueError: Cannot register /loky-1171221-wnuwo4zb for automatic cleanup: unknown resource type semlock
Traceback (most recent call last):
  File "/global/common/software/nersc/pe/conda-envs/26.1.0/python-3.13/nersc-python/lib/python3.13/multiprocessing/resource_tracker.py", line 371, in main
    raise ValueError(
        f'Cannot register {name} for automatic cleanup: '
        f'unknown resource type {rtype}')
ValueError: Cannot register /loky-1171221-583bqwmg for automatic cleanup: unknown resource type semlock
Traceback (most recent call last):
Traceback (most recent call last):
  File "/global/common/software/nersc/pe/conda-envs/26.1.0/python-3.13/nersc-python/lib/python3.13/multiprocessing/resource_tracker.py", line 371, in main
  File "/global/common/software/nersc/pe/conda-envs/26.1.0/python-3.13/nersc-python/lib/python3.13/multiprocessing/resource_tracker.py", line 371, in main
    raise ValueError(
    raise ValueError(
        f'Cannot register {name} for automatic cleanup: '
        f'Cannot register {name} for automatic cleanup: '
        f'unknown resource type {rtype}')
        f'unknown resource type {rtype}')
ValueError: Cannot register /dev/shm/joblib_memmapping_folder_1171246_7be56bd8b7cd4fe4af71ff101ef02a22_d058796d39c2444fb6ed4f6d8ec27de4 for automatic cleanup: unknown resource type folder
ValueError: Cannot register /dev/shm/joblib_memmapping_folder_1171248_93326296c74243789f20b6153d63e576_10ca0ecab50e41abbf542f9afe3ad84a for automatic cleanup: unknown resource type folder
Traceback (most recent call last):
Traceback (most recent call last):
  File "/global/common/software/nersc/pe/conda-envs/26.1.0/python-3.13/nersc-python/lib/python3.13/multiprocessing/resource_tracker.py", line 371, in main
  File "/global/common/software/nersc/pe/conda-envs/26.1.0/python-3.13/nersc-python/lib/python3.13/multiprocessing/resource_tracker.py", line 371, in main
    raise ValueError(
    raise ValueError(
        f'Cannot register {name} for automatic cleanup: '
        f'Cannot register {name} for automatic cleanup: '
        f'unknown resource type {rtype}')
        f'unknown resource type {rtype}')
ValueError: Cannot register /loky-1171248-v6jmyo00 for automatic cleanup: unknown resource type semlock
ValueError: Cannot register /loky-1171246-m6rum7r2 for automatic cleanup: unknown resource type semlock
Traceback (most recent call last):
Traceback (most recent call last):
  File "/global/common/software/nersc/pe/conda-envs/26.1.0/python-3.13/nersc-python/lib/python3.13/multiprocessing/resource_tracker.py", line 371, in main
  File "/global/common/software/nersc/pe/conda-envs/26.1.0/python-3.13/nersc-python/lib/python3.13/multiprocessing/resource_tracker.py", line 371, in main
    raise ValueError(
        f'Cannot register {name} for automatic cleanup: '
    raise ValueError(
        f'unknown resource type {rtype}')
        f'Cannot register {name} for automatic cleanup: '
ValueError: Cannot register /loky-1171248-u2pnlxdc for automatic cleanup: unknown resource type semlock
        f'unknown resource type {rtype}')
Traceback (most recent call last):
ValueError: Cannot register /loky-1171246-1wbsv_sk for automatic cleanup: unknown resource type semlock
  File "/global/common/software/nersc/pe/conda-envs/26.1.0/python-3.13/nersc-python/lib/python3.13/multiprocessing/resource_tracker.py", line 371, in main
Traceback (most recent call last):
    raise ValueError(
  File "/global/common/software/nersc/pe/conda-envs/26.1.0/python-3.13/nersc-python/lib/python3.13/multiprocessing/resource_tracker.py", line 371, in main
        f'Cannot register {name} for automatic cleanup: '
    raise ValueError(
        f'unknown resource type {rtype}')
        f'Cannot register {name} for automatic cleanup: '
ValueError: Cannot register /loky-1171248-4xmc32yp for automatic cleanup: unknown resource type semlock
        f'unknown resource type {rtype}')
Traceback (most recent call last):
ValueError: Cannot register /loky-1171246-w8ro0llr for automatic cleanup: unknown resource type semlock
  File "/global/common/software/nersc/pe/conda-envs/26.1.0/python-3.13/nersc-python/lib/python3.13/multiprocessing/resource_tracker.py", line 371, in main
    raise ValueError(
Traceback (most recent call last):
        f'Cannot register {name} for automatic cleanup: '
  File "/global/common/software/nersc/pe/conda-envs/26.1.0/python-3.13/nersc-python/lib/python3.13/multiprocessing/resource_tracker.py", line 371, in main
        f'unknown resource type {rtype}')
    raise ValueError(
ValueError: Cannot register /loky-1171248-w7bhcmeu for automatic cleanup: unknown resource type semlock
        f'Cannot register {name} for automatic cleanup: '
Traceback (most recent call last):
        f'unknown resource type {rtype}')
  File "/global/common/software/nersc/pe/conda-envs/26.1.0/python-3.13/nersc-python/lib/python3.13/multiprocessing/resource_tracker.py", line 371, in main
ValueError: Cannot register /loky-1171246-ivny5kmr for automatic cleanup: unknown resource type semlock
    raise ValueError(
Traceback (most recent call last):
        f'Cannot register {name} for automatic cleanup: '
  File "/global/common/software/nersc/pe/conda-envs/26.1.0/python-3.13/nersc-python/lib/python3.13/multiprocessing/resource_tracker.py", line 371, in main
        f'unknown resource type {rtype}')
    raise ValueError(
ValueError: Cannot register /loky-1171248-n8z7nfhg for automatic cleanup: unknown resource type semlock
        f'Cannot register {name} for automatic cleanup: '
Traceback (most recent call last):
        f'unknown resource type {rtype}')
  File "/global/common/software/nersc/pe/conda-envs/26.1.0/python-3.13/nersc-python/lib/python3.13/multiprocessing/resource_tracker.py", line 371, in main
    raise ValueError(
ValueError: Cannot register /loky-1171246-vkb567s1 for automatic cleanup: unknown resource type semlock
        f'Cannot register {name} for automatic cleanup: '
Traceback (most recent call last):
        f'unknown resource type {rtype}')
  File "/global/common/software/nersc/pe/conda-envs/26.1.0/python-3.13/nersc-python/lib/python3.13/multiprocessing/resource_tracker.py", line 371, in main
ValueError: Cannot register /loky-1171248-hddymhz0 for automatic cleanup: unknown resource type semlock
    raise ValueError(
Traceback (most recent call last):
        f'Cannot register {name} for automatic cleanup: '
  File "/global/common/software/nersc/pe/conda-envs/26.1.0/python-3.13/nersc-python/lib/python3.13/multiprocessing/resource_tracker.py", line 371, in main
        f'unknown resource type {rtype}')
    raise ValueError(
ValueError: Cannot register /loky-1171246-cx8rukpt for automatic cleanup: unknown resource type semlock
        f'Cannot register {name} for automatic cleanup: '
Traceback (most recent call last):
        f'unknown resource type {rtype}')
  File "/global/common/software/nersc/pe/conda-envs/26.1.0/python-3.13/nersc-python/lib/python3.13/multiprocessing/resource_tracker.py", line 371, in main
ValueError: Cannot register /dev/shm/joblib_memmapping_folder_1171248_93326296c74243789f20b6153d63e576_146c8e331915483c99a508a1e5353312 for automatic cleanup: unknown resource type folder
    raise ValueError(
Traceback (most recent call last):
        f'Cannot register {name} for automatic cleanup: '
  File "/global/common/software/nersc/pe/conda-envs/26.1.0/python-3.13/nersc-python/lib/python3.13/multiprocessing/resource_tracker.py", line 371, in main
        f'unknown resource type {rtype}')
    raise ValueError(
ValueError: Cannot register /dev/shm/joblib_memmapping_folder_1171246_7be56bd8b7cd4fe4af71ff101ef02a22_b0a1f093a2d342e9aac3e4d7eee1e8b4 for automatic cleanup: unknown resource type folder
        f'Cannot register {name} for automatic cleanup: '
Traceback (most recent call last):
        f'unknown resource type {rtype}')
  File "/global/common/software/nersc/pe/conda-envs/26.1.0/python-3.13/nersc-python/lib/python3.13/multiprocessing/resource_tracker.py", line 371, in main
ValueError: Cannot register /loky-1171248-pxm5229d for automatic cleanup: unknown resource type semlock
    raise ValueError(
Traceback (most recent call last):
        f'Cannot register {name} for automatic cleanup: '
  File "/global/common/software/nersc/pe/conda-envs/26.1.0/python-3.13/nersc-python/lib/python3.13/multiprocessing/resource_tracker.py", line 371, in main
        f'unknown resource type {rtype}')
    raise ValueError(
ValueError: Cannot register /loky-1171246-kfyqk7_0 for automatic cleanup: unknown resource type semlock
        f'Cannot register {name} for automatic cleanup: '
Traceback (most recent call last):
        f'unknown resource type {rtype}')
  File "/global/common/software/nersc/pe/conda-envs/26.1.0/python-3.13/nersc-python/lib/python3.13/multiprocessing/resource_tracker.py", line 371, in main
ValueError: Cannot register /loky-1171248-uepx3h2s for automatic cleanup: unknown resource type semlock
    raise ValueError(
Traceback (most recent call last):
        f'Cannot register {name} for automatic cleanup: '
  File "/global/common/software/nersc/pe/conda-envs/26.1.0/python-3.13/nersc-python/lib/python3.13/multiprocessing/resource_tracker.py", line 371, in main
        f'unknown resource type {rtype}')
    raise ValueError(
ValueError: Cannot register /loky-1171246-t2ypi_7a for automatic cleanup: unknown resource type semlock
        f'Cannot register {name} for automatic cleanup: '
Traceback (most recent call last):
        f'unknown resource type {rtype}')
  File "/global/common/software/nersc/pe/conda-envs/26.1.0/python-3.13/nersc-python/lib/python3.13/multiprocessing/resource_tracker.py", line 371, in main
ValueError: Cannot register /loky-1171248-_crihir6 for automatic cleanup: unknown resource type semlock
    raise ValueError(
Traceback (most recent call last):
        f'Cannot register {name} for automatic cleanup: '
  File "/global/common/software/nersc/pe/conda-envs/26.1.0/python-3.13/nersc-python/lib/python3.13/multiprocessing/resource_tracker.py", line 371, in main
        f'unknown resource type {rtype}')
    raise ValueError(
ValueError: Cannot register /loky-1171246-ttr2f_86 for automatic cleanup: unknown resource type semlock
        f'Cannot register {name} for automatic cleanup: '
Traceback (most recent call last):
        f'unknown resource type {rtype}')
  File "/global/common/software/nersc/pe/conda-envs/26.1.0/python-3.13/nersc-python/lib/python3.13/multiprocessing/resource_tracker.py", line 371, in main
ValueError: Cannot register /loky-1171248-_sx08qky for automatic cleanup: unknown resource type semlock
    raise ValueError(
Traceback (most recent call last):
        f'Cannot register {name} for automatic cleanup: '
  File "/global/common/software/nersc/pe/conda-envs/26.1.0/python-3.13/nersc-python/lib/python3.13/multiprocessing/resource_tracker.py", line 371, in main
        f'unknown resource type {rtype}')
    raise ValueError(
ValueError: Cannot register /loky-1171246-ir6aaw88 for automatic cleanup: unknown resource type semlock
        f'Cannot register {name} for automatic cleanup: '
Traceback (most recent call last):
        f'unknown resource type {rtype}')
  File "/global/common/software/nersc/pe/conda-envs/26.1.0/python-3.13/nersc-python/lib/python3.13/multiprocessing/resource_tracker.py", line 371, in main
ValueError: Cannot register /loky-1171248-k9xt2n04 for automatic cleanup: unknown resource type semlock
    raise ValueError(
Traceback (most recent call last):
        f'Cannot register {name} for automatic cleanup: '
  File "/global/common/software/nersc/pe/conda-envs/26.1.0/python-3.13/nersc-python/lib/python3.13/multiprocessing/resource_tracker.py", line 371, in main
        f'unknown resource type {rtype}')
    raise ValueError(
ValueError: Cannot register /loky-1171246-y7ayq9oa for automatic cleanup: unknown resource type semlock
        f'Cannot register {name} for automatic cleanup: '
Traceback (most recent call last):
        f'unknown resource type {rtype}')
  File "/global/common/software/nersc/pe/conda-envs/26.1.0/python-3.13/nersc-python/lib/python3.13/multiprocessing/resource_tracker.py", line 371, in main
ValueError: Cannot register /loky-1171248-jbzc6_2v for automatic cleanup: unknown resource type semlock
    raise ValueError(
Traceback (most recent call last):
        f'Cannot register {name} for automatic cleanup: '
  File "/global/common/software/nersc/pe/conda-envs/26.1.0/python-3.13/nersc-python/lib/python3.13/multiprocessing/resource_tracker.py", line 371, in main
        f'unknown resource type {rtype}')
    raise ValueError(
ValueError: Cannot register /loky-1171246-z21f4kwn for automatic cleanup: unknown resource type semlock
        f'Cannot register {name} for automatic cleanup: '
Traceback (most recent call last):
        f'unknown resource type {rtype}')
  File "/global/common/software/nersc/pe/conda-envs/26.1.0/python-3.13/nersc-python/lib/python3.13/multiprocessing/resource_tracker.py", line 371, in main
ValueError: Cannot register /loky-1171248-kktv4bga for automatic cleanup: unknown resource type semlock
    raise ValueError(
Traceback (most recent call last):
        f'Cannot register {name} for automatic cleanup: '
  File "/global/common/software/nersc/pe/conda-envs/26.1.0/python-3.13/nersc-python/lib/python3.13/multiprocessing/resource_tracker.py", line 371, in main
        f'unknown resource type {rtype}')
    raise ValueError(
ValueError: Cannot register /loky-1171246-t5gmnao4 for automatic cleanup: unknown resource type semlock
        f'Cannot register {name} for automatic cleanup: '
Traceback (most recent call last):
        f'unknown resource type {rtype}')
  File "/global/common/software/nersc/pe/conda-envs/26.1.0/python-3.13/nersc-python/lib/python3.13/multiprocessing/resource_tracker.py", line 371, in main
ValueError: Cannot register /loky-1171248-3sh8awzq for automatic cleanup: unknown resource type semlock
    raise ValueError(
        f'Cannot register {name} for automatic cleanup: '
        f'unknown resource type {rtype}')
ValueError: Cannot register /loky-1171246-2lyaoqop for automatic cleanup: unknown resource type semlock
Traceback (most recent call last):
  File "/global/common/software/nersc/pe/conda-envs/26.1.0/python-3.13/nersc-python/lib/python3.13/multiprocessing/resource_tracker.py", line 371, in main
    raise ValueError(
        f'Cannot register {name} for automatic cleanup: '
        f'unknown resource type {rtype}')
ValueError: Cannot register /dev/shm/joblib_memmapping_folder_1171241_917cfa5e85e84813bd28cfea50c0284c_aeffcd41786c4015bf7943c6a17b65a2 for automatic cleanup: unknown resource type folder
Traceback (most recent call last):
  File "/global/common/software/nersc/pe/conda-envs/26.1.0/python-3.13/nersc-python/lib/python3.13/multiprocessing/resource_tracker.py", line 371, in main
    raise ValueError(
        f'Cannot register {name} for automatic cleanup: '
        f'unknown resource type {rtype}')
ValueError: Cannot register /loky-1171241-8r4jbsfv for automatic cleanup: unknown resource type semlock
Traceback (most recent call last):
  File "/global/common/software/nersc/pe/conda-envs/26.1.0/python-3.13/nersc-python/lib/python3.13/multiprocessing/resource_tracker.py", line 371, in main
    raise ValueError(
        f'Cannot register {name} for automatic cleanup: '
        f'unknown resource type {rtype}')
ValueError: Cannot register /loky-1171241-t2nx2d_h for automatic cleanup: unknown resource type semlock
Traceback (most recent call last):
  File "/global/common/software/nersc/pe/conda-envs/26.1.0/python-3.13/nersc-python/lib/python3.13/multiprocessing/resource_tracker.py", line 371, in main
    raise ValueError(
        f'Cannot register {name} for automatic cleanup: '
        f'unknown resource type {rtype}')
ValueError: Cannot register /loky-1171241-5xumr48x for automatic cleanup: unknown resource type semlock
Traceback (most recent call last):
  File "/global/common/software/nersc/pe/conda-envs/26.1.0/python-3.13/nersc-python/lib/python3.13/multiprocessing/resource_tracker.py", line 371, in main
    raise ValueError(
        f'Cannot register {name} for automatic cleanup: '
        f'unknown resource type {rtype}')
ValueError: Cannot register /loky-1171241-1x8qaji5 for automatic cleanup: unknown resource type semlock
Traceback (most recent call last):
  File "/global/common/software/nersc/pe/conda-envs/26.1.0/python-3.13/nersc-python/lib/python3.13/multiprocessing/resource_tracker.py", line 371, in main
    raise ValueError(
        f'Cannot register {name} for automatic cleanup: '
        f'unknown resource type {rtype}')
ValueError: Cannot register /loky-1171241-7ym20sxc for automatic cleanup: unknown resource type semlock
Traceback (most recent call last):
  File "/global/common/software/nersc/pe/conda-envs/26.1.0/python-3.13/nersc-python/lib/python3.13/multiprocessing/resource_tracker.py", line 371, in main
    raise ValueError(
        f'Cannot register {name} for automatic cleanup: '
        f'unknown resource type {rtype}')
ValueError: Cannot register /loky-1171241-r3bxcnne for automatic cleanup: unknown resource type semlock
Traceback (most recent call last):
  File "/global/common/software/nersc/pe/conda-envs/26.1.0/python-3.13/nersc-python/lib/python3.13/multiprocessing/resource_tracker.py", line 371, in main
    raise ValueError(
        f'Cannot register {name} for automatic cleanup: '
        f'unknown resource type {rtype}')
ValueError: Cannot register /dev/shm/joblib_memmapping_folder_1171241_917cfa5e85e84813bd28cfea50c0284c_8d3a708de84a4481a8e262e27a70fe4f for automatic cleanup: unknown resource type folder
Traceback (most recent call last):
  File "/global/common/software/nersc/pe/conda-envs/26.1.0/python-3.13/nersc-python/lib/python3.13/multiprocessing/resource_tracker.py", line 371, in main
    raise ValueError(
        f'Cannot register {name} for automatic cleanup: '
        f'unknown resource type {rtype}')
ValueError: Cannot register /loky-1171241-rc6l1zw8 for automatic cleanup: unknown resource type semlock
Traceback (most recent call last):
  File "/global/common/software/nersc/pe/conda-envs/26.1.0/python-3.13/nersc-python/lib/python3.13/multiprocessing/resource_tracker.py", line 371, in main
    raise ValueError(
        f'Cannot register {name} for automatic cleanup: '
        f'unknown resource type {rtype}')
ValueError: Cannot register /loky-1171241-vgkkbx8u for automatic cleanup: unknown resource type semlock
Traceback (most recent call last):
  File "/global/common/software/nersc/pe/conda-envs/26.1.0/python-3.13/nersc-python/lib/python3.13/multiprocessing/resource_tracker.py", line 371, in main
    raise ValueError(
        f'Cannot register {name} for automatic cleanup: '
        f'unknown resource type {rtype}')
ValueError: Cannot register /loky-1171241-kd06upxg for automatic cleanup: unknown resource type semlock
Traceback (most recent call last):
  File "/global/common/software/nersc/pe/conda-envs/26.1.0/python-3.13/nersc-python/lib/python3.13/multiprocessing/resource_tracker.py", line 371, in main
    raise ValueError(
        f'Cannot register {name} for automatic cleanup: '
        f'unknown resource type {rtype}')
ValueError: Cannot register /loky-1171241-z9x5p3jf for automatic cleanup: unknown resource type semlock
Traceback (most recent call last):
  File "/global/common/software/nersc/pe/conda-envs/26.1.0/python-3.13/nersc-python/lib/python3.13/multiprocessing/resource_tracker.py", line 371, in main
    raise ValueError(
        f'Cannot register {name} for automatic cleanup: '
        f'unknown resource type {rtype}')
ValueError: Cannot register /loky-1171241-2gz5s2h4 for automatic cleanup: unknown resource type semlock
Traceback (most recent call last):
  File "/global/common/software/nersc/pe/conda-envs/26.1.0/python-3.13/nersc-python/lib/python3.13/multiprocessing/resource_tracker.py", line 371, in main
    raise ValueError(
        f'Cannot register {name} for automatic cleanup: '
        f'unknown resource type {rtype}')
ValueError: Cannot register /loky-1171241-jknwo9zr for automatic cleanup: unknown resource type semlock
Traceback (most recent call last):
  File "/global/common/software/nersc/pe/conda-envs/26.1.0/python-3.13/nersc-python/lib/python3.13/multiprocessing/resource_tracker.py", line 371, in main
    raise ValueError(
        f'Cannot register {name} for automatic cleanup: '
        f'unknown resource type {rtype}')
ValueError: Cannot register /loky-1171241-cjkm8i8x for automatic cleanup: unknown resource type semlock
Traceback (most recent call last):
  File "/global/common/software/nersc/pe/conda-envs/26.1.0/python-3.13/nersc-python/lib/python3.13/multiprocessing/resource_tracker.py", line 371, in main
    raise ValueError(
        f'Cannot register {name} for automatic cleanup: '
        f'unknown resource type {rtype}')
ValueError: Cannot register /loky-1171241-jdhjumi1 for automatic cleanup: unknown resource type semlock
Traceback (most recent call last):
  File "/global/common/software/nersc/pe/conda-envs/26.1.0/python-3.13/nersc-python/lib/python3.13/multiprocessing/resource_tracker.py", line 371, in main
    raise ValueError(
        f'Cannot register {name} for automatic cleanup: '
        f'unknown resource type {rtype}')
ValueError: Cannot register /dev/shm/joblib_memmapping_folder_1171235_d1030d45e6cf4c8dad54c2943b6f9a01_83dca7ed555c4cc0820eb0377fb69b4b for automatic cleanup: unknown resource type folder
Traceback (most recent call last):
  File "/global/common/software/nersc/pe/conda-envs/26.1.0/python-3.13/nersc-python/lib/python3.13/multiprocessing/resource_tracker.py", line 371, in main
    raise ValueError(
        f'Cannot register {name} for automatic cleanup: '
        f'unknown resource type {rtype}')
ValueError: Cannot register /loky-1171235-e2b79m91 for automatic cleanup: unknown resource type semlock
Traceback (most recent call last):
  File "/global/common/software/nersc/pe/conda-envs/26.1.0/python-3.13/nersc-python/lib/python3.13/multiprocessing/resource_tracker.py", line 371, in main
    raise ValueError(
        f'Cannot register {name} for automatic cleanup: '
        f'unknown resource type {rtype}')
ValueError: Cannot register /loky-1171235-asf22baq for automatic cleanup: unknown resource type semlock
Traceback (most recent call last):
  File "/global/common/software/nersc/pe/conda-envs/26.1.0/python-3.13/nersc-python/lib/python3.13/multiprocessing/resource_tracker.py", line 371, in main
    raise ValueError(
        f'Cannot register {name} for automatic cleanup: '
        f'unknown resource type {rtype}')
ValueError: Cannot register /loky-1171235-9twdemto for automatic cleanup: unknown resource type semlock
Traceback (most recent call last):
  File "/global/common/software/nersc/pe/conda-envs/26.1.0/python-3.13/nersc-python/lib/python3.13/multiprocessing/resource_tracker.py", line 371, in main
    raise ValueError(
        f'Cannot register {name} for automatic cleanup: '
        f'unknown resource type {rtype}')
ValueError: Cannot register /loky-1171235-vgrczaod for automatic cleanup: unknown resource type semlock
Traceback (most recent call last):
  File "/global/common/software/nersc/pe/conda-envs/26.1.0/python-3.13/nersc-python/lib/python3.13/multiprocessing/resource_tracker.py", line 371, in main
    raise ValueError(
        f'Cannot register {name} for automatic cleanup: '
        f'unknown resource type {rtype}')
ValueError: Cannot register /loky-1171235-tw4b5oru for automatic cleanup: unknown resource type semlock
Traceback (most recent call last):
  File "/global/common/software/nersc/pe/conda-envs/26.1.0/python-3.13/nersc-python/lib/python3.13/multiprocessing/resource_tracker.py", line 371, in main
    raise ValueError(
        f'Cannot register {name} for automatic cleanup: '
        f'unknown resource type {rtype}')
ValueError: Cannot register /loky-1171235-xm_oebea for automatic cleanup: unknown resource type semlock
Traceback (most recent call last):
  File "/global/common/software/nersc/pe/conda-envs/26.1.0/python-3.13/nersc-python/lib/python3.13/multiprocessing/resource_tracker.py", line 371, in main
    raise ValueError(
        f'Cannot register {name} for automatic cleanup: '
        f'unknown resource type {rtype}')
ValueError: Cannot register /dev/shm/joblib_memmapping_folder_1171235_d1030d45e6cf4c8dad54c2943b6f9a01_d9c59b571b334bf38936a1bf399b55c5 for automatic cleanup: unknown resource type folder
Traceback (most recent call last):
  File "/global/common/software/nersc/pe/conda-envs/26.1.0/python-3.13/nersc-python/lib/python3.13/multiprocessing/resource_tracker.py", line 371, in main
    raise ValueError(
        f'Cannot register {name} for automatic cleanup: '
        f'unknown resource type {rtype}')
ValueError: Cannot register /loky-1171235-jy1kb85j for automatic cleanup: unknown resource type semlock
Traceback (most recent call last):
  File "/global/common/software/nersc/pe/conda-envs/26.1.0/python-3.13/nersc-python/lib/python3.13/multiprocessing/resource_tracker.py", line 371, in main
    raise ValueError(
        f'Cannot register {name} for automatic cleanup: '
        f'unknown resource type {rtype}')
ValueError: Cannot register /loky-1171235-edkp2nz3 for automatic cleanup: unknown resource type semlock
Traceback (most recent call last):
  File "/global/common/software/nersc/pe/conda-envs/26.1.0/python-3.13/nersc-python/lib/python3.13/multiprocessing/resource_tracker.py", line 371, in main
    raise ValueError(
        f'Cannot register {name} for automatic cleanup: '
        f'unknown resource type {rtype}')
ValueError: Cannot register /loky-1171235-xnp7nlr3 for automatic cleanup: unknown resource type semlock
Traceback (most recent call last):
  File "/global/common/software/nersc/pe/conda-envs/26.1.0/python-3.13/nersc-python/lib/python3.13/multiprocessing/resource_tracker.py", line 371, in main
    raise ValueError(
        f'Cannot register {name} for automatic cleanup: '
        f'unknown resource type {rtype}')
ValueError: Cannot register /loky-1171235-b92vsevs for automatic cleanup: unknown resource type semlock
Traceback (most recent call last):
  File "/global/common/software/nersc/pe/conda-envs/26.1.0/python-3.13/nersc-python/lib/python3.13/multiprocessing/resource_tracker.py", line 371, in main
    raise ValueError(
        f'Cannot register {name} for automatic cleanup: '
        f'unknown resource type {rtype}')
ValueError: Cannot register /loky-1171235-n1t12dis for automatic cleanup: unknown resource type semlock
Traceback (most recent call last):
  File "/global/common/software/nersc/pe/conda-envs/26.1.0/python-3.13/nersc-python/lib/python3.13/multiprocessing/resource_tracker.py", line 371, in main
    raise ValueError(
        f'Cannot register {name} for automatic cleanup: '
        f'unknown resource type {rtype}')
ValueError: Cannot register /loky-1171235-7zbf51hc for automatic cleanup: unknown resource type semlock
Traceback (most recent call last):
  File "/global/common/software/nersc/pe/conda-envs/26.1.0/python-3.13/nersc-python/lib/python3.13/multiprocessing/resource_tracker.py", line 371, in main
    raise ValueError(
        f'Cannot register {name} for automatic cleanup: '
        f'unknown resource type {rtype}')
ValueError: Cannot register /loky-1171235-ld121owv for automatic cleanup: unknown resource type semlock
Traceback (most recent call last):
  File "/global/common/software/nersc/pe/conda-envs/26.1.0/python-3.13/nersc-python/lib/python3.13/multiprocessing/resource_tracker.py", line 371, in main
    raise ValueError(
        f'Cannot register {name} for automatic cleanup: '
        f'unknown resource type {rtype}')
ValueError: Cannot register /loky-1171235-78oy1vee for automatic cleanup: unknown resource type semlock
Traceback (most recent call last):
  File "/global/common/software/nersc/pe/conda-envs/26.1.0/python-3.13/nersc-python/lib/python3.13/multiprocessing/resource_tracker.py", line 371, in main
    raise ValueError(
        f'Cannot register {name} for automatic cleanup: '
        f'unknown resource type {rtype}')
ValueError: Cannot register /dev/shm/joblib_memmapping_folder_1171225_1d83eb49cc1944adb18c167457e89cf7_3379d6308cc34283b4cd6637d454d06b for automatic cleanup: unknown resource type folder
Traceback (most recent call last):
  File "/global/common/software/nersc/pe/conda-envs/26.1.0/python-3.13/nersc-python/lib/python3.13/multiprocessing/resource_tracker.py", line 371, in main
    raise ValueError(
        f'Cannot register {name} for automatic cleanup: '
        f'unknown resource type {rtype}')
ValueError: Cannot register /loky-1171225-77ew5y2k for automatic cleanup: unknown resource type semlock
Traceback (most recent call last):
  File "/global/common/software/nersc/pe/conda-envs/26.1.0/python-3.13/nersc-python/lib/python3.13/multiprocessing/resource_tracker.py", line 371, in main
    raise ValueError(
        f'Cannot register {name} for automatic cleanup: '
        f'unknown resource type {rtype}')
ValueError: Cannot register /loky-1171225-tj6ruy6u for automatic cleanup: unknown resource type semlock
Traceback (most recent call last):
  File "/global/common/software/nersc/pe/conda-envs/26.1.0/python-3.13/nersc-python/lib/python3.13/multiprocessing/resource_tracker.py", line 371, in main
    raise ValueError(
        f'Cannot register {name} for automatic cleanup: '
        f'unknown resource type {rtype}')
ValueError: Cannot register /loky-1171225-sbl4a93p for automatic cleanup: unknown resource type semlock
Traceback (most recent call last):
  File "/global/common/software/nersc/pe/conda-envs/26.1.0/python-3.13/nersc-python/lib/python3.13/multiprocessing/resource_tracker.py", line 371, in main
    raise ValueError(
        f'Cannot register {name} for automatic cleanup: '
        f'unknown resource type {rtype}')
ValueError: Cannot register /loky-1171225-58vc4o97 for automatic cleanup: unknown resource type semlock
Traceback (most recent call last):
  File "/global/common/software/nersc/pe/conda-envs/26.1.0/python-3.13/nersc-python/lib/python3.13/multiprocessing/resource_tracker.py", line 371, in main
    raise ValueError(
        f'Cannot register {name} for automatic cleanup: '
        f'unknown resource type {rtype}')
ValueError: Cannot register /loky-1171225-2rnh70k0 for automatic cleanup: unknown resource type semlock
Traceback (most recent call last):
  File "/global/common/software/nersc/pe/conda-envs/26.1.0/python-3.13/nersc-python/lib/python3.13/multiprocessing/resource_tracker.py", line 371, in main
    raise ValueError(
        f'Cannot register {name} for automatic cleanup: '
        f'unknown resource type {rtype}')
ValueError: Cannot register /loky-1171225-wuiknqly for automatic cleanup: unknown resource type semlock
Traceback (most recent call last):
  File "/global/common/software/nersc/pe/conda-envs/26.1.0/python-3.13/nersc-python/lib/python3.13/multiprocessing/resource_tracker.py", line 371, in main
    raise ValueError(
        f'Cannot register {name} for automatic cleanup: '
        f'unknown resource type {rtype}')
ValueError: Cannot register /dev/shm/joblib_memmapping_folder_1171225_1d83eb49cc1944adb18c167457e89cf7_e3a61c8a820b4d05b6d0b5981f155056 for automatic cleanup: unknown resource type folder
Traceback (most recent call last):
  File "/global/common/software/nersc/pe/conda-envs/26.1.0/python-3.13/nersc-python/lib/python3.13/multiprocessing/resource_tracker.py", line 371, in main
    raise ValueError(
        f'Cannot register {name} for automatic cleanup: '
        f'unknown resource type {rtype}')
ValueError: Cannot register /loky-1171225-bbllxk5_ for automatic cleanup: unknown resource type semlock
Traceback (most recent call last):
  File "/global/common/software/nersc/pe/conda-envs/26.1.0/python-3.13/nersc-python/lib/python3.13/multiprocessing/resource_tracker.py", line 371, in main
    raise ValueError(
        f'Cannot register {name} for automatic cleanup: '
        f'unknown resource type {rtype}')
ValueError: Cannot register /loky-1171225-npv3o3ty for automatic cleanup: unknown resource type semlock
Traceback (most recent call last):
  File "/global/common/software/nersc/pe/conda-envs/26.1.0/python-3.13/nersc-python/lib/python3.13/multiprocessing/resource_tracker.py", line 371, in main
    raise ValueError(
        f'Cannot register {name} for automatic cleanup: '
        f'unknown resource type {rtype}')
ValueError: Cannot register /loky-1171225-gmib8h0p for automatic cleanup: unknown resource type semlock
Traceback (most recent call last):
  File "/global/common/software/nersc/pe/conda-envs/26.1.0/python-3.13/nersc-python/lib/python3.13/multiprocessing/resource_tracker.py", line 371, in main
    raise ValueError(
        f'Cannot register {name} for automatic cleanup: '
        f'unknown resource type {rtype}')
ValueError: Cannot register /loky-1171225-7xzkj5u_ for automatic cleanup: unknown resource type semlock
Traceback (most recent call last):
  File "/global/common/software/nersc/pe/conda-envs/26.1.0/python-3.13/nersc-python/lib/python3.13/multiprocessing/resource_tracker.py", line 371, in main
    raise ValueError(
        f'Cannot register {name} for automatic cleanup: '
        f'unknown resource type {rtype}')
ValueError: Cannot register /loky-1171225-blf63f0y for automatic cleanup: unknown resource type semlock
Traceback (most recent call last):
  File "/global/common/software/nersc/pe/conda-envs/26.1.0/python-3.13/nersc-python/lib/python3.13/multiprocessing/resource_tracker.py", line 371, in main
    raise ValueError(
        f'Cannot register {name} for automatic cleanup: '
        f'unknown resource type {rtype}')
ValueError: Cannot register /loky-1171225-nzmhsllb for automatic cleanup: unknown resource type semlock
Traceback (most recent call last):
  File "/global/common/software/nersc/pe/conda-envs/26.1.0/python-3.13/nersc-python/lib/python3.13/multiprocessing/resource_tracker.py", line 371, in main
    raise ValueError(
        f'Cannot register {name} for automatic cleanup: '
        f'unknown resource type {rtype}')
ValueError: Cannot register /loky-1171225-747gn_yk for automatic cleanup: unknown resource type semlock
Traceback (most recent call last):
  File "/global/common/software/nersc/pe/conda-envs/26.1.0/python-3.13/nersc-python/lib/python3.13/multiprocessing/resource_tracker.py", line 371, in main
    raise ValueError(
        f'Cannot register {name} for automatic cleanup: '
        f'unknown resource type {rtype}')
ValueError: Cannot register /loky-1171225-cnvwpla_ for automatic cleanup: unknown resource type semlock
Traceback (most recent call last):
  File "/global/common/software/nersc/pe/conda-envs/26.1.0/python-3.13/nersc-python/lib/python3.13/multiprocessing/resource_tracker.py", line 371, in main
    raise ValueError(
        f'Cannot register {name} for automatic cleanup: '
        f'unknown resource type {rtype}')
ValueError: Cannot register /dev/shm/joblib_memmapping_folder_1171206_b615d9d6557c4eea886f2804eb726015_ce25efb5fb014444b77362cca6ed9717 for automatic cleanup: unknown resource type folder
Traceback (most recent call last):
  File "/global/common/software/nersc/pe/conda-envs/26.1.0/python-3.13/nersc-python/lib/python3.13/multiprocessing/resource_tracker.py", line 371, in main
    raise ValueError(
        f'Cannot register {name} for automatic cleanup: '
        f'unknown resource type {rtype}')
ValueError: Cannot register /loky-1171206-qkux4jvd for automatic cleanup: unknown resource type semlock
Traceback (most recent call last):
  File "/global/common/software/nersc/pe/conda-envs/26.1.0/python-3.13/nersc-python/lib/python3.13/multiprocessing/resource_tracker.py", line 371, in main
    raise ValueError(
        f'Cannot register {name} for automatic cleanup: '
        f'unknown resource type {rtype}')
ValueError: Cannot register /loky-1171206-_r2rtl3g for automatic cleanup: unknown resource type semlock
Traceback (most recent call last):
  File "/global/common/software/nersc/pe/conda-envs/26.1.0/python-3.13/nersc-python/lib/python3.13/multiprocessing/resource_tracker.py", line 371, in main
    raise ValueError(
        f'Cannot register {name} for automatic cleanup: '
        f'unknown resource type {rtype}')
ValueError: Cannot register /loky-1171206-mda1g31k for automatic cleanup: unknown resource type semlock
Traceback (most recent call last):
  File "/global/common/software/nersc/pe/conda-envs/26.1.0/python-3.13/nersc-python/lib/python3.13/multiprocessing/resource_tracker.py", line 371, in main
    raise ValueError(
        f'Cannot register {name} for automatic cleanup: '
        f'unknown resource type {rtype}')
ValueError: Cannot register /loky-1171206-h5ivgxrd for automatic cleanup: unknown resource type semlock
Traceback (most recent call last):
  File "/global/common/software/nersc/pe/conda-envs/26.1.0/python-3.13/nersc-python/lib/python3.13/multiprocessing/resource_tracker.py", line 371, in main
    raise ValueError(
        f'Cannot register {name} for automatic cleanup: '
        f'unknown resource type {rtype}')
ValueError: Cannot register /loky-1171206-ai3cujka for automatic cleanup: unknown resource type semlock
Traceback (most recent call last):
  File "/global/common/software/nersc/pe/conda-envs/26.1.0/python-3.13/nersc-python/lib/python3.13/multiprocessing/resource_tracker.py", line 371, in main
    raise ValueError(
        f'Cannot register {name} for automatic cleanup: '
        f'unknown resource type {rtype}')
ValueError: Cannot register /loky-1171206-mw4_0en7 for automatic cleanup: unknown resource type semlock
Traceback (most recent call last):
  File "/global/common/software/nersc/pe/conda-envs/26.1.0/python-3.13/nersc-python/lib/python3.13/multiprocessing/resource_tracker.py", line 371, in main
    raise ValueError(
        f'Cannot register {name} for automatic cleanup: '
        f'unknown resource type {rtype}')
ValueError: Cannot register /dev/shm/joblib_memmapping_folder_1171206_b615d9d6557c4eea886f2804eb726015_0c182cbe6f8a451caa535bc79fe149f8 for automatic cleanup: unknown resource type folder
Traceback (most recent call last):
  File "/global/common/software/nersc/pe/conda-envs/26.1.0/python-3.13/nersc-python/lib/python3.13/multiprocessing/resource_tracker.py", line 371, in main
    raise ValueError(
        f'Cannot register {name} for automatic cleanup: '
        f'unknown resource type {rtype}')
ValueError: Cannot register /loky-1171206-46ksda5k for automatic cleanup: unknown resource type semlock
Traceback (most recent call last):
  File "/global/common/software/nersc/pe/conda-envs/26.1.0/python-3.13/nersc-python/lib/python3.13/multiprocessing/resource_tracker.py", line 371, in main
    raise ValueError(
        f'Cannot register {name} for automatic cleanup: '
        f'unknown resource type {rtype}')
ValueError: Cannot register /loky-1171206-11dhsnie for automatic cleanup: unknown resource type semlock
Traceback (most recent call last):
  File "/global/common/software/nersc/pe/conda-envs/26.1.0/python-3.13/nersc-python/lib/python3.13/multiprocessing/resource_tracker.py", line 371, in main
    raise ValueError(
        f'Cannot register {name} for automatic cleanup: '
        f'unknown resource type {rtype}')
ValueError: Cannot register /loky-1171206-v47gb31l for automatic cleanup: unknown resource type semlock
Traceback (most recent call last):
  File "/global/common/software/nersc/pe/conda-envs/26.1.0/python-3.13/nersc-python/lib/python3.13/multiprocessing/resource_tracker.py", line 371, in main
    raise ValueError(
        f'Cannot register {name} for automatic cleanup: '
        f'unknown resource type {rtype}')
ValueError: Cannot register /loky-1171206-v3f_pdos for automatic cleanup: unknown resource type semlock
Traceback (most recent call last):
  File "/global/common/software/nersc/pe/conda-envs/26.1.0/python-3.13/nersc-python/lib/python3.13/multiprocessing/resource_tracker.py", line 371, in main
    raise ValueError(
        f'Cannot register {name} for automatic cleanup: '
        f'unknown resource type {rtype}')
ValueError: Cannot register /loky-1171206-kps0004r for automatic cleanup: unknown resource type semlock
Traceback (most recent call last):
  File "/global/common/software/nersc/pe/conda-envs/26.1.0/python-3.13/nersc-python/lib/python3.13/multiprocessing/resource_tracker.py", line 371, in main
    raise ValueError(
        f'Cannot register {name} for automatic cleanup: '
        f'unknown resource type {rtype}')
ValueError: Cannot register /loky-1171206-iolc9mdp for automatic cleanup: unknown resource type semlock
Traceback (most recent call last):
  File "/global/common/software/nersc/pe/conda-envs/26.1.0/python-3.13/nersc-python/lib/python3.13/multiprocessing/resource_tracker.py", line 371, in main
    raise ValueError(
        f'Cannot register {name} for automatic cleanup: '
        f'unknown resource type {rtype}')
ValueError: Cannot register /loky-1171206-zz6se1hh for automatic cleanup: unknown resource type semlock
Traceback (most recent call last):
  File "/global/common/software/nersc/pe/conda-envs/26.1.0/python-3.13/nersc-python/lib/python3.13/multiprocessing/resource_tracker.py", line 371, in main
    raise ValueError(
        f'Cannot register {name} for automatic cleanup: '
        f'unknown resource type {rtype}')
ValueError: Cannot register /loky-1171206-mzp_27zy for automatic cleanup: unknown resource type semlock
Traceback (most recent call last):
  File "/global/common/software/nersc/pe/conda-envs/26.1.0/python-3.13/nersc-python/lib/python3.13/multiprocessing/resource_tracker.py", line 371, in main
    raise ValueError(
        f'Cannot register {name} for automatic cleanup: '
        f'unknown resource type {rtype}')
ValueError: Cannot register /dev/shm/joblib_memmapping_folder_1171177_ef86845f568243218f6ff78a6ae584c0_ab53fd49d7d9462cb7fe21324e89f750 for automatic cleanup: unknown resource type folder
Traceback (most recent call last):
  File "/global/common/software/nersc/pe/conda-envs/26.1.0/python-3.13/nersc-python/lib/python3.13/multiprocessing/resource_tracker.py", line 371, in main
    raise ValueError(
        f'Cannot register {name} for automatic cleanup: '
        f'unknown resource type {rtype}')
ValueError: Cannot register /loky-1171177-6jsp2x1d for automatic cleanup: unknown resource type semlock
Traceback (most recent call last):
  File "/global/common/software/nersc/pe/conda-envs/26.1.0/python-3.13/nersc-python/lib/python3.13/multiprocessing/resource_tracker.py", line 371, in main
    raise ValueError(
        f'Cannot register {name} for automatic cleanup: '
        f'unknown resource type {rtype}')
ValueError: Cannot register /loky-1171177-sfooboxt for automatic cleanup: unknown resource type semlock
Traceback (most recent call last):
  File "/global/common/software/nersc/pe/conda-envs/26.1.0/python-3.13/nersc-python/lib/python3.13/multiprocessing/resource_tracker.py", line 371, in main
    raise ValueError(
        f'Cannot register {name} for automatic cleanup: '
        f'unknown resource type {rtype}')
ValueError: Cannot register /loky-1171177-n_g429_v for automatic cleanup: unknown resource type semlock
Traceback (most recent call last):
  File "/global/common/software/nersc/pe/conda-envs/26.1.0/python-3.13/nersc-python/lib/python3.13/multiprocessing/resource_tracker.py", line 371, in main
    raise ValueError(
        f'Cannot register {name} for automatic cleanup: '
        f'unknown resource type {rtype}')
ValueError: Cannot register /loky-1171177-2bu4r3ff for automatic cleanup: unknown resource type semlock
Traceback (most recent call last):
  File "/global/common/software/nersc/pe/conda-envs/26.1.0/python-3.13/nersc-python/lib/python3.13/multiprocessing/resource_tracker.py", line 371, in main
    raise ValueError(
        f'Cannot register {name} for automatic cleanup: '
        f'unknown resource type {rtype}')
ValueError: Cannot register /loky-1171177-loivg9sl for automatic cleanup: unknown resource type semlock
Traceback (most recent call last):
  File "/global/common/software/nersc/pe/conda-envs/26.1.0/python-3.13/nersc-python/lib/python3.13/multiprocessing/resource_tracker.py", line 371, in main
    raise ValueError(
        f'Cannot register {name} for automatic cleanup: '
        f'unknown resource type {rtype}')
ValueError: Cannot register /loky-1171177-0ne1o86l for automatic cleanup: unknown resource type semlock
Traceback (most recent call last):
  File "/global/common/software/nersc/pe/conda-envs/26.1.0/python-3.13/nersc-python/lib/python3.13/multiprocessing/resource_tracker.py", line 371, in main
    raise ValueError(
        f'Cannot register {name} for automatic cleanup: '
        f'unknown resource type {rtype}')
ValueError: Cannot register /dev/shm/joblib_memmapping_folder_1171177_ef86845f568243218f6ff78a6ae584c0_6a6803bfd38c4f1bb58ea3123151ce1d for automatic cleanup: unknown resource type folder
Traceback (most recent call last):
  File "/global/common/software/nersc/pe/conda-envs/26.1.0/python-3.13/nersc-python/lib/python3.13/multiprocessing/resource_tracker.py", line 371, in main
    raise ValueError(
        f'Cannot register {name} for automatic cleanup: '
        f'unknown resource type {rtype}')
ValueError: Cannot register /loky-1171177-3kfg1zzg for automatic cleanup: unknown resource type semlock
Traceback (most recent call last):
  File "/global/common/software/nersc/pe/conda-envs/26.1.0/python-3.13/nersc-python/lib/python3.13/multiprocessing/resource_tracker.py", line 371, in main
    raise ValueError(
        f'Cannot register {name} for automatic cleanup: '
        f'unknown resource type {rtype}')
ValueError: Cannot register /loky-1171177-7oyd1ikq for automatic cleanup: unknown resource type semlock
Traceback (most recent call last):
  File "/global/common/software/nersc/pe/conda-envs/26.1.0/python-3.13/nersc-python/lib/python3.13/multiprocessing/resource_tracker.py", line 371, in main
    raise ValueError(
        f'Cannot register {name} for automatic cleanup: '
        f'unknown resource type {rtype}')
ValueError: Cannot register /loky-1171177-xp_w1gps for automatic cleanup: unknown resource type semlock
Traceback (most recent call last):
  File "/global/common/software/nersc/pe/conda-envs/26.1.0/python-3.13/nersc-python/lib/python3.13/multiprocessing/resource_tracker.py", line 371, in main
    raise ValueError(
        f'Cannot register {name} for automatic cleanup: '
        f'unknown resource type {rtype}')
ValueError: Cannot register /loky-1171177-4qett7jd for automatic cleanup: unknown resource type semlock
Traceback (most recent call last):
  File "/global/common/software/nersc/pe/conda-envs/26.1.0/python-3.13/nersc-python/lib/python3.13/multiprocessing/resource_tracker.py", line 371, in main
    raise ValueError(
        f'Cannot register {name} for automatic cleanup: '
        f'unknown resource type {rtype}')
ValueError: Cannot register /loky-1171177-x3mz7iep for automatic cleanup: unknown resource type semlock
Traceback (most recent call last):
  File "/global/common/software/nersc/pe/conda-envs/26.1.0/python-3.13/nersc-python/lib/python3.13/multiprocessing/resource_tracker.py", line 371, in main
    raise ValueError(
        f'Cannot register {name} for automatic cleanup: '
        f'unknown resource type {rtype}')
ValueError: Cannot register /loky-1171177-urzpij44 for automatic cleanup: unknown resource type semlock
Traceback (most recent call last):
  File "/global/common/software/nersc/pe/conda-envs/26.1.0/python-3.13/nersc-python/lib/python3.13/multiprocessing/resource_tracker.py", line 371, in main
    raise ValueError(
        f'Cannot register {name} for automatic cleanup: '
        f'unknown resource type {rtype}')
ValueError: Cannot register /loky-1171177-dw0ngs6l for automatic cleanup: unknown resource type semlock
Traceback (most recent call last):
  File "/global/common/software/nersc/pe/conda-envs/26.1.0/python-3.13/nersc-python/lib/python3.13/multiprocessing/resource_tracker.py", line 371, in main
    raise ValueError(
        f'Cannot register {name} for automatic cleanup: '
        f'unknown resource type {rtype}')
ValueError: Cannot register /loky-1171177-98ue0151 for automatic cleanup: unknown resource type semlock
Traceback (most recent call last):
  File "/global/common/software/nersc/pe/conda-envs/26.1.0/python-3.13/nersc-python/lib/python3.13/multiprocessing/resource_tracker.py", line 371, in main
    raise ValueError(
        f'Cannot register {name} for automatic cleanup: '
        f'unknown resource type {rtype}')
ValueError: Cannot register /dev/shm/joblib_memmapping_folder_25545_f683c059db7e4a95829b2ac664754db6_732a09d6e207403fbfc7ad06381276e2 for automatic cleanup: unknown resource type folder
Traceback (most recent call last):
  File "/global/common/software/nersc/pe/conda-envs/26.1.0/python-3.13/nersc-python/lib/python3.13/multiprocessing/resource_tracker.py", line 371, in main
    raise ValueError(
        f'Cannot register {name} for automatic cleanup: '
        f'unknown resource type {rtype}')
ValueError: Cannot register /loky-25545-f8uqck11 for automatic cleanup: unknown resource type semlock
Traceback (most recent call last):
  File "/global/common/software/nersc/pe/conda-envs/26.1.0/python-3.13/nersc-python/lib/python3.13/multiprocessing/resource_tracker.py", line 371, in main
    raise ValueError(
        f'Cannot register {name} for automatic cleanup: '
        f'unknown resource type {rtype}')
ValueError: Cannot register /loky-25545-g6w4wh7v for automatic cleanup: unknown resource type semlock
Traceback (most recent call last):
  File "/global/common/software/nersc/pe/conda-envs/26.1.0/python-3.13/nersc-python/lib/python3.13/multiprocessing/resource_tracker.py", line 371, in main
    raise ValueError(
        f'Cannot register {name} for automatic cleanup: '
        f'unknown resource type {rtype}')
ValueError: Cannot register /loky-25545-568nlhcp for automatic cleanup: unknown resource type semlock
Traceback (most recent call last):
  File "/global/common/software/nersc/pe/conda-envs/26.1.0/python-3.13/nersc-python/lib/python3.13/multiprocessing/resource_tracker.py", line 371, in main
    raise ValueError(
        f'Cannot register {name} for automatic cleanup: '
        f'unknown resource type {rtype}')
ValueError: Cannot register /loky-25545-1oggbsfb for automatic cleanup: unknown resource type semlock
Traceback (most recent call last):
  File "/global/common/software/nersc/pe/conda-envs/26.1.0/python-3.13/nersc-python/lib/python3.13/multiprocessing/resource_tracker.py", line 371, in main
    raise ValueError(
        f'Cannot register {name} for automatic cleanup: '
        f'unknown resource type {rtype}')
ValueError: Cannot register /loky-25545-dffgo7hm for automatic cleanup: unknown resource type semlock
Traceback (most recent call last):
  File "/global/common/software/nersc/pe/conda-envs/26.1.0/python-3.13/nersc-python/lib/python3.13/multiprocessing/resource_tracker.py", line 371, in main
    raise ValueError(
        f'Cannot register {name} for automatic cleanup: '
        f'unknown resource type {rtype}')
ValueError: Cannot register /loky-25545-zczmwg42 for automatic cleanup: unknown resource type semlock
Traceback (most recent call last):
  File "/global/common/software/nersc/pe/conda-envs/26.1.0/python-3.13/nersc-python/lib/python3.13/multiprocessing/resource_tracker.py", line 371, in main
    raise ValueError(
        f'Cannot register {name} for automatic cleanup: '
        f'unknown resource type {rtype}')
ValueError: Cannot register /dev/shm/joblib_memmapping_folder_25545_f683c059db7e4a95829b2ac664754db6_a09f60cab9aa431b8fb0f78c944b0e8c for automatic cleanup: unknown resource type folder
Traceback (most recent call last):
  File "/global/common/software/nersc/pe/conda-envs/26.1.0/python-3.13/nersc-python/lib/python3.13/multiprocessing/resource_tracker.py", line 371, in main
    raise ValueError(
        f'Cannot register {name} for automatic cleanup: '
        f'unknown resource type {rtype}')
ValueError: Cannot register /loky-25545-6l1ibvk_ for automatic cleanup: unknown resource type semlock
Traceback (most recent call last):
  File "/global/common/software/nersc/pe/conda-envs/26.1.0/python-3.13/nersc-python/lib/python3.13/multiprocessing/resource_tracker.py", line 371, in main
    raise ValueError(
        f'Cannot register {name} for automatic cleanup: '
        f'unknown resource type {rtype}')
ValueError: Cannot register /loky-25545-65637s9w for automatic cleanup: unknown resource type semlock
Traceback (most recent call last):
  File "/global/common/software/nersc/pe/conda-envs/26.1.0/python-3.13/nersc-python/lib/python3.13/multiprocessing/resource_tracker.py", line 371, in main
    raise ValueError(
        f'Cannot register {name} for automatic cleanup: '
        f'unknown resource type {rtype}')
ValueError: Cannot register /loky-25545-dfd74_er for automatic cleanup: unknown resource type semlock
Traceback (most recent call last):
  File "/global/common/software/nersc/pe/conda-envs/26.1.0/python-3.13/nersc-python/lib/python3.13/multiprocessing/resource_tracker.py", line 371, in main
    raise ValueError(
        f'Cannot register {name} for automatic cleanup: '
        f'unknown resource type {rtype}')
ValueError: Cannot register /loky-25545-0bqdktwb for automatic cleanup: unknown resource type semlock
Traceback (most recent call last):
  File "/global/common/software/nersc/pe/conda-envs/26.1.0/python-3.13/nersc-python/lib/python3.13/multiprocessing/resource_tracker.py", line 371, in main
    raise ValueError(
        f'Cannot register {name} for automatic cleanup: '
        f'unknown resource type {rtype}')
ValueError: Cannot register /loky-25545-6rx41o09 for automatic cleanup: unknown resource type semlock
Traceback (most recent call last):
  File "/global/common/software/nersc/pe/conda-envs/26.1.0/python-3.13/nersc-python/lib/python3.13/multiprocessing/resource_tracker.py", line 371, in main
    raise ValueError(
        f'Cannot register {name} for automatic cleanup: '
        f'unknown resource type {rtype}')
ValueError: Cannot register /loky-25545-oo28l4a8 for automatic cleanup: unknown resource type semlock
Traceback (most recent call last):
  File "/global/common/software/nersc/pe/conda-envs/26.1.0/python-3.13/nersc-python/lib/python3.13/multiprocessing/resource_tracker.py", line 371, in main
    raise ValueError(
        f'Cannot register {name} for automatic cleanup: '
        f'unknown resource type {rtype}')
ValueError: Cannot register /loky-25545-pu794ygq for automatic cleanup: unknown resource type semlock
Traceback (most recent call last):
  File "/global/common/software/nersc/pe/conda-envs/26.1.0/python-3.13/nersc-python/lib/python3.13/multiprocessing/resource_tracker.py", line 371, in main
    raise ValueError(
        f'Cannot register {name} for automatic cleanup: '
        f'unknown resource type {rtype}')
ValueError: Cannot register /loky-25545-pqo72470 for automatic cleanup: unknown resource type semlock
Traceback (most recent call last):
  File "/global/common/software/nersc/pe/conda-envs/26.1.0/python-3.13/nersc-python/lib/python3.13/multiprocessing/resource_tracker.py", line 371, in main
    raise ValueError(
        f'Cannot register {name} for automatic cleanup: '
        f'unknown resource type {rtype}')
ValueError: Cannot register /dev/shm/joblib_memmapping_folder_25567_3873baba3e3a4838a53a80bbe5d136a2_4676f6e39f124ce58bb69ad0e435dd37 for automatic cleanup: unknown resource type folder
Traceback (most recent call last):
  File "/global/common/software/nersc/pe/conda-envs/26.1.0/python-3.13/nersc-python/lib/python3.13/multiprocessing/resource_tracker.py", line 371, in main
    raise ValueError(
        f'Cannot register {name} for automatic cleanup: '
        f'unknown resource type {rtype}')
ValueError: Cannot register /loky-25567-1sqs2ddo for automatic cleanup: unknown resource type semlock
Traceback (most recent call last):
  File "/global/common/software/nersc/pe/conda-envs/26.1.0/python-3.13/nersc-python/lib/python3.13/multiprocessing/resource_tracker.py", line 371, in main
    raise ValueError(
        f'Cannot register {name} for automatic cleanup: '
        f'unknown resource type {rtype}')
ValueError: Cannot register /loky-25567-inzmbo6b for automatic cleanup: unknown resource type semlock
Traceback (most recent call last):
  File "/global/common/software/nersc/pe/conda-envs/26.1.0/python-3.13/nersc-python/lib/python3.13/multiprocessing/resource_tracker.py", line 371, in main
    raise ValueError(
        f'Cannot register {name} for automatic cleanup: '
        f'unknown resource type {rtype}')
ValueError: Cannot register /loky-25567-8_d10mk9 for automatic cleanup: unknown resource type semlock
Traceback (most recent call last):
  File "/global/common/software/nersc/pe/conda-envs/26.1.0/python-3.13/nersc-python/lib/python3.13/multiprocessing/resource_tracker.py", line 371, in main
    raise ValueError(
        f'Cannot register {name} for automatic cleanup: '
        f'unknown resource type {rtype}')
ValueError: Cannot register /loky-25567-thp6mwc9 for automatic cleanup: unknown resource type semlock
Traceback (most recent call last):
  File "/global/common/software/nersc/pe/conda-envs/26.1.0/python-3.13/nersc-python/lib/python3.13/multiprocessing/resource_tracker.py", line 371, in main
    raise ValueError(
        f'Cannot register {name} for automatic cleanup: '
        f'unknown resource type {rtype}')
ValueError: Cannot register /loky-25567-wsvrwx1e for automatic cleanup: unknown resource type semlock
Traceback (most recent call last):
  File "/global/common/software/nersc/pe/conda-envs/26.1.0/python-3.13/nersc-python/lib/python3.13/multiprocessing/resource_tracker.py", line 371, in main
    raise ValueError(
        f'Cannot register {name} for automatic cleanup: '
        f'unknown resource type {rtype}')
ValueError: Cannot register /loky-25567-oq_uge8e for automatic cleanup: unknown resource type semlock
Traceback (most recent call last):
  File "/global/common/software/nersc/pe/conda-envs/26.1.0/python-3.13/nersc-python/lib/python3.13/multiprocessing/resource_tracker.py", line 371, in main
    raise ValueError(
        f'Cannot register {name} for automatic cleanup: '
        f'unknown resource type {rtype}')
ValueError: Cannot register /dev/shm/joblib_memmapping_folder_25567_3873baba3e3a4838a53a80bbe5d136a2_e3181b2d95834d22b4584e864b9e784b for automatic cleanup: unknown resource type folder
Traceback (most recent call last):
  File "/global/common/software/nersc/pe/conda-envs/26.1.0/python-3.13/nersc-python/lib/python3.13/multiprocessing/resource_tracker.py", line 371, in main
    raise ValueError(
        f'Cannot register {name} for automatic cleanup: '
        f'unknown resource type {rtype}')
ValueError: Cannot register /loky-25567-tu1ap8qz for automatic cleanup: unknown resource type semlock
Traceback (most recent call last):
  File "/global/common/software/nersc/pe/conda-envs/26.1.0/python-3.13/nersc-python/lib/python3.13/multiprocessing/resource_tracker.py", line 371, in main
    raise ValueError(
        f'Cannot register {name} for automatic cleanup: '
        f'unknown resource type {rtype}')
ValueError: Cannot register /loky-25567-wxkatpqf for automatic cleanup: unknown resource type semlock
Traceback (most recent call last):
  File "/global/common/software/nersc/pe/conda-envs/26.1.0/python-3.13/nersc-python/lib/python3.13/multiprocessing/resource_tracker.py", line 371, in main
    raise ValueError(
        f'Cannot register {name} for automatic cleanup: '
        f'unknown resource type {rtype}')
ValueError: Cannot register /loky-25567-u3l812pe for automatic cleanup: unknown resource type semlock
Traceback (most recent call last):
  File "/global/common/software/nersc/pe/conda-envs/26.1.0/python-3.13/nersc-python/lib/python3.13/multiprocessing/resource_tracker.py", line 371, in main
    raise ValueError(
        f'Cannot register {name} for automatic cleanup: '
        f'unknown resource type {rtype}')
ValueError: Cannot register /loky-25567-6lzvrf_g for automatic cleanup: unknown resource type semlock
Traceback (most recent call last):
  File "/global/common/software/nersc/pe/conda-envs/26.1.0/python-3.13/nersc-python/lib/python3.13/multiprocessing/resource_tracker.py", line 371, in main
    raise ValueError(
        f'Cannot register {name} for automatic cleanup: '
        f'unknown resource type {rtype}')
ValueError: Cannot register /loky-25567-vwoq8v83 for automatic cleanup: unknown resource type semlock
Traceback (most recent call last):
  File "/global/common/software/nersc/pe/conda-envs/26.1.0/python-3.13/nersc-python/lib/python3.13/multiprocessing/resource_tracker.py", line 371, in main
    raise ValueError(
        f'Cannot register {name} for automatic cleanup: '
        f'unknown resource type {rtype}')
ValueError: Cannot register /loky-25567-6t06bfd0 for automatic cleanup: unknown resource type semlock
Traceback (most recent call last):
  File "/global/common/software/nersc/pe/conda-envs/26.1.0/python-3.13/nersc-python/lib/python3.13/multiprocessing/resource_tracker.py", line 371, in main
    raise ValueError(
        f'Cannot register {name} for automatic cleanup: '
        f'unknown resource type {rtype}')
ValueError: Cannot register /loky-25567-g53iuxem for automatic cleanup: unknown resource type semlock
Traceback (most recent call last):
  File "/global/common/software/nersc/pe/conda-envs/26.1.0/python-3.13/nersc-python/lib/python3.13/multiprocessing/resource_tracker.py", line 371, in main
    raise ValueError(
        f'Cannot register {name} for automatic cleanup: '
        f'unknown resource type {rtype}')
ValueError: Cannot register /loky-25567-wkm00jcf for automatic cleanup: unknown resource type semlock
