Traceback (most recent call last):
  File "/global/common/software/nersc/pe/conda-envs/26.1.0/python-3.13/nersc-python/lib/python3.13/multiprocessing/resource_tracker.py", line 371, in main
    raise ValueError(
        f'Cannot register {name} for automatic cleanup: '
        f'unknown resource type {rtype}')
ValueError: Cannot register /dev/shm/joblib_memmapping_folder_1818954_b8a5b7de483c4f23a35e4825b6e62a64_88f4eabc96004679931f103fecd4dce4 for automatic cleanup: unknown resource type folder
Traceback (most recent call last):
  File "/global/common/software/nersc/pe/conda-envs/26.1.0/python-3.13/nersc-python/lib/python3.13/multiprocessing/resource_tracker.py", line 371, in main
    raise ValueError(
        f'Cannot register {name} for automatic cleanup: '
        f'unknown resource type {rtype}')
ValueError: Cannot register /loky-1818954-b_6pl192 for automatic cleanup: unknown resource type semlock
Traceback (most recent call last):
  File "/global/common/software/nersc/pe/conda-envs/26.1.0/python-3.13/nersc-python/lib/python3.13/multiprocessing/resource_tracker.py", line 371, in main
    raise ValueError(
        f'Cannot register {name} for automatic cleanup: '
        f'unknown resource type {rtype}')
ValueError: Cannot register /loky-1818954-l9uidykv for automatic cleanup: unknown resource type semlock
Traceback (most recent call last):
  File "/global/common/software/nersc/pe/conda-envs/26.1.0/python-3.13/nersc-python/lib/python3.13/multiprocessing/resource_tracker.py", line 371, in main
    raise ValueError(
        f'Cannot register {name} for automatic cleanup: '
        f'unknown resource type {rtype}')
ValueError: Cannot register /loky-1818954-5n4qrzbo for automatic cleanup: unknown resource type semlock
Traceback (most recent call last):
  File "/global/common/software/nersc/pe/conda-envs/26.1.0/python-3.13/nersc-python/lib/python3.13/multiprocessing/resource_tracker.py", line 371, in main
    raise ValueError(
        f'Cannot register {name} for automatic cleanup: '
        f'unknown resource type {rtype}')
ValueError: Cannot register /loky-1818954-ihm7vii2 for automatic cleanup: unknown resource type semlock
Traceback (most recent call last):
  File "/global/common/software/nersc/pe/conda-envs/26.1.0/python-3.13/nersc-python/lib/python3.13/multiprocessing/resource_tracker.py", line 371, in main
    raise ValueError(
        f'Cannot register {name} for automatic cleanup: '
        f'unknown resource type {rtype}')
ValueError: Cannot register /loky-1818954-e6iymecn for automatic cleanup: unknown resource type semlock
Traceback (most recent call last):
  File "/global/common/software/nersc/pe/conda-envs/26.1.0/python-3.13/nersc-python/lib/python3.13/multiprocessing/resource_tracker.py", line 371, in main
    raise ValueError(
        f'Cannot register {name} for automatic cleanup: '
        f'unknown resource type {rtype}')
ValueError: Cannot register /loky-1818954-1he0pcs4 for automatic cleanup: unknown resource type semlock
Traceback (most recent call last):
  File "/global/common/software/nersc/pe/conda-envs/26.1.0/python-3.13/nersc-python/lib/python3.13/multiprocessing/resource_tracker.py", line 371, in main
    raise ValueError(
        f'Cannot register {name} for automatic cleanup: '
        f'unknown resource type {rtype}')
ValueError: Cannot register /dev/shm/joblib_memmapping_folder_1818954_b8a5b7de483c4f23a35e4825b6e62a64_6d9c7398c5a948fbb885d7e120eab8d7 for automatic cleanup: unknown resource type folder
Traceback (most recent call last):
  File "/global/common/software/nersc/pe/conda-envs/26.1.0/python-3.13/nersc-python/lib/python3.13/multiprocessing/resource_tracker.py", line 371, in main
    raise ValueError(
        f'Cannot register {name} for automatic cleanup: '
        f'unknown resource type {rtype}')
ValueError: Cannot register /loky-1818954-kpbpa7c_ for automatic cleanup: unknown resource type semlock
Traceback (most recent call last):
  File "/global/common/software/nersc/pe/conda-envs/26.1.0/python-3.13/nersc-python/lib/python3.13/multiprocessing/resource_tracker.py", line 371, in main
    raise ValueError(
        f'Cannot register {name} for automatic cleanup: '
        f'unknown resource type {rtype}')
ValueError: Cannot register /loky-1818954-brzup6ew for automatic cleanup: unknown resource type semlock
Traceback (most recent call last):
  File "/global/common/software/nersc/pe/conda-envs/26.1.0/python-3.13/nersc-python/lib/python3.13/multiprocessing/resource_tracker.py", line 371, in main
    raise ValueError(
        f'Cannot register {name} for automatic cleanup: '
        f'unknown resource type {rtype}')
ValueError: Cannot register /loky-1818954-f55poo8l for automatic cleanup: unknown resource type semlock
Traceback (most recent call last):
  File "/global/common/software/nersc/pe/conda-envs/26.1.0/python-3.13/nersc-python/lib/python3.13/multiprocessing/resource_tracker.py", line 371, in main
    raise ValueError(
        f'Cannot register {name} for automatic cleanup: '
        f'unknown resource type {rtype}')
ValueError: Cannot register /loky-1818954-vqmyvdy0 for automatic cleanup: unknown resource type semlock
Traceback (most recent call last):
  File "/global/common/software/nersc/pe/conda-envs/26.1.0/python-3.13/nersc-python/lib/python3.13/multiprocessing/resource_tracker.py", line 371, in main
    raise ValueError(
        f'Cannot register {name} for automatic cleanup: '
        f'unknown resource type {rtype}')
ValueError: Cannot register /loky-1818954-ahsgtkwr for automatic cleanup: unknown resource type semlock
Traceback (most recent call last):
  File "/global/common/software/nersc/pe/conda-envs/26.1.0/python-3.13/nersc-python/lib/python3.13/multiprocessing/resource_tracker.py", line 371, in main
    raise ValueError(
        f'Cannot register {name} for automatic cleanup: '
        f'unknown resource type {rtype}')
ValueError: Cannot register /loky-1818954-ngyshf8_ for automatic cleanup: unknown resource type semlock
Traceback (most recent call last):
  File "/global/common/software/nersc/pe/conda-envs/26.1.0/python-3.13/nersc-python/lib/python3.13/multiprocessing/resource_tracker.py", line 371, in main
    raise ValueError(
        f'Cannot register {name} for automatic cleanup: '
        f'unknown resource type {rtype}')
ValueError: Cannot register /loky-1818954-pz4ukd19 for automatic cleanup: unknown resource type semlock
Traceback (most recent call last):
  File "/global/common/software/nersc/pe/conda-envs/26.1.0/python-3.13/nersc-python/lib/python3.13/multiprocessing/resource_tracker.py", line 371, in main
    raise ValueError(
        f'Cannot register {name} for automatic cleanup: '
        f'unknown resource type {rtype}')
ValueError: Cannot register /loky-1818954-s8xggyim for automatic cleanup: unknown resource type semlock
Traceback (most recent call last):
  File "/global/common/software/nersc/pe/conda-envs/26.1.0/python-3.13/nersc-python/lib/python3.13/multiprocessing/resource_tracker.py", line 371, in main
    raise ValueError(
        f'Cannot register {name} for automatic cleanup: '
        f'unknown resource type {rtype}')
ValueError: Cannot register /loky-1818954-tz7ntc7d for automatic cleanup: unknown resource type semlock
Traceback (most recent call last):
  File "/global/common/software/nersc/pe/conda-envs/26.1.0/python-3.13/nersc-python/lib/python3.13/multiprocessing/resource_tracker.py", line 371, in main
    raise ValueError(
        f'Cannot register {name} for automatic cleanup: '
        f'unknown resource type {rtype}')
ValueError: Cannot register /loky-1818954-om7iaqrc for automatic cleanup: unknown resource type semlock
Traceback (most recent call last):
  File "/global/common/software/nersc/pe/conda-envs/26.1.0/python-3.13/nersc-python/lib/python3.13/multiprocessing/resource_tracker.py", line 371, in main
    raise ValueError(
        f'Cannot register {name} for automatic cleanup: '
        f'unknown resource type {rtype}')
ValueError: Cannot register /loky-1818954-3hm_25sh for automatic cleanup: unknown resource type semlock
Traceback (most recent call last):
  File "/global/common/software/nersc/pe/conda-envs/26.1.0/python-3.13/nersc-python/lib/python3.13/multiprocessing/resource_tracker.py", line 371, in main
    raise ValueError(
        f'Cannot register {name} for automatic cleanup: '
        f'unknown resource type {rtype}')
ValueError: Cannot register /loky-1818954-4xq_rckb for automatic cleanup: unknown resource type semlock
Traceback (most recent call last):
  File "/global/common/software/nersc/pe/conda-envs/26.1.0/python-3.13/nersc-python/lib/python3.13/multiprocessing/resource_tracker.py", line 371, in main
    raise ValueError(
        f'Cannot register {name} for automatic cleanup: '
        f'unknown resource type {rtype}')
ValueError: Cannot register /loky-1818954-0botf8op for automatic cleanup: unknown resource type semlock
Traceback (most recent call last):
  File "/global/common/software/nersc/pe/conda-envs/26.1.0/python-3.13/nersc-python/lib/python3.13/multiprocessing/resource_tracker.py", line 371, in main
    raise ValueError(
        f'Cannot register {name} for automatic cleanup: '
        f'unknown resource type {rtype}')
ValueError: Cannot register /loky-1818954-wh65cjk3 for automatic cleanup: unknown resource type semlock
Traceback (most recent call last):
  File "/global/common/software/nersc/pe/conda-envs/26.1.0/python-3.13/nersc-python/lib/python3.13/multiprocessing/resource_tracker.py", line 371, in main
    raise ValueError(
        f'Cannot register {name} for automatic cleanup: '
        f'unknown resource type {rtype}')
ValueError: Cannot register /loky-1818954-akq4or0x for automatic cleanup: unknown resource type semlock
Traceback (most recent call last):
  File "/global/common/software/nersc/pe/conda-envs/26.1.0/python-3.13/nersc-python/lib/python3.13/multiprocessing/resource_tracker.py", line 371, in main
    raise ValueError(
        f'Cannot register {name} for automatic cleanup: '
        f'unknown resource type {rtype}')
ValueError: Cannot register /loky-1818954-k7k54dwn for automatic cleanup: unknown resource type semlock
Traceback (most recent call last):
  File "/global/common/software/nersc/pe/conda-envs/26.1.0/python-3.13/nersc-python/lib/python3.13/multiprocessing/resource_tracker.py", line 371, in main
    raise ValueError(
        f'Cannot register {name} for automatic cleanup: '
        f'unknown resource type {rtype}')
ValueError: Cannot register /dev/shm/joblib_memmapping_folder_1818956_e8c1fe7953304ee19a52dcfd9e422a02_cb3e2200f6634f3c9b3641f47f6c9664 for automatic cleanup: unknown resource type folder
Traceback (most recent call last):
  File "/global/common/software/nersc/pe/conda-envs/26.1.0/python-3.13/nersc-python/lib/python3.13/multiprocessing/resource_tracker.py", line 371, in main
    raise ValueError(
        f'Cannot register {name} for automatic cleanup: '
        f'unknown resource type {rtype}')
ValueError: Cannot register /loky-1818956-d108j9_9 for automatic cleanup: unknown resource type semlock
Traceback (most recent call last):
  File "/global/common/software/nersc/pe/conda-envs/26.1.0/python-3.13/nersc-python/lib/python3.13/multiprocessing/resource_tracker.py", line 371, in main
    raise ValueError(
        f'Cannot register {name} for automatic cleanup: '
        f'unknown resource type {rtype}')
ValueError: Cannot register /loky-1818956-z7m0xo15 for automatic cleanup: unknown resource type semlock
Traceback (most recent call last):
  File "/global/common/software/nersc/pe/conda-envs/26.1.0/python-3.13/nersc-python/lib/python3.13/multiprocessing/resource_tracker.py", line 371, in main
    raise ValueError(
        f'Cannot register {name} for automatic cleanup: '
        f'unknown resource type {rtype}')
ValueError: Cannot register /loky-1818956-_shlqxkw for automatic cleanup: unknown resource type semlock
Traceback (most recent call last):
  File "/global/common/software/nersc/pe/conda-envs/26.1.0/python-3.13/nersc-python/lib/python3.13/multiprocessing/resource_tracker.py", line 371, in main
    raise ValueError(
        f'Cannot register {name} for automatic cleanup: '
        f'unknown resource type {rtype}')
ValueError: Cannot register /loky-1818956-cj7jgmzp for automatic cleanup: unknown resource type semlock
Traceback (most recent call last):
  File "/global/common/software/nersc/pe/conda-envs/26.1.0/python-3.13/nersc-python/lib/python3.13/multiprocessing/resource_tracker.py", line 371, in main
    raise ValueError(
        f'Cannot register {name} for automatic cleanup: '
        f'unknown resource type {rtype}')
ValueError: Cannot register /loky-1818956-5gjh30ey for automatic cleanup: unknown resource type semlock
Traceback (most recent call last):
  File "/global/common/software/nersc/pe/conda-envs/26.1.0/python-3.13/nersc-python/lib/python3.13/multiprocessing/resource_tracker.py", line 371, in main
    raise ValueError(
        f'Cannot register {name} for automatic cleanup: '
        f'unknown resource type {rtype}')
ValueError: Cannot register /loky-1818956-0cow1icq for automatic cleanup: unknown resource type semlock
Traceback (most recent call last):
  File "/global/common/software/nersc/pe/conda-envs/26.1.0/python-3.13/nersc-python/lib/python3.13/multiprocessing/resource_tracker.py", line 371, in main
    raise ValueError(
        f'Cannot register {name} for automatic cleanup: '
        f'unknown resource type {rtype}')
ValueError: Cannot register /dev/shm/joblib_memmapping_folder_1818956_e8c1fe7953304ee19a52dcfd9e422a02_fab57fcdfcef4874bfa221bc462aa69c for automatic cleanup: unknown resource type folder
Traceback (most recent call last):
  File "/global/common/software/nersc/pe/conda-envs/26.1.0/python-3.13/nersc-python/lib/python3.13/multiprocessing/resource_tracker.py", line 371, in main
    raise ValueError(
        f'Cannot register {name} for automatic cleanup: '
        f'unknown resource type {rtype}')
ValueError: Cannot register /loky-1818956-s3tohgna for automatic cleanup: unknown resource type semlock
Traceback (most recent call last):
  File "/global/common/software/nersc/pe/conda-envs/26.1.0/python-3.13/nersc-python/lib/python3.13/multiprocessing/resource_tracker.py", line 371, in main
    raise ValueError(
        f'Cannot register {name} for automatic cleanup: '
        f'unknown resource type {rtype}')
ValueError: Cannot register /loky-1818956-nktrr1g4 for automatic cleanup: unknown resource type semlock
Traceback (most recent call last):
  File "/global/common/software/nersc/pe/conda-envs/26.1.0/python-3.13/nersc-python/lib/python3.13/multiprocessing/resource_tracker.py", line 371, in main
    raise ValueError(
        f'Cannot register {name} for automatic cleanup: '
        f'unknown resource type {rtype}')
ValueError: Cannot register /loky-1818956-n7baufxb for automatic cleanup: unknown resource type semlock
Traceback (most recent call last):
  File "/global/common/software/nersc/pe/conda-envs/26.1.0/python-3.13/nersc-python/lib/python3.13/multiprocessing/resource_tracker.py", line 371, in main
    raise ValueError(
        f'Cannot register {name} for automatic cleanup: '
        f'unknown resource type {rtype}')
ValueError: Cannot register /loky-1818956-0bgwuov1 for automatic cleanup: unknown resource type semlock
Traceback (most recent call last):
  File "/global/common/software/nersc/pe/conda-envs/26.1.0/python-3.13/nersc-python/lib/python3.13/multiprocessing/resource_tracker.py", line 371, in main
    raise ValueError(
        f'Cannot register {name} for automatic cleanup: '
        f'unknown resource type {rtype}')
ValueError: Cannot register /loky-1818956-oed_3kv2 for automatic cleanup: unknown resource type semlock
Traceback (most recent call last):
  File "/global/common/software/nersc/pe/conda-envs/26.1.0/python-3.13/nersc-python/lib/python3.13/multiprocessing/resource_tracker.py", line 371, in main
    raise ValueError(
        f'Cannot register {name} for automatic cleanup: '
        f'unknown resource type {rtype}')
ValueError: Cannot register /loky-1818956-p_vrd8bs for automatic cleanup: unknown resource type semlock
Traceback (most recent call last):
  File "/global/common/software/nersc/pe/conda-envs/26.1.0/python-3.13/nersc-python/lib/python3.13/multiprocessing/resource_tracker.py", line 371, in main
    raise ValueError(
        f'Cannot register {name} for automatic cleanup: '
        f'unknown resource type {rtype}')
ValueError: Cannot register /loky-1818956-_tmkmor_ for automatic cleanup: unknown resource type semlock
Traceback (most recent call last):
  File "/global/common/software/nersc/pe/conda-envs/26.1.0/python-3.13/nersc-python/lib/python3.13/multiprocessing/resource_tracker.py", line 371, in main
    raise ValueError(
        f'Cannot register {name} for automatic cleanup: '
        f'unknown resource type {rtype}')
ValueError: Cannot register /loky-1818956-w92pvop_ for automatic cleanup: unknown resource type semlock
Traceback (most recent call last):
  File "/global/common/software/nersc/pe/conda-envs/26.1.0/python-3.13/nersc-python/lib/python3.13/multiprocessing/resource_tracker.py", line 371, in main
    raise ValueError(
        f'Cannot register {name} for automatic cleanup: '
        f'unknown resource type {rtype}')
ValueError: Cannot register /loky-1818956-ycyzbkya for automatic cleanup: unknown resource type semlock
Traceback (most recent call last):
  File "/global/common/software/nersc/pe/conda-envs/26.1.0/python-3.13/nersc-python/lib/python3.13/multiprocessing/resource_tracker.py", line 371, in main
    raise ValueError(
        f'Cannot register {name} for automatic cleanup: '
        f'unknown resource type {rtype}')
ValueError: Cannot register /loky-1818956-c430hxjc for automatic cleanup: unknown resource type semlock
Traceback (most recent call last):
  File "/global/common/software/nersc/pe/conda-envs/26.1.0/python-3.13/nersc-python/lib/python3.13/multiprocessing/resource_tracker.py", line 371, in main
    raise ValueError(
        f'Cannot register {name} for automatic cleanup: '
        f'unknown resource type {rtype}')
ValueError: Cannot register /loky-1818956-bcqpbb34 for automatic cleanup: unknown resource type semlock
Traceback (most recent call last):
  File "/global/common/software/nersc/pe/conda-envs/26.1.0/python-3.13/nersc-python/lib/python3.13/multiprocessing/resource_tracker.py", line 371, in main
    raise ValueError(
        f'Cannot register {name} for automatic cleanup: '
        f'unknown resource type {rtype}')
ValueError: Cannot register /loky-1818956-vtpablnu for automatic cleanup: unknown resource type semlock
Traceback (most recent call last):
  File "/global/common/software/nersc/pe/conda-envs/26.1.0/python-3.13/nersc-python/lib/python3.13/multiprocessing/resource_tracker.py", line 371, in main
    raise ValueError(
        f'Cannot register {name} for automatic cleanup: '
        f'unknown resource type {rtype}')
ValueError: Cannot register /loky-1818956-wghk0f4y for automatic cleanup: unknown resource type semlock
Traceback (most recent call last):
  File "/global/common/software/nersc/pe/conda-envs/26.1.0/python-3.13/nersc-python/lib/python3.13/multiprocessing/resource_tracker.py", line 371, in main
    raise ValueError(
        f'Cannot register {name} for automatic cleanup: '
        f'unknown resource type {rtype}')
ValueError: Cannot register /loky-1818956-dyjc07u2 for automatic cleanup: unknown resource type semlock
Traceback (most recent call last):
  File "/global/common/software/nersc/pe/conda-envs/26.1.0/python-3.13/nersc-python/lib/python3.13/multiprocessing/resource_tracker.py", line 371, in main
    raise ValueError(
        f'Cannot register {name} for automatic cleanup: '
        f'unknown resource type {rtype}')
ValueError: Cannot register /loky-1818956-szs27rvl for automatic cleanup: unknown resource type semlock
Traceback (most recent call last):
  File "/global/common/software/nersc/pe/conda-envs/26.1.0/python-3.13/nersc-python/lib/python3.13/multiprocessing/resource_tracker.py", line 371, in main
    raise ValueError(
        f'Cannot register {name} for automatic cleanup: '
        f'unknown resource type {rtype}')
ValueError: Cannot register /loky-1818956-eplvy0zv for automatic cleanup: unknown resource type semlock
Traceback (most recent call last):
Traceback (most recent call last):
  File "/global/common/software/nersc/pe/conda-envs/26.1.0/python-3.13/nersc-python/lib/python3.13/multiprocessing/resource_tracker.py", line 371, in main
    raise ValueError(
        f'Cannot register {name} for automatic cleanup: '
        f'unknown resource type {rtype}')
ValueError: Cannot register /dev/shm/joblib_memmapping_folder_1818955_b1388dd0b3874a928ffe067441b6f0a7_ea0f9841a2c64473a25e199183588aa2 for automatic cleanup: unknown resource type folder
Traceback (most recent call last):
  File "/global/common/software/nersc/pe/conda-envs/26.1.0/python-3.13/nersc-python/lib/python3.13/multiprocessing/resource_tracker.py", line 371, in main
    raise ValueError(
        f'Cannot register {name} for automatic cleanup: '
        f'unknown resource type {rtype}')
ValueError: Cannot register /loky-1818955-ihfgg0tb for automatic cleanup: unknown resource type semlock
Traceback (most recent call last):
  File "/global/common/software/nersc/pe/conda-envs/26.1.0/python-3.13/nersc-python/lib/python3.13/multiprocessing/resource_tracker.py", line 371, in main
    raise ValueError(
        f'Cannot register {name} for automatic cleanup: '
        f'unknown resource type {rtype}')
  File "/global/common/software/nersc/pe/conda-envs/26.1.0/python-3.13/nersc-python/lib/python3.13/multiprocessing/resource_tracker.py", line 371, in main
ValueError: Cannot register /dev/shm/joblib_memmapping_folder_1818972_d9a7a7cc43a4412995b433f4817c0c75_cf8c83832ffc429e91aaae79a2ec7cc6 for automatic cleanup: unknown resource type folder
    raise ValueError(
Traceback (most recent call last):
        f'Cannot register {name} for automatic cleanup: '
        f'unknown resource type {rtype}')
  File "/global/common/software/nersc/pe/conda-envs/26.1.0/python-3.13/nersc-python/lib/python3.13/multiprocessing/resource_tracker.py", line 371, in main
ValueError: Cannot register /loky-1818955-6q0_2n8f for automatic cleanup: unknown resource type semlock
    raise ValueError(
Traceback (most recent call last):
        f'Cannot register {name} for automatic cleanup: '
  File "/global/common/software/nersc/pe/conda-envs/26.1.0/python-3.13/nersc-python/lib/python3.13/multiprocessing/resource_tracker.py", line 371, in main
    raise ValueError(
        f'unknown resource type {rtype}')
        f'Cannot register {name} for automatic cleanup: '
        f'unknown resource type {rtype}')
ValueError: Cannot register /loky-1818972-saeiowrj for automatic cleanup: unknown resource type semlock
ValueError: Cannot register /loky-1818955-64ds5wbs for automatic cleanup: unknown resource type semlock
Traceback (most recent call last):
Traceback (most recent call last):
  File "/global/common/software/nersc/pe/conda-envs/26.1.0/python-3.13/nersc-python/lib/python3.13/multiprocessing/resource_tracker.py", line 371, in main
  File "/global/common/software/nersc/pe/conda-envs/26.1.0/python-3.13/nersc-python/lib/python3.13/multiprocessing/resource_tracker.py", line 371, in main
    raise ValueError(
    raise ValueError(
        f'Cannot register {name} for automatic cleanup: '
        f'Cannot register {name} for automatic cleanup: '
        f'unknown resource type {rtype}')
        f'unknown resource type {rtype}')
ValueError: Cannot register /loky-1818972-1k1mfzzm for automatic cleanup: unknown resource type semlock
ValueError: Cannot register /loky-1818955-nbb85u8w for automatic cleanup: unknown resource type semlock
Traceback (most recent call last):
Traceback (most recent call last):
  File "/global/common/software/nersc/pe/conda-envs/26.1.0/python-3.13/nersc-python/lib/python3.13/multiprocessing/resource_tracker.py", line 371, in main
    raise ValueError(
  File "/global/common/software/nersc/pe/conda-envs/26.1.0/python-3.13/nersc-python/lib/python3.13/multiprocessing/resource_tracker.py", line 371, in main
        f'Cannot register {name} for automatic cleanup: '
    raise ValueError(
        f'unknown resource type {rtype}')
        f'Cannot register {name} for automatic cleanup: '
ValueError: Cannot register /loky-1818972-okokt_wr for automatic cleanup: unknown resource type semlock
        f'unknown resource type {rtype}')
Traceback (most recent call last):
ValueError: Cannot register /loky-1818955-hfx8sj1y for automatic cleanup: unknown resource type semlock
  File "/global/common/software/nersc/pe/conda-envs/26.1.0/python-3.13/nersc-python/lib/python3.13/multiprocessing/resource_tracker.py", line 371, in main
Traceback (most recent call last):
    raise ValueError(
  File "/global/common/software/nersc/pe/conda-envs/26.1.0/python-3.13/nersc-python/lib/python3.13/multiprocessing/resource_tracker.py", line 371, in main
        f'Cannot register {name} for automatic cleanup: '
    raise ValueError(
        f'unknown resource type {rtype}')
        f'Cannot register {name} for automatic cleanup: '
ValueError: Cannot register /loky-1818972-sd99fvrp for automatic cleanup: unknown resource type semlock
        f'unknown resource type {rtype}')
Traceback (most recent call last):
ValueError: Cannot register /loky-1818955-0mok5rd6 for automatic cleanup: unknown resource type semlock
  File "/global/common/software/nersc/pe/conda-envs/26.1.0/python-3.13/nersc-python/lib/python3.13/multiprocessing/resource_tracker.py", line 371, in main
Traceback (most recent call last):
    raise ValueError(
  File "/global/common/software/nersc/pe/conda-envs/26.1.0/python-3.13/nersc-python/lib/python3.13/multiprocessing/resource_tracker.py", line 371, in main
        f'Cannot register {name} for automatic cleanup: '
    raise ValueError(
        f'unknown resource type {rtype}')
        f'Cannot register {name} for automatic cleanup: '
ValueError: Cannot register /loky-1818972-dq9igbtg for automatic cleanup: unknown resource type semlock
        f'unknown resource type {rtype}')
Traceback (most recent call last):
ValueError: Cannot register /dev/shm/joblib_memmapping_folder_1818955_b1388dd0b3874a928ffe067441b6f0a7_1de3c5c0813349839e987c4dc11652bc for automatic cleanup: unknown resource type folder
  File "/global/common/software/nersc/pe/conda-envs/26.1.0/python-3.13/nersc-python/lib/python3.13/multiprocessing/resource_tracker.py", line 371, in main
Traceback (most recent call last):
    raise ValueError(
        f'Cannot register {name} for automatic cleanup: '
  File "/global/common/software/nersc/pe/conda-envs/26.1.0/python-3.13/nersc-python/lib/python3.13/multiprocessing/resource_tracker.py", line 371, in main
        f'unknown resource type {rtype}')
    raise ValueError(
ValueError: Cannot register /loky-1818972-_srmugdr for automatic cleanup: unknown resource type semlock
        f'Cannot register {name} for automatic cleanup: '
Traceback (most recent call last):
        f'unknown resource type {rtype}')
  File "/global/common/software/nersc/pe/conda-envs/26.1.0/python-3.13/nersc-python/lib/python3.13/multiprocessing/resource_tracker.py", line 371, in main
ValueError: Cannot register /loky-1818955-plsxs31j for automatic cleanup: unknown resource type semlock
    raise ValueError(
Traceback (most recent call last):
        f'Cannot register {name} for automatic cleanup: '
  File "/global/common/software/nersc/pe/conda-envs/26.1.0/python-3.13/nersc-python/lib/python3.13/multiprocessing/resource_tracker.py", line 371, in main
        f'unknown resource type {rtype}')
ValueError: Cannot register /dev/shm/joblib_memmapping_folder_1818972_d9a7a7cc43a4412995b433f4817c0c75_5cda2550708e4ad98bc2491e0cf5d64d for automatic cleanup: unknown resource type folder
    raise ValueError(
Traceback (most recent call last):
        f'Cannot register {name} for automatic cleanup: '
  File "/global/common/software/nersc/pe/conda-envs/26.1.0/python-3.13/nersc-python/lib/python3.13/multiprocessing/resource_tracker.py", line 371, in main
        f'unknown resource type {rtype}')
ValueError: Cannot register /loky-1818955-hy3fwvj_ for automatic cleanup: unknown resource type semlock
    raise ValueError(
Traceback (most recent call last):
        f'Cannot register {name} for automatic cleanup: '
  File "/global/common/software/nersc/pe/conda-envs/26.1.0/python-3.13/nersc-python/lib/python3.13/multiprocessing/resource_tracker.py", line 371, in main
        f'unknown resource type {rtype}')
    raise ValueError(
ValueError: Cannot register /loky-1818972-72ivbwf8 for automatic cleanup: unknown resource type semlock
        f'Cannot register {name} for automatic cleanup: '
Traceback (most recent call last):
        f'unknown resource type {rtype}')
  File "/global/common/software/nersc/pe/conda-envs/26.1.0/python-3.13/nersc-python/lib/python3.13/multiprocessing/resource_tracker.py", line 371, in main
ValueError: Cannot register /loky-1818955-xv9qhe3v for automatic cleanup: unknown resource type semlock
    raise ValueError(
Traceback (most recent call last):
        f'Cannot register {name} for automatic cleanup: '
  File "/global/common/software/nersc/pe/conda-envs/26.1.0/python-3.13/nersc-python/lib/python3.13/multiprocessing/resource_tracker.py", line 371, in main
    raise ValueError(
        f'unknown resource type {rtype}')
        f'Cannot register {name} for automatic cleanup: '
ValueError: Cannot register /loky-1818972-hg3yuaxy for automatic cleanup: unknown resource type semlock
        f'unknown resource type {rtype}')
Traceback (most recent call last):
ValueError: Cannot register /loky-1818955-us72w1rg for automatic cleanup: unknown resource type semlock
  File "/global/common/software/nersc/pe/conda-envs/26.1.0/python-3.13/nersc-python/lib/python3.13/multiprocessing/resource_tracker.py", line 371, in main
Traceback (most recent call last):
    raise ValueError(
  File "/global/common/software/nersc/pe/conda-envs/26.1.0/python-3.13/nersc-python/lib/python3.13/multiprocessing/resource_tracker.py", line 371, in main
        f'Cannot register {name} for automatic cleanup: '
        f'unknown resource type {rtype}')
    raise ValueError(
ValueError: Cannot register /loky-1818972-s41xscsr for automatic cleanup: unknown resource type semlock
        f'Cannot register {name} for automatic cleanup: '
Traceback (most recent call last):
        f'unknown resource type {rtype}')
  File "/global/common/software/nersc/pe/conda-envs/26.1.0/python-3.13/nersc-python/lib/python3.13/multiprocessing/resource_tracker.py", line 371, in main
ValueError: Cannot register /loky-1818955-tdwo051z for automatic cleanup: unknown resource type semlock
    raise ValueError(
Traceback (most recent call last):
        f'Cannot register {name} for automatic cleanup: '
  File "/global/common/software/nersc/pe/conda-envs/26.1.0/python-3.13/nersc-python/lib/python3.13/multiprocessing/resource_tracker.py", line 371, in main
        f'unknown resource type {rtype}')
    raise ValueError(
ValueError: Cannot register /loky-1818972-nhzwz0p6 for automatic cleanup: unknown resource type semlock
        f'Cannot register {name} for automatic cleanup: '
Traceback (most recent call last):
        f'unknown resource type {rtype}')
  File "/global/common/software/nersc/pe/conda-envs/26.1.0/python-3.13/nersc-python/lib/python3.13/multiprocessing/resource_tracker.py", line 371, in main
ValueError: Cannot register /loky-1818955-91o55u76 for automatic cleanup: unknown resource type semlock
    raise ValueError(
Traceback (most recent call last):
        f'Cannot register {name} for automatic cleanup: '
        f'unknown resource type {rtype}')
  File "/global/common/software/nersc/pe/conda-envs/26.1.0/python-3.13/nersc-python/lib/python3.13/multiprocessing/resource_tracker.py", line 371, in main
ValueError: Cannot register /loky-1818972-kobbun8s for automatic cleanup: unknown resource type semlock
    raise ValueError(
Traceback (most recent call last):
        f'Cannot register {name} for automatic cleanup: '
  File "/global/common/software/nersc/pe/conda-envs/26.1.0/python-3.13/nersc-python/lib/python3.13/multiprocessing/resource_tracker.py", line 371, in main
        f'unknown resource type {rtype}')
    raise ValueError(
ValueError: Cannot register /loky-1818955-rn7swtdo for automatic cleanup: unknown resource type semlock
        f'Cannot register {name} for automatic cleanup: '
Traceback (most recent call last):
        f'unknown resource type {rtype}')
  File "/global/common/software/nersc/pe/conda-envs/26.1.0/python-3.13/nersc-python/lib/python3.13/multiprocessing/resource_tracker.py", line 371, in main
ValueError: Cannot register /loky-1818972-cz3rl5fy for automatic cleanup: unknown resource type semlock
    raise ValueError(
Traceback (most recent call last):
        f'Cannot register {name} for automatic cleanup: '
  File "/global/common/software/nersc/pe/conda-envs/26.1.0/python-3.13/nersc-python/lib/python3.13/multiprocessing/resource_tracker.py", line 371, in main
        f'unknown resource type {rtype}')
    raise ValueError(
ValueError: Cannot register /loky-1818955-9t2eu1wm for automatic cleanup: unknown resource type semlock
        f'Cannot register {name} for automatic cleanup: '
Traceback (most recent call last):
        f'unknown resource type {rtype}')
  File "/global/common/software/nersc/pe/conda-envs/26.1.0/python-3.13/nersc-python/lib/python3.13/multiprocessing/resource_tracker.py", line 371, in main
ValueError: Cannot register /loky-1818972-h8qw3env for automatic cleanup: unknown resource type semlock
    raise ValueError(
Traceback (most recent call last):
        f'Cannot register {name} for automatic cleanup: '
  File "/global/common/software/nersc/pe/conda-envs/26.1.0/python-3.13/nersc-python/lib/python3.13/multiprocessing/resource_tracker.py", line 371, in main
        f'unknown resource type {rtype}')
    raise ValueError(
ValueError: Cannot register /loky-1818955-x1yafvks for automatic cleanup: unknown resource type semlock
        f'Cannot register {name} for automatic cleanup: '
Traceback (most recent call last):
        f'unknown resource type {rtype}')
  File "/global/common/software/nersc/pe/conda-envs/26.1.0/python-3.13/nersc-python/lib/python3.13/multiprocessing/resource_tracker.py", line 371, in main
ValueError: Cannot register /loky-1818972-_lvv049l for automatic cleanup: unknown resource type semlock
    raise ValueError(
Traceback (most recent call last):
        f'Cannot register {name} for automatic cleanup: '
  File "/global/common/software/nersc/pe/conda-envs/26.1.0/python-3.13/nersc-python/lib/python3.13/multiprocessing/resource_tracker.py", line 371, in main
    raise ValueError(
        f'unknown resource type {rtype}')
        f'Cannot register {name} for automatic cleanup: '
ValueError: Cannot register /loky-1818955-217uhn5h for automatic cleanup: unknown resource type semlock
        f'unknown resource type {rtype}')
Traceback (most recent call last):
ValueError: Cannot register /loky-1818972-mkxjmydp for automatic cleanup: unknown resource type semlock
  File "/global/common/software/nersc/pe/conda-envs/26.1.0/python-3.13/nersc-python/lib/python3.13/multiprocessing/resource_tracker.py", line 371, in main
Traceback (most recent call last):
    raise ValueError(
  File "/global/common/software/nersc/pe/conda-envs/26.1.0/python-3.13/nersc-python/lib/python3.13/multiprocessing/resource_tracker.py", line 371, in main
        f'Cannot register {name} for automatic cleanup: '
    raise ValueError(
        f'unknown resource type {rtype}')
        f'Cannot register {name} for automatic cleanup: '
ValueError: Cannot register /loky-1818955-zvokf4yd for automatic cleanup: unknown resource type semlock
        f'unknown resource type {rtype}')
Traceback (most recent call last):
ValueError: Cannot register /loky-1818972-mppbbh7c for automatic cleanup: unknown resource type semlock
  File "/global/common/software/nersc/pe/conda-envs/26.1.0/python-3.13/nersc-python/lib/python3.13/multiprocessing/resource_tracker.py", line 371, in main
Traceback (most recent call last):
    raise ValueError(
  File "/global/common/software/nersc/pe/conda-envs/26.1.0/python-3.13/nersc-python/lib/python3.13/multiprocessing/resource_tracker.py", line 371, in main
        f'Cannot register {name} for automatic cleanup: '
    raise ValueError(
        f'unknown resource type {rtype}')
        f'Cannot register {name} for automatic cleanup: '
ValueError: Cannot register /loky-1818955-e4vswhy7 for automatic cleanup: unknown resource type semlock
        f'unknown resource type {rtype}')
Traceback (most recent call last):
ValueError: Cannot register /loky-1818972-cuakx54_ for automatic cleanup: unknown resource type semlock
  File "/global/common/software/nersc/pe/conda-envs/26.1.0/python-3.13/nersc-python/lib/python3.13/multiprocessing/resource_tracker.py", line 371, in main
Traceback (most recent call last):
    raise ValueError(
  File "/global/common/software/nersc/pe/conda-envs/26.1.0/python-3.13/nersc-python/lib/python3.13/multiprocessing/resource_tracker.py", line 371, in main
        f'Cannot register {name} for automatic cleanup: '
    raise ValueError(
        f'unknown resource type {rtype}')
        f'Cannot register {name} for automatic cleanup: '
        f'unknown resource type {rtype}')
ValueError: Cannot register /loky-1818955-s2f795sc for automatic cleanup: unknown resource type semlock
ValueError: Cannot register /loky-1818972-nsfzz75t for automatic cleanup: unknown resource type semlock
Traceback (most recent call last):
Traceback (most recent call last):
  File "/global/common/software/nersc/pe/conda-envs/26.1.0/python-3.13/nersc-python/lib/python3.13/multiprocessing/resource_tracker.py", line 371, in main
  File "/global/common/software/nersc/pe/conda-envs/26.1.0/python-3.13/nersc-python/lib/python3.13/multiprocessing/resource_tracker.py", line 371, in main
    raise ValueError(
    raise ValueError(
        f'Cannot register {name} for automatic cleanup: '
        f'Cannot register {name} for automatic cleanup: '
        f'unknown resource type {rtype}')
        f'unknown resource type {rtype}')
ValueError: Cannot register /loky-1818972-7k631wjn for automatic cleanup: unknown resource type semlock
ValueError: Cannot register /loky-1818955-a1ovdmld for automatic cleanup: unknown resource type semlock
Traceback (most recent call last):
Traceback (most recent call last):
  File "/global/common/software/nersc/pe/conda-envs/26.1.0/python-3.13/nersc-python/lib/python3.13/multiprocessing/resource_tracker.py", line 371, in main
  File "/global/common/software/nersc/pe/conda-envs/26.1.0/python-3.13/nersc-python/lib/python3.13/multiprocessing/resource_tracker.py", line 371, in main
    raise ValueError(
    raise ValueError(
        f'Cannot register {name} for automatic cleanup: '
        f'Cannot register {name} for automatic cleanup: '
        f'unknown resource type {rtype}')
        f'unknown resource type {rtype}')
ValueError: Cannot register /loky-1818955-wy9gcu3e for automatic cleanup: unknown resource type semlock
ValueError: Cannot register /loky-1818972-0rxx9s__ for automatic cleanup: unknown resource type semlock
Traceback (most recent call last):
Traceback (most recent call last):
  File "/global/common/software/nersc/pe/conda-envs/26.1.0/python-3.13/nersc-python/lib/python3.13/multiprocessing/resource_tracker.py", line 371, in main
  File "/global/common/software/nersc/pe/conda-envs/26.1.0/python-3.13/nersc-python/lib/python3.13/multiprocessing/resource_tracker.py", line 371, in main
    raise ValueError(
    raise ValueError(
        f'Cannot register {name} for automatic cleanup: '
        f'Cannot register {name} for automatic cleanup: '
        f'unknown resource type {rtype}')
        f'unknown resource type {rtype}')
ValueError: Cannot register /loky-1818955-mkoo7ofp for automatic cleanup: unknown resource type semlock
ValueError: Cannot register /loky-1818972-gteqlaed for automatic cleanup: unknown resource type semlock
Traceback (most recent call last):
  File "/global/common/software/nersc/pe/conda-envs/26.1.0/python-3.13/nersc-python/lib/python3.13/multiprocessing/resource_tracker.py", line 371, in main
    raise ValueError(
        f'Cannot register {name} for automatic cleanup: '
        f'unknown resource type {rtype}')
ValueError: Cannot register /loky-1818972-x588qjz4 for automatic cleanup: unknown resource type semlock
Traceback (most recent call last):
Traceback (most recent call last):
  File "/global/common/software/nersc/pe/conda-envs/26.1.0/python-3.13/nersc-python/lib/python3.13/multiprocessing/resource_tracker.py", line 371, in main
    raise ValueError(
        f'Cannot register {name} for automatic cleanup: '
        f'unknown resource type {rtype}')
ValueError: Cannot register /dev/shm/joblib_memmapping_folder_1818966_7684ad91a64e4326afb66fe53b443297_af6a8a399af44776a9f1c80893073be2 for automatic cleanup: unknown resource type folder
Traceback (most recent call last):
  File "/global/common/software/nersc/pe/conda-envs/26.1.0/python-3.13/nersc-python/lib/python3.13/multiprocessing/resource_tracker.py", line 371, in main
    raise ValueError(
        f'Cannot register {name} for automatic cleanup: '
        f'unknown resource type {rtype}')
ValueError: Cannot register /loky-1818966-tfnyb480 for automatic cleanup: unknown resource type semlock
Traceback (most recent call last):
  File "/global/common/software/nersc/pe/conda-envs/26.1.0/python-3.13/nersc-python/lib/python3.13/multiprocessing/resource_tracker.py", line 371, in main
    raise ValueError(
        f'Cannot register {name} for automatic cleanup: '
        f'unknown resource type {rtype}')
ValueError: Cannot register /loky-1818966-b7d7t9mp for automatic cleanup: unknown resource type semlock
Traceback (most recent call last):
  File "/global/common/software/nersc/pe/conda-envs/26.1.0/python-3.13/nersc-python/lib/python3.13/multiprocessing/resource_tracker.py", line 371, in main
    raise ValueError(
        f'Cannot register {name} for automatic cleanup: '
        f'unknown resource type {rtype}')
ValueError: Cannot register /loky-1818966-ik7ej9v8 for automatic cleanup: unknown resource type semlock
Traceback (most recent call last):
  File "/global/common/software/nersc/pe/conda-envs/26.1.0/python-3.13/nersc-python/lib/python3.13/multiprocessing/resource_tracker.py", line 371, in main
    raise ValueError(
        f'Cannot register {name} for automatic cleanup: '
        f'unknown resource type {rtype}')
ValueError: Cannot register /loky-1818966-qo39pl6m for automatic cleanup: unknown resource type semlock
Traceback (most recent call last):
  File "/global/common/software/nersc/pe/conda-envs/26.1.0/python-3.13/nersc-python/lib/python3.13/multiprocessing/resource_tracker.py", line 371, in main
    raise ValueError(
        f'Cannot register {name} for automatic cleanup: '
        f'unknown resource type {rtype}')
ValueError: Cannot register /loky-1818966-mu252b2i for automatic cleanup: unknown resource type semlock
Traceback (most recent call last):
  File "/global/common/software/nersc/pe/conda-envs/26.1.0/python-3.13/nersc-python/lib/python3.13/multiprocessing/resource_tracker.py", line 371, in main
    raise ValueError(
        f'Cannot register {name} for automatic cleanup: '
        f'unknown resource type {rtype}')
ValueError: Cannot register /loky-1818966-ieiivzfn for automatic cleanup: unknown resource type semlock
Traceback (most recent call last):
  File "/global/common/software/nersc/pe/conda-envs/26.1.0/python-3.13/nersc-python/lib/python3.13/multiprocessing/resource_tracker.py", line 371, in main
    raise ValueError(
        f'Cannot register {name} for automatic cleanup: '
        f'unknown resource type {rtype}')
ValueError: Cannot register /dev/shm/joblib_memmapping_folder_1818966_7684ad91a64e4326afb66fe53b443297_cd1da5a4bc53478f9aed7450472d7304 for automatic cleanup: unknown resource type folder
Traceback (most recent call last):
  File "/global/common/software/nersc/pe/conda-envs/26.1.0/python-3.13/nersc-python/lib/python3.13/multiprocessing/resource_tracker.py", line 371, in main
    raise ValueError(
        f'Cannot register {name} for automatic cleanup: '
        f'unknown resource type {rtype}')
ValueError: Cannot register /loky-1818966-jyc8zt_a for automatic cleanup: unknown resource type semlock
Traceback (most recent call last):
  File "/global/common/software/nersc/pe/conda-envs/26.1.0/python-3.13/nersc-python/lib/python3.13/multiprocessing/resource_tracker.py", line 371, in main
    raise ValueError(
        f'Cannot register {name} for automatic cleanup: '
        f'unknown resource type {rtype}')
ValueError: Cannot register /loky-1818966-in7lxpkv for automatic cleanup: unknown resource type semlock
Traceback (most recent call last):
  File "/global/common/software/nersc/pe/conda-envs/26.1.0/python-3.13/nersc-python/lib/python3.13/multiprocessing/resource_tracker.py", line 371, in main
    raise ValueError(
        f'Cannot register {name} for automatic cleanup: '
        f'unknown resource type {rtype}')
ValueError: Cannot register /loky-1818966-2r8nu6gh for automatic cleanup: unknown resource type semlock
Traceback (most recent call last):
  File "/global/common/software/nersc/pe/conda-envs/26.1.0/python-3.13/nersc-python/lib/python3.13/multiprocessing/resource_tracker.py", line 371, in main
    raise ValueError(
        f'Cannot register {name} for automatic cleanup: '
        f'unknown resource type {rtype}')
ValueError: Cannot register /loky-1818966-dwm5d7dl for automatic cleanup: unknown resource type semlock
Traceback (most recent call last):
  File "/global/common/software/nersc/pe/conda-envs/26.1.0/python-3.13/nersc-python/lib/python3.13/multiprocessing/resource_tracker.py", line 371, in main
    raise ValueError(
        f'Cannot register {name} for automatic cleanup: '
        f'unknown resource type {rtype}')
ValueError: Cannot register /loky-1818966-40idxpaf for automatic cleanup: unknown resource type semlock
Traceback (most recent call last):
  File "/global/common/software/nersc/pe/conda-envs/26.1.0/python-3.13/nersc-python/lib/python3.13/multiprocessing/resource_tracker.py", line 371, in main
    raise ValueError(
        f'Cannot register {name} for automatic cleanup: '
        f'unknown resource type {rtype}')
ValueError: Cannot register /loky-1818966-3_15rkv9 for automatic cleanup: unknown resource type semlock
Traceback (most recent call last):
  File "/global/common/software/nersc/pe/conda-envs/26.1.0/python-3.13/nersc-python/lib/python3.13/multiprocessing/resource_tracker.py", line 371, in main
  File "/global/common/software/nersc/pe/conda-envs/26.1.0/python-3.13/nersc-python/lib/python3.13/multiprocessing/resource_tracker.py", line 371, in main
    raise ValueError(
    raise ValueError(
        f'Cannot register {name} for automatic cleanup: '
        f'Cannot register {name} for automatic cleanup: '
        f'unknown resource type {rtype}')
        f'unknown resource type {rtype}')
ValueError: Cannot register /loky-1818966-q9kqz037 for automatic cleanup: unknown resource type semlock
ValueError: Cannot register /dev/shm/joblib_memmapping_folder_1818965_01a50f6fd688485783631310027cf3da_bd430aec7f67412a8af59c11f93906b1 for automatic cleanup: unknown resource type folder
Traceback (most recent call last):
Traceback (most recent call last):
  File "/global/common/software/nersc/pe/conda-envs/26.1.0/python-3.13/nersc-python/lib/python3.13/multiprocessing/resource_tracker.py", line 371, in main
    raise ValueError(
        f'Cannot register {name} for automatic cleanup: '
        f'unknown resource type {rtype}')
  File "/global/common/software/nersc/pe/conda-envs/26.1.0/python-3.13/nersc-python/lib/python3.13/multiprocessing/resource_tracker.py", line 371, in main
ValueError: Cannot register /loky-1818965-caxcryp9 for automatic cleanup: unknown resource type semlock
    raise ValueError(
        f'Cannot register {name} for automatic cleanup: '
Traceback (most recent call last):
        f'unknown resource type {rtype}')
ValueError: Cannot register /loky-1818966-v14pxlmo for automatic cleanup: unknown resource type semlock
Traceback (most recent call last):
  File "/global/common/software/nersc/pe/conda-envs/26.1.0/python-3.13/nersc-python/lib/python3.13/multiprocessing/resource_tracker.py", line 371, in main
  File "/global/common/software/nersc/pe/conda-envs/26.1.0/python-3.13/nersc-python/lib/python3.13/multiprocessing/resource_tracker.py", line 371, in main
    raise ValueError(
    raise ValueError(
        f'Cannot register {name} for automatic cleanup: '
        f'Cannot register {name} for automatic cleanup: '
        f'unknown resource type {rtype}')
        f'unknown resource type {rtype}')
ValueError: Cannot register /loky-1818965-8x6l0314 for automatic cleanup: unknown resource type semlock
ValueError: Cannot register /loky-1818966-jkhawqhs for automatic cleanup: unknown resource type semlock
Traceback (most recent call last):
Traceback (most recent call last):
  File "/global/common/software/nersc/pe/conda-envs/26.1.0/python-3.13/nersc-python/lib/python3.13/multiprocessing/resource_tracker.py", line 371, in main
    raise ValueError(
        f'Cannot register {name} for automatic cleanup: '
        f'unknown resource type {rtype}')
ValueError: Cannot register /loky-1818966-nmpgxnhe for automatic cleanup: unknown resource type semlock
  File "/global/common/software/nersc/pe/conda-envs/26.1.0/python-3.13/nersc-python/lib/python3.13/multiprocessing/resource_tracker.py", line 371, in main
Traceback (most recent call last):
    raise ValueError(
        f'Cannot register {name} for automatic cleanup: '
        f'unknown resource type {rtype}')
ValueError: Cannot register /loky-1818965-lrm7gxh1 for automatic cleanup: unknown resource type semlock
  File "/global/common/software/nersc/pe/conda-envs/26.1.0/python-3.13/nersc-python/lib/python3.13/multiprocessing/resource_tracker.py", line 371, in main
Traceback (most recent call last):
    raise ValueError(
        f'Cannot register {name} for automatic cleanup: '
        f'unknown resource type {rtype}')
ValueError: Cannot register /loky-1818966-ecrh8nxp for automatic cleanup: unknown resource type semlock
Traceback (most recent call last):
  File "/global/common/software/nersc/pe/conda-envs/26.1.0/python-3.13/nersc-python/lib/python3.13/multiprocessing/resource_tracker.py", line 371, in main
    raise ValueError(
        f'Cannot register {name} for automatic cleanup: '
        f'unknown resource type {rtype}')
  File "/global/common/software/nersc/pe/conda-envs/26.1.0/python-3.13/nersc-python/lib/python3.13/multiprocessing/resource_tracker.py", line 371, in main
ValueError: Cannot register /loky-1818965-33ssnz0v for automatic cleanup: unknown resource type semlock
    raise ValueError(
        f'Cannot register {name} for automatic cleanup: '
        f'unknown resource type {rtype}')
Traceback (most recent call last):
ValueError: Cannot register /loky-1818966-93y5xh3j for automatic cleanup: unknown resource type semlock
Traceback (most recent call last):
  File "/global/common/software/nersc/pe/conda-envs/26.1.0/python-3.13/nersc-python/lib/python3.13/multiprocessing/resource_tracker.py", line 371, in main
  File "/global/common/software/nersc/pe/conda-envs/26.1.0/python-3.13/nersc-python/lib/python3.13/multiprocessing/resource_tracker.py", line 371, in main
    raise ValueError(
    raise ValueError(
        f'Cannot register {name} for automatic cleanup: '
        f'Cannot register {name} for automatic cleanup: '
        f'unknown resource type {rtype}')
        f'unknown resource type {rtype}')
ValueError: Cannot register /loky-1818966-eimqgvai for automatic cleanup: unknown resource type semlock
ValueError: Cannot register /loky-1818965-jim0wxa2 for automatic cleanup: unknown resource type semlock
Traceback (most recent call last):
Traceback (most recent call last):
  File "/global/common/software/nersc/pe/conda-envs/26.1.0/python-3.13/nersc-python/lib/python3.13/multiprocessing/resource_tracker.py", line 371, in main
    raise ValueError(
  File "/global/common/software/nersc/pe/conda-envs/26.1.0/python-3.13/nersc-python/lib/python3.13/multiprocessing/resource_tracker.py", line 371, in main
        f'Cannot register {name} for automatic cleanup: '
    raise ValueError(
        f'unknown resource type {rtype}')
        f'Cannot register {name} for automatic cleanup: '
ValueError: Cannot register /loky-1818966-6kw3d130 for automatic cleanup: unknown resource type semlock
        f'unknown resource type {rtype}')
Traceback (most recent call last):
ValueError: Cannot register /loky-1818965-q1xab72f for automatic cleanup: unknown resource type semlock
Traceback (most recent call last):
  File "/global/common/software/nersc/pe/conda-envs/26.1.0/python-3.13/nersc-python/lib/python3.13/multiprocessing/resource_tracker.py", line 371, in main
  File "/global/common/software/nersc/pe/conda-envs/26.1.0/python-3.13/nersc-python/lib/python3.13/multiprocessing/resource_tracker.py", line 371, in main
    raise ValueError(
    raise ValueError(
        f'Cannot register {name} for automatic cleanup: '
        f'Cannot register {name} for automatic cleanup: '
        f'unknown resource type {rtype}')
        f'unknown resource type {rtype}')
ValueError: Cannot register /loky-1818966-i9e7gtrm for automatic cleanup: unknown resource type semlock
ValueError: Cannot register /dev/shm/joblib_memmapping_folder_1818965_01a50f6fd688485783631310027cf3da_5fde6d049b82407eab0b1bda1db317a5 for automatic cleanup: unknown resource type folder
Traceback (most recent call last):
Traceback (most recent call last):
  File "/global/common/software/nersc/pe/conda-envs/26.1.0/python-3.13/nersc-python/lib/python3.13/multiprocessing/resource_tracker.py", line 371, in main
  File "/global/common/software/nersc/pe/conda-envs/26.1.0/python-3.13/nersc-python/lib/python3.13/multiprocessing/resource_tracker.py", line 371, in main
    raise ValueError(
    raise ValueError(
        f'Cannot register {name} for automatic cleanup: '
        f'Cannot register {name} for automatic cleanup: '
        f'unknown resource type {rtype}')
        f'unknown resource type {rtype}')
ValueError: Cannot register /loky-1818966-np73od_u for automatic cleanup: unknown resource type semlock
ValueError: Cannot register /loky-1818965-hzl1b6wh for automatic cleanup: unknown resource type semlock
Traceback (most recent call last):
  File "/global/common/software/nersc/pe/conda-envs/26.1.0/python-3.13/nersc-python/lib/python3.13/multiprocessing/resource_tracker.py", line 371, in main
    raise ValueError(
        f'Cannot register {name} for automatic cleanup: '
        f'unknown resource type {rtype}')
ValueError: Cannot register /loky-1818965-r7mwjcj6 for automatic cleanup: unknown resource type semlock
Traceback (most recent call last):
  File "/global/common/software/nersc/pe/conda-envs/26.1.0/python-3.13/nersc-python/lib/python3.13/multiprocessing/resource_tracker.py", line 371, in main
    raise ValueError(
        f'Cannot register {name} for automatic cleanup: '
        f'unknown resource type {rtype}')
ValueError: Cannot register /loky-1818965-ingo18hy for automatic cleanup: unknown resource type semlock
Traceback (most recent call last):
  File "/global/common/software/nersc/pe/conda-envs/26.1.0/python-3.13/nersc-python/lib/python3.13/multiprocessing/resource_tracker.py", line 371, in main
    raise ValueError(
        f'Cannot register {name} for automatic cleanup: '
        f'unknown resource type {rtype}')
ValueError: Cannot register /loky-1818965-dgeim85z for automatic cleanup: unknown resource type semlock
Traceback (most recent call last):
  File "/global/common/software/nersc/pe/conda-envs/26.1.0/python-3.13/nersc-python/lib/python3.13/multiprocessing/resource_tracker.py", line 371, in main
    raise ValueError(
        f'Cannot register {name} for automatic cleanup: '
        f'unknown resource type {rtype}')
ValueError: Cannot register /loky-1818965-2pqwklj2 for automatic cleanup: unknown resource type semlock
Traceback (most recent call last):
  File "/global/common/software/nersc/pe/conda-envs/26.1.0/python-3.13/nersc-python/lib/python3.13/multiprocessing/resource_tracker.py", line 371, in main
    raise ValueError(
        f'Cannot register {name} for automatic cleanup: '
        f'unknown resource type {rtype}')
ValueError: Cannot register /loky-1818965-nkfi_d8y for automatic cleanup: unknown resource type semlock
Traceback (most recent call last):
  File "/global/common/software/nersc/pe/conda-envs/26.1.0/python-3.13/nersc-python/lib/python3.13/multiprocessing/resource_tracker.py", line 371, in main
    raise ValueError(
        f'Cannot register {name} for automatic cleanup: '
        f'unknown resource type {rtype}')
ValueError: Cannot register /loky-1818965-es4ask18 for automatic cleanup: unknown resource type semlock
Traceback (most recent call last):
  File "/global/common/software/nersc/pe/conda-envs/26.1.0/python-3.13/nersc-python/lib/python3.13/multiprocessing/resource_tracker.py", line 371, in main
    raise ValueError(
        f'Cannot register {name} for automatic cleanup: '
        f'unknown resource type {rtype}')
ValueError: Cannot register /loky-1818965-kzki5z3r for automatic cleanup: unknown resource type semlock
Traceback (most recent call last):
  File "/global/common/software/nersc/pe/conda-envs/26.1.0/python-3.13/nersc-python/lib/python3.13/multiprocessing/resource_tracker.py", line 371, in main
    raise ValueError(
        f'Cannot register {name} for automatic cleanup: '
        f'unknown resource type {rtype}')
ValueError: Cannot register /loky-1818965-0_9602ni for automatic cleanup: unknown resource type semlock
Traceback (most recent call last):
  File "/global/common/software/nersc/pe/conda-envs/26.1.0/python-3.13/nersc-python/lib/python3.13/multiprocessing/resource_tracker.py", line 371, in main
    raise ValueError(
        f'Cannot register {name} for automatic cleanup: '
        f'unknown resource type {rtype}')
ValueError: Cannot register /loky-1818965-j6k4nwt6 for automatic cleanup: unknown resource type semlock
Traceback (most recent call last):
  File "/global/common/software/nersc/pe/conda-envs/26.1.0/python-3.13/nersc-python/lib/python3.13/multiprocessing/resource_tracker.py", line 371, in main
    raise ValueError(
        f'Cannot register {name} for automatic cleanup: '
        f'unknown resource type {rtype}')
ValueError: Cannot register /loky-1818965-vsss5x9k for automatic cleanup: unknown resource type semlock
Traceback (most recent call last):
  File "/global/common/software/nersc/pe/conda-envs/26.1.0/python-3.13/nersc-python/lib/python3.13/multiprocessing/resource_tracker.py", line 371, in main
    raise ValueError(
        f'Cannot register {name} for automatic cleanup: '
        f'unknown resource type {rtype}')
ValueError: Cannot register /loky-1818965-7fc2bbgl for automatic cleanup: unknown resource type semlock
Traceback (most recent call last):
  File "/global/common/software/nersc/pe/conda-envs/26.1.0/python-3.13/nersc-python/lib/python3.13/multiprocessing/resource_tracker.py", line 371, in main
    raise ValueError(
        f'Cannot register {name} for automatic cleanup: '
        f'unknown resource type {rtype}')
ValueError: Cannot register /loky-1818965-mbh3dl80 for automatic cleanup: unknown resource type semlock
Traceback (most recent call last):
  File "/global/common/software/nersc/pe/conda-envs/26.1.0/python-3.13/nersc-python/lib/python3.13/multiprocessing/resource_tracker.py", line 371, in main
    raise ValueError(
        f'Cannot register {name} for automatic cleanup: '
        f'unknown resource type {rtype}')
ValueError: Cannot register /loky-1818965-3p35q74c for automatic cleanup: unknown resource type semlock
Traceback (most recent call last):
  File "/global/common/software/nersc/pe/conda-envs/26.1.0/python-3.13/nersc-python/lib/python3.13/multiprocessing/resource_tracker.py", line 371, in main
    raise ValueError(
        f'Cannot register {name} for automatic cleanup: '
        f'unknown resource type {rtype}')
ValueError: Cannot register /loky-1818965-lbl9o3qp for automatic cleanup: unknown resource type semlock
Traceback (most recent call last):
  File "/global/common/software/nersc/pe/conda-envs/26.1.0/python-3.13/nersc-python/lib/python3.13/multiprocessing/resource_tracker.py", line 371, in main
    raise ValueError(
        f'Cannot register {name} for automatic cleanup: '
        f'unknown resource type {rtype}')
ValueError: Cannot register /loky-1818965-tznp_mex for automatic cleanup: unknown resource type semlock
Traceback (most recent call last):
  File "/global/common/software/nersc/pe/conda-envs/26.1.0/python-3.13/nersc-python/lib/python3.13/multiprocessing/resource_tracker.py", line 371, in main
    raise ValueError(
        f'Cannot register {name} for automatic cleanup: '
        f'unknown resource type {rtype}')
ValueError: Cannot register /dev/shm/joblib_memmapping_folder_1818961_d4d2747ba5bd476098f66fab21eed69e_a31377718aa54f7498d2e562d97ad2f6 for automatic cleanup: unknown resource type folder
Traceback (most recent call last):
  File "/global/common/software/nersc/pe/conda-envs/26.1.0/python-3.13/nersc-python/lib/python3.13/multiprocessing/resource_tracker.py", line 371, in main
    raise ValueError(
        f'Cannot register {name} for automatic cleanup: '
        f'unknown resource type {rtype}')
ValueError: Cannot register /loky-1818961-k0tprxkw for automatic cleanup: unknown resource type semlock
Traceback (most recent call last):
  File "/global/common/software/nersc/pe/conda-envs/26.1.0/python-3.13/nersc-python/lib/python3.13/multiprocessing/resource_tracker.py", line 371, in main
    raise ValueError(
        f'Cannot register {name} for automatic cleanup: '
        f'unknown resource type {rtype}')
ValueError: Cannot register /loky-1818961-8y_gcsp_ for automatic cleanup: unknown resource type semlock
Traceback (most recent call last):
  File "/global/common/software/nersc/pe/conda-envs/26.1.0/python-3.13/nersc-python/lib/python3.13/multiprocessing/resource_tracker.py", line 371, in main
    raise ValueError(
        f'Cannot register {name} for automatic cleanup: '
        f'unknown resource type {rtype}')
ValueError: Cannot register /loky-1818961-p523l93d for automatic cleanup: unknown resource type semlock
Traceback (most recent call last):
  File "/global/common/software/nersc/pe/conda-envs/26.1.0/python-3.13/nersc-python/lib/python3.13/multiprocessing/resource_tracker.py", line 371, in main
    raise ValueError(
        f'Cannot register {name} for automatic cleanup: '
        f'unknown resource type {rtype}')
ValueError: Cannot register /loky-1818961-vdnbfu7k for automatic cleanup: unknown resource type semlock
Traceback (most recent call last):
  File "/global/common/software/nersc/pe/conda-envs/26.1.0/python-3.13/nersc-python/lib/python3.13/multiprocessing/resource_tracker.py", line 371, in main
    raise ValueError(
        f'Cannot register {name} for automatic cleanup: '
        f'unknown resource type {rtype}')
ValueError: Cannot register /loky-1818961-yfk2mn8d for automatic cleanup: unknown resource type semlock
Traceback (most recent call last):
  File "/global/common/software/nersc/pe/conda-envs/26.1.0/python-3.13/nersc-python/lib/python3.13/multiprocessing/resource_tracker.py", line 371, in main
    raise ValueError(
        f'Cannot register {name} for automatic cleanup: '
        f'unknown resource type {rtype}')
ValueError: Cannot register /loky-1818961-nppj9wzk for automatic cleanup: unknown resource type semlock
Traceback (most recent call last):
  File "/global/common/software/nersc/pe/conda-envs/26.1.0/python-3.13/nersc-python/lib/python3.13/multiprocessing/resource_tracker.py", line 371, in main
    raise ValueError(
        f'Cannot register {name} for automatic cleanup: '
        f'unknown resource type {rtype}')
ValueError: Cannot register /dev/shm/joblib_memmapping_folder_1818961_d4d2747ba5bd476098f66fab21eed69e_6ed8ebc422cc441fab821ec6b3a32deb for automatic cleanup: unknown resource type folder
Traceback (most recent call last):
  File "/global/common/software/nersc/pe/conda-envs/26.1.0/python-3.13/nersc-python/lib/python3.13/multiprocessing/resource_tracker.py", line 371, in main
    raise ValueError(
        f'Cannot register {name} for automatic cleanup: '
        f'unknown resource type {rtype}')
ValueError: Cannot register /loky-1818961-n15o9g1n for automatic cleanup: unknown resource type semlock
Traceback (most recent call last):
  File "/global/common/software/nersc/pe/conda-envs/26.1.0/python-3.13/nersc-python/lib/python3.13/multiprocessing/resource_tracker.py", line 371, in main
    raise ValueError(
        f'Cannot register {name} for automatic cleanup: '
        f'unknown resource type {rtype}')
ValueError: Cannot register /loky-1818961-u90intb3 for automatic cleanup: unknown resource type semlock
Traceback (most recent call last):
  File "/global/common/software/nersc/pe/conda-envs/26.1.0/python-3.13/nersc-python/lib/python3.13/multiprocessing/resource_tracker.py", line 371, in main
    raise ValueError(
        f'Cannot register {name} for automatic cleanup: '
        f'unknown resource type {rtype}')
ValueError: Cannot register /loky-1818961-w9aak12z for automatic cleanup: unknown resource type semlock
Traceback (most recent call last):
  File "/global/common/software/nersc/pe/conda-envs/26.1.0/python-3.13/nersc-python/lib/python3.13/multiprocessing/resource_tracker.py", line 371, in main
    raise ValueError(
        f'Cannot register {name} for automatic cleanup: '
        f'unknown resource type {rtype}')
ValueError: Cannot register /loky-1818961-lyerui__ for automatic cleanup: unknown resource type semlock
Traceback (most recent call last):
  File "/global/common/software/nersc/pe/conda-envs/26.1.0/python-3.13/nersc-python/lib/python3.13/multiprocessing/resource_tracker.py", line 371, in main
    raise ValueError(
        f'Cannot register {name} for automatic cleanup: '
        f'unknown resource type {rtype}')
ValueError: Cannot register /loky-1818961-2cdyn2ji for automatic cleanup: unknown resource type semlock
Traceback (most recent call last):
  File "/global/common/software/nersc/pe/conda-envs/26.1.0/python-3.13/nersc-python/lib/python3.13/multiprocessing/resource_tracker.py", line 371, in main
    raise ValueError(
        f'Cannot register {name} for automatic cleanup: '
        f'unknown resource type {rtype}')
ValueError: Cannot register /loky-1818961-cj73l6i7 for automatic cleanup: unknown resource type semlock
Traceback (most recent call last):
  File "/global/common/software/nersc/pe/conda-envs/26.1.0/python-3.13/nersc-python/lib/python3.13/multiprocessing/resource_tracker.py", line 371, in main
    raise ValueError(
        f'Cannot register {name} for automatic cleanup: '
        f'unknown resource type {rtype}')
ValueError: Cannot register /loky-1818961-90z3jpjr for automatic cleanup: unknown resource type semlock
Traceback (most recent call last):
  File "/global/common/software/nersc/pe/conda-envs/26.1.0/python-3.13/nersc-python/lib/python3.13/multiprocessing/resource_tracker.py", line 371, in main
    raise ValueError(
        f'Cannot register {name} for automatic cleanup: '
        f'unknown resource type {rtype}')
ValueError: Cannot register /loky-1818961-jl790bwg for automatic cleanup: unknown resource type semlock
Traceback (most recent call last):
  File "/global/common/software/nersc/pe/conda-envs/26.1.0/python-3.13/nersc-python/lib/python3.13/multiprocessing/resource_tracker.py", line 371, in main
    raise ValueError(
        f'Cannot register {name} for automatic cleanup: '
        f'unknown resource type {rtype}')
ValueError: Cannot register /loky-1818961-4a_4j2tj for automatic cleanup: unknown resource type semlock
Traceback (most recent call last):
  File "/global/common/software/nersc/pe/conda-envs/26.1.0/python-3.13/nersc-python/lib/python3.13/multiprocessing/resource_tracker.py", line 371, in main
    raise ValueError(
        f'Cannot register {name} for automatic cleanup: '
        f'unknown resource type {rtype}')
ValueError: Cannot register /loky-1818961-eebdkk9z for automatic cleanup: unknown resource type semlock
Traceback (most recent call last):
  File "/global/common/software/nersc/pe/conda-envs/26.1.0/python-3.13/nersc-python/lib/python3.13/multiprocessing/resource_tracker.py", line 371, in main
    raise ValueError(
        f'Cannot register {name} for automatic cleanup: '
        f'unknown resource type {rtype}')
ValueError: Cannot register /loky-1818961-vvij89du for automatic cleanup: unknown resource type semlock
Traceback (most recent call last):
  File "/global/common/software/nersc/pe/conda-envs/26.1.0/python-3.13/nersc-python/lib/python3.13/multiprocessing/resource_tracker.py", line 371, in main
    raise ValueError(
        f'Cannot register {name} for automatic cleanup: '
        f'unknown resource type {rtype}')
ValueError: Cannot register /loky-1818961-c95iy016 for automatic cleanup: unknown resource type semlock
Traceback (most recent call last):
  File "/global/common/software/nersc/pe/conda-envs/26.1.0/python-3.13/nersc-python/lib/python3.13/multiprocessing/resource_tracker.py", line 371, in main
    raise ValueError(
        f'Cannot register {name} for automatic cleanup: '
        f'unknown resource type {rtype}')
ValueError: Cannot register /loky-1818961-ht56o2df for automatic cleanup: unknown resource type semlock
Traceback (most recent call last):
  File "/global/common/software/nersc/pe/conda-envs/26.1.0/python-3.13/nersc-python/lib/python3.13/multiprocessing/resource_tracker.py", line 371, in main
    raise ValueError(
        f'Cannot register {name} for automatic cleanup: '
        f'unknown resource type {rtype}')
ValueError: Cannot register /loky-1818961-_cicmtnp for automatic cleanup: unknown resource type semlock
Traceback (most recent call last):
  File "/global/common/software/nersc/pe/conda-envs/26.1.0/python-3.13/nersc-python/lib/python3.13/multiprocessing/resource_tracker.py", line 371, in main
    raise ValueError(
        f'Cannot register {name} for automatic cleanup: '
        f'unknown resource type {rtype}')
ValueError: Cannot register /loky-1818961-h44ys643 for automatic cleanup: unknown resource type semlock
Traceback (most recent call last):
  File "/global/common/software/nersc/pe/conda-envs/26.1.0/python-3.13/nersc-python/lib/python3.13/multiprocessing/resource_tracker.py", line 371, in main
    raise ValueError(
        f'Cannot register {name} for automatic cleanup: '
        f'unknown resource type {rtype}')
ValueError: Cannot register /loky-1818961-7i7aj3ke for automatic cleanup: unknown resource type semlock
Traceback (most recent call last):
  File "/global/common/software/nersc/pe/conda-envs/26.1.0/python-3.13/nersc-python/lib/python3.13/multiprocessing/resource_tracker.py", line 371, in main
    raise ValueError(
        f'Cannot register {name} for automatic cleanup: '
        f'unknown resource type {rtype}')
ValueError: Cannot register /dev/shm/joblib_memmapping_folder_1818971_e7d27b20c67c43e48988bf149683cedb_ad250976d09b48eca48bddf209a415d3 for automatic cleanup: unknown resource type folder
Traceback (most recent call last):
  File "/global/common/software/nersc/pe/conda-envs/26.1.0/python-3.13/nersc-python/lib/python3.13/multiprocessing/resource_tracker.py", line 371, in main
    raise ValueError(
        f'Cannot register {name} for automatic cleanup: '
        f'unknown resource type {rtype}')
ValueError: Cannot register /loky-1818971-5qb2fg7l for automatic cleanup: unknown resource type semlock
Traceback (most recent call last):
  File "/global/common/software/nersc/pe/conda-envs/26.1.0/python-3.13/nersc-python/lib/python3.13/multiprocessing/resource_tracker.py", line 371, in main
    raise ValueError(
        f'Cannot register {name} for automatic cleanup: '
        f'unknown resource type {rtype}')
ValueError: Cannot register /loky-1818971-908mfecx for automatic cleanup: unknown resource type semlock
Traceback (most recent call last):
  File "/global/common/software/nersc/pe/conda-envs/26.1.0/python-3.13/nersc-python/lib/python3.13/multiprocessing/resource_tracker.py", line 371, in main
    raise ValueError(
        f'Cannot register {name} for automatic cleanup: '
        f'unknown resource type {rtype}')
ValueError: Cannot register /loky-1818971-97shn06u for automatic cleanup: unknown resource type semlock
Traceback (most recent call last):
  File "/global/common/software/nersc/pe/conda-envs/26.1.0/python-3.13/nersc-python/lib/python3.13/multiprocessing/resource_tracker.py", line 371, in main
    raise ValueError(
        f'Cannot register {name} for automatic cleanup: '
        f'unknown resource type {rtype}')
ValueError: Cannot register /loky-1818971-36f16go2 for automatic cleanup: unknown resource type semlock
Traceback (most recent call last):
  File "/global/common/software/nersc/pe/conda-envs/26.1.0/python-3.13/nersc-python/lib/python3.13/multiprocessing/resource_tracker.py", line 371, in main
    raise ValueError(
        f'Cannot register {name} for automatic cleanup: '
        f'unknown resource type {rtype}')
ValueError: Cannot register /loky-1818971-izmi38g4 for automatic cleanup: unknown resource type semlock
Traceback (most recent call last):
  File "/global/common/software/nersc/pe/conda-envs/26.1.0/python-3.13/nersc-python/lib/python3.13/multiprocessing/resource_tracker.py", line 371, in main
    raise ValueError(
        f'Cannot register {name} for automatic cleanup: '
        f'unknown resource type {rtype}')
ValueError: Cannot register /loky-1818971-4lyr5gdo for automatic cleanup: unknown resource type semlock
Traceback (most recent call last):
  File "/global/common/software/nersc/pe/conda-envs/26.1.0/python-3.13/nersc-python/lib/python3.13/multiprocessing/resource_tracker.py", line 371, in main
    raise ValueError(
        f'Cannot register {name} for automatic cleanup: '
        f'unknown resource type {rtype}')
ValueError: Cannot register /dev/shm/joblib_memmapping_folder_1818971_e7d27b20c67c43e48988bf149683cedb_a97e9f5965454f2abdb8d268ab9f6add for automatic cleanup: unknown resource type folder
Traceback (most recent call last):
  File "/global/common/software/nersc/pe/conda-envs/26.1.0/python-3.13/nersc-python/lib/python3.13/multiprocessing/resource_tracker.py", line 371, in main
    raise ValueError(
        f'Cannot register {name} for automatic cleanup: '
        f'unknown resource type {rtype}')
ValueError: Cannot register /loky-1818971-v4shgxvh for automatic cleanup: unknown resource type semlock
Traceback (most recent call last):
  File "/global/common/software/nersc/pe/conda-envs/26.1.0/python-3.13/nersc-python/lib/python3.13/multiprocessing/resource_tracker.py", line 371, in main
    raise ValueError(
        f'Cannot register {name} for automatic cleanup: '
        f'unknown resource type {rtype}')
ValueError: Cannot register /loky-1818971-n879gmyn for automatic cleanup: unknown resource type semlock
Traceback (most recent call last):
  File "/global/common/software/nersc/pe/conda-envs/26.1.0/python-3.13/nersc-python/lib/python3.13/multiprocessing/resource_tracker.py", line 371, in main
    raise ValueError(
        f'Cannot register {name} for automatic cleanup: '
        f'unknown resource type {rtype}')
ValueError: Cannot register /loky-1818971-s3a02pvr for automatic cleanup: unknown resource type semlock
Traceback (most recent call last):
  File "/global/common/software/nersc/pe/conda-envs/26.1.0/python-3.13/nersc-python/lib/python3.13/multiprocessing/resource_tracker.py", line 371, in main
    raise ValueError(
        f'Cannot register {name} for automatic cleanup: '
        f'unknown resource type {rtype}')
ValueError: Cannot register /loky-1818971-0k053sn0 for automatic cleanup: unknown resource type semlock
Traceback (most recent call last):
  File "/global/common/software/nersc/pe/conda-envs/26.1.0/python-3.13/nersc-python/lib/python3.13/multiprocessing/resource_tracker.py", line 371, in main
    raise ValueError(
        f'Cannot register {name} for automatic cleanup: '
        f'unknown resource type {rtype}')
ValueError: Cannot register /loky-1818971-lk9m2ish for automatic cleanup: unknown resource type semlock
Traceback (most recent call last):
  File "/global/common/software/nersc/pe/conda-envs/26.1.0/python-3.13/nersc-python/lib/python3.13/multiprocessing/resource_tracker.py", line 371, in main
    raise ValueError(
        f'Cannot register {name} for automatic cleanup: '
        f'unknown resource type {rtype}')
ValueError: Cannot register /loky-1818971-ilvinepl for automatic cleanup: unknown resource type semlock
Traceback (most recent call last):
  File "/global/common/software/nersc/pe/conda-envs/26.1.0/python-3.13/nersc-python/lib/python3.13/multiprocessing/resource_tracker.py", line 371, in main
    raise ValueError(
        f'Cannot register {name} for automatic cleanup: '
        f'unknown resource type {rtype}')
ValueError: Cannot register /loky-1818971-bgjlzbz6 for automatic cleanup: unknown resource type semlock
Traceback (most recent call last):
  File "/global/common/software/nersc/pe/conda-envs/26.1.0/python-3.13/nersc-python/lib/python3.13/multiprocessing/resource_tracker.py", line 371, in main
    raise ValueError(
        f'Cannot register {name} for automatic cleanup: '
        f'unknown resource type {rtype}')
ValueError: Cannot register /loky-1818971-27p4iguo for automatic cleanup: unknown resource type semlock
Traceback (most recent call last):
  File "/global/common/software/nersc/pe/conda-envs/26.1.0/python-3.13/nersc-python/lib/python3.13/multiprocessing/resource_tracker.py", line 371, in main
    raise ValueError(
        f'Cannot register {name} for automatic cleanup: '
        f'unknown resource type {rtype}')
ValueError: Cannot register /loky-1818971-khu17eay for automatic cleanup: unknown resource type semlock
Traceback (most recent call last):
  File "/global/common/software/nersc/pe/conda-envs/26.1.0/python-3.13/nersc-python/lib/python3.13/multiprocessing/resource_tracker.py", line 371, in main
    raise ValueError(
        f'Cannot register {name} for automatic cleanup: '
        f'unknown resource type {rtype}')
ValueError: Cannot register /loky-1818971-alzrshgc for automatic cleanup: unknown resource type semlock
Traceback (most recent call last):
  File "/global/common/software/nersc/pe/conda-envs/26.1.0/python-3.13/nersc-python/lib/python3.13/multiprocessing/resource_tracker.py", line 371, in main
    raise ValueError(
        f'Cannot register {name} for automatic cleanup: '
        f'unknown resource type {rtype}')
ValueError: Cannot register /loky-1818971-nmbsjv2d for automatic cleanup: unknown resource type semlock
Traceback (most recent call last):
  File "/global/common/software/nersc/pe/conda-envs/26.1.0/python-3.13/nersc-python/lib/python3.13/multiprocessing/resource_tracker.py", line 371, in main
    raise ValueError(
        f'Cannot register {name} for automatic cleanup: '
        f'unknown resource type {rtype}')
ValueError: Cannot register /loky-1818971-d_y07ubg for automatic cleanup: unknown resource type semlock
Traceback (most recent call last):
  File "/global/common/software/nersc/pe/conda-envs/26.1.0/python-3.13/nersc-python/lib/python3.13/multiprocessing/resource_tracker.py", line 371, in main
    raise ValueError(
        f'Cannot register {name} for automatic cleanup: '
        f'unknown resource type {rtype}')
ValueError: Cannot register /loky-1818971-500__69u for automatic cleanup: unknown resource type semlock
Traceback (most recent call last):
  File "/global/common/software/nersc/pe/conda-envs/26.1.0/python-3.13/nersc-python/lib/python3.13/multiprocessing/resource_tracker.py", line 371, in main
    raise ValueError(
        f'Cannot register {name} for automatic cleanup: '
        f'unknown resource type {rtype}')
ValueError: Cannot register /loky-1818971-c2624ea5 for automatic cleanup: unknown resource type semlock
Traceback (most recent call last):
  File "/global/common/software/nersc/pe/conda-envs/26.1.0/python-3.13/nersc-python/lib/python3.13/multiprocessing/resource_tracker.py", line 371, in main
    raise ValueError(
        f'Cannot register {name} for automatic cleanup: '
        f'unknown resource type {rtype}')
ValueError: Cannot register /loky-1818971-tf3m57xl for automatic cleanup: unknown resource type semlock
Traceback (most recent call last):
  File "/global/common/software/nersc/pe/conda-envs/26.1.0/python-3.13/nersc-python/lib/python3.13/multiprocessing/resource_tracker.py", line 371, in main
    raise ValueError(
        f'Cannot register {name} for automatic cleanup: '
        f'unknown resource type {rtype}')
ValueError: Cannot register /loky-1818971-1bolmtjt for automatic cleanup: unknown resource type semlock
Traceback (most recent call last):
Traceback (most recent call last):
  File "/global/common/software/nersc/pe/conda-envs/26.1.0/python-3.13/nersc-python/lib/python3.13/multiprocessing/resource_tracker.py", line 371, in main
    raise ValueError(
        f'Cannot register {name} for automatic cleanup: '
        f'unknown resource type {rtype}')
ValueError: Cannot register /dev/shm/joblib_memmapping_folder_856101_6531bdcbc8bf47c7835463a4687f468b_7db37bdf1a3d40d49c603fe69a456b50 for automatic cleanup: unknown resource type folder
Traceback (most recent call last):
  File "/global/common/software/nersc/pe/conda-envs/26.1.0/python-3.13/nersc-python/lib/python3.13/multiprocessing/resource_tracker.py", line 371, in main
    raise ValueError(
        f'Cannot register {name} for automatic cleanup: '
        f'unknown resource type {rtype}')
ValueError: Cannot register /loky-856101-6vgrhq43 for automatic cleanup: unknown resource type semlock
Traceback (most recent call last):
  File "/global/common/software/nersc/pe/conda-envs/26.1.0/python-3.13/nersc-python/lib/python3.13/multiprocessing/resource_tracker.py", line 371, in main
    raise ValueError(
        f'Cannot register {name} for automatic cleanup: '
        f'unknown resource type {rtype}')
ValueError: Cannot register /loky-856101-ciz6_95a for automatic cleanup: unknown resource type semlock
Traceback (most recent call last):
  File "/global/common/software/nersc/pe/conda-envs/26.1.0/python-3.13/nersc-python/lib/python3.13/multiprocessing/resource_tracker.py", line 371, in main
    raise ValueError(
        f'Cannot register {name} for automatic cleanup: '
        f'unknown resource type {rtype}')
ValueError: Cannot register /loky-856101-ybbyl2dw for automatic cleanup: unknown resource type semlock
Traceback (most recent call last):
  File "/global/common/software/nersc/pe/conda-envs/26.1.0/python-3.13/nersc-python/lib/python3.13/multiprocessing/resource_tracker.py", line 371, in main
    raise ValueError(
        f'Cannot register {name} for automatic cleanup: '
        f'unknown resource type {rtype}')
ValueError: Cannot register /loky-856101-6gl2u6pg for automatic cleanup: unknown resource type semlock
Traceback (most recent call last):
  File "/global/common/software/nersc/pe/conda-envs/26.1.0/python-3.13/nersc-python/lib/python3.13/multiprocessing/resource_tracker.py", line 371, in main
    raise ValueError(
        f'Cannot register {name} for automatic cleanup: '
        f'unknown resource type {rtype}')
ValueError: Cannot register /loky-856101-omtkg14s for automatic cleanup: unknown resource type semlock
Traceback (most recent call last):
  File "/global/common/software/nersc/pe/conda-envs/26.1.0/python-3.13/nersc-python/lib/python3.13/multiprocessing/resource_tracker.py", line 371, in main
    raise ValueError(
        f'Cannot register {name} for automatic cleanup: '
        f'unknown resource type {rtype}')
ValueError: Cannot register /loky-856101-9hb8zry9 for automatic cleanup: unknown resource type semlock
Traceback (most recent call last):
  File "/global/common/software/nersc/pe/conda-envs/26.1.0/python-3.13/nersc-python/lib/python3.13/multiprocessing/resource_tracker.py", line 371, in main
    raise ValueError(
        f'Cannot register {name} for automatic cleanup: '
        f'unknown resource type {rtype}')
ValueError: Cannot register /dev/shm/joblib_memmapping_folder_856101_6531bdcbc8bf47c7835463a4687f468b_36750e589fb6449786a0dac921cb55e5 for automatic cleanup: unknown resource type folder
Traceback (most recent call last):
  File "/global/common/software/nersc/pe/conda-envs/26.1.0/python-3.13/nersc-python/lib/python3.13/multiprocessing/resource_tracker.py", line 371, in main
    raise ValueError(
        f'Cannot register {name} for automatic cleanup: '
        f'unknown resource type {rtype}')
ValueError: Cannot register /loky-856101-k_r50o_i for automatic cleanup: unknown resource type semlock
Traceback (most recent call last):
  File "/global/common/software/nersc/pe/conda-envs/26.1.0/python-3.13/nersc-python/lib/python3.13/multiprocessing/resource_tracker.py", line 371, in main
    raise ValueError(
        f'Cannot register {name} for automatic cleanup: '
        f'unknown resource type {rtype}')
ValueError: Cannot register /loky-856101-qio1wzn4 for automatic cleanup: unknown resource type semlock
Traceback (most recent call last):
  File "/global/common/software/nersc/pe/conda-envs/26.1.0/python-3.13/nersc-python/lib/python3.13/multiprocessing/resource_tracker.py", line 371, in main
    raise ValueError(
        f'Cannot register {name} for automatic cleanup: '
        f'unknown resource type {rtype}')
ValueError: Cannot register /loky-856101-sbb3gdvq for automatic cleanup: unknown resource type semlock
Traceback (most recent call last):
  File "/global/common/software/nersc/pe/conda-envs/26.1.0/python-3.13/nersc-python/lib/python3.13/multiprocessing/resource_tracker.py", line 371, in main
    raise ValueError(
        f'Cannot register {name} for automatic cleanup: '
        f'unknown resource type {rtype}')
ValueError: Cannot register /loky-856101-duwlqcve for automatic cleanup: unknown resource type semlock
  File "/global/common/software/nersc/pe/conda-envs/26.1.0/python-3.13/nersc-python/lib/python3.13/multiprocessing/resource_tracker.py", line 371, in main
Traceback (most recent call last):
    raise ValueError(
        f'Cannot register {name} for automatic cleanup: '
        f'unknown resource type {rtype}')
  File "/global/common/software/nersc/pe/conda-envs/26.1.0/python-3.13/nersc-python/lib/python3.13/multiprocessing/resource_tracker.py", line 371, in main
ValueError: Cannot register /dev/shm/joblib_memmapping_folder_856107_da40e443976647219ed56f43dd5027c2_a5005669f44c4b50ac574f7a4d10fd35 for automatic cleanup: unknown resource type folder
    raise ValueError(
Traceback (most recent call last):
Traceback (most recent call last):
        f'Cannot register {name} for automatic cleanup: '
  File "/global/common/software/nersc/pe/conda-envs/26.1.0/python-3.13/nersc-python/lib/python3.13/multiprocessing/resource_tracker.py", line 371, in main
        f'unknown resource type {rtype}')
    raise ValueError(
        f'Cannot register {name} for automatic cleanup: '
        f'unknown resource type {rtype}')
ValueError: Cannot register /loky-856101-76lrpehs for automatic cleanup: unknown resource type semlock
ValueError: Cannot register /loky-856107-tzalh_x_ for automatic cleanup: unknown resource type semlock
Traceback (most recent call last):
Traceback (most recent call last):
  File "/global/common/software/nersc/pe/conda-envs/26.1.0/python-3.13/nersc-python/lib/python3.13/multiprocessing/resource_tracker.py", line 371, in main
    raise ValueError(
        f'Cannot register {name} for automatic cleanup: '
        f'unknown resource type {rtype}')
ValueError: Cannot register /loky-856101-cs8jlxhx for automatic cleanup: unknown resource type semlock
Traceback (most recent call last):
  File "/global/common/software/nersc/pe/conda-envs/26.1.0/python-3.13/nersc-python/lib/python3.13/multiprocessing/resource_tracker.py", line 371, in main
  File "/global/common/software/nersc/pe/conda-envs/26.1.0/python-3.13/nersc-python/lib/python3.13/multiprocessing/resource_tracker.py", line 371, in main
    raise ValueError(
    raise ValueError(
        f'Cannot register {name} for automatic cleanup: '
        f'Cannot register {name} for automatic cleanup: '
        f'unknown resource type {rtype}')
        f'unknown resource type {rtype}')
ValueError: Cannot register /loky-856107-2a7hd87s for automatic cleanup: unknown resource type semlock
ValueError: Cannot register /loky-856101-2ruwm_mw for automatic cleanup: unknown resource type semlock
Traceback (most recent call last):
Traceback (most recent call last):
  File "/global/common/software/nersc/pe/conda-envs/26.1.0/python-3.13/nersc-python/lib/python3.13/multiprocessing/resource_tracker.py", line 371, in main
    raise ValueError(
        f'Cannot register {name} for automatic cleanup: '
        f'unknown resource type {rtype}')
  File "/global/common/software/nersc/pe/conda-envs/26.1.0/python-3.13/nersc-python/lib/python3.13/multiprocessing/resource_tracker.py", line 371, in main
ValueError: Cannot register /loky-856101-szdvy2d4 for automatic cleanup: unknown resource type semlock
    raise ValueError(
        f'Cannot register {name} for automatic cleanup: '
Traceback (most recent call last):
        f'unknown resource type {rtype}')
ValueError: Cannot register /loky-856107-jf7sf2t3 for automatic cleanup: unknown resource type semlock
Traceback (most recent call last):
  File "/global/common/software/nersc/pe/conda-envs/26.1.0/python-3.13/nersc-python/lib/python3.13/multiprocessing/resource_tracker.py", line 371, in main
    raise ValueError(
        f'Cannot register {name} for automatic cleanup: '
        f'unknown resource type {rtype}')
ValueError: Cannot register /loky-856101-anesd7my for automatic cleanup: unknown resource type semlock
  File "/global/common/software/nersc/pe/conda-envs/26.1.0/python-3.13/nersc-python/lib/python3.13/multiprocessing/resource_tracker.py", line 371, in main
Traceback (most recent call last):
    raise ValueError(
        f'Cannot register {name} for automatic cleanup: '
        f'unknown resource type {rtype}')
ValueError: Cannot register /loky-856107-5i0o4vnb for automatic cleanup: unknown resource type semlock
  File "/global/common/software/nersc/pe/conda-envs/26.1.0/python-3.13/nersc-python/lib/python3.13/multiprocessing/resource_tracker.py", line 371, in main
Traceback (most recent call last):
    raise ValueError(
        f'Cannot register {name} for automatic cleanup: '
        f'unknown resource type {rtype}')
ValueError: Cannot register /loky-856101-lpcexwkz for automatic cleanup: unknown resource type semlock
  File "/global/common/software/nersc/pe/conda-envs/26.1.0/python-3.13/nersc-python/lib/python3.13/multiprocessing/resource_tracker.py", line 371, in main
    raise ValueError(
Traceback (most recent call last):
        f'Cannot register {name} for automatic cleanup: '
        f'unknown resource type {rtype}')
ValueError: Cannot register /loky-856107-indjej9b for automatic cleanup: unknown resource type semlock
Traceback (most recent call last):
  File "/global/common/software/nersc/pe/conda-envs/26.1.0/python-3.13/nersc-python/lib/python3.13/multiprocessing/resource_tracker.py", line 371, in main
    raise ValueError(
        f'Cannot register {name} for automatic cleanup: '
  File "/global/common/software/nersc/pe/conda-envs/26.1.0/python-3.13/nersc-python/lib/python3.13/multiprocessing/resource_tracker.py", line 371, in main
        f'unknown resource type {rtype}')
    raise ValueError(
ValueError: Cannot register /loky-856101-hy9hr0b7 for automatic cleanup: unknown resource type semlock
        f'Cannot register {name} for automatic cleanup: '
Traceback (most recent call last):
        f'unknown resource type {rtype}')
ValueError: Cannot register /loky-856107-4h5nsjet for automatic cleanup: unknown resource type semlock
Traceback (most recent call last):
  File "/global/common/software/nersc/pe/conda-envs/26.1.0/python-3.13/nersc-python/lib/python3.13/multiprocessing/resource_tracker.py", line 371, in main
    raise ValueError(
        f'Cannot register {name} for automatic cleanup: '
        f'unknown resource type {rtype}')
ValueError: Cannot register /loky-856101-ivl6v3y4 for automatic cleanup: unknown resource type semlock
Traceback (most recent call last):
  File "/global/common/software/nersc/pe/conda-envs/26.1.0/python-3.13/nersc-python/lib/python3.13/multiprocessing/resource_tracker.py", line 371, in main
    raise ValueError(
        f'Cannot register {name} for automatic cleanup: '
        f'unknown resource type {rtype}')
ValueError: Cannot register /dev/shm/joblib_memmapping_folder_856107_da40e443976647219ed56f43dd5027c2_0c3340d4f9ed4c50bd4e59e2db5b7f86 for automatic cleanup: unknown resource type folder
  File "/global/common/software/nersc/pe/conda-envs/26.1.0/python-3.13/nersc-python/lib/python3.13/multiprocessing/resource_tracker.py", line 371, in main
    raise ValueError(
Traceback (most recent call last):
        f'Cannot register {name} for automatic cleanup: '
        f'unknown resource type {rtype}')
ValueError: Cannot register /loky-856101-hob4fiau for automatic cleanup: unknown resource type semlock
Traceback (most recent call last):
  File "/global/common/software/nersc/pe/conda-envs/26.1.0/python-3.13/nersc-python/lib/python3.13/multiprocessing/resource_tracker.py", line 371, in main
    raise ValueError(
        f'Cannot register {name} for automatic cleanup: '
        f'unknown resource type {rtype}')
ValueError: Cannot register /loky-856107-57kz3g21 for automatic cleanup: unknown resource type semlock
  File "/global/common/software/nersc/pe/conda-envs/26.1.0/python-3.13/nersc-python/lib/python3.13/multiprocessing/resource_tracker.py", line 371, in main
    raise ValueError(
        f'Cannot register {name} for automatic cleanup: '
Traceback (most recent call last):
        f'unknown resource type {rtype}')
ValueError: Cannot register /loky-856101-warsnydi for automatic cleanup: unknown resource type semlock
Traceback (most recent call last):
  File "/global/common/software/nersc/pe/conda-envs/26.1.0/python-3.13/nersc-python/lib/python3.13/multiprocessing/resource_tracker.py", line 371, in main
    raise ValueError(
  File "/global/common/software/nersc/pe/conda-envs/26.1.0/python-3.13/nersc-python/lib/python3.13/multiprocessing/resource_tracker.py", line 371, in main
        f'Cannot register {name} for automatic cleanup: '
    raise ValueError(
        f'Cannot register {name} for automatic cleanup: '
        f'unknown resource type {rtype}')
        f'unknown resource type {rtype}')
ValueError: Cannot register /loky-856107-0t8bpnce for automatic cleanup: unknown resource type semlock
ValueError: Cannot register /loky-856101-9fdi4oa1 for automatic cleanup: unknown resource type semlock
Traceback (most recent call last):
Traceback (most recent call last):
  File "/global/common/software/nersc/pe/conda-envs/26.1.0/python-3.13/nersc-python/lib/python3.13/multiprocessing/resource_tracker.py", line 371, in main
  File "/global/common/software/nersc/pe/conda-envs/26.1.0/python-3.13/nersc-python/lib/python3.13/multiprocessing/resource_tracker.py", line 371, in main
    raise ValueError(
    raise ValueError(
        f'Cannot register {name} for automatic cleanup: '
        f'Cannot register {name} for automatic cleanup: '
        f'unknown resource type {rtype}')
        f'unknown resource type {rtype}')
ValueError: Cannot register /loky-856107-d7_p7_db for automatic cleanup: unknown resource type semlock
ValueError: Cannot register /loky-856101-4sm3l8yy for automatic cleanup: unknown resource type semlock
Traceback (most recent call last):
  File "/global/common/software/nersc/pe/conda-envs/26.1.0/python-3.13/nersc-python/lib/python3.13/multiprocessing/resource_tracker.py", line 371, in main
    raise ValueError(
        f'Cannot register {name} for automatic cleanup: '
        f'unknown resource type {rtype}')
ValueError: Cannot register /loky-856107-_u8q7bcy for automatic cleanup: unknown resource type semlock
Traceback (most recent call last):
  File "/global/common/software/nersc/pe/conda-envs/26.1.0/python-3.13/nersc-python/lib/python3.13/multiprocessing/resource_tracker.py", line 371, in main
    raise ValueError(
        f'Cannot register {name} for automatic cleanup: '
        f'unknown resource type {rtype}')
ValueError: Cannot register /loky-856107-r8dd_c47 for automatic cleanup: unknown resource type semlock
Traceback (most recent call last):
  File "/global/common/software/nersc/pe/conda-envs/26.1.0/python-3.13/nersc-python/lib/python3.13/multiprocessing/resource_tracker.py", line 371, in main
    raise ValueError(
        f'Cannot register {name} for automatic cleanup: '
        f'unknown resource type {rtype}')
ValueError: Cannot register /loky-856107-fstxo7l8 for automatic cleanup: unknown resource type semlock
Traceback (most recent call last):
  File "/global/common/software/nersc/pe/conda-envs/26.1.0/python-3.13/nersc-python/lib/python3.13/multiprocessing/resource_tracker.py", line 371, in main
    raise ValueError(
        f'Cannot register {name} for automatic cleanup: '
        f'unknown resource type {rtype}')
ValueError: Cannot register /loky-856107-6m7wlzvd for automatic cleanup: unknown resource type semlock
Traceback (most recent call last):
  File "/global/common/software/nersc/pe/conda-envs/26.1.0/python-3.13/nersc-python/lib/python3.13/multiprocessing/resource_tracker.py", line 371, in main
    raise ValueError(
        f'Cannot register {name} for automatic cleanup: '
        f'unknown resource type {rtype}')
ValueError: Cannot register /loky-856107-io6g433i for automatic cleanup: unknown resource type semlock
Traceback (most recent call last):
  File "/global/common/software/nersc/pe/conda-envs/26.1.0/python-3.13/nersc-python/lib/python3.13/multiprocessing/resource_tracker.py", line 371, in main
    raise ValueError(
        f'Cannot register {name} for automatic cleanup: '
        f'unknown resource type {rtype}')
ValueError: Cannot register /loky-856107-b7wggyx5 for automatic cleanup: unknown resource type semlock
Traceback (most recent call last):
  File "/global/common/software/nersc/pe/conda-envs/26.1.0/python-3.13/nersc-python/lib/python3.13/multiprocessing/resource_tracker.py", line 371, in main
    raise ValueError(
        f'Cannot register {name} for automatic cleanup: '
        f'unknown resource type {rtype}')
ValueError: Cannot register /loky-856107-bp680mv0 for automatic cleanup: unknown resource type semlock
Traceback (most recent call last):
  File "/global/common/software/nersc/pe/conda-envs/26.1.0/python-3.13/nersc-python/lib/python3.13/multiprocessing/resource_tracker.py", line 371, in main
  File "/global/common/software/nersc/pe/conda-envs/26.1.0/python-3.13/nersc-python/lib/python3.13/multiprocessing/resource_tracker.py", line 371, in main
    raise ValueError(
    raise ValueError(
        f'Cannot register {name} for automatic cleanup: '
        f'Cannot register {name} for automatic cleanup: '
        f'unknown resource type {rtype}')
        f'unknown resource type {rtype}')
ValueError: Cannot register /loky-856107-rlkktoh1 for automatic cleanup: unknown resource type semlock
ValueError: Cannot register /dev/shm/joblib_memmapping_folder_856094_e7a649cdbaf04c34ba17cbeaaa8d630b_f3203292a37343f2896364c004465b51 for automatic cleanup: unknown resource type folder
Traceback (most recent call last):
Traceback (most recent call last):
  File "/global/common/software/nersc/pe/conda-envs/26.1.0/python-3.13/nersc-python/lib/python3.13/multiprocessing/resource_tracker.py", line 371, in main
    raise ValueError(
  File "/global/common/software/nersc/pe/conda-envs/26.1.0/python-3.13/nersc-python/lib/python3.13/multiprocessing/resource_tracker.py", line 371, in main
        f'Cannot register {name} for automatic cleanup: '
    raise ValueError(
        f'unknown resource type {rtype}')
        f'Cannot register {name} for automatic cleanup: '
ValueError: Cannot register /loky-856107-89l5cjq9 for automatic cleanup: unknown resource type semlock
        f'unknown resource type {rtype}')
Traceback (most recent call last):
ValueError: Cannot register /loky-856094-oq8s2lzq for automatic cleanup: unknown resource type semlock
  File "/global/common/software/nersc/pe/conda-envs/26.1.0/python-3.13/nersc-python/lib/python3.13/multiprocessing/resource_tracker.py", line 371, in main
Traceback (most recent call last):
    raise ValueError(
        f'Cannot register {name} for automatic cleanup: '
  File "/global/common/software/nersc/pe/conda-envs/26.1.0/python-3.13/nersc-python/lib/python3.13/multiprocessing/resource_tracker.py", line 371, in main
        f'unknown resource type {rtype}')
    raise ValueError(
ValueError: Cannot register /loky-856107-mdbpqr1z for automatic cleanup: unknown resource type semlock
        f'Cannot register {name} for automatic cleanup: '
Traceback (most recent call last):
        f'unknown resource type {rtype}')
  File "/global/common/software/nersc/pe/conda-envs/26.1.0/python-3.13/nersc-python/lib/python3.13/multiprocessing/resource_tracker.py", line 371, in main
ValueError: Cannot register /loky-856094-ld_d84gt for automatic cleanup: unknown resource type semlock
    raise ValueError(
Traceback (most recent call last):
        f'Cannot register {name} for automatic cleanup: '
        f'unknown resource type {rtype}')
  File "/global/common/software/nersc/pe/conda-envs/26.1.0/python-3.13/nersc-python/lib/python3.13/multiprocessing/resource_tracker.py", line 371, in main
ValueError: Cannot register /loky-856107-tuyw38u8 for automatic cleanup: unknown resource type semlock
    raise ValueError(
Traceback (most recent call last):
        f'Cannot register {name} for automatic cleanup: '
  File "/global/common/software/nersc/pe/conda-envs/26.1.0/python-3.13/nersc-python/lib/python3.13/multiprocessing/resource_tracker.py", line 371, in main
        f'unknown resource type {rtype}')
    raise ValueError(
ValueError: Cannot register /loky-856094-d327ybtd for automatic cleanup: unknown resource type semlock
        f'Cannot register {name} for automatic cleanup: '
Traceback (most recent call last):
        f'unknown resource type {rtype}')
  File "/global/common/software/nersc/pe/conda-envs/26.1.0/python-3.13/nersc-python/lib/python3.13/multiprocessing/resource_tracker.py", line 371, in main
ValueError: Cannot register /loky-856107-oakx4hmn for automatic cleanup: unknown resource type semlock
    raise ValueError(
Traceback (most recent call last):
        f'Cannot register {name} for automatic cleanup: '
  File "/global/common/software/nersc/pe/conda-envs/26.1.0/python-3.13/nersc-python/lib/python3.13/multiprocessing/resource_tracker.py", line 371, in main
        f'unknown resource type {rtype}')
    raise ValueError(
ValueError: Cannot register /loky-856094-phlfvu77 for automatic cleanup: unknown resource type semlock
        f'Cannot register {name} for automatic cleanup: '
Traceback (most recent call last):
        f'unknown resource type {rtype}')
  File "/global/common/software/nersc/pe/conda-envs/26.1.0/python-3.13/nersc-python/lib/python3.13/multiprocessing/resource_tracker.py", line 371, in main
    raise ValueError(
ValueError: Cannot register /loky-856107-5mapbrcw for automatic cleanup: unknown resource type semlock
        f'Cannot register {name} for automatic cleanup: '
        f'unknown resource type {rtype}')
ValueError: Cannot register /loky-856094-nbbxo0p4 for automatic cleanup: unknown resource type semlock
Traceback (most recent call last):
  File "/global/common/software/nersc/pe/conda-envs/26.1.0/python-3.13/nersc-python/lib/python3.13/multiprocessing/resource_tracker.py", line 371, in main
    raise ValueError(
        f'Cannot register {name} for automatic cleanup: '
        f'unknown resource type {rtype}')
ValueError: Cannot register /loky-856094-cuu3j911 for automatic cleanup: unknown resource type semlock
Traceback (most recent call last):
  File "/global/common/software/nersc/pe/conda-envs/26.1.0/python-3.13/nersc-python/lib/python3.13/multiprocessing/resource_tracker.py", line 371, in main
    raise ValueError(
        f'Cannot register {name} for automatic cleanup: '
        f'unknown resource type {rtype}')
ValueError: Cannot register /dev/shm/joblib_memmapping_folder_856094_e7a649cdbaf04c34ba17cbeaaa8d630b_424770afa425414e903e6457ae2730f1 for automatic cleanup: unknown resource type folder
Traceback (most recent call last):
  File "/global/common/software/nersc/pe/conda-envs/26.1.0/python-3.13/nersc-python/lib/python3.13/multiprocessing/resource_tracker.py", line 371, in main
    raise ValueError(
        f'Cannot register {name} for automatic cleanup: '
        f'unknown resource type {rtype}')
ValueError: Cannot register /loky-856094-26793q7t for automatic cleanup: unknown resource type semlock
Traceback (most recent call last):
  File "/global/common/software/nersc/pe/conda-envs/26.1.0/python-3.13/nersc-python/lib/python3.13/multiprocessing/resource_tracker.py", line 371, in main
    raise ValueError(
        f'Cannot register {name} for automatic cleanup: '
        f'unknown resource type {rtype}')
ValueError: Cannot register /loky-856094-c2d45x5q for automatic cleanup: unknown resource type semlock
Traceback (most recent call last):
  File "/global/common/software/nersc/pe/conda-envs/26.1.0/python-3.13/nersc-python/lib/python3.13/multiprocessing/resource_tracker.py", line 371, in main
    raise ValueError(
        f'Cannot register {name} for automatic cleanup: '
        f'unknown resource type {rtype}')
ValueError: Cannot register /loky-856094-6fw5lsk8 for automatic cleanup: unknown resource type semlock
Traceback (most recent call last):
  File "/global/common/software/nersc/pe/conda-envs/26.1.0/python-3.13/nersc-python/lib/python3.13/multiprocessing/resource_tracker.py", line 371, in main
    raise ValueError(
        f'Cannot register {name} for automatic cleanup: '
        f'unknown resource type {rtype}')
ValueError: Cannot register /loky-856094-60xkdzx1 for automatic cleanup: unknown resource type semlock
Traceback (most recent call last):
  File "/global/common/software/nersc/pe/conda-envs/26.1.0/python-3.13/nersc-python/lib/python3.13/multiprocessing/resource_tracker.py", line 371, in main
    raise ValueError(
        f'Cannot register {name} for automatic cleanup: '
        f'unknown resource type {rtype}')
ValueError: Cannot register /loky-856094-qf0a2ol4 for automatic cleanup: unknown resource type semlock
Traceback (most recent call last):
  File "/global/common/software/nersc/pe/conda-envs/26.1.0/python-3.13/nersc-python/lib/python3.13/multiprocessing/resource_tracker.py", line 371, in main
    raise ValueError(
        f'Cannot register {name} for automatic cleanup: '
        f'unknown resource type {rtype}')
ValueError: Cannot register /loky-856094-s5b74n97 for automatic cleanup: unknown resource type semlock
Traceback (most recent call last):
  File "/global/common/software/nersc/pe/conda-envs/26.1.0/python-3.13/nersc-python/lib/python3.13/multiprocessing/resource_tracker.py", line 371, in main
    raise ValueError(
        f'Cannot register {name} for automatic cleanup: '
        f'unknown resource type {rtype}')
ValueError: Cannot register /loky-856094-vx9n9vej for automatic cleanup: unknown resource type semlock
Traceback (most recent call last):
  File "/global/common/software/nersc/pe/conda-envs/26.1.0/python-3.13/nersc-python/lib/python3.13/multiprocessing/resource_tracker.py", line 371, in main
    raise ValueError(
        f'Cannot register {name} for automatic cleanup: '
        f'unknown resource type {rtype}')
ValueError: Cannot register /loky-856094-3a086_fe for automatic cleanup: unknown resource type semlock
Traceback (most recent call last):
  File "/global/common/software/nersc/pe/conda-envs/26.1.0/python-3.13/nersc-python/lib/python3.13/multiprocessing/resource_tracker.py", line 371, in main
    raise ValueError(
        f'Cannot register {name} for automatic cleanup: '
        f'unknown resource type {rtype}')
ValueError: Cannot register /loky-856094-_ytema8y for automatic cleanup: unknown resource type semlock
Traceback (most recent call last):
  File "/global/common/software/nersc/pe/conda-envs/26.1.0/python-3.13/nersc-python/lib/python3.13/multiprocessing/resource_tracker.py", line 371, in main
    raise ValueError(
        f'Cannot register {name} for automatic cleanup: '
        f'unknown resource type {rtype}')
ValueError: Cannot register /loky-856094-yewn3mh8 for automatic cleanup: unknown resource type semlock
Traceback (most recent call last):
  File "/global/common/software/nersc/pe/conda-envs/26.1.0/python-3.13/nersc-python/lib/python3.13/multiprocessing/resource_tracker.py", line 371, in main
    raise ValueError(
        f'Cannot register {name} for automatic cleanup: '
        f'unknown resource type {rtype}')
ValueError: Cannot register /loky-856094-0c410j_k for automatic cleanup: unknown resource type semlock
Traceback (most recent call last):
  File "/global/common/software/nersc/pe/conda-envs/26.1.0/python-3.13/nersc-python/lib/python3.13/multiprocessing/resource_tracker.py", line 371, in main
    raise ValueError(
        f'Cannot register {name} for automatic cleanup: '
        f'unknown resource type {rtype}')
ValueError: Cannot register /loky-856094-zpywnxiy for automatic cleanup: unknown resource type semlock
Traceback (most recent call last):
  File "/global/common/software/nersc/pe/conda-envs/26.1.0/python-3.13/nersc-python/lib/python3.13/multiprocessing/resource_tracker.py", line 371, in main
    raise ValueError(
        f'Cannot register {name} for automatic cleanup: '
        f'unknown resource type {rtype}')
ValueError: Cannot register /loky-856094-gs_wl7kd for automatic cleanup: unknown resource type semlock
Traceback (most recent call last):
  File "/global/common/software/nersc/pe/conda-envs/26.1.0/python-3.13/nersc-python/lib/python3.13/multiprocessing/resource_tracker.py", line 371, in main
    raise ValueError(
        f'Cannot register {name} for automatic cleanup: '
        f'unknown resource type {rtype}')
ValueError: Cannot register /loky-856094-jcxq1ar6 for automatic cleanup: unknown resource type semlock
Traceback (most recent call last):
  File "/global/common/software/nersc/pe/conda-envs/26.1.0/python-3.13/nersc-python/lib/python3.13/multiprocessing/resource_tracker.py", line 371, in main
    raise ValueError(
        f'Cannot register {name} for automatic cleanup: '
        f'unknown resource type {rtype}')
ValueError: Cannot register /loky-856094-m61p60tn for automatic cleanup: unknown resource type semlock
Traceback (most recent call last):
  File "/global/common/software/nersc/pe/conda-envs/26.1.0/python-3.13/nersc-python/lib/python3.13/multiprocessing/resource_tracker.py", line 371, in main
    raise ValueError(
        f'Cannot register {name} for automatic cleanup: '
        f'unknown resource type {rtype}')
ValueError: Cannot register /loky-856094-imptf6ef for automatic cleanup: unknown resource type semlock
Traceback (most recent call last):
Traceback (most recent call last):
Traceback (most recent call last):
  File "/global/common/software/nersc/pe/conda-envs/26.1.0/python-3.13/nersc-python/lib/python3.13/multiprocessing/resource_tracker.py", line 371, in main
    raise ValueError(
        f'Cannot register {name} for automatic cleanup: '
        f'unknown resource type {rtype}')
ValueError: Cannot register /dev/shm/joblib_memmapping_folder_856105_e031e3c8bbd54881a4931bdabe9547e4_0a6a8da7b468428c8db2b9ae1633874d for automatic cleanup: unknown resource type folder
Traceback (most recent call last):
  File "/global/common/software/nersc/pe/conda-envs/26.1.0/python-3.13/nersc-python/lib/python3.13/multiprocessing/resource_tracker.py", line 371, in main
    raise ValueError(
        f'Cannot register {name} for automatic cleanup: '
        f'unknown resource type {rtype}')
ValueError: Cannot register /loky-856105-hv4rmxss for automatic cleanup: unknown resource type semlock
Traceback (most recent call last):
  File "/global/common/software/nersc/pe/conda-envs/26.1.0/python-3.13/nersc-python/lib/python3.13/multiprocessing/resource_tracker.py", line 371, in main
    raise ValueError(
        f'Cannot register {name} for automatic cleanup: '
        f'unknown resource type {rtype}')
ValueError: Cannot register /loky-856105-og_5u18h for automatic cleanup: unknown resource type semlock
Traceback (most recent call last):
  File "/global/common/software/nersc/pe/conda-envs/26.1.0/python-3.13/nersc-python/lib/python3.13/multiprocessing/resource_tracker.py", line 371, in main
    raise ValueError(
        f'Cannot register {name} for automatic cleanup: '
        f'unknown resource type {rtype}')
ValueError: Cannot register /loky-856105-np712ehc for automatic cleanup: unknown resource type semlock
Traceback (most recent call last):
  File "/global/common/software/nersc/pe/conda-envs/26.1.0/python-3.13/nersc-python/lib/python3.13/multiprocessing/resource_tracker.py", line 371, in main
    raise ValueError(
        f'Cannot register {name} for automatic cleanup: '
        f'unknown resource type {rtype}')
ValueError: Cannot register /loky-856105-89hecm4s for automatic cleanup: unknown resource type semlock
Traceback (most recent call last):
  File "/global/common/software/nersc/pe/conda-envs/26.1.0/python-3.13/nersc-python/lib/python3.13/multiprocessing/resource_tracker.py", line 371, in main
    raise ValueError(
        f'Cannot register {name} for automatic cleanup: '
        f'unknown resource type {rtype}')
ValueError: Cannot register /loky-856105-tim8l16v for automatic cleanup: unknown resource type semlock
Traceback (most recent call last):
  File "/global/common/software/nersc/pe/conda-envs/26.1.0/python-3.13/nersc-python/lib/python3.13/multiprocessing/resource_tracker.py", line 371, in main
    raise ValueError(
        f'Cannot register {name} for automatic cleanup: '
        f'unknown resource type {rtype}')
ValueError: Cannot register /loky-856105-i4ixjgdi for automatic cleanup: unknown resource type semlock
Traceback (most recent call last):
  File "/global/common/software/nersc/pe/conda-envs/26.1.0/python-3.13/nersc-python/lib/python3.13/multiprocessing/resource_tracker.py", line 371, in main
    raise ValueError(
        f'Cannot register {name} for automatic cleanup: '
  File "/global/common/software/nersc/pe/conda-envs/26.1.0/python-3.13/nersc-python/lib/python3.13/multiprocessing/resource_tracker.py", line 371, in main
        f'unknown resource type {rtype}')
    raise ValueError(
ValueError: Cannot register /dev/shm/joblib_memmapping_folder_856093_d7e91baf0f1b41ea97f9f62b8ea2688d_86dc96325f9a44a2a66f8299148d9a21 for automatic cleanup: unknown resource type folder
        f'Cannot register {name} for automatic cleanup: '
        f'unknown resource type {rtype}')
Traceback (most recent call last):
ValueError: Cannot register /dev/shm/joblib_memmapping_folder_856105_e031e3c8bbd54881a4931bdabe9547e4_3c2da65f1c0c4d5cad119878d6c0a265 for automatic cleanup: unknown resource type folder
Traceback (most recent call last):
  File "/global/common/software/nersc/pe/conda-envs/26.1.0/python-3.13/nersc-python/lib/python3.13/multiprocessing/resource_tracker.py", line 371, in main
    raise ValueError(
        f'Cannot register {name} for automatic cleanup: '
        f'unknown resource type {rtype}')
ValueError: Cannot register /loky-856105-0dr_mtqt for automatic cleanup: unknown resource type semlock
  File "/global/common/software/nersc/pe/conda-envs/26.1.0/python-3.13/nersc-python/lib/python3.13/multiprocessing/resource_tracker.py", line 371, in main
    raise ValueError(
Traceback (most recent call last):
        f'Cannot register {name} for automatic cleanup: '
        f'unknown resource type {rtype}')
ValueError: Cannot register /loky-856093-y4yanbbk for automatic cleanup: unknown resource type semlock
Traceback (most recent call last):
  File "/global/common/software/nersc/pe/conda-envs/26.1.0/python-3.13/nersc-python/lib/python3.13/multiprocessing/resource_tracker.py", line 371, in main
    raise ValueError(
  File "/global/common/software/nersc/pe/conda-envs/26.1.0/python-3.13/nersc-python/lib/python3.13/multiprocessing/resource_tracker.py", line 371, in main
        f'Cannot register {name} for automatic cleanup: '
    raise ValueError(
        f'unknown resource type {rtype}')
        f'Cannot register {name} for automatic cleanup: '
ValueError: Cannot register /loky-856105-qpbrg_4_ for automatic cleanup: unknown resource type semlock
        f'unknown resource type {rtype}')
ValueError: Cannot register /loky-856093-rcar7jkl for automatic cleanup: unknown resource type semlock
Traceback (most recent call last):
Traceback (most recent call last):
  File "/global/common/software/nersc/pe/conda-envs/26.1.0/python-3.13/nersc-python/lib/python3.13/multiprocessing/resource_tracker.py", line 371, in main
    raise ValueError(
        f'Cannot register {name} for automatic cleanup: '
        f'unknown resource type {rtype}')
ValueError: Cannot register /loky-856105-cljx4b27 for automatic cleanup: unknown resource type semlock
  File "/global/common/software/nersc/pe/conda-envs/26.1.0/python-3.13/nersc-python/lib/python3.13/multiprocessing/resource_tracker.py", line 371, in main
    raise ValueError(
Traceback (most recent call last):
        f'Cannot register {name} for automatic cleanup: '
        f'unknown resource type {rtype}')
ValueError: Cannot register /loky-856093-vnzxj1xd for automatic cleanup: unknown resource type semlock
  File "/global/common/software/nersc/pe/conda-envs/26.1.0/python-3.13/nersc-python/lib/python3.13/multiprocessing/resource_tracker.py", line 371, in main
    raise ValueError(
        f'Cannot register {name} for automatic cleanup: '
        f'unknown resource type {rtype}')
ValueError: Cannot register /loky-856105-ryheya87 for automatic cleanup: unknown resource type semlock
Traceback (most recent call last):
Traceback (most recent call last):
  File "/global/common/software/nersc/pe/conda-envs/26.1.0/python-3.13/nersc-python/lib/python3.13/multiprocessing/resource_tracker.py", line 371, in main
    raise ValueError(
        f'Cannot register {name} for automatic cleanup: '
        f'unknown resource type {rtype}')
ValueError: Cannot register /loky-856105-008nsk78 for automatic cleanup: unknown resource type semlock
  File "/global/common/software/nersc/pe/conda-envs/26.1.0/python-3.13/nersc-python/lib/python3.13/multiprocessing/resource_tracker.py", line 371, in main
    raise ValueError(
        f'Cannot register {name} for automatic cleanup: '
Traceback (most recent call last):
        f'unknown resource type {rtype}')
ValueError: Cannot register /loky-856093-kl0e8i0z for automatic cleanup: unknown resource type semlock
  File "/global/common/software/nersc/pe/conda-envs/26.1.0/python-3.13/nersc-python/lib/python3.13/multiprocessing/resource_tracker.py", line 371, in main
    raise ValueError(
        f'Cannot register {name} for automatic cleanup: '
Traceback (most recent call last):
        f'unknown resource type {rtype}')
ValueError: Cannot register /loky-856105-2bxf191_ for automatic cleanup: unknown resource type semlock
Traceback (most recent call last):
  File "/global/common/software/nersc/pe/conda-envs/26.1.0/python-3.13/nersc-python/lib/python3.13/multiprocessing/resource_tracker.py", line 371, in main
  File "/global/common/software/nersc/pe/conda-envs/26.1.0/python-3.13/nersc-python/lib/python3.13/multiprocessing/resource_tracker.py", line 371, in main
    raise ValueError(
    raise ValueError(
        f'Cannot register {name} for automatic cleanup: '
        f'Cannot register {name} for automatic cleanup: '
  File "/global/common/software/nersc/pe/conda-envs/26.1.0/python-3.13/nersc-python/lib/python3.13/multiprocessing/resource_tracker.py", line 371, in main
        f'unknown resource type {rtype}')
        f'unknown resource type {rtype}')
    raise ValueError(
ValueError: Cannot register /loky-856093-hho77mff for automatic cleanup: unknown resource type semlock
ValueError: Cannot register /dev/shm/joblib_memmapping_folder_856098_7368c7818ccf45cc83e2dd428c2c9b18_e0f9c721abb44f158e39931844aade77 for automatic cleanup: unknown resource type folder
        f'Cannot register {name} for automatic cleanup: '
Traceback (most recent call last):
Traceback (most recent call last):
        f'unknown resource type {rtype}')
ValueError: Cannot register /loky-856105-uu_c5ar8 for automatic cleanup: unknown resource type semlock
  File "/global/common/software/nersc/pe/conda-envs/26.1.0/python-3.13/nersc-python/lib/python3.13/multiprocessing/resource_tracker.py", line 371, in main
Traceback (most recent call last):
    raise ValueError(
        f'Cannot register {name} for automatic cleanup: '
  File "/global/common/software/nersc/pe/conda-envs/26.1.0/python-3.13/nersc-python/lib/python3.13/multiprocessing/resource_tracker.py", line 371, in main
        f'unknown resource type {rtype}')
  File "/global/common/software/nersc/pe/conda-envs/26.1.0/python-3.13/nersc-python/lib/python3.13/multiprocessing/resource_tracker.py", line 371, in main
    raise ValueError(
ValueError: Cannot register /loky-856093-4n6d7gm7 for automatic cleanup: unknown resource type semlock
    raise ValueError(
        f'Cannot register {name} for automatic cleanup: '
Traceback (most recent call last):
        f'Cannot register {name} for automatic cleanup: '
        f'unknown resource type {rtype}')
        f'unknown resource type {rtype}')
ValueError: Cannot register /loky-856105-9j4yxn71 for automatic cleanup: unknown resource type semlock
  File "/global/common/software/nersc/pe/conda-envs/26.1.0/python-3.13/nersc-python/lib/python3.13/multiprocessing/resource_tracker.py", line 371, in main
ValueError: Cannot register /loky-856098-kjmdgpfx for automatic cleanup: unknown resource type semlock
Traceback (most recent call last):
    raise ValueError(
Traceback (most recent call last):
  File "/global/common/software/nersc/pe/conda-envs/26.1.0/python-3.13/nersc-python/lib/python3.13/multiprocessing/resource_tracker.py", line 371, in main
        f'Cannot register {name} for automatic cleanup: '
    raise ValueError(
  File "/global/common/software/nersc/pe/conda-envs/26.1.0/python-3.13/nersc-python/lib/python3.13/multiprocessing/resource_tracker.py", line 371, in main
        f'unknown resource type {rtype}')
        f'Cannot register {name} for automatic cleanup: '
    raise ValueError(
ValueError: Cannot register /dev/shm/joblib_memmapping_folder_856093_d7e91baf0f1b41ea97f9f62b8ea2688d_96b270f54c6f4d378343e3be1d0c67f8 for automatic cleanup: unknown resource type folder
        f'unknown resource type {rtype}')
        f'Cannot register {name} for automatic cleanup: '
ValueError: Cannot register /loky-856105-i33u9kwh for automatic cleanup: unknown resource type semlock
Traceback (most recent call last):
        f'unknown resource type {rtype}')
Traceback (most recent call last):
ValueError: Cannot register /loky-856098-4xqaussc for automatic cleanup: unknown resource type semlock
  File "/global/common/software/nersc/pe/conda-envs/26.1.0/python-3.13/nersc-python/lib/python3.13/multiprocessing/resource_tracker.py", line 371, in main
  File "/global/common/software/nersc/pe/conda-envs/26.1.0/python-3.13/nersc-python/lib/python3.13/multiprocessing/resource_tracker.py", line 371, in main
Traceback (most recent call last):
    raise ValueError(
    raise ValueError(
        f'Cannot register {name} for automatic cleanup: '
  File "/global/common/software/nersc/pe/conda-envs/26.1.0/python-3.13/nersc-python/lib/python3.13/multiprocessing/resource_tracker.py", line 371, in main
        f'Cannot register {name} for automatic cleanup: '
        f'unknown resource type {rtype}')
    raise ValueError(
        f'unknown resource type {rtype}')
ValueError: Cannot register /loky-856093-ss0jdcx5 for automatic cleanup: unknown resource type semlock
        f'Cannot register {name} for automatic cleanup: '
ValueError: Cannot register /loky-856105-zzmyu92e for automatic cleanup: unknown resource type semlock
Traceback (most recent call last):
        f'unknown resource type {rtype}')
Traceback (most recent call last):
  File "/global/common/software/nersc/pe/conda-envs/26.1.0/python-3.13/nersc-python/lib/python3.13/multiprocessing/resource_tracker.py", line 371, in main
ValueError: Cannot register /loky-856098-1s9vhq1p for automatic cleanup: unknown resource type semlock
  File "/global/common/software/nersc/pe/conda-envs/26.1.0/python-3.13/nersc-python/lib/python3.13/multiprocessing/resource_tracker.py", line 371, in main
    raise ValueError(
Traceback (most recent call last):
    raise ValueError(
        f'Cannot register {name} for automatic cleanup: '
  File "/global/common/software/nersc/pe/conda-envs/26.1.0/python-3.13/nersc-python/lib/python3.13/multiprocessing/resource_tracker.py", line 371, in main
        f'Cannot register {name} for automatic cleanup: '
        f'unknown resource type {rtype}')
    raise ValueError(
        f'unknown resource type {rtype}')
ValueError: Cannot register /loky-856093-er8d2j4f for automatic cleanup: unknown resource type semlock
        f'Cannot register {name} for automatic cleanup: '
ValueError: Cannot register /loky-856105-4a4mr08l for automatic cleanup: unknown resource type semlock
Traceback (most recent call last):
        f'unknown resource type {rtype}')
Traceback (most recent call last):
  File "/global/common/software/nersc/pe/conda-envs/26.1.0/python-3.13/nersc-python/lib/python3.13/multiprocessing/resource_tracker.py", line 371, in main
ValueError: Cannot register /loky-856098-7wup4tm3 for automatic cleanup: unknown resource type semlock
  File "/global/common/software/nersc/pe/conda-envs/26.1.0/python-3.13/nersc-python/lib/python3.13/multiprocessing/resource_tracker.py", line 371, in main
    raise ValueError(
    raise ValueError(
Traceback (most recent call last):
        f'Cannot register {name} for automatic cleanup: '
        f'Cannot register {name} for automatic cleanup: '
  File "/global/common/software/nersc/pe/conda-envs/26.1.0/python-3.13/nersc-python/lib/python3.13/multiprocessing/resource_tracker.py", line 371, in main
        f'unknown resource type {rtype}')
        f'unknown resource type {rtype}')
    raise ValueError(
ValueError: Cannot register /loky-856093-8eyxtig4 for automatic cleanup: unknown resource type semlock
ValueError: Cannot register /loky-856105-ibi1o21k for automatic cleanup: unknown resource type semlock
        f'Cannot register {name} for automatic cleanup: '
Traceback (most recent call last):
Traceback (most recent call last):
        f'unknown resource type {rtype}')
  File "/global/common/software/nersc/pe/conda-envs/26.1.0/python-3.13/nersc-python/lib/python3.13/multiprocessing/resource_tracker.py", line 371, in main
  File "/global/common/software/nersc/pe/conda-envs/26.1.0/python-3.13/nersc-python/lib/python3.13/multiprocessing/resource_tracker.py", line 371, in main
ValueError: Cannot register /loky-856098-frhp14u_ for automatic cleanup: unknown resource type semlock
    raise ValueError(
    raise ValueError(
Traceback (most recent call last):
        f'Cannot register {name} for automatic cleanup: '
        f'Cannot register {name} for automatic cleanup: '
  File "/global/common/software/nersc/pe/conda-envs/26.1.0/python-3.13/nersc-python/lib/python3.13/multiprocessing/resource_tracker.py", line 371, in main
        f'unknown resource type {rtype}')
        f'unknown resource type {rtype}')
    raise ValueError(
ValueError: Cannot register /loky-856093-311nhyu0 for automatic cleanup: unknown resource type semlock
ValueError: Cannot register /loky-856105-e5bxagcq for automatic cleanup: unknown resource type semlock
        f'Cannot register {name} for automatic cleanup: '
Traceback (most recent call last):
Traceback (most recent call last):
        f'unknown resource type {rtype}')
  File "/global/common/software/nersc/pe/conda-envs/26.1.0/python-3.13/nersc-python/lib/python3.13/multiprocessing/resource_tracker.py", line 371, in main
  File "/global/common/software/nersc/pe/conda-envs/26.1.0/python-3.13/nersc-python/lib/python3.13/multiprocessing/resource_tracker.py", line 371, in main
ValueError: Cannot register /loky-856098-mon3ucs5 for automatic cleanup: unknown resource type semlock
    raise ValueError(
    raise ValueError(
Traceback (most recent call last):
        f'Cannot register {name} for automatic cleanup: '
        f'Cannot register {name} for automatic cleanup: '
  File "/global/common/software/nersc/pe/conda-envs/26.1.0/python-3.13/nersc-python/lib/python3.13/multiprocessing/resource_tracker.py", line 371, in main
        f'unknown resource type {rtype}')
        f'unknown resource type {rtype}')
    raise ValueError(
ValueError: Cannot register /loky-856093-zhdyk5n_ for automatic cleanup: unknown resource type semlock
ValueError: Cannot register /loky-856105-144wnow9 for automatic cleanup: unknown resource type semlock
        f'Cannot register {name} for automatic cleanup: '
Traceback (most recent call last):
Traceback (most recent call last):
        f'unknown resource type {rtype}')
  File "/global/common/software/nersc/pe/conda-envs/26.1.0/python-3.13/nersc-python/lib/python3.13/multiprocessing/resource_tracker.py", line 371, in main
  File "/global/common/software/nersc/pe/conda-envs/26.1.0/python-3.13/nersc-python/lib/python3.13/multiprocessing/resource_tracker.py", line 371, in main
ValueError: Cannot register /dev/shm/joblib_memmapping_folder_856098_7368c7818ccf45cc83e2dd428c2c9b18_1c70e3c6319e41eeaeb22267a9f4f73f for automatic cleanup: unknown resource type folder
    raise ValueError(
    raise ValueError(
Traceback (most recent call last):
        f'Cannot register {name} for automatic cleanup: '
        f'Cannot register {name} for automatic cleanup: '
        f'unknown resource type {rtype}')
  File "/global/common/software/nersc/pe/conda-envs/26.1.0/python-3.13/nersc-python/lib/python3.13/multiprocessing/resource_tracker.py", line 371, in main
        f'unknown resource type {rtype}')
ValueError: Cannot register /loky-856093-nnqjppu8 for automatic cleanup: unknown resource type semlock
    raise ValueError(
ValueError: Cannot register /loky-856105-trnag0tg for automatic cleanup: unknown resource type semlock
Traceback (most recent call last):
        f'Cannot register {name} for automatic cleanup: '
Traceback (most recent call last):
  File "/global/common/software/nersc/pe/conda-envs/26.1.0/python-3.13/nersc-python/lib/python3.13/multiprocessing/resource_tracker.py", line 371, in main
        f'unknown resource type {rtype}')
  File "/global/common/software/nersc/pe/conda-envs/26.1.0/python-3.13/nersc-python/lib/python3.13/multiprocessing/resource_tracker.py", line 371, in main
    raise ValueError(
ValueError: Cannot register /loky-856098-no15r7gj for automatic cleanup: unknown resource type semlock
    raise ValueError(
        f'Cannot register {name} for automatic cleanup: '
Traceback (most recent call last):
        f'Cannot register {name} for automatic cleanup: '
        f'unknown resource type {rtype}')
  File "/global/common/software/nersc/pe/conda-envs/26.1.0/python-3.13/nersc-python/lib/python3.13/multiprocessing/resource_tracker.py", line 371, in main
        f'unknown resource type {rtype}')
ValueError: Cannot register /loky-856093-h4b8tl_n for automatic cleanup: unknown resource type semlock
    raise ValueError(
ValueError: Cannot register /loky-856105-5ma16jyc for automatic cleanup: unknown resource type semlock
Traceback (most recent call last):
        f'Cannot register {name} for automatic cleanup: '
  File "/global/common/software/nersc/pe/conda-envs/26.1.0/python-3.13/nersc-python/lib/python3.13/multiprocessing/resource_tracker.py", line 371, in main
        f'unknown resource type {rtype}')
    raise ValueError(
ValueError: Cannot register /loky-856098-u5ma49f0 for automatic cleanup: unknown resource type semlock
        f'Cannot register {name} for automatic cleanup: '
Traceback (most recent call last):
        f'unknown resource type {rtype}')
  File "/global/common/software/nersc/pe/conda-envs/26.1.0/python-3.13/nersc-python/lib/python3.13/multiprocessing/resource_tracker.py", line 371, in main
ValueError: Cannot register /loky-856093-oxgtpk_7 for automatic cleanup: unknown resource type semlock
    raise ValueError(
Traceback (most recent call last):
        f'Cannot register {name} for automatic cleanup: '
  File "/global/common/software/nersc/pe/conda-envs/26.1.0/python-3.13/nersc-python/lib/python3.13/multiprocessing/resource_tracker.py", line 371, in main
        f'unknown resource type {rtype}')
    raise ValueError(
ValueError: Cannot register /loky-856098-4fa0yymt for automatic cleanup: unknown resource type semlock
        f'Cannot register {name} for automatic cleanup: '
Traceback (most recent call last):
        f'unknown resource type {rtype}')
  File "/global/common/software/nersc/pe/conda-envs/26.1.0/python-3.13/nersc-python/lib/python3.13/multiprocessing/resource_tracker.py", line 371, in main
ValueError: Cannot register /loky-856093-w1y6nryg for automatic cleanup: unknown resource type semlock
    raise ValueError(
Traceback (most recent call last):
        f'Cannot register {name} for automatic cleanup: '
        f'unknown resource type {rtype}')
ValueError: Cannot register /loky-856098-6jc45n3m for automatic cleanup: unknown resource type semlock
Traceback (most recent call last):
  File "/global/common/software/nersc/pe/conda-envs/26.1.0/python-3.13/nersc-python/lib/python3.13/multiprocessing/resource_tracker.py", line 371, in main
    raise ValueError(
        f'Cannot register {name} for automatic cleanup: '
        f'unknown resource type {rtype}')
ValueError: Cannot register /loky-856093-0yu70k4e for automatic cleanup: unknown resource type semlock
  File "/global/common/software/nersc/pe/conda-envs/26.1.0/python-3.13/nersc-python/lib/python3.13/multiprocessing/resource_tracker.py", line 371, in main
Traceback (most recent call last):
    raise ValueError(
        f'Cannot register {name} for automatic cleanup: '
        f'unknown resource type {rtype}')
ValueError: Cannot register /loky-856098-heov6mum for automatic cleanup: unknown resource type semlock
  File "/global/common/software/nersc/pe/conda-envs/26.1.0/python-3.13/nersc-python/lib/python3.13/multiprocessing/resource_tracker.py", line 371, in main
Traceback (most recent call last):
    raise ValueError(
        f'Cannot register {name} for automatic cleanup: '
        f'unknown resource type {rtype}')
  File "/global/common/software/nersc/pe/conda-envs/26.1.0/python-3.13/nersc-python/lib/python3.13/multiprocessing/resource_tracker.py", line 371, in main
ValueError: Cannot register /loky-856093-2eab3a3s for automatic cleanup: unknown resource type semlock
    raise ValueError(
        f'Cannot register {name} for automatic cleanup: '
Traceback (most recent call last):
        f'unknown resource type {rtype}')
ValueError: Cannot register /loky-856098-u5c8foie for automatic cleanup: unknown resource type semlock
  File "/global/common/software/nersc/pe/conda-envs/26.1.0/python-3.13/nersc-python/lib/python3.13/multiprocessing/resource_tracker.py", line 371, in main
Traceback (most recent call last):
    raise ValueError(
        f'Cannot register {name} for automatic cleanup: '
        f'unknown resource type {rtype}')
ValueError: Cannot register /loky-856093-hkiiomam for automatic cleanup: unknown resource type semlock
  File "/global/common/software/nersc/pe/conda-envs/26.1.0/python-3.13/nersc-python/lib/python3.13/multiprocessing/resource_tracker.py", line 371, in main
    raise ValueError(
Traceback (most recent call last):
        f'Cannot register {name} for automatic cleanup: '
        f'unknown resource type {rtype}')
ValueError: Cannot register /loky-856098-k9qn4k6a for automatic cleanup: unknown resource type semlock
  File "/global/common/software/nersc/pe/conda-envs/26.1.0/python-3.13/nersc-python/lib/python3.13/multiprocessing/resource_tracker.py", line 371, in main
Traceback (most recent call last):
    raise ValueError(
        f'Cannot register {name} for automatic cleanup: '
        f'unknown resource type {rtype}')
ValueError: Cannot register /loky-856093-a_026dei for automatic cleanup: unknown resource type semlock
  File "/global/common/software/nersc/pe/conda-envs/26.1.0/python-3.13/nersc-python/lib/python3.13/multiprocessing/resource_tracker.py", line 371, in main
    raise ValueError(
Traceback (most recent call last):
        f'Cannot register {name} for automatic cleanup: '
        f'unknown resource type {rtype}')
ValueError: Cannot register /loky-856098-pl8q2bmd for automatic cleanup: unknown resource type semlock
  File "/global/common/software/nersc/pe/conda-envs/26.1.0/python-3.13/nersc-python/lib/python3.13/multiprocessing/resource_tracker.py", line 371, in main
Traceback (most recent call last):
    raise ValueError(
        f'Cannot register {name} for automatic cleanup: '
        f'unknown resource type {rtype}')
ValueError: Cannot register /loky-856093-laqou4bs for automatic cleanup: unknown resource type semlock
  File "/global/common/software/nersc/pe/conda-envs/26.1.0/python-3.13/nersc-python/lib/python3.13/multiprocessing/resource_tracker.py", line 371, in main
Traceback (most recent call last):
    raise ValueError(
        f'Cannot register {name} for automatic cleanup: '
        f'unknown resource type {rtype}')
ValueError: Cannot register /loky-856098-a85qsf8c for automatic cleanup: unknown resource type semlock
Traceback (most recent call last):
  File "/global/common/software/nersc/pe/conda-envs/26.1.0/python-3.13/nersc-python/lib/python3.13/multiprocessing/resource_tracker.py", line 371, in main
    raise ValueError(
        f'Cannot register {name} for automatic cleanup: '
        f'unknown resource type {rtype}')
ValueError: Cannot register /loky-856093-g61wgv61 for automatic cleanup: unknown resource type semlock
  File "/global/common/software/nersc/pe/conda-envs/26.1.0/python-3.13/nersc-python/lib/python3.13/multiprocessing/resource_tracker.py", line 371, in main
Traceback (most recent call last):
    raise ValueError(
        f'Cannot register {name} for automatic cleanup: '
        f'unknown resource type {rtype}')
ValueError: Cannot register /loky-856098-im5dyi4k for automatic cleanup: unknown resource type semlock
Traceback (most recent call last):
  File "/global/common/software/nersc/pe/conda-envs/26.1.0/python-3.13/nersc-python/lib/python3.13/multiprocessing/resource_tracker.py", line 371, in main
    raise ValueError(
        f'Cannot register {name} for automatic cleanup: '
        f'unknown resource type {rtype}')
  File "/global/common/software/nersc/pe/conda-envs/26.1.0/python-3.13/nersc-python/lib/python3.13/multiprocessing/resource_tracker.py", line 371, in main
ValueError: Cannot register /loky-856093-7yhnx3hp for automatic cleanup: unknown resource type semlock
    raise ValueError(
        f'Cannot register {name} for automatic cleanup: '
        f'unknown resource type {rtype}')
ValueError: Cannot register /loky-856098-ynwi5kis for automatic cleanup: unknown resource type semlock
Traceback (most recent call last):
  File "/global/common/software/nersc/pe/conda-envs/26.1.0/python-3.13/nersc-python/lib/python3.13/multiprocessing/resource_tracker.py", line 371, in main
    raise ValueError(
        f'Cannot register {name} for automatic cleanup: '
        f'unknown resource type {rtype}')
ValueError: Cannot register /loky-856098-un4mg9ie for automatic cleanup: unknown resource type semlock
Traceback (most recent call last):
  File "/global/common/software/nersc/pe/conda-envs/26.1.0/python-3.13/nersc-python/lib/python3.13/multiprocessing/resource_tracker.py", line 371, in main
    raise ValueError(
        f'Cannot register {name} for automatic cleanup: '
        f'unknown resource type {rtype}')
ValueError: Cannot register /loky-856098-p7jx95pr for automatic cleanup: unknown resource type semlock
Traceback (most recent call last):
  File "/global/common/software/nersc/pe/conda-envs/26.1.0/python-3.13/nersc-python/lib/python3.13/multiprocessing/resource_tracker.py", line 371, in main
    raise ValueError(
        f'Cannot register {name} for automatic cleanup: '
        f'unknown resource type {rtype}')
ValueError: Cannot register /loky-856098-l5nq6dnl for automatic cleanup: unknown resource type semlock
Traceback (most recent call last):
  File "/global/common/software/nersc/pe/conda-envs/26.1.0/python-3.13/nersc-python/lib/python3.13/multiprocessing/resource_tracker.py", line 371, in main
    raise ValueError(
        f'Cannot register {name} for automatic cleanup: '
        f'unknown resource type {rtype}')
ValueError: Cannot register /loky-856098-2_4hadb8 for automatic cleanup: unknown resource type semlock
Traceback (most recent call last):
  File "/global/common/software/nersc/pe/conda-envs/26.1.0/python-3.13/nersc-python/lib/python3.13/multiprocessing/resource_tracker.py", line 371, in main
    raise ValueError(
        f'Cannot register {name} for automatic cleanup: '
        f'unknown resource type {rtype}')
ValueError: Cannot register /loky-856098-93qk_abx for automatic cleanup: unknown resource type semlock
Traceback (most recent call last):
  File "/global/common/software/nersc/pe/conda-envs/26.1.0/python-3.13/nersc-python/lib/python3.13/multiprocessing/resource_tracker.py", line 371, in main
    raise ValueError(
        f'Cannot register {name} for automatic cleanup: '
        f'unknown resource type {rtype}')
ValueError: Cannot register /dev/shm/joblib_memmapping_folder_856109_58a73d1de05848868f59f3fe8ba60c44_581ecf5aa82b4b2892d441f19919d93e for automatic cleanup: unknown resource type folder
Traceback (most recent call last):
  File "/global/common/software/nersc/pe/conda-envs/26.1.0/python-3.13/nersc-python/lib/python3.13/multiprocessing/resource_tracker.py", line 371, in main
    raise ValueError(
        f'Cannot register {name} for automatic cleanup: '
        f'unknown resource type {rtype}')
ValueError: Cannot register /loky-856109-khi5gkah for automatic cleanup: unknown resource type semlock
Traceback (most recent call last):
  File "/global/common/software/nersc/pe/conda-envs/26.1.0/python-3.13/nersc-python/lib/python3.13/multiprocessing/resource_tracker.py", line 371, in main
    raise ValueError(
        f'Cannot register {name} for automatic cleanup: '
        f'unknown resource type {rtype}')
ValueError: Cannot register /loky-856109-f60mz1ou for automatic cleanup: unknown resource type semlock
Traceback (most recent call last):
  File "/global/common/software/nersc/pe/conda-envs/26.1.0/python-3.13/nersc-python/lib/python3.13/multiprocessing/resource_tracker.py", line 371, in main
    raise ValueError(
        f'Cannot register {name} for automatic cleanup: '
        f'unknown resource type {rtype}')
ValueError: Cannot register /loky-856109-0t6c3wmm for automatic cleanup: unknown resource type semlock
Traceback (most recent call last):
  File "/global/common/software/nersc/pe/conda-envs/26.1.0/python-3.13/nersc-python/lib/python3.13/multiprocessing/resource_tracker.py", line 371, in main
    raise ValueError(
        f'Cannot register {name} for automatic cleanup: '
        f'unknown resource type {rtype}')
ValueError: Cannot register /loky-856109-6uf0t96d for automatic cleanup: unknown resource type semlock
Traceback (most recent call last):
  File "/global/common/software/nersc/pe/conda-envs/26.1.0/python-3.13/nersc-python/lib/python3.13/multiprocessing/resource_tracker.py", line 371, in main
    raise ValueError(
        f'Cannot register {name} for automatic cleanup: '
        f'unknown resource type {rtype}')
ValueError: Cannot register /loky-856109-owzzd0cb for automatic cleanup: unknown resource type semlock
Traceback (most recent call last):
  File "/global/common/software/nersc/pe/conda-envs/26.1.0/python-3.13/nersc-python/lib/python3.13/multiprocessing/resource_tracker.py", line 371, in main
    raise ValueError(
        f'Cannot register {name} for automatic cleanup: '
        f'unknown resource type {rtype}')
ValueError: Cannot register /loky-856109-90svjicb for automatic cleanup: unknown resource type semlock
Traceback (most recent call last):
  File "/global/common/software/nersc/pe/conda-envs/26.1.0/python-3.13/nersc-python/lib/python3.13/multiprocessing/resource_tracker.py", line 371, in main
    raise ValueError(
        f'Cannot register {name} for automatic cleanup: '
        f'unknown resource type {rtype}')
ValueError: Cannot register /dev/shm/joblib_memmapping_folder_856109_58a73d1de05848868f59f3fe8ba60c44_4d48e9aede9a466e9f020c3f7e86cd34 for automatic cleanup: unknown resource type folder
Traceback (most recent call last):
  File "/global/common/software/nersc/pe/conda-envs/26.1.0/python-3.13/nersc-python/lib/python3.13/multiprocessing/resource_tracker.py", line 371, in main
    raise ValueError(
        f'Cannot register {name} for automatic cleanup: '
        f'unknown resource type {rtype}')
ValueError: Cannot register /loky-856109-8v9ag4u3 for automatic cleanup: unknown resource type semlock
Traceback (most recent call last):
  File "/global/common/software/nersc/pe/conda-envs/26.1.0/python-3.13/nersc-python/lib/python3.13/multiprocessing/resource_tracker.py", line 371, in main
    raise ValueError(
        f'Cannot register {name} for automatic cleanup: '
        f'unknown resource type {rtype}')
ValueError: Cannot register /loky-856109-2rn7e_q7 for automatic cleanup: unknown resource type semlock
Traceback (most recent call last):
  File "/global/common/software/nersc/pe/conda-envs/26.1.0/python-3.13/nersc-python/lib/python3.13/multiprocessing/resource_tracker.py", line 371, in main
    raise ValueError(
        f'Cannot register {name} for automatic cleanup: '
        f'unknown resource type {rtype}')
ValueError: Cannot register /loky-856109-kkl46t90 for automatic cleanup: unknown resource type semlock
Traceback (most recent call last):
  File "/global/common/software/nersc/pe/conda-envs/26.1.0/python-3.13/nersc-python/lib/python3.13/multiprocessing/resource_tracker.py", line 371, in main
    raise ValueError(
        f'Cannot register {name} for automatic cleanup: '
        f'unknown resource type {rtype}')
ValueError: Cannot register /loky-856109-iqzi62vk for automatic cleanup: unknown resource type semlock
Traceback (most recent call last):
  File "/global/common/software/nersc/pe/conda-envs/26.1.0/python-3.13/nersc-python/lib/python3.13/multiprocessing/resource_tracker.py", line 371, in main
    raise ValueError(
        f'Cannot register {name} for automatic cleanup: '
        f'unknown resource type {rtype}')
ValueError: Cannot register /loky-856109-t8at2ccl for automatic cleanup: unknown resource type semlock
Traceback (most recent call last):
  File "/global/common/software/nersc/pe/conda-envs/26.1.0/python-3.13/nersc-python/lib/python3.13/multiprocessing/resource_tracker.py", line 371, in main
    raise ValueError(
        f'Cannot register {name} for automatic cleanup: '
        f'unknown resource type {rtype}')
ValueError: Cannot register /loky-856109-24plt_z6 for automatic cleanup: unknown resource type semlock
Traceback (most recent call last):
  File "/global/common/software/nersc/pe/conda-envs/26.1.0/python-3.13/nersc-python/lib/python3.13/multiprocessing/resource_tracker.py", line 371, in main
    raise ValueError(
        f'Cannot register {name} for automatic cleanup: '
        f'unknown resource type {rtype}')
ValueError: Cannot register /loky-856109-gvsk_z_z for automatic cleanup: unknown resource type semlock
Traceback (most recent call last):
  File "/global/common/software/nersc/pe/conda-envs/26.1.0/python-3.13/nersc-python/lib/python3.13/multiprocessing/resource_tracker.py", line 371, in main
    raise ValueError(
        f'Cannot register {name} for automatic cleanup: '
        f'unknown resource type {rtype}')
ValueError: Cannot register /loky-856109-cfaaf6mq for automatic cleanup: unknown resource type semlock
Traceback (most recent call last):
  File "/global/common/software/nersc/pe/conda-envs/26.1.0/python-3.13/nersc-python/lib/python3.13/multiprocessing/resource_tracker.py", line 371, in main
    raise ValueError(
        f'Cannot register {name} for automatic cleanup: '
        f'unknown resource type {rtype}')
ValueError: Cannot register /loky-856109-tzdrvyrj for automatic cleanup: unknown resource type semlock
Traceback (most recent call last):
  File "/global/common/software/nersc/pe/conda-envs/26.1.0/python-3.13/nersc-python/lib/python3.13/multiprocessing/resource_tracker.py", line 371, in main
    raise ValueError(
        f'Cannot register {name} for automatic cleanup: '
        f'unknown resource type {rtype}')
ValueError: Cannot register /loky-856109-2wnipb2o for automatic cleanup: unknown resource type semlock
Traceback (most recent call last):
  File "/global/common/software/nersc/pe/conda-envs/26.1.0/python-3.13/nersc-python/lib/python3.13/multiprocessing/resource_tracker.py", line 371, in main
    raise ValueError(
        f'Cannot register {name} for automatic cleanup: '
        f'unknown resource type {rtype}')
ValueError: Cannot register /loky-856109-ed5h7cc5 for automatic cleanup: unknown resource type semlock
Traceback (most recent call last):
  File "/global/common/software/nersc/pe/conda-envs/26.1.0/python-3.13/nersc-python/lib/python3.13/multiprocessing/resource_tracker.py", line 371, in main
    raise ValueError(
        f'Cannot register {name} for automatic cleanup: '
        f'unknown resource type {rtype}')
ValueError: Cannot register /loky-856109-tozwjzs7 for automatic cleanup: unknown resource type semlock
Traceback (most recent call last):
  File "/global/common/software/nersc/pe/conda-envs/26.1.0/python-3.13/nersc-python/lib/python3.13/multiprocessing/resource_tracker.py", line 371, in main
    raise ValueError(
        f'Cannot register {name} for automatic cleanup: '
        f'unknown resource type {rtype}')
ValueError: Cannot register /loky-856109-py582doh for automatic cleanup: unknown resource type semlock
Traceback (most recent call last):
  File "/global/common/software/nersc/pe/conda-envs/26.1.0/python-3.13/nersc-python/lib/python3.13/multiprocessing/resource_tracker.py", line 371, in main
    raise ValueError(
        f'Cannot register {name} for automatic cleanup: '
        f'unknown resource type {rtype}')
ValueError: Cannot register /loky-856109-xcprandw for automatic cleanup: unknown resource type semlock
Traceback (most recent call last):
  File "/global/common/software/nersc/pe/conda-envs/26.1.0/python-3.13/nersc-python/lib/python3.13/multiprocessing/resource_tracker.py", line 371, in main
    raise ValueError(
        f'Cannot register {name} for automatic cleanup: '
        f'unknown resource type {rtype}')
ValueError: Cannot register /loky-856109-m_tw4kby for automatic cleanup: unknown resource type semlock
Traceback (most recent call last):
  File "/global/common/software/nersc/pe/conda-envs/26.1.0/python-3.13/nersc-python/lib/python3.13/multiprocessing/resource_tracker.py", line 371, in main
    raise ValueError(
        f'Cannot register {name} for automatic cleanup: '
        f'unknown resource type {rtype}')
ValueError: Cannot register /loky-856109-e8dtjthb for automatic cleanup: unknown resource type semlock
Traceback (most recent call last):
  File "/global/common/software/nersc/pe/conda-envs/26.1.0/python-3.13/nersc-python/lib/python3.13/multiprocessing/resource_tracker.py", line 371, in main
    raise ValueError(
        f'Cannot register {name} for automatic cleanup: '
        f'unknown resource type {rtype}')
ValueError: Cannot register /dev/shm/joblib_memmapping_folder_856089_f559681411174149a58869c24955611d_fec4edbe554b4a6daa8dcff71a488bbb for automatic cleanup: unknown resource type folder
Traceback (most recent call last):
  File "/global/common/software/nersc/pe/conda-envs/26.1.0/python-3.13/nersc-python/lib/python3.13/multiprocessing/resource_tracker.py", line 371, in main
    raise ValueError(
        f'Cannot register {name} for automatic cleanup: '
        f'unknown resource type {rtype}')
ValueError: Cannot register /loky-856089-atgz67i0 for automatic cleanup: unknown resource type semlock
Traceback (most recent call last):
  File "/global/common/software/nersc/pe/conda-envs/26.1.0/python-3.13/nersc-python/lib/python3.13/multiprocessing/resource_tracker.py", line 371, in main
    raise ValueError(
        f'Cannot register {name} for automatic cleanup: '
        f'unknown resource type {rtype}')
ValueError: Cannot register /loky-856089-3w55zpmu for automatic cleanup: unknown resource type semlock
Traceback (most recent call last):
  File "/global/common/software/nersc/pe/conda-envs/26.1.0/python-3.13/nersc-python/lib/python3.13/multiprocessing/resource_tracker.py", line 371, in main
    raise ValueError(
        f'Cannot register {name} for automatic cleanup: '
        f'unknown resource type {rtype}')
ValueError: Cannot register /loky-856089-qq2zrzyl for automatic cleanup: unknown resource type semlock
Traceback (most recent call last):
  File "/global/common/software/nersc/pe/conda-envs/26.1.0/python-3.13/nersc-python/lib/python3.13/multiprocessing/resource_tracker.py", line 371, in main
    raise ValueError(
        f'Cannot register {name} for automatic cleanup: '
        f'unknown resource type {rtype}')
ValueError: Cannot register /loky-856089-fo137__b for automatic cleanup: unknown resource type semlock
Traceback (most recent call last):
  File "/global/common/software/nersc/pe/conda-envs/26.1.0/python-3.13/nersc-python/lib/python3.13/multiprocessing/resource_tracker.py", line 371, in main
    raise ValueError(
        f'Cannot register {name} for automatic cleanup: '
        f'unknown resource type {rtype}')
ValueError: Cannot register /loky-856089-si6izx5t for automatic cleanup: unknown resource type semlock
Traceback (most recent call last):
  File "/global/common/software/nersc/pe/conda-envs/26.1.0/python-3.13/nersc-python/lib/python3.13/multiprocessing/resource_tracker.py", line 371, in main
    raise ValueError(
        f'Cannot register {name} for automatic cleanup: '
        f'unknown resource type {rtype}')
ValueError: Cannot register /loky-856089-6u2kjw82 for automatic cleanup: unknown resource type semlock
Traceback (most recent call last):
  File "/global/common/software/nersc/pe/conda-envs/26.1.0/python-3.13/nersc-python/lib/python3.13/multiprocessing/resource_tracker.py", line 371, in main
    raise ValueError(
        f'Cannot register {name} for automatic cleanup: '
        f'unknown resource type {rtype}')
ValueError: Cannot register /dev/shm/joblib_memmapping_folder_856089_f559681411174149a58869c24955611d_ed66970311174260bf6cfb05052f8b96 for automatic cleanup: unknown resource type folder
Traceback (most recent call last):
  File "/global/common/software/nersc/pe/conda-envs/26.1.0/python-3.13/nersc-python/lib/python3.13/multiprocessing/resource_tracker.py", line 371, in main
    raise ValueError(
        f'Cannot register {name} for automatic cleanup: '
        f'unknown resource type {rtype}')
ValueError: Cannot register /loky-856089-caibiz02 for automatic cleanup: unknown resource type semlock
Traceback (most recent call last):
  File "/global/common/software/nersc/pe/conda-envs/26.1.0/python-3.13/nersc-python/lib/python3.13/multiprocessing/resource_tracker.py", line 371, in main
    raise ValueError(
        f'Cannot register {name} for automatic cleanup: '
        f'unknown resource type {rtype}')
ValueError: Cannot register /loky-856089-yt9omx6s for automatic cleanup: unknown resource type semlock
Traceback (most recent call last):
  File "/global/common/software/nersc/pe/conda-envs/26.1.0/python-3.13/nersc-python/lib/python3.13/multiprocessing/resource_tracker.py", line 371, in main
    raise ValueError(
        f'Cannot register {name} for automatic cleanup: '
        f'unknown resource type {rtype}')
ValueError: Cannot register /loky-856089-i71fjq9z for automatic cleanup: unknown resource type semlock
Traceback (most recent call last):
  File "/global/common/software/nersc/pe/conda-envs/26.1.0/python-3.13/nersc-python/lib/python3.13/multiprocessing/resource_tracker.py", line 371, in main
    raise ValueError(
        f'Cannot register {name} for automatic cleanup: '
        f'unknown resource type {rtype}')
ValueError: Cannot register /loky-856089-wxv_dn3m for automatic cleanup: unknown resource type semlock
Traceback (most recent call last):
  File "/global/common/software/nersc/pe/conda-envs/26.1.0/python-3.13/nersc-python/lib/python3.13/multiprocessing/resource_tracker.py", line 371, in main
    raise ValueError(
        f'Cannot register {name} for automatic cleanup: '
        f'unknown resource type {rtype}')
ValueError: Cannot register /loky-856089-6x4q2kfw for automatic cleanup: unknown resource type semlock
Traceback (most recent call last):
  File "/global/common/software/nersc/pe/conda-envs/26.1.0/python-3.13/nersc-python/lib/python3.13/multiprocessing/resource_tracker.py", line 371, in main
    raise ValueError(
        f'Cannot register {name} for automatic cleanup: '
        f'unknown resource type {rtype}')
ValueError: Cannot register /loky-856089-yzrqsba2 for automatic cleanup: unknown resource type semlock
Traceback (most recent call last):
  File "/global/common/software/nersc/pe/conda-envs/26.1.0/python-3.13/nersc-python/lib/python3.13/multiprocessing/resource_tracker.py", line 371, in main
    raise ValueError(
        f'Cannot register {name} for automatic cleanup: '
        f'unknown resource type {rtype}')
ValueError: Cannot register /loky-856089-f8pts_c9 for automatic cleanup: unknown resource type semlock
Traceback (most recent call last):
  File "/global/common/software/nersc/pe/conda-envs/26.1.0/python-3.13/nersc-python/lib/python3.13/multiprocessing/resource_tracker.py", line 371, in main
    raise ValueError(
        f'Cannot register {name} for automatic cleanup: '
        f'unknown resource type {rtype}')
ValueError: Cannot register /loky-856089-zz6e5r5c for automatic cleanup: unknown resource type semlock
Traceback (most recent call last):
  File "/global/common/software/nersc/pe/conda-envs/26.1.0/python-3.13/nersc-python/lib/python3.13/multiprocessing/resource_tracker.py", line 371, in main
    raise ValueError(
        f'Cannot register {name} for automatic cleanup: '
        f'unknown resource type {rtype}')
ValueError: Cannot register /loky-856089-f24kwkj3 for automatic cleanup: unknown resource type semlock
Traceback (most recent call last):
  File "/global/common/software/nersc/pe/conda-envs/26.1.0/python-3.13/nersc-python/lib/python3.13/multiprocessing/resource_tracker.py", line 371, in main
    raise ValueError(
        f'Cannot register {name} for automatic cleanup: '
        f'unknown resource type {rtype}')
ValueError: Cannot register /loky-856089-mjnemfc2 for automatic cleanup: unknown resource type semlock
Traceback (most recent call last):
  File "/global/common/software/nersc/pe/conda-envs/26.1.0/python-3.13/nersc-python/lib/python3.13/multiprocessing/resource_tracker.py", line 371, in main
    raise ValueError(
        f'Cannot register {name} for automatic cleanup: '
        f'unknown resource type {rtype}')
ValueError: Cannot register /loky-856089-bnmhcf3z for automatic cleanup: unknown resource type semlock
Traceback (most recent call last):
  File "/global/common/software/nersc/pe/conda-envs/26.1.0/python-3.13/nersc-python/lib/python3.13/multiprocessing/resource_tracker.py", line 371, in main
    raise ValueError(
        f'Cannot register {name} for automatic cleanup: '
        f'unknown resource type {rtype}')
ValueError: Cannot register /loky-856089-w12qfs8k for automatic cleanup: unknown resource type semlock
Traceback (most recent call last):
  File "/global/common/software/nersc/pe/conda-envs/26.1.0/python-3.13/nersc-python/lib/python3.13/multiprocessing/resource_tracker.py", line 371, in main
    raise ValueError(
        f'Cannot register {name} for automatic cleanup: '
        f'unknown resource type {rtype}')
ValueError: Cannot register /loky-856089-xfya0mnt for automatic cleanup: unknown resource type semlock
Traceback (most recent call last):
  File "/global/common/software/nersc/pe/conda-envs/26.1.0/python-3.13/nersc-python/lib/python3.13/multiprocessing/resource_tracker.py", line 371, in main
    raise ValueError(
        f'Cannot register {name} for automatic cleanup: '
        f'unknown resource type {rtype}')
ValueError: Cannot register /loky-856089-6llvkeij for automatic cleanup: unknown resource type semlock
Traceback (most recent call last):
  File "/global/common/software/nersc/pe/conda-envs/26.1.0/python-3.13/nersc-python/lib/python3.13/multiprocessing/resource_tracker.py", line 371, in main
    raise ValueError(
        f'Cannot register {name} for automatic cleanup: '
        f'unknown resource type {rtype}')
ValueError: Cannot register /loky-856089-7_3bz_0l for automatic cleanup: unknown resource type semlock
Traceback (most recent call last):
  File "/global/common/software/nersc/pe/conda-envs/26.1.0/python-3.13/nersc-python/lib/python3.13/multiprocessing/resource_tracker.py", line 371, in main
    raise ValueError(
        f'Cannot register {name} for automatic cleanup: '
        f'unknown resource type {rtype}')
ValueError: Cannot register /loky-856089-hzyd5eoc for automatic cleanup: unknown resource type semlock
/pscratch/sd/m/mbao202/NNL-P7/venv/lib/python3.13/site-packages/qiskit_algorithms/optimizers/spsa.py:349: RuntimeWarning: divide by zero encountered in scalar divide
  a = target_magnitude / avg_magnitudes
/pscratch/sd/m/mbao202/NNL-P7/venv/lib/python3.13/site-packages/qiskit_algorithms/optimizers/spsa.py:571: RuntimeWarning: invalid value encountered in multiply
  update = update * next(eta)
