Running TFIM IQPE t-sweep array task 1/10
===================================================================
TFIM 1D ground-state energy: h sweep (PBC, Lx=8, t=0.1)
  Method: IQPE
  Boundary: periodic
  System size: Lx = 8
  t value: 0.1
  h range: 0.0 to 6.0 step 0.5
  Data dir: /pscratch/sd/m/mbao202/NNL-P7/manuscript-plots/logs/tfim/1d/ground-state-energy/h-sweep-Lx8
  Started: Thu Aug 13 10:25:30 PM PDT 2026
===================================================================
Running computation...
Command: qbp run --method iqpe --observable E --qubit-operator /pscratch/sd/m/mbao202/tfim.hdf5 --select 1D --select grid-pbc --select Lx-8 --x-param h --x-range 0.0 6.0 0.5 --iqpe-time 0.1 --iqpe-trot 5 --iqpe-iters 8 --iqpe-reps 20 --iqpe-initial-state vqe_informed --iqpe-initial-vqe-ansatz excitation_preserving --iqpe-initial-vqe-n-layers 2 --iqpe-initial-vqe-ansatz-kwarg reps=2 --iqpe-initial-vqe-max-iters 1000 --log-path /pscratch/sd/m/mbao202/NNL-P7/manuscript-plots/logs/tfim/1d/ground-state-energy/h-sweep-Lx8/tfim-1d-pbc-Lx8-E-h-iqpe-t0.1.json --plot-path /pscratch/sd/m/mbao202/NNL-P7/manuscript-plots/plots/tfim/1d/ground-state-energy/h-sweep-Lx8/tfim-1d-pbc-Lx8-E-h-iqpe-t0.1.pdf

[[2m[37m22:25:59[0m[2m[0m] [2mIQPE [E] (h=0.5, rep=1) iteration=1 = 0.5[0m
[[2m[37m22:25:59[0m[2m[0m] [2mIQPE [E] (h=5.0, rep=1) iteration=1 = 0.5[0m
[[2m[37m22:25:59[0m[2m[0m] [2mIQPE [E] (h=6.0, rep=1) iteration=1 = 0.5[0m
[[2m[37m22:25:59[0m[2m[0m] [2mIQPE [E] (h=3.0, rep=1) iteration=1 = 0.5[0m
[[2m[37m22:25:59[0m[2m[0m] [2mIQPE [E] (h=4.0, rep=1) iteration=1 = 0.5[0m
[[2m[37m22:25:59[0m[2m[0m] [2mIQPE [E] (h=2.0, rep=1) iteration=1 = 0.5[0m
[[2m[37m22:25:59[0m[2m[0m] [2mIQPE [E] (h=1.0, rep=1) iteration=1 = 0.5[0m
[[2m[37m22:25:59[0m[2m[0m] [2mIQPE [E] (h=0.0, rep=1) iteration=1 = 0.5[0m
[[2m[37m22:26:00[0m[2m[0m] [2mIQPE [E] (h=0.5, rep=1) iteration=2 = 0.25[0m
[[2m[37m22:26:00[0m[2m[0m] [2mIQPE [E] (h=5.0, rep=1) iteration=2 = 0.75[0m
[[2m[37m22:26:00[0m[2m[0m] [2mIQPE [E] (h=6.0, rep=1) iteration=2 = 0.75[0m
[[2m[37m22:26:01[0m[2m[0m] [2mIQPE [E] (h=4.0, rep=1) iteration=2 = 0.75[0m
[[2m[37m22:26:01[0m[2m[0m] [2mIQPE [E] (h=2.0, rep=1) iteration=2 = 0.75[0m
[[2m[37m22:26:01[0m[2m[0m] [2mIQPE [E] (h=1.0, rep=1) iteration=2 = 0.75[0m
[[2m[37m22:26:01[0m[2m[0m] [2mIQPE [E] (h=3.0, rep=1) iteration=2 = 0.75[0m
[[2m[37m22:26:01[0m[2m[0m] [2mIQPE [E] (h=0.0, rep=1) iteration=2 = 0.75[0m
[[2m[37m22:26:01[0m[2m[0m] [2mIQPE [E] (h=0.5, rep=1) iteration=3 = 0.625[0m
[[2m[37m22:26:01[0m[2m[0m] [2mIQPE [E] (h=5.0, rep=1) iteration=3 = 0.375[0m
[[2m[37m22:26:01[0m[2m[0m] [2mIQPE [E] (h=6.0, rep=1) iteration=3 = 0.375[0m
[[2m[37m22:26:01[0m[2m[0m] [2mIQPE [E] (h=4.0, rep=1) iteration=3 = 0.375[0m
[[2m[37m22:26:01[0m[2m[0m] [2mIQPE [E] (h=2.0, rep=1) iteration=3 = 0.375[0m
[[2m[37m22:26:01[0m[2m[0m] [2mIQPE [E] (h=1.0, rep=1) iteration=3 = 0.875[0m
[[2m[37m22:26:01[0m[2m[0m] [2mIQPE [E] (h=3.0, rep=1) iteration=3 = 0.375[0m
[[2m[37m22:26:01[0m[2m[0m] [2mIQPE [E] (h=0.0, rep=1) iteration=3 = 0.875[0m
[[2m[37m22:26:01[0m[2m[0m] [2mIQPE [E] (h=0.5, rep=1) iteration=4 = 0.8125[0m
[[2m[37m22:26:02[0m[2m[0m] [2mIQPE [E] (h=6.0, rep=1) iteration=4 = 0.6875[0m
[[2m[37m22:26:02[0m[2m[0m] [2mIQPE [E] (h=5.0, rep=1) iteration=4 = 0.1875[0m
[[2m[37m22:26:02[0m[2m[0m] [2mIQPE [E] (h=4.0, rep=1) iteration=4 = 0.6875[0m
[[2m[37m22:26:02[0m[2m[0m] [2mIQPE [E] (h=2.0, rep=1) iteration=4 = 0.6875[0m
[[2m[37m22:26:02[0m[2m[0m] [2mIQPE [E] (h=0.0, rep=1) iteration=4 = 0.9375[0m
[[2m[37m22:26:02[0m[2m[0m] [2mIQPE [E] (h=1.0, rep=1) iteration=4 = 0.4375[0m
[[2m[37m22:26:02[0m[2m[0m] [2mIQPE [E] (h=3.0, rep=1) iteration=4 = 0.6875[0m
[[2m[37m22:26:02[0m[2m[0m] [2mIQPE [E] (h=0.5, rep=1) iteration=5 = 0.90625[0m
[[2m[37m22:26:02[0m[2m[0m] [2mIQPE [E] (h=6.0, rep=1) iteration=5 = 0.34375[0m
[[2m[37m22:26:02[0m[2m[0m] [2mIQPE [E] (h=5.0, rep=1) iteration=5 = 0.09375[0m
[[2m[37m22:26:02[0m[2m[0m] [2mIQPE [E] (h=0.0, rep=1) iteration=5 = 0.96875[0m
[[2m[37m22:26:02[0m[2m[0m] [2mIQPE [E] (h=4.0, rep=1) iteration=5 = 0.34375[0m
[[2m[37m22:26:02[0m[2m[0m] [2mIQPE [E] (h=1.0, rep=1) iteration=5 = 0.71875[0m
[[2m[37m22:26:02[0m[2m[0m] [2mIQPE [E] (h=0.5, rep=1) iteration=6 = 0.453125[0m
[[2m[37m22:26:02[0m[2m[0m] [2mIQPE [E] (h=2.0, rep=1) iteration=5 = 0.34375[0m
[[2m[37m22:26:02[0m[2m[0m] [2mIQPE [E] (h=3.0, rep=1) iteration=5 = 0.34375[0m
[[2m[37m22:26:02[0m[2m[0m] [2mIQPE [E] (h=0.0, rep=1) iteration=6 = 0.484375[0m
[[2m[37m22:26:02[0m[2m[0m] [2mIQPE [E] (h=6.0, rep=1) iteration=6 = 0.671875[0m
[[2m[37m22:26:02[0m[2m[0m] [2mIQPE [E] (h=5.0, rep=1) iteration=6 = 0.546875[0m
[[2m[37m22:26:02[0m[2m[0m] [2mIQPE [E] (h=0.5, rep=1) iteration=7 = 0.7265625[0m
[[2m[37m22:26:02[0m[2m[0m] [2mIQPE [E] (h=4.0, rep=1) iteration=6 = 0.671875[0m
[[2m[37m22:26:02[0m[2m[0m] [2mIQPE [E] (h=1.0, rep=1) iteration=6 = 0.359375[0m
[[2m[37m22:26:02[0m[2m[0m] [2mIQPE [E] (h=2.0, rep=1) iteration=6 = 0.171875[0m
[[2m[37m22:26:02[0m[2m[0m] [2mIQPE [E] (h=3.0, rep=1) iteration=6 = 0.171875[0m
[[2m[37m22:26:02[0m[2m[0m] [2mIQPE [E] (h=0.0, rep=1) iteration=7 = 0.7421875[0m
[[2m[37m22:26:02[0m[2m[0m] [2mIQPE [E] (h=0.5, rep=1) iteration=8 = 0.86328125[0m
[[2m[37m22:26:02[0m[2m[0m] [2mIQPE [E] (h=0.5, rep=1) = -54.24156065963627[0m
[[2m[37m22:26:02[0m[2m[0m] [2mIQPE [E] (h=6.0, rep=1) iteration=7 = 0.3359375[0m
[[2m[37m22:26:02[0m[2m[0m] [2mIQPE [E] (h=5.0, rep=1) iteration=7 = 0.2734375[0m
[[2m[37m22:26:02[0m[2m[0m] [2mIQPE [E] (h=4.0, rep=1) iteration=7 = 0.8359375[0m
[[2m[37m22:26:02[0m[2m[0m] [2mIQPE [E] (h=1.0, rep=1) iteration=7 = 0.6796875[0m
[[2m[37m22:26:02[0m[2m[0m] [2mIQPE [E] (h=2.0, rep=1) iteration=7 = 0.5859375[0m
[[2m[37m22:26:02[0m[2m[0m] [2mIQPE [E] (h=0.0, rep=1) iteration=8 = 0.87109375[0m
[[2m[37m22:26:02[0m[2m[0m] [2mIQPE [E] (h=0.0, rep=1) = -54.73243451175968[0m
[[2m[37m22:26:02[0m[2m[0m] [2mIQPE [E] (h=3.0, rep=1) iteration=7 = 0.5859375[0m
[[2m[37m22:26:02[0m[2m[0m] [2mIQPE [E] (h=6.0, rep=1) iteration=8 = 0.66796875[0m
[[2m[37m22:26:02[0m[2m[0m] [2mIQPE [E] (h=6.0, rep=1) = -41.96971435655114[0m
[[2m[37m22:26:02[0m[2m[0m] [2mIQPE [E] (h=5.0, rep=1) iteration=8 = 0.63671875[0m
[[2m[37m22:26:02[0m[2m[0m] [2mIQPE [E] (h=5.0, rep=1) = -40.006218948057516[0m
[[2m[37m22:26:02[0m[2m[0m] [2mIQPE [E] (h=4.0, rep=1) iteration=8 = 0.91796875[0m
[[2m[37m22:26:02[0m[2m[0m] [2mIQPE [E] (h=4.0, rep=1) = -57.677677624500106[0m
[[2m[37m22:26:02[0m[2m[0m] [2mIQPE [E] (h=1.0, rep=1) iteration=8 = 0.83984375[0m
[[2m[37m22:26:02[0m[2m[0m] [2mIQPE [E] (h=1.0, rep=1) = -52.76893910326605[0m
[[2m[37m22:26:02[0m[2m[0m] [2mIQPE [E] (h=2.0, rep=1) iteration=8 = 0.79296875[0m
[[2m[37m22:26:02[0m[2m[0m] [2mIQPE [E] (h=2.0, rep=1) = -49.82369599052562[0m
[[2m[37m22:26:02[0m[2m[0m] [2mIQPE [E] (h=3.0, rep=1) iteration=8 = 0.79296875[0m
[[2m[37m22:26:02[0m[2m[0m] [2mIQPE [E] (h=3.0, rep=1) = -49.82369599052562[0m
[[2m[37m22:26:16[0m[2m[0m] [2mIQPE [E] (h=0.5, rep=2) iteration=1 = 0.5[0m
[[2m[37m22:26:16[0m[2m[0m] [2mIQPE [E] (h=3.0, rep=2) iteration=1 = 0.5[0m
[[2m[37m22:26:16[0m[2m[0m] [2mIQPE [E] (h=5.0, rep=2) iteration=1 = 0.5[0m
[[2m[37m22:26:16[0m[2m[0m] [2mIQPE [E] (h=4.0, rep=2) iteration=1 = 0.5[0m
[[2m[37m22:26:16[0m[2m[0m] [2mIQPE [E] (h=2.0, rep=2) iteration=1 = 0.5[0m
[[2m[37m22:26:16[0m[2m[0m] [2mIQPE [E] (h=6.0, rep=2) iteration=1 = 0.5[0m
[[2m[37m22:26:16[0m[2m[0m] [2mIQPE [E] (h=1.0, rep=2) iteration=1 = 0.5[0m
[[2m[37m22:26:17[0m[2m[0m] [2mIQPE [E] (h=0.5, rep=2) iteration=2 = 0.25[0m
[[2m[37m22:26:17[0m[2m[0m] [2mIQPE [E] (h=3.0, rep=2) iteration=2 = 0.75[0m
[[2m[37m22:26:17[0m[2m[0m] [2mIQPE [E] (h=4.0, rep=2) iteration=2 = 0.75[0m
[[2m[37m22:26:17[0m[2m[0m] [2mIQPE [E] (h=5.0, rep=2) iteration=2 = 0.75[0m
[[2m[37m22:26:17[0m[2m[0m] [2mIQPE [E] (h=2.0, rep=2) iteration=2 = 0.75[0m
[[2m[37m22:26:17[0m[2m[0m] [2mIQPE [E] (h=6.0, rep=2) iteration=2 = 0.75[0m
[[2m[37m22:26:17[0m[2m[0m] [2mIQPE [E] (h=1.0, rep=2) iteration=2 = 0.75[0m
[[2m[37m22:26:18[0m[2m[0m] [2mIQPE [E] (h=0.0, rep=2) iteration=1 = 0.5[0m
[[2m[37m22:26:18[0m[2m[0m] [2mIQPE [E] (h=0.5, rep=2) iteration=3 = 0.625[0m
[[2m[37m22:26:18[0m[2m[0m] [2mIQPE [E] (h=3.0, rep=2) iteration=3 = 0.375[0m
[[2m[37m22:26:18[0m[2m[0m] [2mIQPE [E] (h=4.0, rep=2) iteration=3 = 0.375[0m
[[2m[37m22:26:18[0m[2m[0m] [2mIQPE [E] (h=5.0, rep=2) iteration=3 = 0.375[0m
[[2m[37m22:26:18[0m[2m[0m] [2mIQPE [E] (h=2.0, rep=2) iteration=3 = 0.375[0m
[[2m[37m22:26:18[0m[2m[0m] [2mIQPE [E] (h=6.0, rep=2) iteration=3 = 0.375[0m
[[2m[37m22:26:18[0m[2m[0m] [2mIQPE [E] (h=1.0, rep=2) iteration=3 = 0.875[0m
[[2m[37m22:26:18[0m[2m[0m] [2mIQPE [E] (h=0.5, rep=2) iteration=4 = 0.8125[0m
[[2m[37m22:26:18[0m[2m[0m] [2mIQPE [E] (h=3.0, rep=2) iteration=4 = 0.6875[0m
[[2m[37m22:26:18[0m[2m[0m] [2mIQPE [E] (h=4.0, rep=2) iteration=4 = 0.6875[0m
[[2m[37m22:26:18[0m[2m[0m] [2mIQPE [E] (h=5.0, rep=2) iteration=4 = 0.1875[0m
[[2m[37m22:26:18[0m[2m[0m] [2mIQPE [E] (h=2.0, rep=2) iteration=4 = 0.6875[0m
[[2m[37m22:26:18[0m[2m[0m] [2mIQPE [E] (h=6.0, rep=2) iteration=4 = 0.6875[0m
[[2m[37m22:26:18[0m[2m[0m] [2mIQPE [E] (h=1.0, rep=2) iteration=4 = 0.4375[0m
[[2m[37m22:26:19[0m[2m[0m] [2mIQPE [E] (h=0.5, rep=2) iteration=5 = 0.90625[0m
[[2m[37m22:26:19[0m[2m[0m] [2mIQPE [E] (h=3.0, rep=2) iteration=5 = 0.34375[0m
[[2m[37m22:26:19[0m[2m[0m] [2mIQPE [E] (h=4.0, rep=2) iteration=5 = 0.34375[0m
[[2m[37m22:26:19[0m[2m[0m] [2mIQPE [E] (h=5.0, rep=2) iteration=5 = 0.09375[0m
[[2m[37m22:26:19[0m[2m[0m] [2mIQPE [E] (h=2.0, rep=2) iteration=5 = 0.34375[0m
[[2m[37m22:26:19[0m[2m[0m] [2mIQPE [E] (h=0.5, rep=2) iteration=6 = 0.453125[0m
[[2m[37m22:26:19[0m[2m[0m] [2mIQPE [E] (h=6.0, rep=2) iteration=5 = 0.34375[0m
[[2m[37m22:26:19[0m[2m[0m] [2mIQPE [E] (h=1.0, rep=2) iteration=5 = 0.71875[0m
[[2m[37m22:26:19[0m[2m[0m] [2mIQPE [E] (h=3.0, rep=2) iteration=6 = 0.171875[0m
[[2m[37m22:26:19[0m[2m[0m] [2mIQPE [E] (h=4.0, rep=2) iteration=6 = 0.171875[0m
[[2m[37m22:26:19[0m[2m[0m] [2mIQPE [E] (h=5.0, rep=2) iteration=6 = 0.546875[0m
[[2m[37m22:26:19[0m[2m[0m] [2mIQPE [E] (h=0.5, rep=2) iteration=7 = 0.7265625[0m
[[2m[37m22:26:19[0m[2m[0m] [2mIQPE [E] (h=2.0, rep=2) iteration=6 = 0.171875[0m
[[2m[37m22:26:19[0m[2m[0m] [2mIQPE [E] (h=6.0, rep=2) iteration=6 = 0.671875[0m
[[2m[37m22:26:19[0m[2m[0m] [2mIQPE [E] (h=3.0, rep=2) iteration=7 = 0.5859375[0m
[[2m[37m22:26:19[0m[2m[0m] [2mIQPE [E] (h=4.0, rep=2) iteration=7 = 0.5859375[0m
[[2m[37m22:26:19[0m[2m[0m] [2mIQPE [E] (h=1.0, rep=2) iteration=6 = 0.359375[0m
[[2m[37m22:26:19[0m[2m[0m] [2mIQPE [E] (h=0.5, rep=2) iteration=8 = 0.86328125[0m
[[2m[37m22:26:19[0m[2m[0m] [2mIQPE [E] (h=0.5, rep=2) = -54.24156065963627[0m
[[2m[37m22:26:19[0m[2m[0m] [2mIQPE [E] (h=5.0, rep=2) iteration=7 = 0.2734375[0m
[[2m[37m22:26:19[0m[2m[0m] [2mIQPE [E] (h=2.0, rep=2) iteration=7 = 0.5859375[0m
[[2m[37m22:26:19[0m[2m[0m] [2mIQPE [E] (h=3.0, rep=2) iteration=8 = 0.79296875[0m
[[2m[37m22:26:19[0m[2m[0m] [2mIQPE [E] (h=3.0, rep=2) = -49.82369599052562[0m
[[2m[37m22:26:19[0m[2m[0m] [2mIQPE [E] (h=4.0, rep=2) iteration=8 = 0.79296875[0m
[[2m[37m22:26:19[0m[2m[0m] [2mIQPE [E] (h=4.0, rep=2) = -49.82369599052562[0m
[[2m[37m22:26:19[0m[2m[0m] [2mIQPE [E] (h=6.0, rep=2) iteration=7 = 0.8359375[0m
[[2m[37m22:26:19[0m[2m[0m] [2mIQPE [E] (h=1.0, rep=2) iteration=7 = 0.6796875[0m
[[2m[37m22:26:19[0m[2m[0m] [2mIQPE [E] (h=5.0, rep=2) iteration=8 = 0.63671875[0m
[[2m[37m22:26:19[0m[2m[0m] [2mIQPE [E] (h=5.0, rep=2) = -40.006218948057516[0m
[[2m[37m22:26:19[0m[2m[0m] [2mIQPE [E] (h=2.0, rep=2) iteration=8 = 0.79296875[0m
[[2m[37m22:26:19[0m[2m[0m] [2mIQPE [E] (h=2.0, rep=2) = -49.82369599052562[0m
[[2m[37m22:26:19[0m[2m[0m] [2mIQPE [E] (h=0.0, rep=2) iteration=2 = 0.75[0m
[[2m[37m22:26:19[0m[2m[0m] [2mIQPE [E] (h=6.0, rep=2) iteration=8 = 0.91796875[0m
[[2m[37m22:26:19[0m[2m[0m] [2mIQPE [E] (h=6.0, rep=2) = -57.677677624500106[0m
[[2m[37m22:26:19[0m[2m[0m] [2mIQPE [E] (h=1.0, rep=2) iteration=8 = 0.83984375[0m
[[2m[37m22:26:19[0m[2m[0m] [2mIQPE [E] (h=1.0, rep=2) = -52.76893910326605[0m
[[2m[37m22:26:20[0m[2m[0m] [2mIQPE [E] (h=0.0, rep=2) iteration=3 = 0.875[0m
[[2m[37m22:26:20[0m[2m[0m] [2mIQPE [E] (h=0.0, rep=2) iteration=4 = 0.9375[0m
[[2m[37m22:26:20[0m[2m[0m] [2mIQPE [E] (h=0.0, rep=2) iteration=5 = 0.96875[0m
[[2m[37m22:26:20[0m[2m[0m] [2mIQPE [E] (h=0.0, rep=2) iteration=6 = 0.484375[0m
[[2m[37m22:26:21[0m[2m[0m] [2mIQPE [E] (h=0.0, rep=2) iteration=7 = 0.7421875[0m
[[2m[37m22:26:21[0m[2m[0m] [2mIQPE [E] (h=0.0, rep=2) iteration=8 = 0.87109375[0m
[[2m[37m22:26:21[0m[2m[0m] [2mIQPE [E] (h=0.0, rep=2) = -54.73243451175968[0m
[[2m[37m22:26:31[0m[2m[0m] [2mIQPE [E] (h=5.0, rep=3) iteration=1 = 0.5[0m
[[2m[37m22:26:31[0m[2m[0m] [2mIQPE [E] (h=0.5, rep=3) iteration=1 = 0.5[0m
[[2m[37m22:26:31[0m[2m[0m] [2mIQPE [E] (h=3.0, rep=3) iteration=1 = 0.5[0m
[[2m[37m22:26:31[0m[2m[0m] [2mIQPE [E] (h=4.0, rep=3) iteration=1 = 0.5[0m
[[2m[37m22:26:32[0m[2m[0m] [2mIQPE [E] (h=2.0, rep=3) iteration=1 = 0.5[0m
[[2m[37m22:26:32[0m[2m[0m] [2mIQPE [E] (h=1.0, rep=3) iteration=1 = 0.5[0m
[[2m[37m22:26:32[0m[2m[0m] [2mIQPE [E] (h=6.0, rep=3) iteration=1 = 0.5[0m
[[2m[37m22:26:32[0m[2m[0m] [2mIQPE [E] (h=5.0, rep=3) iteration=2 = 0.75[0m
[[2m[37m22:26:32[0m[2m[0m] [2mIQPE [E] (h=0.5, rep=3) iteration=2 = 0.25[0m
[[2m[37m22:26:33[0m[2m[0m] [2mIQPE [E] (h=3.0, rep=3) iteration=2 = 0.75[0m
[[2m[37m22:26:33[0m[2m[0m] [2mIQPE [E] (h=4.0, rep=3) iteration=2 = 0.75[0m
[[2m[37m22:26:33[0m[2m[0m] [2mIQPE [E] (h=2.0, rep=3) iteration=2 = 0.75[0m
[[2m[37m22:26:33[0m[2m[0m] [2mIQPE [E] (h=0.0, rep=3) iteration=1 = 0.5[0m
[[2m[37m22:26:33[0m[2m[0m] [2mIQPE [E] (h=1.0, rep=3) iteration=2 = 0.75[0m
[[2m[37m22:26:33[0m[2m[0m] [2mIQPE [E] (h=6.0, rep=3) iteration=2 = 0.75[0m
[[2m[37m22:26:33[0m[2m[0m] [2mIQPE [E] (h=5.0, rep=3) iteration=3 = 0.375[0m
[[2m[37m22:26:33[0m[2m[0m] [2mIQPE [E] (h=0.5, rep=3) iteration=3 = 0.625[0m
[[2m[37m22:26:33[0m[2m[0m] [2mIQPE [E] (h=3.0, rep=3) iteration=3 = 0.375[0m
[[2m[37m22:26:33[0m[2m[0m] [2mIQPE [E] (h=4.0, rep=3) iteration=3 = 0.375[0m
[[2m[37m22:26:33[0m[2m[0m] [2mIQPE [E] (h=5.0, rep=3) iteration=4 = 0.1875[0m
[[2m[37m22:26:33[0m[2m[0m] [2mIQPE [E] (h=2.0, rep=3) iteration=3 = 0.375[0m
[[2m[37m22:26:33[0m[2m[0m] [2mIQPE [E] (h=0.5, rep=3) iteration=4 = 0.8125[0m
[[2m[37m22:26:34[0m[2m[0m] [2mIQPE [E] (h=1.0, rep=3) iteration=3 = 0.875[0m
[[2m[37m22:26:34[0m[2m[0m] [2mIQPE [E] (h=6.0, rep=3) iteration=3 = 0.375[0m
[[2m[37m22:26:34[0m[2m[0m] [2mIQPE [E] (h=3.0, rep=3) iteration=4 = 0.6875[0m
[[2m[37m22:26:34[0m[2m[0m] [2mIQPE [E] (h=4.0, rep=3) iteration=4 = 0.6875[0m
[[2m[37m22:26:34[0m[2m[0m] [2mIQPE [E] (h=5.0, rep=3) iteration=5 = 0.09375[0m
[[2m[37m22:26:34[0m[2m[0m] [2mIQPE [E] (h=0.5, rep=3) iteration=5 = 0.90625[0m
[[2m[37m22:26:34[0m[2m[0m] [2mIQPE [E] (h=3.0, rep=3) iteration=5 = 0.34375[0m
[[2m[37m22:26:34[0m[2m[0m] [2mIQPE [E] (h=5.0, rep=3) iteration=6 = 0.546875[0m
[[2m[37m22:26:34[0m[2m[0m] [2mIQPE [E] (h=2.0, rep=3) iteration=4 = 0.6875[0m
[[2m[37m22:26:34[0m[2m[0m] [2mIQPE [E] (h=0.5, rep=3) iteration=6 = 0.453125[0m
[[2m[37m22:26:34[0m[2m[0m] [2mIQPE [E] (h=4.0, rep=3) iteration=5 = 0.34375[0m
[[2m[37m22:26:34[0m[2m[0m] [2mIQPE [E] (h=1.0, rep=3) iteration=4 = 0.4375[0m
[[2m[37m22:26:34[0m[2m[0m] [2mIQPE [E] (h=6.0, rep=3) iteration=4 = 0.6875[0m
[[2m[37m22:26:34[0m[2m[0m] [2mIQPE [E] (h=5.0, rep=3) iteration=7 = 0.7734375[0m
[[2m[37m22:26:34[0m[2m[0m] [2mIQPE [E] (h=3.0, rep=3) iteration=6 = 0.171875[0m
[[2m[37m22:26:34[0m[2m[0m] [2mIQPE [E] (h=0.5, rep=3) iteration=7 = 0.7265625[0m
[[2m[37m22:26:34[0m[2m[0m] [2mIQPE [E] (h=4.0, rep=3) iteration=6 = 0.671875[0m
[[2m[37m22:26:34[0m[2m[0m] [2mIQPE [E] (h=5.0, rep=3) iteration=8 = 0.88671875[0m
[[2m[37m22:26:34[0m[2m[0m] [2mIQPE [E] (h=5.0, rep=3) = -55.714182216006485[0m
[[2m[37m22:26:34[0m[2m[0m] [2mIQPE [E] (h=2.0, rep=3) iteration=5 = 0.34375[0m
[[2m[37m22:26:34[0m[2m[0m] [2mIQPE [E] (h=3.0, rep=3) iteration=7 = 0.5859375[0m
[[2m[37m22:26:34[0m[2m[0m] [2mIQPE [E] (h=0.5, rep=3) iteration=8 = 0.86328125[0m
[[2m[37m22:26:34[0m[2m[0m] [2mIQPE [E] (h=0.5, rep=3) = -54.24156065963627[0m
[[2m[37m22:26:34[0m[2m[0m] [2mIQPE [E] (h=1.0, rep=3) iteration=5 = 0.71875[0m
[[2m[37m22:26:34[0m[2m[0m] [2mIQPE [E] (h=4.0, rep=3) iteration=7 = 0.3359375[0m
[[2m[37m22:26:34[0m[2m[0m] [2mIQPE [E] (h=6.0, rep=3) iteration=5 = 0.34375[0m
[[2m[37m22:26:34[0m[2m[0m] [2mIQPE [E] (h=3.0, rep=3) iteration=8 = 0.79296875[0m
[[2m[37m22:26:34[0m[2m[0m] [2mIQPE [E] (h=3.0, rep=3) = -49.82369599052562[0m
[[2m[37m22:26:34[0m[2m[0m] [2mIQPE [E] (h=0.0, rep=3) iteration=2 = 0.75[0m
[[2m[37m22:26:34[0m[2m[0m] [2mIQPE [E] (h=2.0, rep=3) iteration=6 = 0.171875[0m
[[2m[37m22:26:34[0m[2m[0m] [2mIQPE [E] (h=1.0, rep=3) iteration=6 = 0.359375[0m
[[2m[37m22:26:34[0m[2m[0m] [2mIQPE [E] (h=4.0, rep=3) iteration=8 = 0.66796875[0m
[[2m[37m22:26:34[0m[2m[0m] [2mIQPE [E] (h=4.0, rep=3) = -41.96971435655114[0m
[[2m[37m22:26:34[0m[2m[0m] [2mIQPE [E] (h=6.0, rep=3) iteration=6 = 0.671875[0m
[[2m[37m22:26:34[0m[2m[0m] [2mIQPE [E] (h=2.0, rep=3) iteration=7 = 0.5859375[0m
[[2m[37m22:26:34[0m[2m[0m] [2mIQPE [E] (h=1.0, rep=3) iteration=7 = 0.6796875[0m
[[2m[37m22:26:35[0m[2m[0m] [2mIQPE [E] (h=6.0, rep=3) iteration=7 = 0.3359375[0m
[[2m[37m22:26:35[0m[2m[0m] [2mIQPE [E] (h=2.0, rep=3) iteration=8 = 0.79296875[0m
[[2m[37m22:26:35[0m[2m[0m] [2mIQPE [E] (h=2.0, rep=3) = -49.82369599052562[0m
[[2m[37m22:26:35[0m[2m[0m] [2mIQPE [E] (h=1.0, rep=3) iteration=8 = 0.83984375[0m
[[2m[37m22:26:35[0m[2m[0m] [2mIQPE [E] (h=1.0, rep=3) = -52.76893910326605[0m
[[2m[37m22:26:35[0m[2m[0m] [2mIQPE [E] (h=6.0, rep=3) iteration=8 = 0.66796875[0m
[[2m[37m22:26:35[0m[2m[0m] [2mIQPE [E] (h=6.0, rep=3) = -41.96971435655114[0m
[[2m[37m22:26:35[0m[2m[0m] [2mIQPE [E] (h=0.0, rep=3) iteration=3 = 0.875[0m
[[2m[37m22:26:35[0m[2m[0m] [2mIQPE [E] (h=0.0, rep=3) iteration=4 = 0.9375[0m
[[2m[37m22:26:35[0m[2m[0m] [2mIQPE [E] (h=0.0, rep=3) iteration=5 = 0.96875[0m
[[2m[37m22:26:36[0m[2m[0m] [2mIQPE [E] (h=0.0, rep=3) iteration=6 = 0.484375[0m
[[2m[37m22:26:36[0m[2m[0m] [2mIQPE [E] (h=0.0, rep=3) iteration=7 = 0.7421875[0m
[[2m[37m22:26:36[0m[2m[0m] [2mIQPE [E] (h=0.0, rep=3) iteration=8 = 0.87109375[0m
[[2m[37m22:26:36[0m[2m[0m] [2mIQPE [E] (h=0.0, rep=3) = -54.73243451175968[0m
[[2m[37m22:26:46[0m[2m[0m] [2mIQPE [E] (h=3.0, rep=4) iteration=1 = 0.5[0m
[[2m[37m22:26:47[0m[2m[0m] [2mIQPE [E] (h=5.0, rep=4) iteration=1 = 0.5[0m
[[2m[37m22:26:47[0m[2m[0m] [2mIQPE [E] (h=0.5, rep=4) iteration=1 = 0.5[0m
[[2m[37m22:26:47[0m[2m[0m] [2mIQPE [E] (h=4.0, rep=4) iteration=1 = 0.5[0m
[[2m[37m22:26:47[0m[2m[0m] [2mIQPE [E] (h=1.0, rep=4) iteration=1 = 0.5[0m
[[2m[37m22:26:47[0m[2m[0m] [2mIQPE [E] (h=2.0, rep=4) iteration=1 = 0.5[0m
[[2m[37m22:26:48[0m[2m[0m] [2mIQPE [E] (h=6.0, rep=4) iteration=1 = 0.5[0m
[[2m[37m22:26:48[0m[2m[0m] [2mIQPE [E] (h=3.0, rep=4) iteration=2 = 0.75[0m
[[2m[37m22:26:48[0m[2m[0m] [2mIQPE [E] (h=5.0, rep=4) iteration=2 = 0.75[0m
[[2m[37m22:26:48[0m[2m[0m] [2mIQPE [E] (h=0.5, rep=4) iteration=2 = 0.25[0m
[[2m[37m22:26:48[0m[2m[0m] [2mIQPE [E] (h=0.0, rep=4) iteration=1 = 0.5[0m
[[2m[37m22:26:48[0m[2m[0m] [2mIQPE [E] (h=4.0, rep=4) iteration=2 = 0.75[0m
[[2m[37m22:26:48[0m[2m[0m] [2mIQPE [E] (h=3.0, rep=4) iteration=3 = 0.375[0m
[[2m[37m22:26:49[0m[2m[0m] [2mIQPE [E] (h=1.0, rep=4) iteration=2 = 0.75[0m
[[2m[37m22:26:49[0m[2m[0m] [2mIQPE [E] (h=5.0, rep=4) iteration=3 = 0.375[0m
[[2m[37m22:26:49[0m[2m[0m] [2mIQPE [E] (h=0.5, rep=4) iteration=3 = 0.625[0m
[[2m[37m22:26:49[0m[2m[0m] [2mIQPE [E] (h=2.0, rep=4) iteration=2 = 0.75[0m
[[2m[37m22:26:49[0m[2m[0m] [2mIQPE [E] (h=3.0, rep=4) iteration=4 = 0.6875[0m
[[2m[37m22:26:49[0m[2m[0m] [2mIQPE [E] (h=6.0, rep=4) iteration=2 = 0.75[0m
[[2m[37m22:26:49[0m[2m[0m] [2mIQPE [E] (h=4.0, rep=4) iteration=3 = 0.375[0m
[[2m[37m22:26:49[0m[2m[0m] [2mIQPE [E] (h=3.0, rep=4) iteration=5 = 0.34375[0m
[[2m[37m22:26:49[0m[2m[0m] [2mIQPE [E] (h=5.0, rep=4) iteration=4 = 0.1875[0m
[[2m[37m22:26:49[0m[2m[0m] [2mIQPE [E] (h=0.5, rep=4) iteration=4 = 0.8125[0m
[[2m[37m22:26:49[0m[2m[0m] [2mIQPE [E] (h=3.0, rep=4) iteration=6 = 0.171875[0m
[[2m[37m22:26:49[0m[2m[0m] [2mIQPE [E] (h=1.0, rep=4) iteration=3 = 0.875[0m
[[2m[37m22:26:49[0m[2m[0m] [2mIQPE [E] (h=0.5, rep=4) iteration=5 = 0.90625[0m
[[2m[37m22:26:49[0m[2m[0m] [2mIQPE [E] (h=5.0, rep=4) iteration=5 = 0.09375[0m
[[2m[37m22:26:49[0m[2m[0m] [2mIQPE [E] (h=3.0, rep=4) iteration=7 = 0.5859375[0m
[[2m[37m22:26:49[0m[2m[0m] [2mIQPE [E] (h=4.0, rep=4) iteration=4 = 0.6875[0m
[[2m[37m22:26:49[0m[2m[0m] [2mIQPE [E] (h=2.0, rep=4) iteration=3 = 0.375[0m
[[2m[37m22:26:49[0m[2m[0m] [2mIQPE [E] (h=0.5, rep=4) iteration=6 = 0.453125[0m
[[2m[37m22:26:49[0m[2m[0m] [2mIQPE [E] (h=3.0, rep=4) iteration=8 = 0.79296875[0m
[[2m[37m22:26:49[0m[2m[0m] [2mIQPE [E] (h=3.0, rep=4) = -49.82369599052562[0m
[[2m[37m22:26:49[0m[2m[0m] [2mIQPE [E] (h=5.0, rep=4) iteration=6 = 0.046875[0m
[[2m[37m22:26:49[0m[2m[0m] [2mIQPE [E] (h=0.5, rep=4) iteration=7 = 0.7265625[0m
[[2m[37m22:26:49[0m[2m[0m] [2mIQPE [E] (h=5.0, rep=4) iteration=7 = 0.0234375[0m
[[2m[37m22:26:49[0m[2m[0m] [2mIQPE [E] (h=6.0, rep=4) iteration=3 = 0.375[0m
[[2m[37m22:26:50[0m[2m[0m] [2mIQPE [E] (h=4.0, rep=4) iteration=5 = 0.34375[0m
[[2m[37m22:26:50[0m[2m[0m] [2mIQPE [E] (h=1.0, rep=4) iteration=4 = 0.4375[0m
[[2m[37m22:26:50[0m[2m[0m] [2mIQPE [E] (h=0.5, rep=4) iteration=8 = 0.86328125[0m
[[2m[37m22:26:50[0m[2m[0m] [2mIQPE [E] (h=0.5, rep=4) = -54.24156065963627[0m
[[2m[37m22:26:50[0m[2m[0m] [2mIQPE [E] (h=5.0, rep=4) iteration=8 = 0.01171875[0m
[[2m[37m22:26:50[0m[2m[0m] [2mIQPE [E] (h=5.0, rep=4) = -0.7363107781851077[0m
[[2m[37m22:26:50[0m[2m[0m] [2mIQPE [E] (h=2.0, rep=4) iteration=4 = 0.6875[0m
[[2m[37m22:26:50[0m[2m[0m] [2mIQPE [E] (h=4.0, rep=4) iteration=6 = 0.671875[0m
[[2m[37m22:26:50[0m[2m[0m] [2mIQPE [E] (h=0.0, rep=4) iteration=2 = 0.75[0m
[[2m[37m22:26:50[0m[2m[0m] [2mIQPE [E] (h=1.0, rep=4) iteration=5 = 0.71875[0m
[[2m[37m22:26:50[0m[2m[0m] [2mIQPE [E] (h=4.0, rep=4) iteration=7 = 0.3359375[0m
[[2m[37m22:26:50[0m[2m[0m] [2mIQPE [E] (h=6.0, rep=4) iteration=4 = 0.6875[0m
[[2m[37m22:26:50[0m[2m[0m] [2mIQPE [E] (h=2.0, rep=4) iteration=5 = 0.34375[0m
[[2m[37m22:26:50[0m[2m[0m] [2mIQPE [E] (h=4.0, rep=4) iteration=8 = 0.66796875[0m
[[2m[37m22:26:50[0m[2m[0m] [2mIQPE [E] (h=4.0, rep=4) = -41.96971435655114[0m
[[2m[37m22:26:50[0m[2m[0m] [2mIQPE [E] (h=1.0, rep=4) iteration=6 = 0.359375[0m
[[2m[37m22:26:50[0m[2m[0m] [2mIQPE [E] (h=1.0, rep=4) iteration=7 = 0.6796875[0m
[[2m[37m22:26:50[0m[2m[0m] [2mIQPE [E] (h=2.0, rep=4) iteration=6 = 0.171875[0m
[[2m[37m22:26:50[0m[2m[0m] [2mIQPE [E] (h=6.0, rep=4) iteration=5 = 0.34375[0m
[[2m[37m22:26:50[0m[2m[0m] [2mIQPE [E] (h=1.0, rep=4) iteration=8 = 0.83984375[0m
[[2m[37m22:26:50[0m[2m[0m] [2mIQPE [E] (h=1.0, rep=4) = -52.76893910326605[0m
[[2m[37m22:26:50[0m[2m[0m] [2mIQPE [E] (h=2.0, rep=4) iteration=7 = 0.5859375[0m
[[2m[37m22:26:50[0m[2m[0m] [2mIQPE [E] (h=6.0, rep=4) iteration=6 = 0.671875[0m
[[2m[37m22:26:50[0m[2m[0m] [2mIQPE [E] (h=0.0, rep=4) iteration=3 = 0.875[0m
[[2m[37m22:26:50[0m[2m[0m] [2mIQPE [E] (h=2.0, rep=4) iteration=8 = 0.79296875[0m
[[2m[37m22:26:50[0m[2m[0m] [2mIQPE [E] (h=2.0, rep=4) = -49.82369599052562[0m
[[2m[37m22:26:50[0m[2m[0m] [2mIQPE [E] (h=6.0, rep=4) iteration=7 = 0.3359375[0m
[[2m[37m22:26:51[0m[2m[0m] [2mIQPE [E] (h=6.0, rep=4) iteration=8 = 0.66796875[0m
[[2m[37m22:26:51[0m[2m[0m] [2mIQPE [E] (h=6.0, rep=4) = -41.96971435655114[0m
[[2m[37m22:26:51[0m[2m[0m] [2mIQPE [E] (h=0.0, rep=4) iteration=4 = 0.9375[0m
[[2m[37m22:26:51[0m[2m[0m] [2mIQPE [E] (h=0.0, rep=4) iteration=5 = 0.96875[0m
[[2m[37m22:26:51[0m[2m[0m] [2mIQPE [E] (h=0.0, rep=4) iteration=6 = 0.484375[0m
[[2m[37m22:26:51[0m[2m[0m] [2mIQPE [E] (h=0.0, rep=4) iteration=7 = 0.7421875[0m
[[2m[37m22:26:51[0m[2m[0m] [2mIQPE [E] (h=0.0, rep=4) iteration=8 = 0.87109375[0m
[[2m[37m22:26:51[0m[2m[0m] [2mIQPE [E] (h=0.0, rep=4) = -54.73243451175968[0m
[[2m[37m22:27:01[0m[2m[0m] [2mIQPE [E] (h=3.0, rep=5) iteration=1 = 0.5[0m
[[2m[37m22:27:02[0m[2m[0m] [2mIQPE [E] (h=0.5, rep=5) iteration=1 = 0.5[0m
[[2m[37m22:27:02[0m[2m[0m] [2mIQPE [E] (h=5.0, rep=5) iteration=1 = 0.5[0m
[[2m[37m22:27:02[0m[2m[0m] [2mIQPE [E] (h=4.0, rep=5) iteration=1 = 0.5[0m
[[2m[37m22:27:03[0m[2m[0m] [2mIQPE [E] (h=1.0, rep=5) iteration=1 = 0.5[0m
[[2m[37m22:27:03[0m[2m[0m] [2mIQPE [E] (h=3.0, rep=5) iteration=2 = 0.75[0m
[[2m[37m22:27:03[0m[2m[0m] [2mIQPE [E] (h=6.0, rep=5) iteration=1 = 0.5[0m
[[2m[37m22:27:03[0m[2m[0m] [2mIQPE [E] (h=2.0, rep=5) iteration=1 = 0.5[0m
[[2m[37m22:27:03[0m[2m[0m] [2mIQPE [E] (h=0.5, rep=5) iteration=2 = 0.25[0m
[[2m[37m22:27:03[0m[2m[0m] [2mIQPE [E] (h=0.0, rep=5) iteration=1 = 0.5[0m
[[2m[37m22:27:04[0m[2m[0m] [2mIQPE [E] (h=3.0, rep=5) iteration=3 = 0.375[0m
[[2m[37m22:27:04[0m[2m[0m] [2mIQPE [E] (h=5.0, rep=5) iteration=2 = 0.75[0m
[[2m[37m22:27:04[0m[2m[0m] [2mIQPE [E] (h=4.0, rep=5) iteration=2 = 0.75[0m
[[2m[37m22:27:04[0m[2m[0m] [2mIQPE [E] (h=3.0, rep=5) iteration=4 = 0.6875[0m
[[2m[37m22:27:04[0m[2m[0m] [2mIQPE [E] (h=0.5, rep=5) iteration=3 = 0.625[0m
[[2m[37m22:27:04[0m[2m[0m] [2mIQPE [E] (h=1.0, rep=5) iteration=2 = 0.75[0m
[[2m[37m22:27:04[0m[2m[0m] [2mIQPE [E] (h=3.0, rep=5) iteration=5 = 0.34375[0m
[[2m[37m22:27:04[0m[2m[0m] [2mIQPE [E] (h=5.0, rep=5) iteration=3 = 0.375[0m
[[2m[37m22:27:04[0m[2m[0m] [2mIQPE [E] (h=6.0, rep=5) iteration=2 = 0.75[0m
[[2m[37m22:27:04[0m[2m[0m] [2mIQPE [E] (h=3.0, rep=5) iteration=6 = 0.171875[0m
[[2m[37m22:27:04[0m[2m[0m] [2mIQPE [E] (h=4.0, rep=5) iteration=3 = 0.375[0m
[[2m[37m22:27:04[0m[2m[0m] [2mIQPE [E] (h=0.5, rep=5) iteration=4 = 0.8125[0m
[[2m[37m22:27:04[0m[2m[0m] [2mIQPE [E] (h=2.0, rep=5) iteration=2 = 0.75[0m
[[2m[37m22:27:04[0m[2m[0m] [2mIQPE [E] (h=3.0, rep=5) iteration=7 = 0.5859375[0m
[[2m[37m22:27:05[0m[2m[0m] [2mIQPE [E] (h=3.0, rep=5) iteration=8 = 0.79296875[0m
[[2m[37m22:27:05[0m[2m[0m] [2mIQPE [E] (h=3.0, rep=5) = -49.82369599052562[0m
[[2m[37m22:27:05[0m[2m[0m] [2mIQPE [E] (h=0.5, rep=5) iteration=5 = 0.90625[0m
[[2m[37m22:27:05[0m[2m[0m] [2mIQPE [E] (h=5.0, rep=5) iteration=4 = 0.1875[0m
[[2m[37m22:27:05[0m[2m[0m] [2mIQPE [E] (h=4.0, rep=5) iteration=4 = 0.6875[0m
[[2m[37m22:27:05[0m[2m[0m] [2mIQPE [E] (h=0.5, rep=5) iteration=6 = 0.453125[0m
[[2m[37m22:27:05[0m[2m[0m] [2mIQPE [E] (h=1.0, rep=5) iteration=3 = 0.875[0m
[[2m[37m22:27:05[0m[2m[0m] [2mIQPE [E] (h=0.0, rep=5) iteration=2 = 0.75[0m
[[2m[37m22:27:05[0m[2m[0m] [2mIQPE [E] (h=5.0, rep=5) iteration=5 = 0.09375[0m
[[2m[37m22:27:05[0m[2m[0m] [2mIQPE [E] (h=0.5, rep=5) iteration=7 = 0.7265625[0m
[[2m[37m22:27:05[0m[2m[0m] [2mIQPE [E] (h=4.0, rep=5) iteration=5 = 0.34375[0m
[[2m[37m22:27:05[0m[2m[0m] [2mIQPE [E] (h=0.5, rep=5) iteration=8 = 0.86328125[0m
[[2m[37m22:27:05[0m[2m[0m] [2mIQPE [E] (h=0.5, rep=5) = -54.24156065963627[0m
[[2m[37m22:27:05[0m[2m[0m] [2mIQPE [E] (h=6.0, rep=5) iteration=3 = 0.375[0m
[[2m[37m22:27:05[0m[2m[0m] [2mIQPE [E] (h=5.0, rep=5) iteration=6 = 0.046875[0m
[[2m[37m22:27:05[0m[2m[0m] [2mIQPE [E] (h=2.0, rep=5) iteration=3 = 0.375[0m
[[2m[37m22:27:05[0m[2m[0m] [2mIQPE [E] (h=4.0, rep=5) iteration=6 = 0.671875[0m
[[2m[37m22:27:05[0m[2m[0m] [2mIQPE [E] (h=5.0, rep=5) iteration=7 = 0.5234375[0m
[[2m[37m22:27:05[0m[2m[0m] [2mIQPE [E] (h=1.0, rep=5) iteration=4 = 0.4375[0m
[[2m[37m22:27:05[0m[2m[0m] [2mIQPE [E] (h=4.0, rep=5) iteration=7 = 0.8359375[0m
[[2m[37m22:27:05[0m[2m[0m] [2mIQPE [E] (h=5.0, rep=5) iteration=8 = 0.76171875[0m
[[2m[37m22:27:05[0m[2m[0m] [2mIQPE [E] (h=5.0, rep=5) = -47.860200582032[0m
[[2m[37m22:27:05[0m[2m[0m] [2mIQPE [E] (h=4.0, rep=5) iteration=8 = 0.91796875[0m
[[2m[37m22:27:05[0m[2m[0m] [2mIQPE [E] (h=4.0, rep=5) = -57.677677624500106[0m
[[2m[37m22:27:05[0m[2m[0m] [2mIQPE [E] (h=6.0, rep=5) iteration=4 = 0.6875[0m
[[2m[37m22:27:05[0m[2m[0m] [2mIQPE [E] (h=1.0, rep=5) iteration=5 = 0.71875[0m
[[2m[37m22:27:05[0m[2m[0m] [2mIQPE [E] (h=2.0, rep=5) iteration=4 = 0.6875[0m
[[2m[37m22:27:05[0m[2m[0m] [2mIQPE [E] (h=0.0, rep=5) iteration=3 = 0.875[0m
[[2m[37m22:27:06[0m[2m[0m] [2mIQPE [E] (h=1.0, rep=5) iteration=6 = 0.359375[0m
[[2m[37m22:27:06[0m[2m[0m] [2mIQPE [E] (h=6.0, rep=5) iteration=5 = 0.34375[0m
[[2m[37m22:27:06[0m[2m[0m] [2mIQPE [E] (h=2.0, rep=5) iteration=5 = 0.34375[0m
[[2m[37m22:27:06[0m[2m[0m] [2mIQPE [E] (h=1.0, rep=5) iteration=7 = 0.6796875[0m
[[2m[37m22:27:06[0m[2m[0m] [2mIQPE [E] (h=0.0, rep=5) iteration=4 = 0.9375[0m
[[2m[37m22:27:06[0m[2m[0m] [2mIQPE [E] (h=6.0, rep=5) iteration=6 = 0.671875[0m
[[2m[37m22:27:06[0m[2m[0m] [2mIQPE [E] (h=1.0, rep=5) iteration=8 = 0.83984375[0m
[[2m[37m22:27:06[0m[2m[0m] [2mIQPE [E] (h=1.0, rep=5) = -52.76893910326605[0m
[[2m[37m22:27:06[0m[2m[0m] [2mIQPE [E] (h=2.0, rep=5) iteration=6 = 0.171875[0m
[[2m[37m22:27:06[0m[2m[0m] [2mIQPE [E] (h=6.0, rep=5) iteration=7 = 0.3359375[0m
[[2m[37m22:27:06[0m[2m[0m] [2mIQPE [E] (h=0.0, rep=5) iteration=5 = 0.96875[0m
[[2m[37m22:27:06[0m[2m[0m] [2mIQPE [E] (h=2.0, rep=5) iteration=7 = 0.5859375[0m
[[2m[37m22:27:06[0m[2m[0m] [2mIQPE [E] (h=6.0, rep=5) iteration=8 = 0.66796875[0m
[[2m[37m22:27:06[0m[2m[0m] [2mIQPE [E] (h=6.0, rep=5) = -41.96971435655114[0m
[[2m[37m22:27:06[0m[2m[0m] [2mIQPE [E] (h=0.0, rep=5) iteration=6 = 0.484375[0m
[[2m[37m22:27:06[0m[2m[0m] [2mIQPE [E] (h=2.0, rep=5) iteration=8 = 0.79296875[0m
[[2m[37m22:27:06[0m[2m[0m] [2mIQPE [E] (h=2.0, rep=5) = -49.82369599052562[0m
[[2m[37m22:27:06[0m[2m[0m] [2mIQPE [E] (h=0.0, rep=5) iteration=7 = 0.7421875[0m
[[2m[37m22:27:06[0m[2m[0m] [2mIQPE [E] (h=0.0, rep=5) iteration=8 = 0.87109375[0m
[[2m[37m22:27:06[0m[2m[0m] [2mIQPE [E] (h=0.0, rep=5) = -54.73243451175968[0m
[[2m[37m22:27:26[0m[2m[0m] [2mIQPE [E] (h=0.5, rep=6) iteration=1 = 0.5[0m
[[2m[37m22:27:26[0m[2m[0m] [2mIQPE [E] (h=5.0, rep=6) iteration=1 = 0.5[0m
[[2m[37m22:27:26[0m[2m[0m] [2mIQPE [E] (h=3.0, rep=6) iteration=1 = 0.5[0m
[[2m[37m22:27:26[0m[2m[0m] [2mIQPE [E] (h=4.0, rep=6) iteration=1 = 0.5[0m
[[2m[37m22:27:26[0m[2m[0m] [2mIQPE [E] (h=6.0, rep=6) iteration=1 = 0.5[0m
[[2m[37m22:27:26[0m[2m[0m] [2mIQPE [E] (h=2.0, rep=6) iteration=1 = 0.5[0m
[[2m[37m22:27:26[0m[2m[0m] [2mIQPE [E] (h=1.0, rep=6) iteration=1 = 0.5[0m
[[2m[37m22:27:27[0m[2m[0m] [2mIQPE [E] (h=3.0, rep=6) iteration=2 = 0.75[0m
[[2m[37m22:27:27[0m[2m[0m] [2mIQPE [E] (h=0.5, rep=6) iteration=2 = 0.25[0m
[[2m[37m22:27:28[0m[2m[0m] [2mIQPE [E] (h=4.0, rep=6) iteration=2 = 0.75[0m
[[2m[37m22:27:28[0m[2m[0m] [2mIQPE [E] (h=5.0, rep=6) iteration=2 = 0.75[0m
[[2m[37m22:27:28[0m[2m[0m] [2mIQPE [E] (h=2.0, rep=6) iteration=2 = 0.75[0m
[[2m[37m22:27:28[0m[2m[0m] [2mIQPE [E] (h=1.0, rep=6) iteration=2 = 0.75[0m
[[2m[37m22:27:28[0m[2m[0m] [2mIQPE [E] (h=6.0, rep=6) iteration=2 = 0.75[0m
[[2m[37m22:27:28[0m[2m[0m] [2mIQPE [E] (h=0.0, rep=6) iteration=1 = 0.5[0m
[[2m[37m22:27:28[0m[2m[0m] [2mIQPE [E] (h=3.0, rep=6) iteration=3 = 0.375[0m
[[2m[37m22:27:28[0m[2m[0m] [2mIQPE [E] (h=0.5, rep=6) iteration=3 = 0.625[0m
[[2m[37m22:27:28[0m[2m[0m] [2mIQPE [E] (h=4.0, rep=6) iteration=3 = 0.375[0m
[[2m[37m22:27:28[0m[2m[0m] [2mIQPE [E] (h=1.0, rep=6) iteration=3 = 0.875[0m
[[2m[37m22:27:28[0m[2m[0m] [2mIQPE [E] (h=2.0, rep=6) iteration=3 = 0.375[0m
[[2m[37m22:27:28[0m[2m[0m] [2mIQPE [E] (h=5.0, rep=6) iteration=3 = 0.375[0m
[[2m[37m22:27:28[0m[2m[0m] [2mIQPE [E] (h=6.0, rep=6) iteration=3 = 0.375[0m
[[2m[37m22:27:28[0m[2m[0m] [2mIQPE [E] (h=3.0, rep=6) iteration=4 = 0.6875[0m
[[2m[37m22:27:29[0m[2m[0m] [2mIQPE [E] (h=0.5, rep=6) iteration=4 = 0.8125[0m
[[2m[37m22:27:29[0m[2m[0m] [2mIQPE [E] (h=4.0, rep=6) iteration=4 = 0.6875[0m
[[2m[37m22:27:29[0m[2m[0m] [2mIQPE [E] (h=1.0, rep=6) iteration=4 = 0.4375[0m
[[2m[37m22:27:29[0m[2m[0m] [2mIQPE [E] (h=2.0, rep=6) iteration=4 = 0.6875[0m
[[2m[37m22:27:29[0m[2m[0m] [2mIQPE [E] (h=5.0, rep=6) iteration=4 = 0.1875[0m
[[2m[37m22:27:29[0m[2m[0m] [2mIQPE [E] (h=6.0, rep=6) iteration=4 = 0.6875[0m
[[2m[37m22:27:29[0m[2m[0m] [2mIQPE [E] (h=3.0, rep=6) iteration=5 = 0.34375[0m
[[2m[37m22:27:29[0m[2m[0m] [2mIQPE [E] (h=0.5, rep=6) iteration=5 = 0.90625[0m
[[2m[37m22:27:29[0m[2m[0m] [2mIQPE [E] (h=4.0, rep=6) iteration=5 = 0.34375[0m
[[2m[37m22:27:29[0m[2m[0m] [2mIQPE [E] (h=1.0, rep=6) iteration=5 = 0.71875[0m
[[2m[37m22:27:29[0m[2m[0m] [2mIQPE [E] (h=3.0, rep=6) iteration=6 = 0.671875[0m
[[2m[37m22:27:29[0m[2m[0m] [2mIQPE [E] (h=2.0, rep=6) iteration=5 = 0.84375[0m
[[2m[37m22:27:29[0m[2m[0m] [2mIQPE [E] (h=5.0, rep=6) iteration=5 = 0.09375[0m
[[2m[37m22:27:29[0m[2m[0m] [2mIQPE [E] (h=6.0, rep=6) iteration=5 = 0.84375[0m
[[2m[37m22:27:29[0m[2m[0m] [2mIQPE [E] (h=0.5, rep=6) iteration=6 = 0.453125[0m
[[2m[37m22:27:29[0m[2m[0m] [2mIQPE [E] (h=4.0, rep=6) iteration=6 = 0.171875[0m
[[2m[37m22:27:29[0m[2m[0m] [2mIQPE [E] (h=3.0, rep=6) iteration=7 = 0.8359375[0m
[[2m[37m22:27:29[0m[2m[0m] [2mIQPE [E] (h=1.0, rep=6) iteration=6 = 0.359375[0m
[[2m[37m22:27:29[0m[2m[0m] [2mIQPE [E] (h=2.0, rep=6) iteration=6 = 0.421875[0m
[[2m[37m22:27:29[0m[2m[0m] [2mIQPE [E] (h=5.0, rep=6) iteration=6 = 0.046875[0m
[[2m[37m22:27:29[0m[2m[0m] [2mIQPE [E] (h=6.0, rep=6) iteration=6 = 0.421875[0m
[[2m[37m22:27:29[0m[2m[0m] [2mIQPE [E] (h=3.0, rep=6) iteration=8 = 0.91796875[0m
[[2m[37m22:27:29[0m[2m[0m] [2mIQPE [E] (h=3.0, rep=6) = -57.677677624500106[0m
[[2m[37m22:27:29[0m[2m[0m] [2mIQPE [E] (h=0.5, rep=6) iteration=7 = 0.7265625[0m
[[2m[37m22:27:29[0m[2m[0m] [2mIQPE [E] (h=4.0, rep=6) iteration=7 = 0.5859375[0m
[[2m[37m22:27:29[0m[2m[0m] [2mIQPE [E] (h=1.0, rep=6) iteration=7 = 0.6796875[0m
[[2m[37m22:27:29[0m[2m[0m] [2mIQPE [E] (h=2.0, rep=6) iteration=7 = 0.7109375[0m
[[2m[37m22:27:29[0m[2m[0m] [2mIQPE [E] (h=5.0, rep=6) iteration=7 = 0.0234375[0m
[[2m[37m22:27:29[0m[2m[0m] [2mIQPE [E] (h=6.0, rep=6) iteration=7 = 0.7109375[0m
[[2m[37m22:27:29[0m[2m[0m] [2mIQPE [E] (h=0.5, rep=6) iteration=8 = 0.86328125[0m
[[2m[37m22:27:29[0m[2m[0m] [2mIQPE [E] (h=0.5, rep=6) = -54.24156065963627[0m
[[2m[37m22:27:29[0m[2m[0m] [2mIQPE [E] (h=4.0, rep=6) iteration=8 = 0.79296875[0m
[[2m[37m22:27:29[0m[2m[0m] [2mIQPE [E] (h=4.0, rep=6) = -49.82369599052562[0m
[[2m[37m22:27:29[0m[2m[0m] [2mIQPE [E] (h=1.0, rep=6) iteration=8 = 0.83984375[0m
[[2m[37m22:27:29[0m[2m[0m] [2mIQPE [E] (h=1.0, rep=6) = -52.76893910326605[0m
[[2m[37m22:27:29[0m[2m[0m] [2mIQPE [E] (h=2.0, rep=6) iteration=8 = 0.85546875[0m
[[2m[37m22:27:29[0m[2m[0m] [2mIQPE [E] (h=2.0, rep=6) = -53.75068680751287[0m
[[2m[37m22:27:29[0m[2m[0m] [2mIQPE [E] (h=5.0, rep=6) iteration=8 = 0.01171875[0m
[[2m[37m22:27:29[0m[2m[0m] [2mIQPE [E] (h=5.0, rep=6) = -0.7363107781851077[0m
[[2m[37m22:27:29[0m[2m[0m] [2mIQPE [E] (h=6.0, rep=6) iteration=8 = 0.85546875[0m
[[2m[37m22:27:29[0m[2m[0m] [2mIQPE [E] (h=6.0, rep=6) = -53.75068680751287[0m
[[2m[37m22:27:29[0m[2m[0m] [2mIQPE [E] (h=0.0, rep=6) iteration=2 = 0.75[0m
[[2m[37m22:27:30[0m[2m[0m] [2mIQPE [E] (h=0.0, rep=6) iteration=3 = 0.875[0m
[[2m[37m22:27:30[0m[2m[0m] [2mIQPE [E] (h=0.0, rep=6) iteration=4 = 0.9375[0m
[[2m[37m22:27:31[0m[2m[0m] [2mIQPE [E] (h=0.0, rep=6) iteration=5 = 0.96875[0m
[[2m[37m22:27:31[0m[2m[0m] [2mIQPE [E] (h=0.0, rep=6) iteration=6 = 0.484375[0m
[[2m[37m22:27:31[0m[2m[0m] [2mIQPE [E] (h=0.0, rep=6) iteration=7 = 0.7421875[0m
[[2m[37m22:27:31[0m[2m[0m] [2mIQPE [E] (h=0.0, rep=6) iteration=8 = 0.87109375[0m
[[2m[37m22:27:31[0m[2m[0m] [2mIQPE [E] (h=0.0, rep=6) = -54.73243451175968[0m
[[2m[37m22:27:41[0m[2m[0m] [2mIQPE [E] (h=3.0, rep=7) iteration=1 = 0.5[0m
[[2m[37m22:27:41[0m[2m[0m] [2mIQPE [E] (h=5.0, rep=7) iteration=1 = 0.5[0m
[[2m[37m22:27:41[0m[2m[0m] [2mIQPE [E] (h=0.5, rep=7) iteration=1 = 0.5[0m
[[2m[37m22:27:41[0m[2m[0m] [2mIQPE [E] (h=1.0, rep=7) iteration=1 = 0.5[0m
[[2m[37m22:27:42[0m[2m[0m] [2mIQPE [E] (h=6.0, rep=7) iteration=1 = 0.5[0m
[[2m[37m22:27:42[0m[2m[0m] [2mIQPE [E] (h=4.0, rep=7) iteration=1 = 0.5[0m
[[2m[37m22:27:42[0m[2m[0m] [2mIQPE [E] (h=2.0, rep=7) iteration=1 = 0.5[0m
[[2m[37m22:27:42[0m[2m[0m] [2mIQPE [E] (h=3.0, rep=7) iteration=2 = 0.75[0m
[[2m[37m22:27:43[0m[2m[0m] [2mIQPE [E] (h=0.5, rep=7) iteration=2 = 0.25[0m
[[2m[37m22:27:43[0m[2m[0m] [2mIQPE [E] (h=5.0, rep=7) iteration=2 = 0.75[0m
[[2m[37m22:27:43[0m[2m[0m] [2mIQPE [E] (h=1.0, rep=7) iteration=2 = 0.75[0m
[[2m[37m22:27:43[0m[2m[0m] [2mIQPE [E] (h=3.0, rep=7) iteration=3 = 0.375[0m
[[2m[37m22:27:43[0m[2m[0m] [2mIQPE [E] (h=4.0, rep=7) iteration=2 = 0.75[0m
[[2m[37m22:27:43[0m[2m[0m] [2mIQPE [E] (h=6.0, rep=7) iteration=2 = 0.75[0m
[[2m[37m22:27:43[0m[2m[0m] [2mIQPE [E] (h=2.0, rep=7) iteration=2 = 0.75[0m
[[2m[37m22:27:43[0m[2m[0m] [2mIQPE [E] (h=3.0, rep=7) iteration=4 = 0.6875[0m
[[2m[37m22:27:43[0m[2m[0m] [2mIQPE [E] (h=0.0, rep=7) iteration=1 = 0.5[0m
[[2m[37m22:27:43[0m[2m[0m] [2mIQPE [E] (h=0.5, rep=7) iteration=3 = 0.625[0m
[[2m[37m22:27:43[0m[2m[0m] [2mIQPE [E] (h=5.0, rep=7) iteration=3 = 0.375[0m
[[2m[37m22:27:44[0m[2m[0m] [2mIQPE [E] (h=3.0, rep=7) iteration=5 = 0.34375[0m
[[2m[37m22:27:44[0m[2m[0m] [2mIQPE [E] (h=1.0, rep=7) iteration=3 = 0.875[0m
[[2m[37m22:27:44[0m[2m[0m] [2mIQPE [E] (h=6.0, rep=7) iteration=3 = 0.375[0m
[[2m[37m22:27:44[0m[2m[0m] [2mIQPE [E] (h=4.0, rep=7) iteration=3 = 0.375[0m
[[2m[37m22:27:44[0m[2m[0m] [2mIQPE [E] (h=3.0, rep=7) iteration=6 = 0.171875[0m
[[2m[37m22:27:44[0m[2m[0m] [2mIQPE [E] (h=2.0, rep=7) iteration=3 = 0.375[0m
[[2m[37m22:27:44[0m[2m[0m] [2mIQPE [E] (h=0.5, rep=7) iteration=4 = 0.8125[0m
[[2m[37m22:27:44[0m[2m[0m] [2mIQPE [E] (h=3.0, rep=7) iteration=7 = 0.5859375[0m
[[2m[37m22:27:44[0m[2m[0m] [2mIQPE [E] (h=5.0, rep=7) iteration=4 = 0.1875[0m
[[2m[37m22:27:44[0m[2m[0m] [2mIQPE [E] (h=1.0, rep=7) iteration=4 = 0.4375[0m
[[2m[37m22:27:44[0m[2m[0m] [2mIQPE [E] (h=3.0, rep=7) iteration=8 = 0.79296875[0m
[[2m[37m22:27:44[0m[2m[0m] [2mIQPE [E] (h=3.0, rep=7) = -49.82369599052562[0m
[[2m[37m22:27:44[0m[2m[0m] [2mIQPE [E] (h=6.0, rep=7) iteration=4 = 0.6875[0m
[[2m[37m22:27:44[0m[2m[0m] [2mIQPE [E] (h=4.0, rep=7) iteration=4 = 0.6875[0m
[[2m[37m22:27:44[0m[2m[0m] [2mIQPE [E] (h=0.5, rep=7) iteration=5 = 0.90625[0m
[[2m[37m22:27:44[0m[2m[0m] [2mIQPE [E] (h=5.0, rep=7) iteration=5 = 0.09375[0m
[[2m[37m22:27:44[0m[2m[0m] [2mIQPE [E] (h=2.0, rep=7) iteration=4 = 0.6875[0m
[[2m[37m22:27:44[0m[2m[0m] [2mIQPE [E] (h=1.0, rep=7) iteration=5 = 0.71875[0m
[[2m[37m22:27:44[0m[2m[0m] [2mIQPE [E] (h=0.5, rep=7) iteration=6 = 0.453125[0m
[[2m[37m22:27:44[0m[2m[0m] [2mIQPE [E] (h=5.0, rep=7) iteration=6 = 0.546875[0m
[[2m[37m22:27:44[0m[2m[0m] [2mIQPE [E] (h=6.0, rep=7) iteration=5 = 0.34375[0m
[[2m[37m22:27:44[0m[2m[0m] [2mIQPE [E] (h=4.0, rep=7) iteration=5 = 0.34375[0m
[[2m[37m22:27:44[0m[2m[0m] [2mIQPE [E] (h=1.0, rep=7) iteration=6 = 0.359375[0m
[[2m[37m22:27:44[0m[2m[0m] [2mIQPE [E] (h=0.5, rep=7) iteration=7 = 0.7265625[0m
[[2m[37m22:27:44[0m[2m[0m] [2mIQPE [E] (h=2.0, rep=7) iteration=5 = 0.34375[0m
[[2m[37m22:27:44[0m[2m[0m] [2mIQPE [E] (h=5.0, rep=7) iteration=7 = 0.7734375[0m
[[2m[37m22:27:44[0m[2m[0m] [2mIQPE [E] (h=4.0, rep=7) iteration=6 = 0.171875[0m
[[2m[37m22:27:44[0m[2m[0m] [2mIQPE [E] (h=6.0, rep=7) iteration=6 = 0.671875[0m
[[2m[37m22:27:44[0m[2m[0m] [2mIQPE [E] (h=0.5, rep=7) iteration=8 = 0.86328125[0m
[[2m[37m22:27:44[0m[2m[0m] [2mIQPE [E] (h=0.5, rep=7) = -54.24156065963627[0m
[[2m[37m22:27:44[0m[2m[0m] [2mIQPE [E] (h=1.0, rep=7) iteration=7 = 0.6796875[0m
[[2m[37m22:27:45[0m[2m[0m] [2mIQPE [E] (h=5.0, rep=7) iteration=8 = 0.88671875[0m
[[2m[37m22:27:45[0m[2m[0m] [2mIQPE [E] (h=5.0, rep=7) = -55.714182216006485[0m
[[2m[37m22:27:45[0m[2m[0m] [2mIQPE [E] (h=2.0, rep=7) iteration=6 = 0.171875[0m
[[2m[37m22:27:45[0m[2m[0m] [2mIQPE [E] (h=1.0, rep=7) iteration=8 = 0.83984375[0m
[[2m[37m22:27:45[0m[2m[0m] [2mIQPE [E] (h=1.0, rep=7) = -52.76893910326605[0m
[[2m[37m22:27:45[0m[2m[0m] [2mIQPE [E] (h=4.0, rep=7) iteration=7 = 0.5859375[0m
[[2m[37m22:27:45[0m[2m[0m] [2mIQPE [E] (h=6.0, rep=7) iteration=7 = 0.8359375[0m
[[2m[37m22:27:45[0m[2m[0m] [2mIQPE [E] (h=2.0, rep=7) iteration=7 = 0.5859375[0m
[[2m[37m22:27:45[0m[2m[0m] [2mIQPE [E] (h=4.0, rep=7) iteration=8 = 0.79296875[0m
[[2m[37m22:27:45[0m[2m[0m] [2mIQPE [E] (h=4.0, rep=7) = -49.82369599052562[0m
[[2m[37m22:27:45[0m[2m[0m] [2mIQPE [E] (h=6.0, rep=7) iteration=8 = 0.91796875[0m
[[2m[37m22:27:45[0m[2m[0m] [2mIQPE [E] (h=6.0, rep=7) = -57.677677624500106[0m
[[2m[37m22:27:45[0m[2m[0m] [2mIQPE [E] (h=0.0, rep=7) iteration=2 = 0.75[0m
[[2m[37m22:27:45[0m[2m[0m] [2mIQPE [E] (h=2.0, rep=7) iteration=8 = 0.79296875[0m
[[2m[37m22:27:45[0m[2m[0m] [2mIQPE [E] (h=2.0, rep=7) = -49.82369599052562[0m
[[2m[37m22:27:45[0m[2m[0m] [2mIQPE [E] (h=0.0, rep=7) iteration=3 = 0.875[0m
[[2m[37m22:27:46[0m[2m[0m] [2mIQPE [E] (h=0.0, rep=7) iteration=4 = 0.9375[0m
[[2m[37m22:27:46[0m[2m[0m] [2mIQPE [E] (h=0.0, rep=7) iteration=5 = 0.96875[0m
[[2m[37m22:27:46[0m[2m[0m] [2mIQPE [E] (h=0.0, rep=7) iteration=6 = 0.484375[0m
[[2m[37m22:27:46[0m[2m[0m] [2mIQPE [E] (h=0.0, rep=7) iteration=7 = 0.7421875[0m
[[2m[37m22:27:46[0m[2m[0m] [2mIQPE [E] (h=0.0, rep=7) iteration=8 = 0.87109375[0m
[[2m[37m22:27:46[0m[2m[0m] [2mIQPE [E] (h=0.0, rep=7) = -54.73243451175968[0m
[[2m[37m22:27:56[0m[2m[0m] [2mIQPE [E] (h=3.0, rep=8) iteration=1 = 0.5[0m
[[2m[37m22:27:57[0m[2m[0m] [2mIQPE [E] (h=6.0, rep=8) iteration=1 = 0.0[0m
[[2m[37m22:27:57[0m[2m[0m] [2mIQPE [E] (h=0.5, rep=8) iteration=1 = 0.5[0m
[[2m[37m22:27:57[0m[2m[0m] [2mIQPE [E] (h=5.0, rep=8) iteration=1 = 0.5[0m
[[2m[37m22:27:57[0m[2m[0m] [2mIQPE [E] (h=1.0, rep=8) iteration=1 = 0.5[0m
[[2m[37m22:27:57[0m[2m[0m] [2mIQPE [E] (h=4.0, rep=8) iteration=1 = 0.5[0m
[[2m[37m22:27:57[0m[2m[0m] [2mIQPE [E] (h=2.0, rep=8) iteration=1 = 0.5[0m
[[2m[37m22:27:58[0m[2m[0m] [2mIQPE [E] (h=3.0, rep=8) iteration=2 = 0.75[0m
[[2m[37m22:27:58[0m[2m[0m] [2mIQPE [E] (h=6.0, rep=8) iteration=2 = 0.5[0m
[[2m[37m22:27:58[0m[2m[0m] [2mIQPE [E] (h=0.5, rep=8) iteration=2 = 0.25[0m
[[2m[37m22:27:58[0m[2m[0m] [2mIQPE [E] (h=5.0, rep=8) iteration=2 = 0.75[0m
[[2m[37m22:27:58[0m[2m[0m] [2mIQPE [E] (h=3.0, rep=8) iteration=3 = 0.375[0m
[[2m[37m22:27:58[0m[2m[0m] [2mIQPE [E] (h=1.0, rep=8) iteration=2 = 0.75[0m
[[2m[37m22:27:58[0m[2m[0m] [2mIQPE [E] (h=6.0, rep=8) iteration=3 = 0.25[0m
[[2m[37m22:27:58[0m[2m[0m] [2mIQPE [E] (h=4.0, rep=8) iteration=2 = 0.75[0m
[[2m[37m22:27:58[0m[2m[0m] [2mIQPE [E] (h=0.5, rep=8) iteration=3 = 0.625[0m
[[2m[37m22:27:59[0m[2m[0m] [2mIQPE [E] (h=5.0, rep=8) iteration=3 = 0.375[0m
[[2m[37m22:27:59[0m[2m[0m] [2mIQPE [E] (h=2.0, rep=8) iteration=2 = 0.75[0m
[[2m[37m22:27:59[0m[2m[0m] [2mIQPE [E] (h=3.0, rep=8) iteration=4 = 0.6875[0m
[[2m[37m22:27:59[0m[2m[0m] [2mIQPE [E] (h=6.0, rep=8) iteration=4 = 0.625[0m
[[2m[37m22:27:59[0m[2m[0m] [2mIQPE [E] (h=0.5, rep=8) iteration=4 = 0.8125[0m
[[2m[37m22:27:59[0m[2m[0m] [2mIQPE [E] (h=3.0, rep=8) iteration=5 = 0.34375[0m
[[2m[37m22:27:59[0m[2m[0m] [2mIQPE [E] (h=5.0, rep=8) iteration=4 = 0.1875[0m
[[2m[37m22:27:59[0m[2m[0m] [2mIQPE [E] (h=0.0, rep=8) iteration=1 = 0.5[0m
[[2m[37m22:27:59[0m[2m[0m] [2mIQPE [E] (h=1.0, rep=8) iteration=3 = 0.875[0m
[[2m[37m22:27:59[0m[2m[0m] [2mIQPE [E] (h=6.0, rep=8) iteration=5 = 0.3125[0m
[[2m[37m22:27:59[0m[2m[0m] [2mIQPE [E] (h=3.0, rep=8) iteration=6 = 0.171875[0m
[[2m[37m22:27:59[0m[2m[0m] [2mIQPE [E] (h=4.0, rep=8) iteration=3 = 0.375[0m
[[2m[37m22:27:59[0m[2m[0m] [2mIQPE [E] (h=0.5, rep=8) iteration=5 = 0.90625[0m
[[2m[37m22:27:59[0m[2m[0m] [2mIQPE [E] (h=5.0, rep=8) iteration=5 = 0.09375[0m
[[2m[37m22:27:59[0m[2m[0m] [2mIQPE [E] (h=3.0, rep=8) iteration=7 = 0.5859375[0m
[[2m[37m22:27:59[0m[2m[0m] [2mIQPE [E] (h=6.0, rep=8) iteration=6 = 0.65625[0m
[[2m[37m22:27:59[0m[2m[0m] [2mIQPE [E] (h=0.5, rep=8) iteration=6 = 0.453125[0m
[[2m[37m22:27:59[0m[2m[0m] [2mIQPE [E] (h=2.0, rep=8) iteration=3 = 0.375[0m
[[2m[37m22:27:59[0m[2m[0m] [2mIQPE [E] (h=3.0, rep=8) iteration=8 = 0.79296875[0m
[[2m[37m22:27:59[0m[2m[0m] [2mIQPE [E] (h=3.0, rep=8) = -49.82369599052562[0m
[[2m[37m22:27:59[0m[2m[0m] [2mIQPE [E] (h=5.0, rep=8) iteration=6 = 0.046875[0m
[[2m[37m22:27:59[0m[2m[0m] [2mIQPE [E] (h=6.0, rep=8) iteration=7 = 0.828125[0m
[[2m[37m22:27:59[0m[2m[0m] [2mIQPE [E] (h=1.0, rep=8) iteration=4 = 0.4375[0m
[[2m[37m22:27:59[0m[2m[0m] [2mIQPE [E] (h=0.5, rep=8) iteration=7 = 0.7265625[0m
[[2m[37m22:27:59[0m[2m[0m] [2mIQPE [E] (h=4.0, rep=8) iteration=4 = 0.6875[0m
[[2m[37m22:27:59[0m[2m[0m] [2mIQPE [E] (h=6.0, rep=8) iteration=8 = 0.9140625[0m
[[2m[37m22:27:59[0m[2m[0m] [2mIQPE [E] (h=6.0, rep=8) = -57.432240698438406[0m
[[2m[37m22:27:59[0m[2m[0m] [2mIQPE [E] (h=5.0, rep=8) iteration=7 = 0.5234375[0m
[[2m[37m22:27:59[0m[2m[0m] [2mIQPE [E] (h=0.5, rep=8) iteration=8 = 0.86328125[0m
[[2m[37m22:27:59[0m[2m[0m] [2mIQPE [E] (h=0.5, rep=8) = -54.24156065963627[0m
[[2m[37m22:28:00[0m[2m[0m] [2mIQPE [E] (h=1.0, rep=8) iteration=5 = 0.71875[0m
[[2m[37m22:28:00[0m[2m[0m] [2mIQPE [E] (h=5.0, rep=8) iteration=8 = 0.76171875[0m
[[2m[37m22:28:00[0m[2m[0m] [2mIQPE [E] (h=5.0, rep=8) = -47.860200582032[0m
[[2m[37m22:28:00[0m[2m[0m] [2mIQPE [E] (h=4.0, rep=8) iteration=5 = 0.34375[0m
[[2m[37m22:28:00[0m[2m[0m] [2mIQPE [E] (h=2.0, rep=8) iteration=4 = 0.6875[0m
[[2m[37m22:28:00[0m[2m[0m] [2mIQPE [E] (h=1.0, rep=8) iteration=6 = 0.359375[0m
[[2m[37m22:28:00[0m[2m[0m] [2mIQPE [E] (h=4.0, rep=8) iteration=6 = 0.671875[0m
[[2m[37m22:28:00[0m[2m[0m] [2mIQPE [E] (h=1.0, rep=8) iteration=7 = 0.6796875[0m
[[2m[37m22:28:00[0m[2m[0m] [2mIQPE [E] (h=2.0, rep=8) iteration=5 = 0.84375[0m
[[2m[37m22:28:00[0m[2m[0m] [2mIQPE [E] (h=1.0, rep=8) iteration=8 = 0.83984375[0m
[[2m[37m22:28:00[0m[2m[0m] [2mIQPE [E] (h=1.0, rep=8) = -52.76893910326605[0m
[[2m[37m22:28:00[0m[2m[0m] [2mIQPE [E] (h=4.0, rep=8) iteration=7 = 0.3359375[0m
[[2m[37m22:28:00[0m[2m[0m] [2mIQPE [E] (h=2.0, rep=8) iteration=6 = 0.421875[0m
[[2m[37m22:28:00[0m[2m[0m] [2mIQPE [E] (h=4.0, rep=8) iteration=8 = 0.66796875[0m
[[2m[37m22:28:00[0m[2m[0m] [2mIQPE [E] (h=4.0, rep=8) = -41.96971435655114[0m
[[2m[37m22:28:00[0m[2m[0m] [2mIQPE [E] (h=2.0, rep=8) iteration=7 = 0.7109375[0m
[[2m[37m22:28:00[0m[2m[0m] [2mIQPE [E] (h=2.0, rep=8) iteration=8 = 0.85546875[0m
[[2m[37m22:28:00[0m[2m[0m] [2mIQPE [E] (h=2.0, rep=8) = -53.75068680751287[0m
[[2m[37m22:28:00[0m[2m[0m] [2mIQPE [E] (h=0.0, rep=8) iteration=2 = 0.75[0m
[[2m[37m22:28:01[0m[2m[0m] [2mIQPE [E] (h=0.0, rep=8) iteration=3 = 0.875[0m
[[2m[37m22:28:02[0m[2m[0m] [2mIQPE [E] (h=0.0, rep=8) iteration=4 = 0.9375[0m
[[2m[37m22:28:02[0m[2m[0m] [2mIQPE [E] (h=0.0, rep=8) iteration=5 = 0.96875[0m
[[2m[37m22:28:02[0m[2m[0m] [2mIQPE [E] (h=0.0, rep=8) iteration=6 = 0.484375[0m
[[2m[37m22:28:02[0m[2m[0m] [2mIQPE [E] (h=0.0, rep=8) iteration=7 = 0.7421875[0m
[[2m[37m22:28:02[0m[2m[0m] [2mIQPE [E] (h=0.0, rep=8) iteration=8 = 0.87109375[0m
[[2m[37m22:28:02[0m[2m[0m] [2mIQPE [E] (h=0.0, rep=8) = -54.73243451175968[0m
[[2m[37m22:28:12[0m[2m[0m] [2mIQPE [E] (h=6.0, rep=9) iteration=1 = 0.5[0m
[[2m[37m22:28:12[0m[2m[0m] [2mIQPE [E] (h=0.5, rep=9) iteration=1 = 0.5[0m
[[2m[37m22:28:12[0m[2m[0m] [2mIQPE [E] (h=3.0, rep=9) iteration=1 = 0.5[0m
[[2m[37m22:28:12[0m[2m[0m] [2mIQPE [E] (h=5.0, rep=9) iteration=1 = 0.5[0m
[[2m[37m22:28:13[0m[2m[0m] [2mIQPE [E] (h=6.0, rep=9) iteration=2 = 0.75[0m
[[2m[37m22:28:13[0m[2m[0m] [2mIQPE [E] (h=1.0, rep=9) iteration=1 = 0.5[0m
[[2m[37m22:28:13[0m[2m[0m] [2mIQPE [E] (h=4.0, rep=9) iteration=1 = 0.5[0m
[[2m[37m22:28:13[0m[2m[0m] [2mIQPE [E] (h=0.5, rep=9) iteration=2 = 0.25[0m
[[2m[37m22:28:13[0m[2m[0m] [2mIQPE [E] (h=2.0, rep=9) iteration=1 = 0.5[0m
[[2m[37m22:28:13[0m[2m[0m] [2mIQPE [E] (h=3.0, rep=9) iteration=2 = 0.75[0m
[[2m[37m22:28:13[0m[2m[0m] [2mIQPE [E] (h=5.0, rep=9) iteration=2 = 0.75[0m
[[2m[37m22:28:13[0m[2m[0m] [2mIQPE [E] (h=6.0, rep=9) iteration=3 = 0.375[0m
[[2m[37m22:28:14[0m[2m[0m] [2mIQPE [E] (h=6.0, rep=9) iteration=4 = 0.6875[0m
[[2m[37m22:28:14[0m[2m[0m] [2mIQPE [E] (h=3.0, rep=9) iteration=3 = 0.375[0m
[[2m[37m22:28:14[0m[2m[0m] [2mIQPE [E] (h=0.5, rep=9) iteration=3 = 0.625[0m
[[2m[37m22:28:14[0m[2m[0m] [2mIQPE [E] (h=5.0, rep=9) iteration=3 = 0.375[0m
[[2m[37m22:28:14[0m[2m[0m] [2mIQPE [E] (h=6.0, rep=9) iteration=5 = 0.84375[0m
[[2m[37m22:28:14[0m[2m[0m] [2mIQPE [E] (h=4.0, rep=9) iteration=2 = 0.75[0m
[[2m[37m22:28:14[0m[2m[0m] [2mIQPE [E] (h=1.0, rep=9) iteration=2 = 0.75[0m
[[2m[37m22:28:14[0m[2m[0m] [2mIQPE [E] (h=3.0, rep=9) iteration=4 = 0.6875[0m
[[2m[37m22:28:14[0m[2m[0m] [2mIQPE [E] (h=0.5, rep=9) iteration=4 = 0.8125[0m
[[2m[37m22:28:14[0m[2m[0m] [2mIQPE [E] (h=6.0, rep=9) iteration=6 = 0.421875[0m
[[2m[37m22:28:14[0m[2m[0m] [2mIQPE [E] (h=6.0, rep=9) iteration=7 = 0.2109375[0m
[[2m[37m22:28:14[0m[2m[0m] [2mIQPE [E] (h=0.0, rep=9) iteration=1 = 0.5[0m
[[2m[37m22:28:14[0m[2m[0m] [2mIQPE [E] (h=5.0, rep=9) iteration=4 = 0.1875[0m
[[2m[37m22:28:14[0m[2m[0m] [2mIQPE [E] (h=2.0, rep=9) iteration=2 = 0.75[0m
[[2m[37m22:28:14[0m[2m[0m] [2mIQPE [E] (h=3.0, rep=9) iteration=5 = 0.34375[0m
[[2m[37m22:28:14[0m[2m[0m] [2mIQPE [E] (h=0.5, rep=9) iteration=5 = 0.90625[0m
[[2m[37m22:28:14[0m[2m[0m] [2mIQPE [E] (h=6.0, rep=9) iteration=8 = 0.60546875[0m
[[2m[37m22:28:14[0m[2m[0m] [2mIQPE [E] (h=6.0, rep=9) = -38.0427235395639[0m
[[2m[37m22:28:15[0m[2m[0m] [2mIQPE [E] (h=3.0, rep=9) iteration=6 = 0.171875[0m
[[2m[37m22:28:15[0m[2m[0m] [2mIQPE [E] (h=0.5, rep=9) iteration=6 = 0.453125[0m
[[2m[37m22:28:15[0m[2m[0m] [2mIQPE [E] (h=5.0, rep=9) iteration=5 = 0.09375[0m
[[2m[37m22:28:15[0m[2m[0m] [2mIQPE [E] (h=3.0, rep=9) iteration=7 = 0.5859375[0m
[[2m[37m22:28:15[0m[2m[0m] [2mIQPE [E] (h=0.5, rep=9) iteration=7 = 0.7265625[0m
[[2m[37m22:28:15[0m[2m[0m] [2mIQPE [E] (h=3.0, rep=9) iteration=8 = 0.79296875[0m
[[2m[37m22:28:15[0m[2m[0m] [2mIQPE [E] (h=3.0, rep=9) = -49.82369599052562[0m
[[2m[37m22:28:15[0m[2m[0m] [2mIQPE [E] (h=4.0, rep=9) iteration=3 = 0.375[0m
[[2m[37m22:28:15[0m[2m[0m] [2mIQPE [E] (h=5.0, rep=9) iteration=6 = 0.046875[0m
[[2m[37m22:28:15[0m[2m[0m] [2mIQPE [E] (h=0.5, rep=9) iteration=8 = 0.86328125[0m
[[2m[37m22:28:15[0m[2m[0m] [2mIQPE [E] (h=0.5, rep=9) = -54.24156065963627[0m
[[2m[37m22:28:15[0m[2m[0m] [2mIQPE [E] (h=1.0, rep=9) iteration=3 = 0.875[0m
[[2m[37m22:28:15[0m[2m[0m] [2mIQPE [E] (h=5.0, rep=9) iteration=7 = 0.0234375[0m
[[2m[37m22:28:15[0m[2m[0m] [2mIQPE [E] (h=5.0, rep=9) iteration=8 = 0.01171875[0m
[[2m[37m22:28:15[0m[2m[0m] [2mIQPE [E] (h=5.0, rep=9) = -0.7363107781851077[0m
[[2m[37m22:28:15[0m[2m[0m] [2mIQPE [E] (h=2.0, rep=9) iteration=3 = 0.375[0m
[[2m[37m22:28:15[0m[2m[0m] [2mIQPE [E] (h=4.0, rep=9) iteration=4 = 0.6875[0m
[[2m[37m22:28:15[0m[2m[0m] [2mIQPE [E] (h=1.0, rep=9) iteration=4 = 0.4375[0m
[[2m[37m22:28:15[0m[2m[0m] [2mIQPE [E] (h=4.0, rep=9) iteration=5 = 0.34375[0m
[[2m[37m22:28:16[0m[2m[0m] [2mIQPE [E] (h=2.0, rep=9) iteration=4 = 0.6875[0m
[[2m[37m22:28:16[0m[2m[0m] [2mIQPE [E] (h=1.0, rep=9) iteration=5 = 0.71875[0m
[[2m[37m22:28:16[0m[2m[0m] [2mIQPE [E] (h=4.0, rep=9) iteration=6 = 0.171875[0m
[[2m[37m22:28:16[0m[2m[0m] [2mIQPE [E] (h=1.0, rep=9) iteration=6 = 0.359375[0m
[[2m[37m22:28:16[0m[2m[0m] [2mIQPE [E] (h=4.0, rep=9) iteration=7 = 0.5859375[0m
[[2m[37m22:28:16[0m[2m[0m] [2mIQPE [E] (h=0.0, rep=9) iteration=2 = 0.75[0m
[[2m[37m22:28:16[0m[2m[0m] [2mIQPE [E] (h=2.0, rep=9) iteration=5 = 0.84375[0m
[[2m[37m22:28:16[0m[2m[0m] [2mIQPE [E] (h=4.0, rep=9) iteration=8 = 0.79296875[0m
[[2m[37m22:28:16[0m[2m[0m] [2mIQPE [E] (h=4.0, rep=9) = -49.82369599052562[0m
[[2m[37m22:28:16[0m[2m[0m] [2mIQPE [E] (h=1.0, rep=9) iteration=7 = 0.6796875[0m
[[2m[37m22:28:16[0m[2m[0m] [2mIQPE [E] (h=2.0, rep=9) iteration=6 = 0.421875[0m
[[2m[37m22:28:16[0m[2m[0m] [2mIQPE [E] (h=1.0, rep=9) iteration=8 = 0.83984375[0m
[[2m[37m22:28:16[0m[2m[0m] [2mIQPE [E] (h=1.0, rep=9) = -52.76893910326605[0m
[[2m[37m22:28:16[0m[2m[0m] [2mIQPE [E] (h=2.0, rep=9) iteration=7 = 0.7109375[0m
[[2m[37m22:28:16[0m[2m[0m] [2mIQPE [E] (h=2.0, rep=9) iteration=8 = 0.85546875[0m
[[2m[37m22:28:16[0m[2m[0m] [2mIQPE [E] (h=2.0, rep=9) = -53.75068680751287[0m
[[2m[37m22:28:16[0m[2m[0m] [2mIQPE [E] (h=0.0, rep=9) iteration=3 = 0.875[0m
[[2m[37m22:28:17[0m[2m[0m] [2mIQPE [E] (h=0.0, rep=9) iteration=4 = 0.9375[0m
[[2m[37m22:28:17[0m[2m[0m] [2mIQPE [E] (h=0.0, rep=9) iteration=5 = 0.96875[0m
[[2m[37m22:28:17[0m[2m[0m] [2mIQPE [E] (h=0.0, rep=9) iteration=6 = 0.484375[0m
[[2m[37m22:28:17[0m[2m[0m] [2mIQPE [E] (h=0.0, rep=9) iteration=7 = 0.7421875[0m
[[2m[37m22:28:17[0m[2m[0m] [2mIQPE [E] (h=0.0, rep=9) iteration=8 = 0.87109375[0m
[[2m[37m22:28:17[0m[2m[0m] [2mIQPE [E] (h=0.0, rep=9) = -54.73243451175968[0m
[[2m[37m22:28:36[0m[2m[0m] [2mIQPE [E] (h=0.5, rep=10) iteration=1 = 0.5[0m
[[2m[37m22:28:36[0m[2m[0m] [2mIQPE [E] (h=3.0, rep=10) iteration=1 = 0.5[0m
[[2m[37m22:28:36[0m[2m[0m] [2mIQPE [E] (h=4.0, rep=10) iteration=1 = 0.5[0m
[[2m[37m22:28:36[0m[2m[0m] [2mIQPE [E] (h=1.0, rep=10) iteration=1 = 0.5[0m
[[2m[37m22:28:36[0m[2m[0m] [2mIQPE [E] (h=6.0, rep=10) iteration=1 = 0.5[0m
[[2m[37m22:28:36[0m[2m[0m] [2mIQPE [E] (h=2.0, rep=10) iteration=1 = 0.5[0m
[[2m[37m22:28:36[0m[2m[0m] [2mIQPE [E] (h=5.0, rep=10) iteration=1 = 0.5[0m
[[2m[37m22:28:38[0m[2m[0m] [2mIQPE [E] (h=3.0, rep=10) iteration=2 = 0.75[0m
[[2m[37m22:28:38[0m[2m[0m] [2mIQPE [E] (h=0.5, rep=10) iteration=2 = 0.25[0m
[[2m[37m22:28:38[0m[2m[0m] [2mIQPE [E] (h=2.0, rep=10) iteration=2 = 0.75[0m
[[2m[37m22:28:38[0m[2m[0m] [2mIQPE [E] (h=1.0, rep=10) iteration=2 = 0.75[0m
[[2m[37m22:28:38[0m[2m[0m] [2mIQPE [E] (h=4.0, rep=10) iteration=2 = 0.75[0m
[[2m[37m22:28:38[0m[2m[0m] [2mIQPE [E] (h=5.0, rep=10) iteration=2 = 0.75[0m
[[2m[37m22:28:38[0m[2m[0m] [2mIQPE [E] (h=6.0, rep=10) iteration=2 = 0.75[0m
[[2m[37m22:28:38[0m[2m[0m] [2mIQPE [E] (h=0.0, rep=10) iteration=1 = 0.5[0m
[[2m[37m22:28:38[0m[2m[0m] [2mIQPE [E] (h=3.0, rep=10) iteration=3 = 0.375[0m
[[2m[37m22:28:38[0m[2m[0m] [2mIQPE [E] (h=2.0, rep=10) iteration=3 = 0.375[0m
[[2m[37m22:28:38[0m[2m[0m] [2mIQPE [E] (h=0.5, rep=10) iteration=3 = 0.625[0m
[[2m[37m22:28:38[0m[2m[0m] [2mIQPE [E] (h=1.0, rep=10) iteration=3 = 0.875[0m
[[2m[37m22:28:38[0m[2m[0m] [2mIQPE [E] (h=4.0, rep=10) iteration=3 = 0.375[0m
[[2m[37m22:28:38[0m[2m[0m] [2mIQPE [E] (h=5.0, rep=10) iteration=3 = 0.375[0m
[[2m[37m22:28:38[0m[2m[0m] [2mIQPE [E] (h=6.0, rep=10) iteration=3 = 0.375[0m
[[2m[37m22:28:39[0m[2m[0m] [2mIQPE [E] (h=3.0, rep=10) iteration=4 = 0.1875[0m
[[2m[37m22:28:39[0m[2m[0m] [2mIQPE [E] (h=2.0, rep=10) iteration=4 = 0.6875[0m
[[2m[37m22:28:39[0m[2m[0m] [2mIQPE [E] (h=0.5, rep=10) iteration=4 = 0.8125[0m
[[2m[37m22:28:39[0m[2m[0m] [2mIQPE [E] (h=1.0, rep=10) iteration=4 = 0.4375[0m
[[2m[37m22:28:39[0m[2m[0m] [2mIQPE [E] (h=4.0, rep=10) iteration=4 = 0.6875[0m
[[2m[37m22:28:39[0m[2m[0m] [2mIQPE [E] (h=5.0, rep=10) iteration=4 = 0.1875[0m
[[2m[37m22:28:39[0m[2m[0m] [2mIQPE [E] (h=3.0, rep=10) iteration=5 = 0.09375[0m
[[2m[37m22:28:39[0m[2m[0m] [2mIQPE [E] (h=6.0, rep=10) iteration=4 = 0.6875[0m
[[2m[37m22:28:39[0m[2m[0m] [2mIQPE [E] (h=2.0, rep=10) iteration=5 = 0.84375[0m
[[2m[37m22:28:39[0m[2m[0m] [2mIQPE [E] (h=0.5, rep=10) iteration=5 = 0.90625[0m
[[2m[37m22:28:39[0m[2m[0m] [2mIQPE [E] (h=3.0, rep=10) iteration=6 = 0.046875[0m
[[2m[37m22:28:39[0m[2m[0m] [2mIQPE [E] (h=1.0, rep=10) iteration=5 = 0.71875[0m
[[2m[37m22:28:39[0m[2m[0m] [2mIQPE [E] (h=4.0, rep=10) iteration=5 = 0.34375[0m
[[2m[37m22:28:39[0m[2m[0m] [2mIQPE [E] (h=5.0, rep=10) iteration=5 = 0.09375[0m
[[2m[37m22:28:39[0m[2m[0m] [2mIQPE [E] (h=6.0, rep=10) iteration=5 = 0.84375[0m
[[2m[37m22:28:39[0m[2m[0m] [2mIQPE [E] (h=3.0, rep=10) iteration=7 = 0.5234375[0m
[[2m[37m22:28:39[0m[2m[0m] [2mIQPE [E] (h=2.0, rep=10) iteration=6 = 0.421875[0m
[[2m[37m22:28:39[0m[2m[0m] [2mIQPE [E] (h=0.5, rep=10) iteration=6 = 0.453125[0m
[[2m[37m22:28:39[0m[2m[0m] [2mIQPE [E] (h=1.0, rep=10) iteration=6 = 0.359375[0m
[[2m[37m22:28:39[0m[2m[0m] [2mIQPE [E] (h=4.0, rep=10) iteration=6 = 0.671875[0m
[[2m[37m22:28:39[0m[2m[0m] [2mIQPE [E] (h=3.0, rep=10) iteration=8 = 0.76171875[0m
[[2m[37m22:28:39[0m[2m[0m] [2mIQPE [E] (h=3.0, rep=10) = -47.860200582032[0m
[[2m[37m22:28:39[0m[2m[0m] [2mIQPE [E] (h=5.0, rep=10) iteration=6 = 0.046875[0m
[[2m[37m22:28:39[0m[2m[0m] [2mIQPE [E] (h=2.0, rep=10) iteration=7 = 0.7109375[0m
[[2m[37m22:28:39[0m[2m[0m] [2mIQPE [E] (h=6.0, rep=10) iteration=6 = 0.421875[0m
[[2m[37m22:28:39[0m[2m[0m] [2mIQPE [E] (h=0.5, rep=10) iteration=7 = 0.7265625[0m
[[2m[37m22:28:39[0m[2m[0m] [2mIQPE [E] (h=0.0, rep=10) iteration=2 = 0.75[0m
[[2m[37m22:28:39[0m[2m[0m] [2mIQPE [E] (h=1.0, rep=10) iteration=7 = 0.6796875[0m
[[2m[37m22:28:39[0m[2m[0m] [2mIQPE [E] (h=4.0, rep=10) iteration=7 = 0.8359375[0m
[[2m[37m22:28:39[0m[2m[0m] [2mIQPE [E] (h=5.0, rep=10) iteration=7 = 0.0234375[0m
[[2m[37m22:28:39[0m[2m[0m] [2mIQPE [E] (h=2.0, rep=10) iteration=8 = 0.85546875[0m
[[2m[37m22:28:39[0m[2m[0m] [2mIQPE [E] (h=2.0, rep=10) = -53.75068680751287[0m
[[2m[37m22:28:39[0m[2m[0m] [2mIQPE [E] (h=0.5, rep=10) iteration=8 = 0.86328125[0m
[[2m[37m22:28:39[0m[2m[0m] [2mIQPE [E] (h=0.5, rep=10) = -54.24156065963627[0m
[[2m[37m22:28:39[0m[2m[0m] [2mIQPE [E] (h=6.0, rep=10) iteration=7 = 0.2109375[0m
[[2m[37m22:28:39[0m[2m[0m] [2mIQPE [E] (h=1.0, rep=10) iteration=8 = 0.83984375[0m
[[2m[37m22:28:39[0m[2m[0m] [2mIQPE [E] (h=1.0, rep=10) = -52.76893910326605[0m
[[2m[37m22:28:39[0m[2m[0m] [2mIQPE [E] (h=4.0, rep=10) iteration=8 = 0.91796875[0m
[[2m[37m22:28:39[0m[2m[0m] [2mIQPE [E] (h=4.0, rep=10) = -57.677677624500106[0m
[[2m[37m22:28:40[0m[2m[0m] [2mIQPE [E] (h=5.0, rep=10) iteration=8 = 0.01171875[0m
[[2m[37m22:28:40[0m[2m[0m] [2mIQPE [E] (h=5.0, rep=10) = -0.7363107781851077[0m
[[2m[37m22:28:40[0m[2m[0m] [2mIQPE [E] (h=6.0, rep=10) iteration=8 = 0.60546875[0m
[[2m[37m22:28:40[0m[2m[0m] [2mIQPE [E] (h=6.0, rep=10) = -38.0427235395639[0m
[[2m[37m22:28:40[0m[2m[0m] [2mIQPE [E] (h=0.0, rep=10) iteration=3 = 0.875[0m
[[2m[37m22:28:41[0m[2m[0m] [2mIQPE [E] (h=0.0, rep=10) iteration=4 = 0.9375[0m
[[2m[37m22:28:41[0m[2m[0m] [2mIQPE [E] (h=0.0, rep=10) iteration=5 = 0.96875[0m
[[2m[37m22:28:41[0m[2m[0m] [2mIQPE [E] (h=0.0, rep=10) iteration=6 = 0.484375[0m
[[2m[37m22:28:41[0m[2m[0m] [2mIQPE [E] (h=0.0, rep=10) iteration=7 = 0.7421875[0m
[[2m[37m22:28:41[0m[2m[0m] [2mIQPE [E] (h=0.0, rep=10) iteration=8 = 0.87109375[0m
[[2m[37m22:28:41[0m[2m[0m] [2mIQPE [E] (h=0.0, rep=10) = -54.73243451175968[0m
[[2m[37m22:28:52[0m[2m[0m] [2mIQPE [E] (h=0.5, rep=11) iteration=1 = 0.5[0m
[[2m[37m22:28:52[0m[2m[0m] [2mIQPE [E] (h=5.0, rep=11) iteration=1 = 0.5[0m
[[2m[37m22:28:52[0m[2m[0m] [2mIQPE [E] (h=3.0, rep=11) iteration=1 = 0.5[0m
[[2m[37m22:28:52[0m[2m[0m] [2mIQPE [E] (h=1.0, rep=11) iteration=1 = 0.5[0m
[[2m[37m22:28:52[0m[2m[0m] [2mIQPE [E] (h=6.0, rep=11) iteration=1 = 0.5[0m
[[2m[37m22:28:52[0m[2m[0m] [2mIQPE [E] (h=4.0, rep=11) iteration=1 = 0.5[0m
[[2m[37m22:28:52[0m[2m[0m] [2mIQPE [E] (h=2.0, rep=11) iteration=1 = 0.5[0m
[[2m[37m22:28:53[0m[2m[0m] [2mIQPE [E] (h=0.5, rep=11) iteration=2 = 0.25[0m
[[2m[37m22:28:53[0m[2m[0m] [2mIQPE [E] (h=5.0, rep=11) iteration=2 = 0.75[0m
[[2m[37m22:28:53[0m[2m[0m] [2mIQPE [E] (h=3.0, rep=11) iteration=2 = 0.75[0m
[[2m[37m22:28:53[0m[2m[0m] [2mIQPE [E] (h=1.0, rep=11) iteration=2 = 0.75[0m
[[2m[37m22:28:53[0m[2m[0m] [2mIQPE [E] (h=6.0, rep=11) iteration=2 = 0.75[0m
[[2m[37m22:28:53[0m[2m[0m] [2mIQPE [E] (h=0.0, rep=11) iteration=1 = 0.5[0m
[[2m[37m22:28:53[0m[2m[0m] [2mIQPE [E] (h=4.0, rep=11) iteration=2 = 0.75[0m
[[2m[37m22:28:54[0m[2m[0m] [2mIQPE [E] (h=2.0, rep=11) iteration=2 = 0.75[0m
[[2m[37m22:28:54[0m[2m[0m] [2mIQPE [E] (h=0.5, rep=11) iteration=3 = 0.625[0m
[[2m[37m22:28:54[0m[2m[0m] [2mIQPE [E] (h=5.0, rep=11) iteration=3 = 0.375[0m
[[2m[37m22:28:54[0m[2m[0m] [2mIQPE [E] (h=3.0, rep=11) iteration=3 = 0.375[0m
[[2m[37m22:28:54[0m[2m[0m] [2mIQPE [E] (h=1.0, rep=11) iteration=3 = 0.875[0m
[[2m[37m22:28:54[0m[2m[0m] [2mIQPE [E] (h=0.5, rep=11) iteration=4 = 0.8125[0m
[[2m[37m22:28:54[0m[2m[0m] [2mIQPE [E] (h=5.0, rep=11) iteration=4 = 0.1875[0m
[[2m[37m22:28:54[0m[2m[0m] [2mIQPE [E] (h=3.0, rep=11) iteration=4 = 0.6875[0m
[[2m[37m22:28:54[0m[2m[0m] [2mIQPE [E] (h=6.0, rep=11) iteration=3 = 0.375[0m
[[2m[37m22:28:54[0m[2m[0m] [2mIQPE [E] (h=1.0, rep=11) iteration=4 = 0.4375[0m
[[2m[37m22:28:54[0m[2m[0m] [2mIQPE [E] (h=4.0, rep=11) iteration=3 = 0.375[0m
[[2m[37m22:28:54[0m[2m[0m] [2mIQPE [E] (h=0.5, rep=11) iteration=5 = 0.90625[0m
[[2m[37m22:28:54[0m[2m[0m] [2mIQPE [E] (h=2.0, rep=11) iteration=3 = 0.375[0m
[[2m[37m22:28:54[0m[2m[0m] [2mIQPE [E] (h=5.0, rep=11) iteration=5 = 0.09375[0m
[[2m[37m22:28:54[0m[2m[0m] [2mIQPE [E] (h=3.0, rep=11) iteration=5 = 0.34375[0m
[[2m[37m22:28:54[0m[2m[0m] [2mIQPE [E] (h=1.0, rep=11) iteration=5 = 0.71875[0m
[[2m[37m22:28:54[0m[2m[0m] [2mIQPE [E] (h=0.5, rep=11) iteration=6 = 0.453125[0m
[[2m[37m22:28:54[0m[2m[0m] [2mIQPE [E] (h=5.0, rep=11) iteration=6 = 0.046875[0m
[[2m[37m22:28:54[0m[2m[0m] [2mIQPE [E] (h=3.0, rep=11) iteration=6 = 0.671875[0m
[[2m[37m22:28:54[0m[2m[0m] [2mIQPE [E] (h=6.0, rep=11) iteration=4 = 0.6875[0m
[[2m[37m22:28:54[0m[2m[0m] [2mIQPE [E] (h=0.5, rep=11) iteration=7 = 0.7265625[0m
[[2m[37m22:28:55[0m[2m[0m] [2mIQPE [E] (h=4.0, rep=11) iteration=4 = 0.6875[0m
[[2m[37m22:28:55[0m[2m[0m] [2mIQPE [E] (h=1.0, rep=11) iteration=6 = 0.359375[0m
[[2m[37m22:28:55[0m[2m[0m] [2mIQPE [E] (h=3.0, rep=11) iteration=7 = 0.8359375[0m
[[2m[37m22:28:55[0m[2m[0m] [2mIQPE [E] (h=5.0, rep=11) iteration=7 = 0.5234375[0m
[[2m[37m22:28:55[0m[2m[0m] [2mIQPE [E] (h=2.0, rep=11) iteration=4 = 0.6875[0m
[[2m[37m22:28:55[0m[2m[0m] [2mIQPE [E] (h=0.5, rep=11) iteration=8 = 0.86328125[0m
[[2m[37m22:28:55[0m[2m[0m] [2mIQPE [E] (h=0.5, rep=11) = -54.24156065963627[0m
[[2m[37m22:28:55[0m[2m[0m] [2mIQPE [E] (h=1.0, rep=11) iteration=7 = 0.6796875[0m
[[2m[37m22:28:55[0m[2m[0m] [2mIQPE [E] (h=3.0, rep=11) iteration=8 = 0.91796875[0m
[[2m[37m22:28:55[0m[2m[0m] [2mIQPE [E] (h=3.0, rep=11) = -57.677677624500106[0m
[[2m[37m22:28:55[0m[2m[0m] [2mIQPE [E] (h=5.0, rep=11) iteration=8 = 0.76171875[0m
[[2m[37m22:28:55[0m[2m[0m] [2mIQPE [E] (h=5.0, rep=11) = -47.860200582032[0m
[[2m[37m22:28:55[0m[2m[0m] [2mIQPE [E] (h=6.0, rep=11) iteration=5 = 0.84375[0m
[[2m[37m22:28:55[0m[2m[0m] [2mIQPE [E] (h=4.0, rep=11) iteration=5 = 0.34375[0m
[[2m[37m22:28:55[0m[2m[0m] [2mIQPE [E] (h=1.0, rep=11) iteration=8 = 0.83984375[0m
[[2m[37m22:28:55[0m[2m[0m] [2mIQPE [E] (h=1.0, rep=11) = -52.76893910326605[0m
[[2m[37m22:28:55[0m[2m[0m] [2mIQPE [E] (h=0.0, rep=11) iteration=2 = 0.75[0m
[[2m[37m22:28:55[0m[2m[0m] [2mIQPE [E] (h=2.0, rep=11) iteration=5 = 0.34375[0m
[[2m[37m22:28:55[0m[2m[0m] [2mIQPE [E] (h=6.0, rep=11) iteration=6 = 0.421875[0m
[[2m[37m22:28:55[0m[2m[0m] [2mIQPE [E] (h=4.0, rep=11) iteration=6 = 0.171875[0m
[[2m[37m22:28:55[0m[2m[0m] [2mIQPE [E] (h=2.0, rep=11) iteration=6 = 0.171875[0m
[[2m[37m22:28:55[0m[2m[0m] [2mIQPE [E] (h=6.0, rep=11) iteration=7 = 0.7109375[0m
[[2m[37m22:28:55[0m[2m[0m] [2mIQPE [E] (h=4.0, rep=11) iteration=7 = 0.5859375[0m
[[2m[37m22:28:55[0m[2m[0m] [2mIQPE [E] (h=6.0, rep=11) iteration=8 = 0.85546875[0m
[[2m[37m22:28:55[0m[2m[0m] [2mIQPE [E] (h=6.0, rep=11) = -53.75068680751287[0m
[[2m[37m22:28:55[0m[2m[0m] [2mIQPE [E] (h=2.0, rep=11) iteration=7 = 0.5859375[0m
[[2m[37m22:28:55[0m[2m[0m] [2mIQPE [E] (h=4.0, rep=11) iteration=8 = 0.79296875[0m
[[2m[37m22:28:55[0m[2m[0m] [2mIQPE [E] (h=4.0, rep=11) = -49.82369599052562[0m
[[2m[37m22:28:55[0m[2m[0m] [2mIQPE [E] (h=2.0, rep=11) iteration=8 = 0.79296875[0m
[[2m[37m22:28:55[0m[2m[0m] [2mIQPE [E] (h=2.0, rep=11) = -49.82369599052562[0m
[[2m[37m22:28:55[0m[2m[0m] [2mIQPE [E] (h=0.0, rep=11) iteration=3 = 0.875[0m
[[2m[37m22:28:56[0m[2m[0m] [2mIQPE [E] (h=0.0, rep=11) iteration=4 = 0.9375[0m
[[2m[37m22:28:56[0m[2m[0m] [2mIQPE [E] (h=0.0, rep=11) iteration=5 = 0.96875[0m
[[2m[37m22:28:56[0m[2m[0m] [2mIQPE [E] (h=0.0, rep=11) iteration=6 = 0.484375[0m
[[2m[37m22:28:56[0m[2m[0m] [2mIQPE [E] (h=0.0, rep=11) iteration=7 = 0.7421875[0m
[[2m[37m22:28:56[0m[2m[0m] [2mIQPE [E] (h=0.0, rep=11) iteration=8 = 0.87109375[0m
[[2m[37m22:28:56[0m[2m[0m] [2mIQPE [E] (h=0.0, rep=11) = -54.73243451175968[0m
[[2m[37m22:29:07[0m[2m[0m] [2mIQPE [E] (h=0.5, rep=12) iteration=1 = 0.5[0m
[[2m[37m22:29:07[0m[2m[0m] [2mIQPE [E] (h=5.0, rep=12) iteration=1 = 0.5[0m
[[2m[37m22:29:07[0m[2m[0m] [2mIQPE [E] (h=1.0, rep=12) iteration=1 = 0.5[0m
[[2m[37m22:29:07[0m[2m[0m] [2mIQPE [E] (h=3.0, rep=12) iteration=1 = 0.5[0m
[[2m[37m22:29:07[0m[2m[0m] [2mIQPE [E] (h=2.0, rep=12) iteration=1 = 0.5[0m
[[2m[37m22:29:07[0m[2m[0m] [2mIQPE [E] (h=4.0, rep=12) iteration=1 = 0.5[0m
[[2m[37m22:29:08[0m[2m[0m] [2mIQPE [E] (h=6.0, rep=12) iteration=1 = 0.5[0m
[[2m[37m22:29:08[0m[2m[0m] [2mIQPE [E] (h=0.5, rep=12) iteration=2 = 0.25[0m
[[2m[37m22:29:08[0m[2m[0m] [2mIQPE [E] (h=0.0, rep=12) iteration=1 = 0.5[0m
[[2m[37m22:29:08[0m[2m[0m] [2mIQPE [E] (h=5.0, rep=12) iteration=2 = 0.75[0m
[[2m[37m22:29:08[0m[2m[0m] [2mIQPE [E] (h=1.0, rep=12) iteration=2 = 0.75[0m
[[2m[37m22:29:08[0m[2m[0m] [2mIQPE [E] (h=3.0, rep=12) iteration=2 = 0.75[0m
[[2m[37m22:29:09[0m[2m[0m] [2mIQPE [E] (h=2.0, rep=12) iteration=2 = 0.75[0m
[[2m[37m22:29:09[0m[2m[0m] [2mIQPE [E] (h=4.0, rep=12) iteration=2 = 0.75[0m
[[2m[37m22:29:09[0m[2m[0m] [2mIQPE [E] (h=0.5, rep=12) iteration=3 = 0.625[0m
[[2m[37m22:29:09[0m[2m[0m] [2mIQPE [E] (h=6.0, rep=12) iteration=2 = 0.75[0m
[[2m[37m22:29:09[0m[2m[0m] [2mIQPE [E] (h=5.0, rep=12) iteration=3 = 0.375[0m
[[2m[37m22:29:09[0m[2m[0m] [2mIQPE [E] (h=1.0, rep=12) iteration=3 = 0.875[0m
[[2m[37m22:29:09[0m[2m[0m] [2mIQPE [E] (h=3.0, rep=12) iteration=3 = 0.375[0m
[[2m[37m22:29:09[0m[2m[0m] [2mIQPE [E] (h=0.5, rep=12) iteration=4 = 0.8125[0m
[[2m[37m22:29:09[0m[2m[0m] [2mIQPE [E] (h=2.0, rep=12) iteration=3 = 0.375[0m
[[2m[37m22:29:09[0m[2m[0m] [2mIQPE [E] (h=4.0, rep=12) iteration=3 = 0.375[0m
[[2m[37m22:29:09[0m[2m[0m] [2mIQPE [E] (h=5.0, rep=12) iteration=4 = 0.1875[0m
[[2m[37m22:29:09[0m[2m[0m] [2mIQPE [E] (h=1.0, rep=12) iteration=4 = 0.4375[0m
[[2m[37m22:29:10[0m[2m[0m] [2mIQPE [E] (h=3.0, rep=12) iteration=4 = 0.6875[0m
[[2m[37m22:29:10[0m[2m[0m] [2mIQPE [E] (h=0.5, rep=12) iteration=5 = 0.90625[0m
[[2m[37m22:29:10[0m[2m[0m] [2mIQPE [E] (h=6.0, rep=12) iteration=3 = 0.375[0m
[[2m[37m22:29:10[0m[2m[0m] [2mIQPE [E] (h=5.0, rep=12) iteration=5 = 0.09375[0m
[[2m[37m22:29:10[0m[2m[0m] [2mIQPE [E] (h=1.0, rep=12) iteration=5 = 0.71875[0m
[[2m[37m22:29:10[0m[2m[0m] [2mIQPE [E] (h=3.0, rep=12) iteration=5 = 0.34375[0m
[[2m[37m22:29:10[0m[2m[0m] [2mIQPE [E] (h=0.5, rep=12) iteration=6 = 0.453125[0m
[[2m[37m22:29:10[0m[2m[0m] [2mIQPE [E] (h=2.0, rep=12) iteration=4 = 0.6875[0m
[[2m[37m22:29:10[0m[2m[0m] [2mIQPE [E] (h=4.0, rep=12) iteration=4 = 0.6875[0m
[[2m[37m22:29:10[0m[2m[0m] [2mIQPE [E] (h=0.0, rep=12) iteration=2 = 0.75[0m
[[2m[37m22:29:10[0m[2m[0m] [2mIQPE [E] (h=5.0, rep=12) iteration=6 = 0.046875[0m
[[2m[37m22:29:10[0m[2m[0m] [2mIQPE [E] (h=0.5, rep=12) iteration=7 = 0.7265625[0m
[[2m[37m22:29:10[0m[2m[0m] [2mIQPE [E] (h=1.0, rep=12) iteration=6 = 0.359375[0m
[[2m[37m22:29:10[0m[2m[0m] [2mIQPE [E] (h=3.0, rep=12) iteration=6 = 0.171875[0m
[[2m[37m22:29:10[0m[2m[0m] [2mIQPE [E] (h=0.5, rep=12) iteration=8 = 0.86328125[0m
[[2m[37m22:29:10[0m[2m[0m] [2mIQPE [E] (h=0.5, rep=12) = -54.24156065963627[0m
[[2m[37m22:29:10[0m[2m[0m] [2mIQPE [E] (h=5.0, rep=12) iteration=7 = 0.5234375[0m
[[2m[37m22:29:10[0m[2m[0m] [2mIQPE [E] (h=2.0, rep=12) iteration=5 = 0.34375[0m
[[2m[37m22:29:10[0m[2m[0m] [2mIQPE [E] (h=1.0, rep=12) iteration=7 = 0.6796875[0m
[[2m[37m22:29:10[0m[2m[0m] [2mIQPE [E] (h=4.0, rep=12) iteration=5 = 0.34375[0m
[[2m[37m22:29:10[0m[2m[0m] [2mIQPE [E] (h=3.0, rep=12) iteration=7 = 0.5859375[0m
[[2m[37m22:29:10[0m[2m[0m] [2mIQPE [E] (h=6.0, rep=12) iteration=4 = 0.6875[0m
[[2m[37m22:29:10[0m[2m[0m] [2mIQPE [E] (h=5.0, rep=12) iteration=8 = 0.76171875[0m
[[2m[37m22:29:10[0m[2m[0m] [2mIQPE [E] (h=5.0, rep=12) = -47.860200582032[0m
[[2m[37m22:29:10[0m[2m[0m] [2mIQPE [E] (h=1.0, rep=12) iteration=8 = 0.83984375[0m
[[2m[37m22:29:10[0m[2m[0m] [2mIQPE [E] (h=1.0, rep=12) = -52.76893910326605[0m
[[2m[37m22:29:10[0m[2m[0m] [2mIQPE [E] (h=3.0, rep=12) iteration=8 = 0.79296875[0m
[[2m[37m22:29:10[0m[2m[0m] [2mIQPE [E] (h=3.0, rep=12) = -49.82369599052562[0m
[[2m[37m22:29:10[0m[2m[0m] [2mIQPE [E] (h=2.0, rep=12) iteration=6 = 0.171875[0m
[[2m[37m22:29:10[0m[2m[0m] [2mIQPE [E] (h=4.0, rep=12) iteration=6 = 0.671875[0m
[[2m[37m22:29:10[0m[2m[0m] [2mIQPE [E] (h=6.0, rep=12) iteration=5 = 0.34375[0m
[[2m[37m22:29:10[0m[2m[0m] [2mIQPE [E] (h=2.0, rep=12) iteration=7 = 0.5859375[0m
[[2m[37m22:29:10[0m[2m[0m] [2mIQPE [E] (h=4.0, rep=12) iteration=7 = 0.8359375[0m
[[2m[37m22:29:10[0m[2m[0m] [2mIQPE [E] (h=0.0, rep=12) iteration=3 = 0.875[0m
[[2m[37m22:29:10[0m[2m[0m] [2mIQPE [E] (h=2.0, rep=12) iteration=8 = 0.79296875[0m
[[2m[37m22:29:10[0m[2m[0m] [2mIQPE [E] (h=2.0, rep=12) = -49.82369599052562[0m
[[2m[37m22:29:11[0m[2m[0m] [2mIQPE [E] (h=4.0, rep=12) iteration=8 = 0.91796875[0m
[[2m[37m22:29:11[0m[2m[0m] [2mIQPE [E] (h=4.0, rep=12) = -57.677677624500106[0m
[[2m[37m22:29:11[0m[2m[0m] [2mIQPE [E] (h=6.0, rep=12) iteration=6 = 0.671875[0m
[[2m[37m22:29:11[0m[2m[0m] [2mIQPE [E] (h=6.0, rep=12) iteration=7 = 0.8359375[0m
[[2m[37m22:29:11[0m[2m[0m] [2mIQPE [E] (h=0.0, rep=12) iteration=4 = 0.9375[0m
[[2m[37m22:29:11[0m[2m[0m] [2mIQPE [E] (h=6.0, rep=12) iteration=8 = 0.91796875[0m
[[2m[37m22:29:11[0m[2m[0m] [2mIQPE [E] (h=6.0, rep=12) = -57.677677624500106[0m
[[2m[37m22:29:11[0m[2m[0m] [2mIQPE [E] (h=0.0, rep=12) iteration=5 = 0.96875[0m
[[2m[37m22:29:11[0m[2m[0m] [2mIQPE [E] (h=0.0, rep=12) iteration=6 = 0.484375[0m
[[2m[37m22:29:12[0m[2m[0m] [2mIQPE [E] (h=0.0, rep=12) iteration=7 = 0.7421875[0m
[[2m[37m22:29:12[0m[2m[0m] [2mIQPE [E] (h=0.0, rep=12) iteration=8 = 0.87109375[0m
[[2m[37m22:29:12[0m[2m[0m] [2mIQPE [E] (h=0.0, rep=12) = -54.73243451175968[0m
[[2m[37m22:29:22[0m[2m[0m] [2mIQPE [E] (h=0.5, rep=13) iteration=1 = 0.5[0m
[[2m[37m22:29:22[0m[2m[0m] [2mIQPE [E] (h=5.0, rep=13) iteration=1 = 0.5[0m
[[2m[37m22:29:23[0m[2m[0m] [2mIQPE [E] (h=2.0, rep=13) iteration=1 = 0.5[0m
[[2m[37m22:29:23[0m[2m[0m] [2mIQPE [E] (h=1.0, rep=13) iteration=1 = 0.5[0m
[[2m[37m22:29:23[0m[2m[0m] [2mIQPE [E] (h=3.0, rep=13) iteration=1 = 0.5[0m
[[2m[37m22:29:23[0m[2m[0m] [2mIQPE [E] (h=4.0, rep=13) iteration=1 = 0.5[0m
[[2m[37m22:29:23[0m[2m[0m] [2mIQPE [E] (h=6.0, rep=13) iteration=1 = 0.5[0m
[[2m[37m22:29:23[0m[2m[0m] [2mIQPE [E] (h=0.5, rep=13) iteration=2 = 0.25[0m
[[2m[37m22:29:23[0m[2m[0m] [2mIQPE [E] (h=5.0, rep=13) iteration=2 = 0.75[0m
[[2m[37m22:29:24[0m[2m[0m] [2mIQPE [E] (h=0.0, rep=13) iteration=1 = 0.5[0m
[[2m[37m22:29:24[0m[2m[0m] [2mIQPE [E] (h=2.0, rep=13) iteration=2 = 0.75[0m
[[2m[37m22:29:24[0m[2m[0m] [2mIQPE [E] (h=1.0, rep=13) iteration=2 = 0.75[0m
[[2m[37m22:29:24[0m[2m[0m] [2mIQPE [E] (h=0.5, rep=13) iteration=3 = 0.625[0m
[[2m[37m22:29:24[0m[2m[0m] [2mIQPE [E] (h=3.0, rep=13) iteration=2 = 0.75[0m
[[2m[37m22:29:24[0m[2m[0m] [2mIQPE [E] (h=5.0, rep=13) iteration=3 = 0.375[0m
[[2m[37m22:29:24[0m[2m[0m] [2mIQPE [E] (h=4.0, rep=13) iteration=2 = 0.75[0m
[[2m[37m22:29:24[0m[2m[0m] [2mIQPE [E] (h=6.0, rep=13) iteration=2 = 0.75[0m
[[2m[37m22:29:24[0m[2m[0m] [2mIQPE [E] (h=0.5, rep=13) iteration=4 = 0.8125[0m
[[2m[37m22:29:24[0m[2m[0m] [2mIQPE [E] (h=5.0, rep=13) iteration=4 = 0.6875[0m
[[2m[37m22:29:24[0m[2m[0m] [2mIQPE [E] (h=2.0, rep=13) iteration=3 = 0.375[0m
[[2m[37m22:29:24[0m[2m[0m] [2mIQPE [E] (h=1.0, rep=13) iteration=3 = 0.875[0m
[[2m[37m22:29:25[0m[2m[0m] [2mIQPE [E] (h=0.5, rep=13) iteration=5 = 0.90625[0m
[[2m[37m22:29:25[0m[2m[0m] [2mIQPE [E] (h=0.5, rep=13) iteration=6 = 0.453125[0m
[[2m[37m22:29:25[0m[2m[0m] [2mIQPE [E] (h=5.0, rep=13) iteration=5 = 0.84375[0m
[[2m[37m22:29:25[0m[2m[0m] [2mIQPE [E] (h=3.0, rep=13) iteration=3 = 0.375[0m
[[2m[37m22:29:25[0m[2m[0m] [2mIQPE [E] (h=4.0, rep=13) iteration=3 = 0.375[0m
[[2m[37m22:29:25[0m[2m[0m] [2mIQPE [E] (h=0.5, rep=13) iteration=7 = 0.7265625[0m
[[2m[37m22:29:25[0m[2m[0m] [2mIQPE [E] (h=2.0, rep=13) iteration=4 = 0.6875[0m
[[2m[37m22:29:25[0m[2m[0m] [2mIQPE [E] (h=1.0, rep=13) iteration=4 = 0.4375[0m
[[2m[37m22:29:25[0m[2m[0m] [2mIQPE [E] (h=5.0, rep=13) iteration=6 = 0.421875[0m
[[2m[37m22:29:25[0m[2m[0m] [2mIQPE [E] (h=6.0, rep=13) iteration=3 = 0.375[0m
[[2m[37m22:29:25[0m[2m[0m] [2mIQPE [E] (h=0.5, rep=13) iteration=8 = 0.86328125[0m
[[2m[37m22:29:25[0m[2m[0m] [2mIQPE [E] (h=0.5, rep=13) = -54.24156065963627[0m
[[2m[37m22:29:25[0m[2m[0m] [2mIQPE [E] (h=5.0, rep=13) iteration=7 = 0.7109375[0m
[[2m[37m22:29:25[0m[2m[0m] [2mIQPE [E] (h=3.0, rep=13) iteration=4 = 0.6875[0m
[[2m[37m22:29:25[0m[2m[0m] [2mIQPE [E] (h=1.0, rep=13) iteration=5 = 0.71875[0m
[[2m[37m22:29:25[0m[2m[0m] [2mIQPE [E] (h=2.0, rep=13) iteration=5 = 0.84375[0m
[[2m[37m22:29:25[0m[2m[0m] [2mIQPE [E] (h=0.0, rep=13) iteration=2 = 0.75[0m
[[2m[37m22:29:25[0m[2m[0m] [2mIQPE [E] (h=4.0, rep=13) iteration=4 = 0.6875[0m
[[2m[37m22:29:25[0m[2m[0m] [2mIQPE [E] (h=5.0, rep=13) iteration=8 = 0.85546875[0m
[[2m[37m22:29:25[0m[2m[0m] [2mIQPE [E] (h=5.0, rep=13) = -53.75068680751287[0m
[[2m[37m22:29:25[0m[2m[0m] [2mIQPE [E] (h=1.0, rep=13) iteration=6 = 0.359375[0m
[[2m[37m22:29:25[0m[2m[0m] [2mIQPE [E] (h=2.0, rep=13) iteration=6 = 0.421875[0m
[[2m[37m22:29:25[0m[2m[0m] [2mIQPE [E] (h=6.0, rep=13) iteration=4 = 0.6875[0m
[[2m[37m22:29:25[0m[2m[0m] [2mIQPE [E] (h=3.0, rep=13) iteration=5 = 0.34375[0m
[[2m[37m22:29:25[0m[2m[0m] [2mIQPE [E] (h=1.0, rep=13) iteration=7 = 0.6796875[0m
[[2m[37m22:29:25[0m[2m[0m] [2mIQPE [E] (h=4.0, rep=13) iteration=5 = 0.34375[0m
[[2m[37m22:29:25[0m[2m[0m] [2mIQPE [E] (h=2.0, rep=13) iteration=7 = 0.7109375[0m
[[2m[37m22:29:25[0m[2m[0m] [2mIQPE [E] (h=3.0, rep=13) iteration=6 = 0.171875[0m
[[2m[37m22:29:26[0m[2m[0m] [2mIQPE [E] (h=1.0, rep=13) iteration=8 = 0.83984375[0m
[[2m[37m22:29:26[0m[2m[0m] [2mIQPE [E] (h=1.0, rep=13) = -52.76893910326605[0m
[[2m[37m22:29:26[0m[2m[0m] [2mIQPE [E] (h=6.0, rep=13) iteration=5 = 0.34375[0m
[[2m[37m22:29:26[0m[2m[0m] [2mIQPE [E] (h=2.0, rep=13) iteration=8 = 0.85546875[0m
[[2m[37m22:29:26[0m[2m[0m] [2mIQPE [E] (h=2.0, rep=13) = -53.75068680751287[0m
[[2m[37m22:29:26[0m[2m[0m] [2mIQPE [E] (h=4.0, rep=13) iteration=6 = 0.171875[0m
[[2m[37m22:29:26[0m[2m[0m] [2mIQPE [E] (h=3.0, rep=13) iteration=7 = 0.5859375[0m
[[2m[37m22:29:26[0m[2m[0m] [2mIQPE [E] (h=6.0, rep=13) iteration=6 = 0.671875[0m
[[2m[37m22:29:26[0m[2m[0m] [2mIQPE [E] (h=4.0, rep=13) iteration=7 = 0.5859375[0m
[[2m[37m22:29:26[0m[2m[0m] [2mIQPE [E] (h=3.0, rep=13) iteration=8 = 0.79296875[0m
[[2m[37m22:29:26[0m[2m[0m] [2mIQPE [E] (h=3.0, rep=13) = -49.82369599052562[0m
[[2m[37m22:29:26[0m[2m[0m] [2mIQPE [E] (h=0.0, rep=13) iteration=3 = 0.875[0m
[[2m[37m22:29:26[0m[2m[0m] [2mIQPE [E] (h=6.0, rep=13) iteration=7 = 0.3359375[0m
[[2m[37m22:29:26[0m[2m[0m] [2mIQPE [E] (h=4.0, rep=13) iteration=8 = 0.79296875[0m
[[2m[37m22:29:26[0m[2m[0m] [2mIQPE [E] (h=4.0, rep=13) = -49.82369599052562[0m
[[2m[37m22:29:26[0m[2m[0m] [2mIQPE [E] (h=6.0, rep=13) iteration=8 = 0.66796875[0m
[[2m[37m22:29:26[0m[2m[0m] [2mIQPE [E] (h=6.0, rep=13) = -41.96971435655114[0m
[[2m[37m22:29:26[0m[2m[0m] [2mIQPE [E] (h=0.0, rep=13) iteration=4 = 0.9375[0m
[[2m[37m22:29:26[0m[2m[0m] [2mIQPE [E] (h=0.0, rep=13) iteration=5 = 0.96875[0m
[[2m[37m22:29:26[0m[2m[0m] [2mIQPE [E] (h=0.0, rep=13) iteration=6 = 0.484375[0m
[[2m[37m22:29:27[0m[2m[0m] [2mIQPE [E] (h=0.0, rep=13) iteration=7 = 0.7421875[0m
[[2m[37m22:29:27[0m[2m[0m] [2mIQPE [E] (h=0.0, rep=13) iteration=8 = 0.87109375[0m
[[2m[37m22:29:27[0m[2m[0m] [2mIQPE [E] (h=0.0, rep=13) = -54.73243451175968[0m
[[2m[37m22:29:46[0m[2m[0m] [2mIQPE [E] (h=0.5, rep=14) iteration=1 = 0.5[0m
[[2m[37m22:29:46[0m[2m[0m] [2mIQPE [E] (h=5.0, rep=14) iteration=1 = 0.5[0m
[[2m[37m22:29:46[0m[2m[0m] [2mIQPE [E] (h=4.0, rep=14) iteration=1 = 0.5[0m
[[2m[37m22:29:46[0m[2m[0m] [2mIQPE [E] (h=1.0, rep=14) iteration=1 = 0.5[0m
[[2m[37m22:29:46[0m[2m[0m] [2mIQPE [E] (h=3.0, rep=14) iteration=1 = 0.5[0m
[[2m[37m22:29:46[0m[2m[0m] [2mIQPE [E] (h=2.0, rep=14) iteration=1 = 0.5[0m
[[2m[37m22:29:46[0m[2m[0m] [2mIQPE [E] (h=6.0, rep=14) iteration=1 = 0.5[0m
[[2m[37m22:29:48[0m[2m[0m] [2mIQPE [E] (h=0.5, rep=14) iteration=2 = 0.25[0m
[[2m[37m22:29:48[0m[2m[0m] [2mIQPE [E] (h=5.0, rep=14) iteration=2 = 0.75[0m
[[2m[37m22:29:48[0m[2m[0m] [2mIQPE [E] (h=4.0, rep=14) iteration=2 = 0.75[0m
[[2m[37m22:29:48[0m[2m[0m] [2mIQPE [E] (h=1.0, rep=14) iteration=2 = 0.75[0m
[[2m[37m22:29:48[0m[2m[0m] [2mIQPE [E] (h=3.0, rep=14) iteration=2 = 0.75[0m
[[2m[37m22:29:48[0m[2m[0m] [2mIQPE [E] (h=6.0, rep=14) iteration=2 = 0.75[0m
[[2m[37m22:29:48[0m[2m[0m] [2mIQPE [E] (h=2.0, rep=14) iteration=2 = 0.75[0m
[[2m[37m22:29:48[0m[2m[0m] [2mIQPE [E] (h=0.0, rep=14) iteration=1 = 0.5[0m
[[2m[37m22:29:48[0m[2m[0m] [2mIQPE [E] (h=5.0, rep=14) iteration=3 = 0.375[0m
[[2m[37m22:29:48[0m[2m[0m] [2mIQPE [E] (h=0.5, rep=14) iteration=3 = 0.625[0m
[[2m[37m22:29:48[0m[2m[0m] [2mIQPE [E] (h=4.0, rep=14) iteration=3 = 0.375[0m
[[2m[37m22:29:48[0m[2m[0m] [2mIQPE [E] (h=1.0, rep=14) iteration=3 = 0.875[0m
[[2m[37m22:29:48[0m[2m[0m] [2mIQPE [E] (h=3.0, rep=14) iteration=3 = 0.375[0m
[[2m[37m22:29:48[0m[2m[0m] [2mIQPE [E] (h=2.0, rep=14) iteration=3 = 0.375[0m
[[2m[37m22:29:48[0m[2m[0m] [2mIQPE [E] (h=6.0, rep=14) iteration=3 = 0.375[0m
[[2m[37m22:29:49[0m[2m[0m] [2mIQPE [E] (h=5.0, rep=14) iteration=4 = 0.1875[0m
[[2m[37m22:29:49[0m[2m[0m] [2mIQPE [E] (h=4.0, rep=14) iteration=4 = 0.6875[0m
[[2m[37m22:29:49[0m[2m[0m] [2mIQPE [E] (h=0.5, rep=14) iteration=4 = 0.8125[0m
[[2m[37m22:29:49[0m[2m[0m] [2mIQPE [E] (h=3.0, rep=14) iteration=4 = 0.6875[0m
[[2m[37m22:29:49[0m[2m[0m] [2mIQPE [E] (h=1.0, rep=14) iteration=4 = 0.4375[0m
[[2m[37m22:29:49[0m[2m[0m] [2mIQPE [E] (h=2.0, rep=14) iteration=4 = 0.6875[0m
[[2m[37m22:29:49[0m[2m[0m] [2mIQPE [E] (h=6.0, rep=14) iteration=4 = 0.6875[0m
[[2m[37m22:29:49[0m[2m[0m] [2mIQPE [E] (h=5.0, rep=14) iteration=5 = 0.09375[0m
[[2m[37m22:29:49[0m[2m[0m] [2mIQPE [E] (h=4.0, rep=14) iteration=5 = 0.34375[0m
[[2m[37m22:29:49[0m[2m[0m] [2mIQPE [E] (h=0.5, rep=14) iteration=5 = 0.90625[0m
[[2m[37m22:29:49[0m[2m[0m] [2mIQPE [E] (h=3.0, rep=14) iteration=5 = 0.34375[0m
[[2m[37m22:29:49[0m[2m[0m] [2mIQPE [E] (h=1.0, rep=14) iteration=5 = 0.71875[0m
[[2m[37m22:29:49[0m[2m[0m] [2mIQPE [E] (h=2.0, rep=14) iteration=5 = 0.34375[0m
[[2m[37m22:29:49[0m[2m[0m] [2mIQPE [E] (h=6.0, rep=14) iteration=5 = 0.34375[0m
[[2m[37m22:29:49[0m[2m[0m] [2mIQPE [E] (h=5.0, rep=14) iteration=6 = 0.546875[0m
[[2m[37m22:29:49[0m[2m[0m] [2mIQPE [E] (h=4.0, rep=14) iteration=6 = 0.171875[0m
[[2m[37m22:29:49[0m[2m[0m] [2mIQPE [E] (h=0.5, rep=14) iteration=6 = 0.453125[0m
[[2m[37m22:29:49[0m[2m[0m] [2mIQPE [E] (h=3.0, rep=14) iteration=6 = 0.171875[0m
[[2m[37m22:29:49[0m[2m[0m] [2mIQPE [E] (h=1.0, rep=14) iteration=6 = 0.359375[0m
[[2m[37m22:29:49[0m[2m[0m] [2mIQPE [E] (h=2.0, rep=14) iteration=6 = 0.171875[0m
[[2m[37m22:29:49[0m[2m[0m] [2mIQPE [E] (h=6.0, rep=14) iteration=6 = 0.671875[0m
[[2m[37m22:29:49[0m[2m[0m] [2mIQPE [E] (h=5.0, rep=14) iteration=7 = 0.2734375[0m
[[2m[37m22:29:49[0m[2m[0m] [2mIQPE [E] (h=4.0, rep=14) iteration=7 = 0.5859375[0m
[[2m[37m22:29:49[0m[2m[0m] [2mIQPE [E] (h=0.5, rep=14) iteration=7 = 0.7265625[0m
[[2m[37m22:29:49[0m[2m[0m] [2mIQPE [E] (h=3.0, rep=14) iteration=7 = 0.5859375[0m
[[2m[37m22:29:49[0m[2m[0m] [2mIQPE [E] (h=1.0, rep=14) iteration=7 = 0.6796875[0m
[[2m[37m22:29:49[0m[2m[0m] [2mIQPE [E] (h=2.0, rep=14) iteration=7 = 0.5859375[0m
[[2m[37m22:29:49[0m[2m[0m] [2mIQPE [E] (h=6.0, rep=14) iteration=7 = 0.8359375[0m
[[2m[37m22:29:49[0m[2m[0m] [2mIQPE [E] (h=5.0, rep=14) iteration=8 = 0.63671875[0m
[[2m[37m22:29:49[0m[2m[0m] [2mIQPE [E] (h=5.0, rep=14) = -40.006218948057516[0m
[[2m[37m22:29:49[0m[2m[0m] [2mIQPE [E] (h=4.0, rep=14) iteration=8 = 0.79296875[0m
[[2m[37m22:29:49[0m[2m[0m] [2mIQPE [E] (h=4.0, rep=14) = -49.82369599052562[0m
[[2m[37m22:29:49[0m[2m[0m] [2mIQPE [E] (h=0.5, rep=14) iteration=8 = 0.86328125[0m
[[2m[37m22:29:49[0m[2m[0m] [2mIQPE [E] (h=0.5, rep=14) = -54.24156065963627[0m
[[2m[37m22:29:49[0m[2m[0m] [2mIQPE [E] (h=3.0, rep=14) iteration=8 = 0.79296875[0m
[[2m[37m22:29:49[0m[2m[0m] [2mIQPE [E] (h=3.0, rep=14) = -49.82369599052562[0m
[[2m[37m22:29:49[0m[2m[0m] [2mIQPE [E] (h=1.0, rep=14) iteration=8 = 0.83984375[0m
[[2m[37m22:29:49[0m[2m[0m] [2mIQPE [E] (h=1.0, rep=14) = -52.76893910326605[0m
[[2m[37m22:29:49[0m[2m[0m] [2mIQPE [E] (h=0.0, rep=14) iteration=2 = 0.75[0m
[[2m[37m22:29:49[0m[2m[0m] [2mIQPE [E] (h=2.0, rep=14) iteration=8 = 0.79296875[0m
[[2m[37m22:29:49[0m[2m[0m] [2mIQPE [E] (h=2.0, rep=14) = -49.82369599052562[0m
[[2m[37m22:29:49[0m[2m[0m] [2mIQPE [E] (h=6.0, rep=14) iteration=8 = 0.91796875[0m
[[2m[37m22:29:49[0m[2m[0m] [2mIQPE [E] (h=6.0, rep=14) = -57.677677624500106[0m
[[2m[37m22:29:50[0m[2m[0m] [2mIQPE [E] (h=0.0, rep=14) iteration=3 = 0.875[0m
[[2m[37m22:29:50[0m[2m[0m] [2mIQPE [E] (h=0.0, rep=14) iteration=4 = 0.9375[0m
[[2m[37m22:29:51[0m[2m[0m] [2mIQPE [E] (h=0.0, rep=14) iteration=5 = 0.96875[0m
[[2m[37m22:29:51[0m[2m[0m] [2mIQPE [E] (h=0.0, rep=14) iteration=6 = 0.484375[0m
[[2m[37m22:29:51[0m[2m[0m] [2mIQPE [E] (h=0.0, rep=14) iteration=7 = 0.7421875[0m
[[2m[37m22:29:51[0m[2m[0m] [2mIQPE [E] (h=0.0, rep=14) iteration=8 = 0.87109375[0m
[[2m[37m22:29:51[0m[2m[0m] [2mIQPE [E] (h=0.0, rep=14) = -54.73243451175968[0m
[[2m[37m22:30:01[0m[2m[0m] [2mIQPE [E] (h=0.5, rep=15) iteration=1 = 0.5[0m
[[2m[37m22:30:02[0m[2m[0m] [2mIQPE [E] (h=5.0, rep=15) iteration=1 = 0.5[0m
[[2m[37m22:30:02[0m[2m[0m] [2mIQPE [E] (h=3.0, rep=15) iteration=1 = 0.5[0m
[[2m[37m22:30:02[0m[2m[0m] [2mIQPE [E] (h=4.0, rep=15) iteration=1 = 0.5[0m
[[2m[37m22:30:02[0m[2m[0m] [2mIQPE [E] (h=1.0, rep=15) iteration=1 = 0.5[0m
[[2m[37m22:30:02[0m[2m[0m] [2mIQPE [E] (h=6.0, rep=15) iteration=1 = 0.5[0m
[[2m[37m22:30:02[0m[2m[0m] [2mIQPE [E] (h=2.0, rep=15) iteration=1 = 0.5[0m
[[2m[37m22:30:03[0m[2m[0m] [2mIQPE [E] (h=0.5, rep=15) iteration=2 = 0.25[0m
[[2m[37m22:30:03[0m[2m[0m] [2mIQPE [E] (h=0.0, rep=15) iteration=1 = 0.5[0m
[[2m[37m22:30:03[0m[2m[0m] [2mIQPE [E] (h=5.0, rep=15) iteration=2 = 0.75[0m
[[2m[37m22:30:03[0m[2m[0m] [2mIQPE [E] (h=3.0, rep=15) iteration=2 = 0.75[0m
[[2m[37m22:30:03[0m[2m[0m] [2mIQPE [E] (h=4.0, rep=15) iteration=2 = 0.75[0m
[[2m[37m22:30:03[0m[2m[0m] [2mIQPE [E] (h=1.0, rep=15) iteration=2 = 0.75[0m
[[2m[37m22:30:03[0m[2m[0m] [2mIQPE [E] (h=0.5, rep=15) iteration=3 = 0.625[0m
[[2m[37m22:30:03[0m[2m[0m] [2mIQPE [E] (h=6.0, rep=15) iteration=2 = 0.75[0m
[[2m[37m22:30:03[0m[2m[0m] [2mIQPE [E] (h=2.0, rep=15) iteration=2 = 0.75[0m
[[2m[37m22:30:04[0m[2m[0m] [2mIQPE [E] (h=5.0, rep=15) iteration=3 = 0.375[0m
[[2m[37m22:30:04[0m[2m[0m] [2mIQPE [E] (h=3.0, rep=15) iteration=3 = 0.375[0m
[[2m[37m22:30:04[0m[2m[0m] [2mIQPE [E] (h=0.5, rep=15) iteration=4 = 0.8125[0m
[[2m[37m22:30:04[0m[2m[0m] [2mIQPE [E] (h=5.0, rep=15) iteration=4 = 0.1875[0m
[[2m[37m22:30:04[0m[2m[0m] [2mIQPE [E] (h=4.0, rep=15) iteration=3 = 0.375[0m
[[2m[37m22:30:04[0m[2m[0m] [2mIQPE [E] (h=1.0, rep=15) iteration=3 = 0.875[0m
[[2m[37m22:30:04[0m[2m[0m] [2mIQPE [E] (h=3.0, rep=15) iteration=4 = 0.6875[0m
[[2m[37m22:30:04[0m[2m[0m] [2mIQPE [E] (h=0.5, rep=15) iteration=5 = 0.90625[0m
[[2m[37m22:30:04[0m[2m[0m] [2mIQPE [E] (h=6.0, rep=15) iteration=3 = 0.375[0m
[[2m[37m22:30:04[0m[2m[0m] [2mIQPE [E] (h=2.0, rep=15) iteration=3 = 0.375[0m
[[2m[37m22:30:04[0m[2m[0m] [2mIQPE [E] (h=5.0, rep=15) iteration=5 = 0.09375[0m
[[2m[37m22:30:04[0m[2m[0m] [2mIQPE [E] (h=0.5, rep=15) iteration=6 = 0.453125[0m
[[2m[37m22:30:04[0m[2m[0m] [2mIQPE [E] (h=0.0, rep=15) iteration=2 = 0.75[0m
[[2m[37m22:30:04[0m[2m[0m] [2mIQPE [E] (h=3.0, rep=15) iteration=5 = 0.34375[0m
[[2m[37m22:30:04[0m[2m[0m] [2mIQPE [E] (h=4.0, rep=15) iteration=4 = 0.6875[0m
[[2m[37m22:30:04[0m[2m[0m] [2mIQPE [E] (h=5.0, rep=15) iteration=6 = 0.046875[0m
[[2m[37m22:30:04[0m[2m[0m] [2mIQPE [E] (h=0.5, rep=15) iteration=7 = 0.7265625[0m
[[2m[37m22:30:04[0m[2m[0m] [2mIQPE [E] (h=1.0, rep=15) iteration=4 = 0.4375[0m
[[2m[37m22:30:04[0m[2m[0m] [2mIQPE [E] (h=3.0, rep=15) iteration=6 = 0.171875[0m
[[2m[37m22:30:04[0m[2m[0m] [2mIQPE [E] (h=0.5, rep=15) iteration=8 = 0.86328125[0m
[[2m[37m22:30:04[0m[2m[0m] [2mIQPE [E] (h=0.5, rep=15) = -54.24156065963627[0m
[[2m[37m22:30:04[0m[2m[0m] [2mIQPE [E] (h=5.0, rep=15) iteration=7 = 0.0234375[0m
[[2m[37m22:30:05[0m[2m[0m] [2mIQPE [E] (h=6.0, rep=15) iteration=4 = 0.6875[0m
[[2m[37m22:30:05[0m[2m[0m] [2mIQPE [E] (h=3.0, rep=15) iteration=7 = 0.5859375[0m
[[2m[37m22:30:05[0m[2m[0m] [2mIQPE [E] (h=2.0, rep=15) iteration=4 = 0.6875[0m
[[2m[37m22:30:05[0m[2m[0m] [2mIQPE [E] (h=4.0, rep=15) iteration=5 = 0.34375[0m
[[2m[37m22:30:05[0m[2m[0m] [2mIQPE [E] (h=5.0, rep=15) iteration=8 = 0.01171875[0m
[[2m[37m22:30:05[0m[2m[0m] [2mIQPE [E] (h=5.0, rep=15) = -0.7363107781851077[0m
[[2m[37m22:30:05[0m[2m[0m] [2mIQPE [E] (h=1.0, rep=15) iteration=5 = 0.71875[0m
[[2m[37m22:30:05[0m[2m[0m] [2mIQPE [E] (h=3.0, rep=15) iteration=8 = 0.79296875[0m
[[2m[37m22:30:05[0m[2m[0m] [2mIQPE [E] (h=3.0, rep=15) = -49.82369599052562[0m
[[2m[37m22:30:05[0m[2m[0m] [2mIQPE [E] (h=4.0, rep=15) iteration=6 = 0.171875[0m
[[2m[37m22:30:05[0m[2m[0m] [2mIQPE [E] (h=1.0, rep=15) iteration=6 = 0.359375[0m
[[2m[37m22:30:05[0m[2m[0m] [2mIQPE [E] (h=6.0, rep=15) iteration=5 = 0.34375[0m
[[2m[37m22:30:05[0m[2m[0m] [2mIQPE [E] (h=2.0, rep=15) iteration=5 = 0.34375[0m
[[2m[37m22:30:05[0m[2m[0m] [2mIQPE [E] (h=0.0, rep=15) iteration=3 = 0.875[0m
[[2m[37m22:30:05[0m[2m[0m] [2mIQPE [E] (h=4.0, rep=15) iteration=7 = 0.5859375[0m
[[2m[37m22:30:05[0m[2m[0m] [2mIQPE [E] (h=1.0, rep=15) iteration=7 = 0.6796875[0m
[[2m[37m22:30:05[0m[2m[0m] [2mIQPE [E] (h=6.0, rep=15) iteration=6 = 0.671875[0m
[[2m[37m22:30:05[0m[2m[0m] [2mIQPE [E] (h=2.0, rep=15) iteration=6 = 0.171875[0m
[[2m[37m22:30:05[0m[2m[0m] [2mIQPE [E] (h=4.0, rep=15) iteration=8 = 0.79296875[0m
[[2m[37m22:30:05[0m[2m[0m] [2mIQPE [E] (h=4.0, rep=15) = -49.82369599052562[0m
[[2m[37m22:30:05[0m[2m[0m] [2mIQPE [E] (h=1.0, rep=15) iteration=8 = 0.83984375[0m
[[2m[37m22:30:05[0m[2m[0m] [2mIQPE [E] (h=1.0, rep=15) = -52.76893910326605[0m
[[2m[37m22:30:05[0m[2m[0m] [2mIQPE [E] (h=2.0, rep=15) iteration=7 = 0.5859375[0m
[[2m[37m22:30:05[0m[2m[0m] [2mIQPE [E] (h=6.0, rep=15) iteration=7 = 0.3359375[0m
[[2m[37m22:30:05[0m[2m[0m] [2mIQPE [E] (h=0.0, rep=15) iteration=4 = 0.9375[0m
[[2m[37m22:30:05[0m[2m[0m] [2mIQPE [E] (h=2.0, rep=15) iteration=8 = 0.79296875[0m
[[2m[37m22:30:05[0m[2m[0m] [2mIQPE [E] (h=2.0, rep=15) = -49.82369599052562[0m
[[2m[37m22:30:05[0m[2m[0m] [2mIQPE [E] (h=6.0, rep=15) iteration=8 = 0.66796875[0m
[[2m[37m22:30:05[0m[2m[0m] [2mIQPE [E] (h=6.0, rep=15) = -41.96971435655114[0m
[[2m[37m22:30:05[0m[2m[0m] [2mIQPE [E] (h=0.0, rep=15) iteration=5 = 0.96875[0m
[[2m[37m22:30:06[0m[2m[0m] [2mIQPE [E] (h=0.0, rep=15) iteration=6 = 0.484375[0m
[[2m[37m22:30:06[0m[2m[0m] [2mIQPE [E] (h=0.0, rep=15) iteration=7 = 0.7421875[0m
[[2m[37m22:30:06[0m[2m[0m] [2mIQPE [E] (h=0.0, rep=15) iteration=8 = 0.87109375[0m
[[2m[37m22:30:06[0m[2m[0m] [2mIQPE [E] (h=0.0, rep=15) = -54.73243451175968[0m
[[2m[37m22:30:17[0m[2m[0m] [2mIQPE [E] (h=5.0, rep=16) iteration=1 = 0.5[0m
[[2m[37m22:30:17[0m[2m[0m] [2mIQPE [E] (h=0.5, rep=16) iteration=1 = 0.5[0m
[[2m[37m22:30:17[0m[2m[0m] [2mIQPE [E] (h=3.0, rep=16) iteration=1 = 0.5[0m
[[2m[37m22:30:18[0m[2m[0m] [2mIQPE [E] (h=1.0, rep=16) iteration=1 = 0.5[0m
[[2m[37m22:30:18[0m[2m[0m] [2mIQPE [E] (h=4.0, rep=16) iteration=1 = 0.5[0m
[[2m[37m22:30:18[0m[2m[0m] [2mIQPE [E] (h=6.0, rep=16) iteration=1 = 0.0[0m
[[2m[37m22:30:18[0m[2m[0m] [2mIQPE [E] (h=0.0, rep=16) iteration=1 = 0.5[0m
[[2m[37m22:30:18[0m[2m[0m] [2mIQPE [E] (h=2.0, rep=16) iteration=1 = 0.5[0m
[[2m[37m22:30:18[0m[2m[0m] [2mIQPE [E] (h=5.0, rep=16) iteration=2 = 0.75[0m
[[2m[37m22:30:18[0m[2m[0m] [2mIQPE [E] (h=0.5, rep=16) iteration=2 = 0.25[0m
[[2m[37m22:30:18[0m[2m[0m] [2mIQPE [E] (h=3.0, rep=16) iteration=2 = 0.75[0m
[[2m[37m22:30:19[0m[2m[0m] [2mIQPE [E] (h=0.5, rep=16) iteration=3 = 0.625[0m
[[2m[37m22:30:19[0m[2m[0m] [2mIQPE [E] (h=5.0, rep=16) iteration=3 = 0.375[0m
[[2m[37m22:30:19[0m[2m[0m] [2mIQPE [E] (h=1.0, rep=16) iteration=2 = 0.75[0m
[[2m[37m22:30:19[0m[2m[0m] [2mIQPE [E] (h=4.0, rep=16) iteration=2 = 0.75[0m
[[2m[37m22:30:19[0m[2m[0m] [2mIQPE [E] (h=3.0, rep=16) iteration=3 = 0.375[0m
[[2m[37m22:30:19[0m[2m[0m] [2mIQPE [E] (h=6.0, rep=16) iteration=2 = 0.5[0m
[[2m[37m22:30:19[0m[2m[0m] [2mIQPE [E] (h=0.0, rep=16) iteration=2 = 0.75[0m
[[2m[37m22:30:19[0m[2m[0m] [2mIQPE [E] (h=2.0, rep=16) iteration=2 = 0.75[0m
[[2m[37m22:30:19[0m[2m[0m] [2mIQPE [E] (h=0.5, rep=16) iteration=4 = 0.8125[0m
[[2m[37m22:30:19[0m[2m[0m] [2mIQPE [E] (h=5.0, rep=16) iteration=4 = 0.6875[0m
[[2m[37m22:30:19[0m[2m[0m] [2mIQPE [E] (h=3.0, rep=16) iteration=4 = 0.6875[0m
[[2m[37m22:30:19[0m[2m[0m] [2mIQPE [E] (h=0.5, rep=16) iteration=5 = 0.90625[0m
[[2m[37m22:30:19[0m[2m[0m] [2mIQPE [E] (h=5.0, rep=16) iteration=5 = 0.84375[0m
[[2m[37m22:30:20[0m[2m[0m] [2mIQPE [E] (h=1.0, rep=16) iteration=3 = 0.875[0m
[[2m[37m22:30:20[0m[2m[0m] [2mIQPE [E] (h=0.5, rep=16) iteration=6 = 0.453125[0m
[[2m[37m22:30:20[0m[2m[0m] [2mIQPE [E] (h=5.0, rep=16) iteration=6 = 0.921875[0m
[[2m[37m22:30:20[0m[2m[0m] [2mIQPE [E] (h=3.0, rep=16) iteration=5 = 0.34375[0m
[[2m[37m22:30:20[0m[2m[0m] [2mIQPE [E] (h=0.0, rep=16) iteration=3 = 0.875[0m
[[2m[37m22:30:20[0m[2m[0m] [2mIQPE [E] (h=4.0, rep=16) iteration=3 = 0.375[0m
[[2m[37m22:30:20[0m[2m[0m] [2mIQPE [E] (h=0.5, rep=16) iteration=7 = 0.7265625[0m
[[2m[37m22:30:20[0m[2m[0m] [2mIQPE [E] (h=6.0, rep=16) iteration=3 = 0.25[0m
[[2m[37m22:30:20[0m[2m[0m] [2mIQPE [E] (h=5.0, rep=16) iteration=7 = 0.4609375[0m
[[2m[37m22:30:20[0m[2m[0m] [2mIQPE [E] (h=3.0, rep=16) iteration=6 = 0.171875[0m
[[2m[37m22:30:20[0m[2m[0m] [2mIQPE [E] (h=0.5, rep=16) iteration=8 = 0.86328125[0m
[[2m[37m22:30:20[0m[2m[0m] [2mIQPE [E] (h=0.5, rep=16) = -54.24156065963627[0m
[[2m[37m22:30:20[0m[2m[0m] [2mIQPE [E] (h=2.0, rep=16) iteration=3 = 0.375[0m
[[2m[37m22:30:20[0m[2m[0m] [2mIQPE [E] (h=5.0, rep=16) iteration=8 = 0.73046875[0m
[[2m[37m22:30:20[0m[2m[0m] [2mIQPE [E] (h=5.0, rep=16) = -45.896705173538386[0m
[[2m[37m22:30:20[0m[2m[0m] [2mIQPE [E] (h=1.0, rep=16) iteration=4 = 0.4375[0m
[[2m[37m22:30:20[0m[2m[0m] [2mIQPE [E] (h=3.0, rep=16) iteration=7 = 0.5859375[0m
[[2m[37m22:30:20[0m[2m[0m] [2mIQPE [E] (h=0.0, rep=16) iteration=4 = 0.9375[0m
[[2m[37m22:30:20[0m[2m[0m] [2mIQPE [E] (h=3.0, rep=16) iteration=8 = 0.79296875[0m
[[2m[37m22:30:20[0m[2m[0m] [2mIQPE [E] (h=3.0, rep=16) = -49.82369599052562[0m
[[2m[37m22:30:20[0m[2m[0m] [2mIQPE [E] (h=4.0, rep=16) iteration=4 = 0.6875[0m
[[2m[37m22:30:20[0m[2m[0m] [2mIQPE [E] (h=6.0, rep=16) iteration=4 = 0.625[0m
[[2m[37m22:30:20[0m[2m[0m] [2mIQPE [E] (h=0.0, rep=16) iteration=5 = 0.96875[0m
[[2m[37m22:30:20[0m[2m[0m] [2mIQPE [E] (h=1.0, rep=16) iteration=5 = 0.71875[0m
[[2m[37m22:30:20[0m[2m[0m] [2mIQPE [E] (h=2.0, rep=16) iteration=4 = 0.6875[0m
[[2m[37m22:30:20[0m[2m[0m] [2mIQPE [E] (h=0.0, rep=16) iteration=6 = 0.484375[0m
[[2m[37m22:30:20[0m[2m[0m] [2mIQPE [E] (h=4.0, rep=16) iteration=5 = 0.34375[0m
[[2m[37m22:30:20[0m[2m[0m] [2mIQPE [E] (h=1.0, rep=16) iteration=6 = 0.359375[0m
[[2m[37m22:30:20[0m[2m[0m] [2mIQPE [E] (h=6.0, rep=16) iteration=5 = 0.8125[0m
[[2m[37m22:30:20[0m[2m[0m] [2mIQPE [E] (h=0.0, rep=16) iteration=7 = 0.7421875[0m
[[2m[37m22:30:21[0m[2m[0m] [2mIQPE [E] (h=4.0, rep=16) iteration=6 = 0.671875[0m
[[2m[37m22:30:21[0m[2m[0m] [2mIQPE [E] (h=1.0, rep=16) iteration=7 = 0.6796875[0m
[[2m[37m22:30:21[0m[2m[0m] [2mIQPE [E] (h=2.0, rep=16) iteration=5 = 0.34375[0m
[[2m[37m22:30:21[0m[2m[0m] [2mIQPE [E] (h=0.0, rep=16) iteration=8 = 0.87109375[0m
[[2m[37m22:30:21[0m[2m[0m] [2mIQPE [E] (h=0.0, rep=16) = -54.73243451175968[0m
[[2m[37m22:30:21[0m[2m[0m] [2mIQPE [E] (h=6.0, rep=16) iteration=6 = 0.40625[0m
[[2m[37m22:30:21[0m[2m[0m] [2mIQPE [E] (h=1.0, rep=16) iteration=8 = 0.83984375[0m
[[2m[37m22:30:21[0m[2m[0m] [2mIQPE [E] (h=1.0, rep=16) = -52.76893910326605[0m
[[2m[37m22:30:21[0m[2m[0m] [2mIQPE [E] (h=4.0, rep=16) iteration=7 = 0.3359375[0m
[[2m[37m22:30:21[0m[2m[0m] [2mIQPE [E] (h=2.0, rep=16) iteration=6 = 0.171875[0m
[[2m[37m22:30:21[0m[2m[0m] [2mIQPE [E] (h=6.0, rep=16) iteration=7 = 0.203125[0m
[[2m[37m22:30:21[0m[2m[0m] [2mIQPE [E] (h=4.0, rep=16) iteration=8 = 0.66796875[0m
[[2m[37m22:30:21[0m[2m[0m] [2mIQPE [E] (h=4.0, rep=16) = -41.96971435655114[0m
[[2m[37m22:30:21[0m[2m[0m] [2mIQPE [E] (h=2.0, rep=16) iteration=7 = 0.5859375[0m
[[2m[37m22:30:21[0m[2m[0m] [2mIQPE [E] (h=6.0, rep=16) iteration=8 = 0.1015625[0m
[[2m[37m22:30:21[0m[2m[0m] [2mIQPE [E] (h=6.0, rep=16) = -6.381360077604268[0m
[[2m[37m22:30:21[0m[2m[0m] [2mIQPE [E] (h=2.0, rep=16) iteration=8 = 0.79296875[0m
[[2m[37m22:30:21[0m[2m[0m] [2mIQPE [E] (h=2.0, rep=16) = -49.82369599052562[0m
[[2m[37m22:30:32[0m[2m[0m] [2mIQPE [E] (h=5.0, rep=17) iteration=1 = 0.5[0m
[[2m[37m22:30:32[0m[2m[0m] [2mIQPE [E] (h=0.5, rep=17) iteration=1 = 0.5[0m
[[2m[37m22:30:32[0m[2m[0m] [2mIQPE [E] (h=3.0, rep=17) iteration=1 = 0.5[0m
[[2m[37m22:30:33[0m[2m[0m] [2mIQPE [E] (h=0.0, rep=17) iteration=1 = 0.5[0m
[[2m[37m22:30:33[0m[2m[0m] [2mIQPE [E] (h=1.0, rep=17) iteration=1 = 0.5[0m
[[2m[37m22:30:33[0m[2m[0m] [2mIQPE [E] (h=4.0, rep=17) iteration=1 = 0.5[0m
[[2m[37m22:30:33[0m[2m[0m] [2mIQPE [E] (h=6.0, rep=17) iteration=1 = 0.5[0m
[[2m[37m22:30:34[0m[2m[0m] [2mIQPE [E] (h=5.0, rep=17) iteration=2 = 0.75[0m
[[2m[37m22:30:34[0m[2m[0m] [2mIQPE [E] (h=2.0, rep=17) iteration=1 = 0.5[0m
[[2m[37m22:30:34[0m[2m[0m] [2mIQPE [E] (h=0.5, rep=17) iteration=2 = 0.25[0m
[[2m[37m22:30:34[0m[2m[0m] [2mIQPE [E] (h=3.0, rep=17) iteration=2 = 0.75[0m
[[2m[37m22:30:34[0m[2m[0m] [2mIQPE [E] (h=5.0, rep=17) iteration=3 = 0.375[0m
[[2m[37m22:30:34[0m[2m[0m] [2mIQPE [E] (h=0.5, rep=17) iteration=3 = 0.625[0m
[[2m[37m22:30:34[0m[2m[0m] [2mIQPE [E] (h=3.0, rep=17) iteration=3 = 0.375[0m
[[2m[37m22:30:34[0m[2m[0m] [2mIQPE [E] (h=0.0, rep=17) iteration=2 = 0.75[0m
[[2m[37m22:30:34[0m[2m[0m] [2mIQPE [E] (h=1.0, rep=17) iteration=2 = 0.75[0m
[[2m[37m22:30:35[0m[2m[0m] [2mIQPE [E] (h=5.0, rep=17) iteration=4 = 0.1875[0m
[[2m[37m22:30:35[0m[2m[0m] [2mIQPE [E] (h=3.0, rep=17) iteration=4 = 0.6875[0m
[[2m[37m22:30:35[0m[2m[0m] [2mIQPE [E] (h=0.5, rep=17) iteration=4 = 0.8125[0m
[[2m[37m22:30:35[0m[2m[0m] [2mIQPE [E] (h=4.0, rep=17) iteration=2 = 0.75[0m
[[2m[37m22:30:35[0m[2m[0m] [2mIQPE [E] (h=6.0, rep=17) iteration=2 = 0.75[0m
[[2m[37m22:30:35[0m[2m[0m] [2mIQPE [E] (h=5.0, rep=17) iteration=5 = 0.09375[0m
[[2m[37m22:30:35[0m[2m[0m] [2mIQPE [E] (h=3.0, rep=17) iteration=5 = 0.34375[0m
[[2m[37m22:30:35[0m[2m[0m] [2mIQPE [E] (h=0.5, rep=17) iteration=5 = 0.90625[0m
[[2m[37m22:30:35[0m[2m[0m] [2mIQPE [E] (h=2.0, rep=17) iteration=2 = 0.75[0m
[[2m[37m22:30:35[0m[2m[0m] [2mIQPE [E] (h=3.0, rep=17) iteration=6 = 0.171875[0m
[[2m[37m22:30:35[0m[2m[0m] [2mIQPE [E] (h=5.0, rep=17) iteration=6 = 0.046875[0m
[[2m[37m22:30:35[0m[2m[0m] [2mIQPE [E] (h=0.0, rep=17) iteration=3 = 0.875[0m
[[2m[37m22:30:35[0m[2m[0m] [2mIQPE [E] (h=0.5, rep=17) iteration=6 = 0.453125[0m
[[2m[37m22:30:35[0m[2m[0m] [2mIQPE [E] (h=3.0, rep=17) iteration=7 = 0.5859375[0m
[[2m[37m22:30:35[0m[2m[0m] [2mIQPE [E] (h=1.0, rep=17) iteration=3 = 0.875[0m
[[2m[37m22:30:35[0m[2m[0m] [2mIQPE [E] (h=5.0, rep=17) iteration=7 = 0.5234375[0m
[[2m[37m22:30:35[0m[2m[0m] [2mIQPE [E] (h=0.5, rep=17) iteration=7 = 0.7265625[0m
[[2m[37m22:30:35[0m[2m[0m] [2mIQPE [E] (h=3.0, rep=17) iteration=8 = 0.79296875[0m
[[2m[37m22:30:35[0m[2m[0m] [2mIQPE [E] (h=3.0, rep=17) = -49.82369599052562[0m
[[2m[37m22:30:35[0m[2m[0m] [2mIQPE [E] (h=5.0, rep=17) iteration=8 = 0.76171875[0m
[[2m[37m22:30:35[0m[2m[0m] [2mIQPE [E] (h=5.0, rep=17) = -47.860200582032[0m
[[2m[37m22:30:35[0m[2m[0m] [2mIQPE [E] (h=0.5, rep=17) iteration=8 = 0.86328125[0m
[[2m[37m22:30:35[0m[2m[0m] [2mIQPE [E] (h=0.5, rep=17) = -54.24156065963627[0m
[[2m[37m22:30:35[0m[2m[0m] [2mIQPE [E] (h=0.0, rep=17) iteration=4 = 0.9375[0m
[[2m[37m22:30:35[0m[2m[0m] [2mIQPE [E] (h=4.0, rep=17) iteration=3 = 0.375[0m
[[2m[37m22:30:36[0m[2m[0m] [2mIQPE [E] (h=6.0, rep=17) iteration=3 = 0.375[0m
[[2m[37m22:30:36[0m[2m[0m] [2mIQPE [E] (h=1.0, rep=17) iteration=4 = 0.4375[0m
[[2m[37m22:30:36[0m[2m[0m] [2mIQPE [E] (h=0.0, rep=17) iteration=5 = 0.96875[0m
[[2m[37m22:30:36[0m[2m[0m] [2mIQPE [E] (h=0.0, rep=17) iteration=6 = 0.484375[0m
[[2m[37m22:30:36[0m[2m[0m] [2mIQPE [E] (h=2.0, rep=17) iteration=3 = 0.375[0m
[[2m[37m22:30:36[0m[2m[0m] [2mIQPE [E] (h=1.0, rep=17) iteration=5 = 0.71875[0m
[[2m[37m22:30:36[0m[2m[0m] [2mIQPE [E] (h=4.0, rep=17) iteration=4 = 0.6875[0m
[[2m[37m22:30:36[0m[2m[0m] [2mIQPE [E] (h=0.0, rep=17) iteration=7 = 0.7421875[0m
[[2m[37m22:30:36[0m[2m[0m] [2mIQPE [E] (h=0.0, rep=17) iteration=8 = 0.87109375[0m
[[2m[37m22:30:36[0m[2m[0m] [2mIQPE [E] (h=0.0, rep=17) = -54.73243451175968[0m
[[2m[37m22:30:36[0m[2m[0m] [2mIQPE [E] (h=6.0, rep=17) iteration=4 = 0.6875[0m
[[2m[37m22:30:36[0m[2m[0m] [2mIQPE [E] (h=1.0, rep=17) iteration=6 = 0.359375[0m
[[2m[37m22:30:36[0m[2m[0m] [2mIQPE [E] (h=4.0, rep=17) iteration=5 = 0.34375[0m
[[2m[37m22:30:36[0m[2m[0m] [2mIQPE [E] (h=1.0, rep=17) iteration=7 = 0.6796875[0m
[[2m[37m22:30:36[0m[2m[0m] [2mIQPE [E] (h=2.0, rep=17) iteration=4 = 0.6875[0m
[[2m[37m22:30:36[0m[2m[0m] [2mIQPE [E] (h=6.0, rep=17) iteration=5 = 0.34375[0m
[[2m[37m22:30:36[0m[2m[0m] [2mIQPE [E] (h=4.0, rep=17) iteration=6 = 0.671875[0m
[[2m[37m22:30:36[0m[2m[0m] [2mIQPE [E] (h=1.0, rep=17) iteration=8 = 0.83984375[0m
[[2m[37m22:30:36[0m[2m[0m] [2mIQPE [E] (h=1.0, rep=17) = -52.76893910326605[0m
[[2m[37m22:30:36[0m[2m[0m] [2mIQPE [E] (h=4.0, rep=17) iteration=7 = 0.3359375[0m
[[2m[37m22:30:36[0m[2m[0m] [2mIQPE [E] (h=6.0, rep=17) iteration=6 = 0.671875[0m
[[2m[37m22:30:36[0m[2m[0m] [2mIQPE [E] (h=2.0, rep=17) iteration=5 = 0.34375[0m
[[2m[37m22:30:36[0m[2m[0m] [2mIQPE [E] (h=4.0, rep=17) iteration=8 = 0.66796875[0m
[[2m[37m22:30:36[0m[2m[0m] [2mIQPE [E] (h=4.0, rep=17) = -41.96971435655114[0m
[[2m[37m22:30:37[0m[2m[0m] [2mIQPE [E] (h=6.0, rep=17) iteration=7 = 0.3359375[0m
[[2m[37m22:30:37[0m[2m[0m] [2mIQPE [E] (h=2.0, rep=17) iteration=6 = 0.171875[0m
[[2m[37m22:30:37[0m[2m[0m] [2mIQPE [E] (h=6.0, rep=17) iteration=8 = 0.66796875[0m
[[2m[37m22:30:37[0m[2m[0m] [2mIQPE [E] (h=6.0, rep=17) = -41.96971435655114[0m
[[2m[37m22:30:37[0m[2m[0m] [2mIQPE [E] (h=2.0, rep=17) iteration=7 = 0.5859375[0m
[[2m[37m22:30:37[0m[2m[0m] [2mIQPE [E] (h=2.0, rep=17) iteration=8 = 0.79296875[0m
[[2m[37m22:30:37[0m[2m[0m] [2mIQPE [E] (h=2.0, rep=17) = -49.82369599052562[0m
[[2m[37m22:30:48[0m[2m[0m] [2mIQPE [E] (h=0.0, rep=18) iteration=1 = 0.5[0m
[[2m[37m22:30:56[0m[2m[0m] [2mIQPE [E] (h=0.0, rep=18) iteration=2 = 0.75[0m
[[2m[37m22:30:56[0m[2m[0m] [2mIQPE [E] (h=0.0, rep=18) iteration=3 = 0.875[0m
[[2m[37m22:30:57[0m[2m[0m] [2mIQPE [E] (h=5.0, rep=18) iteration=1 = 0.5[0m
[[2m[37m22:30:57[0m[2m[0m] [2mIQPE [E] (h=0.5, rep=18) iteration=1 = 0.5[0m
[[2m[37m22:30:57[0m[2m[0m] [2mIQPE [E] (h=0.0, rep=18) iteration=4 = 0.9375[0m
[[2m[37m22:30:57[0m[2m[0m] [2mIQPE [E] (h=4.0, rep=18) iteration=1 = 0.5[0m
[[2m[37m22:30:57[0m[2m[0m] [2mIQPE [E] (h=3.0, rep=18) iteration=1 = 0.5[0m
[[2m[37m22:30:57[0m[2m[0m] [2mIQPE [E] (h=2.0, rep=18) iteration=1 = 0.5[0m
[[2m[37m22:30:57[0m[2m[0m] [2mIQPE [E] (h=1.0, rep=18) iteration=1 = 0.5[0m
[[2m[37m22:30:57[0m[2m[0m] [2mIQPE [E] (h=6.0, rep=18) iteration=1 = 0.5[0m
[[2m[37m22:30:57[0m[2m[0m] [2mIQPE [E] (h=0.0, rep=18) iteration=5 = 0.96875[0m
[[2m[37m22:30:57[0m[2m[0m] [2mIQPE [E] (h=0.0, rep=18) iteration=6 = 0.484375[0m
[[2m[37m22:30:57[0m[2m[0m] [2mIQPE [E] (h=0.0, rep=18) iteration=7 = 0.7421875[0m
[[2m[37m22:30:57[0m[2m[0m] [2mIQPE [E] (h=0.0, rep=18) iteration=8 = 0.87109375[0m
[[2m[37m22:30:57[0m[2m[0m] [2mIQPE [E] (h=0.0, rep=18) = -54.73243451175968[0m
[[2m[37m22:30:58[0m[2m[0m] [2mIQPE [E] (h=5.0, rep=18) iteration=2 = 0.75[0m
[[2m[37m22:30:58[0m[2m[0m] [2mIQPE [E] (h=0.5, rep=18) iteration=2 = 0.25[0m
[[2m[37m22:30:58[0m[2m[0m] [2mIQPE [E] (h=4.0, rep=18) iteration=2 = 0.75[0m
[[2m[37m22:30:58[0m[2m[0m] [2mIQPE [E] (h=3.0, rep=18) iteration=2 = 0.75[0m
[[2m[37m22:30:58[0m[2m[0m] [2mIQPE [E] (h=2.0, rep=18) iteration=2 = 0.75[0m
[[2m[37m22:30:58[0m[2m[0m] [2mIQPE [E] (h=1.0, rep=18) iteration=2 = 0.75[0m
[[2m[37m22:30:58[0m[2m[0m] [2mIQPE [E] (h=6.0, rep=18) iteration=2 = 0.75[0m
[[2m[37m22:30:59[0m[2m[0m] [2mIQPE [E] (h=5.0, rep=18) iteration=3 = 0.375[0m
[[2m[37m22:30:59[0m[2m[0m] [2mIQPE [E] (h=0.5, rep=18) iteration=3 = 0.625[0m
[[2m[37m22:30:59[0m[2m[0m] [2mIQPE [E] (h=4.0, rep=18) iteration=3 = 0.375[0m
[[2m[37m22:30:59[0m[2m[0m] [2mIQPE [E] (h=3.0, rep=18) iteration=3 = 0.375[0m
[[2m[37m22:30:59[0m[2m[0m] [2mIQPE [E] (h=2.0, rep=18) iteration=3 = 0.375[0m
[[2m[37m22:30:59[0m[2m[0m] [2mIQPE [E] (h=1.0, rep=18) iteration=3 = 0.875[0m
[[2m[37m22:30:59[0m[2m[0m] [2mIQPE [E] (h=6.0, rep=18) iteration=3 = 0.375[0m
[[2m[37m22:30:59[0m[2m[0m] [2mIQPE [E] (h=0.5, rep=18) iteration=4 = 0.8125[0m
[[2m[37m22:30:59[0m[2m[0m] [2mIQPE [E] (h=5.0, rep=18) iteration=4 = 0.1875[0m
[[2m[37m22:30:59[0m[2m[0m] [2mIQPE [E] (h=4.0, rep=18) iteration=4 = 0.6875[0m
[[2m[37m22:30:59[0m[2m[0m] [2mIQPE [E] (h=3.0, rep=18) iteration=4 = 0.1875[0m
[[2m[37m22:30:59[0m[2m[0m] [2mIQPE [E] (h=1.0, rep=18) iteration=4 = 0.4375[0m
[[2m[37m22:30:59[0m[2m[0m] [2mIQPE [E] (h=2.0, rep=18) iteration=4 = 0.6875[0m
[[2m[37m22:30:59[0m[2m[0m] [2mIQPE [E] (h=0.5, rep=18) iteration=5 = 0.90625[0m
[[2m[37m22:30:59[0m[2m[0m] [2mIQPE [E] (h=6.0, rep=18) iteration=4 = 0.6875[0m
[[2m[37m22:30:59[0m[2m[0m] [2mIQPE [E] (h=5.0, rep=18) iteration=5 = 0.09375[0m
[[2m[37m22:30:59[0m[2m[0m] [2mIQPE [E] (h=4.0, rep=18) iteration=5 = 0.34375[0m
[[2m[37m22:30:59[0m[2m[0m] [2mIQPE [E] (h=3.0, rep=18) iteration=5 = 0.59375[0m
[[2m[37m22:30:59[0m[2m[0m] [2mIQPE [E] (h=1.0, rep=18) iteration=5 = 0.71875[0m
[[2m[37m22:30:59[0m[2m[0m] [2mIQPE [E] (h=2.0, rep=18) iteration=5 = 0.34375[0m
[[2m[37m22:30:59[0m[2m[0m] [2mIQPE [E] (h=0.5, rep=18) iteration=6 = 0.453125[0m
[[2m[37m22:30:59[0m[2m[0m] [2mIQPE [E] (h=5.0, rep=18) iteration=6 = 0.046875[0m
[[2m[37m22:30:59[0m[2m[0m] [2mIQPE [E] (h=4.0, rep=18) iteration=6 = 0.671875[0m
[[2m[37m22:30:59[0m[2m[0m] [2mIQPE [E] (h=6.0, rep=18) iteration=5 = 0.84375[0m
[[2m[37m22:30:59[0m[2m[0m] [2mIQPE [E] (h=0.5, rep=18) iteration=7 = 0.7265625[0m
[[2m[37m22:30:59[0m[2m[0m] [2mIQPE [E] (h=3.0, rep=18) iteration=6 = 0.796875[0m
[[2m[37m22:30:59[0m[2m[0m] [2mIQPE [E] (h=1.0, rep=18) iteration=6 = 0.359375[0m
[[2m[37m22:31:00[0m[2m[0m] [2mIQPE [E] (h=5.0, rep=18) iteration=7 = 0.5234375[0m
[[2m[37m22:31:00[0m[2m[0m] [2mIQPE [E] (h=2.0, rep=18) iteration=6 = 0.171875[0m
[[2m[37m22:31:00[0m[2m[0m] [2mIQPE [E] (h=4.0, rep=18) iteration=7 = 0.8359375[0m
[[2m[37m22:31:00[0m[2m[0m] [2mIQPE [E] (h=0.5, rep=18) iteration=8 = 0.86328125[0m
[[2m[37m22:31:00[0m[2m[0m] [2mIQPE [E] (h=0.5, rep=18) = -54.24156065963627[0m
[[2m[37m22:31:00[0m[2m[0m] [2mIQPE [E] (h=5.0, rep=18) iteration=8 = 0.76171875[0m
[[2m[37m22:31:00[0m[2m[0m] [2mIQPE [E] (h=5.0, rep=18) = -47.860200582032[0m
[[2m[37m22:31:00[0m[2m[0m] [2mIQPE [E] (h=6.0, rep=18) iteration=6 = 0.421875[0m
[[2m[37m22:31:00[0m[2m[0m] [2mIQPE [E] (h=3.0, rep=18) iteration=7 = 0.3984375[0m
[[2m[37m22:31:00[0m[2m[0m] [2mIQPE [E] (h=1.0, rep=18) iteration=7 = 0.6796875[0m
[[2m[37m22:31:00[0m[2m[0m] [2mIQPE [E] (h=2.0, rep=18) iteration=7 = 0.5859375[0m
[[2m[37m22:31:00[0m[2m[0m] [2mIQPE [E] (h=4.0, rep=18) iteration=8 = 0.91796875[0m
[[2m[37m22:31:00[0m[2m[0m] [2mIQPE [E] (h=4.0, rep=18) = -57.677677624500106[0m
[[2m[37m22:31:00[0m[2m[0m] [2mIQPE [E] (h=3.0, rep=18) iteration=8 = 0.69921875[0m
[[2m[37m22:31:00[0m[2m[0m] [2mIQPE [E] (h=3.0, rep=18) = -43.933209765044765[0m
[[2m[37m22:31:00[0m[2m[0m] [2mIQPE [E] (h=1.0, rep=18) iteration=8 = 0.83984375[0m
[[2m[37m22:31:00[0m[2m[0m] [2mIQPE [E] (h=1.0, rep=18) = -52.76893910326605[0m
[[2m[37m22:31:00[0m[2m[0m] [2mIQPE [E] (h=2.0, rep=18) iteration=8 = 0.79296875[0m
[[2m[37m22:31:00[0m[2m[0m] [2mIQPE [E] (h=2.0, rep=18) = -49.82369599052562[0m
[[2m[37m22:31:00[0m[2m[0m] [2mIQPE [E] (h=6.0, rep=18) iteration=7 = 0.7109375[0m
[[2m[37m22:31:00[0m[2m[0m] [2mIQPE [E] (h=6.0, rep=18) iteration=8 = 0.85546875[0m
[[2m[37m22:31:00[0m[2m[0m] [2mIQPE [E] (h=6.0, rep=18) = -53.75068680751287[0m
[[2m[37m22:31:10[0m[2m[0m] [2mIQPE [E] (h=0.0, rep=19) iteration=1 = 0.5[0m
[[2m[37m22:31:11[0m[2m[0m] [2mIQPE [E] (h=0.0, rep=19) iteration=2 = 0.75[0m
[[2m[37m22:31:12[0m[2m[0m] [2mIQPE [E] (h=0.0, rep=19) iteration=3 = 0.875[0m
[[2m[37m22:31:12[0m[2m[0m] [2mIQPE [E] (h=0.5, rep=19) iteration=1 = 0.5[0m
[[2m[37m22:31:12[0m[2m[0m] [2mIQPE [E] (h=0.0, rep=19) iteration=4 = 0.9375[0m
[[2m[37m22:31:12[0m[2m[0m] [2mIQPE [E] (h=3.0, rep=19) iteration=1 = 0.5[0m
[[2m[37m22:31:12[0m[2m[0m] [2mIQPE [E] (h=4.0, rep=19) iteration=1 = 0.5[0m
[[2m[37m22:31:12[0m[2m[0m] [2mIQPE [E] (h=0.0, rep=19) iteration=5 = 0.96875[0m
[[2m[37m22:31:12[0m[2m[0m] [2mIQPE [E] (h=5.0, rep=19) iteration=1 = 0.5[0m
[[2m[37m22:31:13[0m[2m[0m] [2mIQPE [E] (h=0.0, rep=19) iteration=6 = 0.484375[0m
[[2m[37m22:31:13[0m[2m[0m] [2mIQPE [E] (h=0.0, rep=19) iteration=7 = 0.7421875[0m
[[2m[37m22:31:13[0m[2m[0m] [2mIQPE [E] (h=6.0, rep=19) iteration=1 = 0.5[0m
[[2m[37m22:31:13[0m[2m[0m] [2mIQPE [E] (h=1.0, rep=19) iteration=1 = 0.5[0m
[[2m[37m22:31:13[0m[2m[0m] [2mIQPE [E] (h=0.0, rep=19) iteration=8 = 0.87109375[0m
[[2m[37m22:31:13[0m[2m[0m] [2mIQPE [E] (h=0.0, rep=19) = -54.73243451175968[0m
[[2m[37m22:31:13[0m[2m[0m] [2mIQPE [E] (h=2.0, rep=19) iteration=1 = 0.5[0m
[[2m[37m22:31:13[0m[2m[0m] [2mIQPE [E] (h=0.5, rep=19) iteration=2 = 0.25[0m
[[2m[37m22:31:14[0m[2m[0m] [2mIQPE [E] (h=3.0, rep=19) iteration=2 = 0.75[0m
[[2m[37m22:31:14[0m[2m[0m] [2mIQPE [E] (h=4.0, rep=19) iteration=2 = 0.75[0m
[[2m[37m22:31:14[0m[2m[0m] [2mIQPE [E] (h=5.0, rep=19) iteration=2 = 0.75[0m
[[2m[37m22:31:14[0m[2m[0m] [2mIQPE [E] (h=0.5, rep=19) iteration=3 = 0.625[0m
[[2m[37m22:31:14[0m[2m[0m] [2mIQPE [E] (h=6.0, rep=19) iteration=2 = 0.75[0m
[[2m[37m22:31:14[0m[2m[0m] [2mIQPE [E] (h=1.0, rep=19) iteration=2 = 0.75[0m
[[2m[37m22:31:14[0m[2m[0m] [2mIQPE [E] (h=2.0, rep=19) iteration=2 = 0.75[0m
[[2m[37m22:31:14[0m[2m[0m] [2mIQPE [E] (h=4.0, rep=19) iteration=3 = 0.375[0m
[[2m[37m22:31:14[0m[2m[0m] [2mIQPE [E] (h=3.0, rep=19) iteration=3 = 0.375[0m
[[2m[37m22:31:14[0m[2m[0m] [2mIQPE [E] (h=0.5, rep=19) iteration=4 = 0.8125[0m
[[2m[37m22:31:14[0m[2m[0m] [2mIQPE [E] (h=5.0, rep=19) iteration=3 = 0.375[0m
[[2m[37m22:31:15[0m[2m[0m] [2mIQPE [E] (h=0.5, rep=19) iteration=5 = 0.90625[0m
[[2m[37m22:31:15[0m[2m[0m] [2mIQPE [E] (h=4.0, rep=19) iteration=4 = 0.6875[0m
[[2m[37m22:31:15[0m[2m[0m] [2mIQPE [E] (h=3.0, rep=19) iteration=4 = 0.6875[0m
[[2m[37m22:31:15[0m[2m[0m] [2mIQPE [E] (h=6.0, rep=19) iteration=3 = 0.375[0m
[[2m[37m22:31:15[0m[2m[0m] [2mIQPE [E] (h=1.0, rep=19) iteration=3 = 0.875[0m
[[2m[37m22:31:15[0m[2m[0m] [2mIQPE [E] (h=0.5, rep=19) iteration=6 = 0.453125[0m
[[2m[37m22:31:15[0m[2m[0m] [2mIQPE [E] (h=2.0, rep=19) iteration=3 = 0.375[0m
[[2m[37m22:31:15[0m[2m[0m] [2mIQPE [E] (h=5.0, rep=19) iteration=4 = 0.1875[0m
[[2m[37m22:31:15[0m[2m[0m] [2mIQPE [E] (h=0.5, rep=19) iteration=7 = 0.7265625[0m
[[2m[37m22:31:15[0m[2m[0m] [2mIQPE [E] (h=4.0, rep=19) iteration=5 = 0.34375[0m
[[2m[37m22:31:15[0m[2m[0m] [2mIQPE [E] (h=3.0, rep=19) iteration=5 = 0.34375[0m
[[2m[37m22:31:15[0m[2m[0m] [2mIQPE [E] (h=0.5, rep=19) iteration=8 = 0.86328125[0m
[[2m[37m22:31:15[0m[2m[0m] [2mIQPE [E] (h=0.5, rep=19) = -54.24156065963627[0m
[[2m[37m22:31:15[0m[2m[0m] [2mIQPE [E] (h=4.0, rep=19) iteration=6 = 0.171875[0m
[[2m[37m22:31:15[0m[2m[0m] [2mIQPE [E] (h=5.0, rep=19) iteration=5 = 0.09375[0m
[[2m[37m22:31:15[0m[2m[0m] [2mIQPE [E] (h=3.0, rep=19) iteration=6 = 0.671875[0m
[[2m[37m22:31:15[0m[2m[0m] [2mIQPE [E] (h=6.0, rep=19) iteration=4 = 0.6875[0m
[[2m[37m22:31:15[0m[2m[0m] [2mIQPE [E] (h=1.0, rep=19) iteration=4 = 0.4375[0m
[[2m[37m22:31:15[0m[2m[0m] [2mIQPE [E] (h=2.0, rep=19) iteration=4 = 0.6875[0m
[[2m[37m22:31:15[0m[2m[0m] [2mIQPE [E] (h=4.0, rep=19) iteration=7 = 0.5859375[0m
[[2m[37m22:31:15[0m[2m[0m] [2mIQPE [E] (h=3.0, rep=19) iteration=7 = 0.8359375[0m
[[2m[37m22:31:15[0m[2m[0m] [2mIQPE [E] (h=5.0, rep=19) iteration=6 = 0.546875[0m
[[2m[37m22:31:15[0m[2m[0m] [2mIQPE [E] (h=4.0, rep=19) iteration=8 = 0.79296875[0m
[[2m[37m22:31:15[0m[2m[0m] [2mIQPE [E] (h=4.0, rep=19) = -49.82369599052562[0m
[[2m[37m22:31:15[0m[2m[0m] [2mIQPE [E] (h=3.0, rep=19) iteration=8 = 0.91796875[0m
[[2m[37m22:31:15[0m[2m[0m] [2mIQPE [E] (h=3.0, rep=19) = -57.677677624500106[0m
[[2m[37m22:31:15[0m[2m[0m] [2mIQPE [E] (h=1.0, rep=19) iteration=5 = 0.71875[0m
[[2m[37m22:31:15[0m[2m[0m] [2mIQPE [E] (h=6.0, rep=19) iteration=5 = 0.34375[0m
[[2m[37m22:31:15[0m[2m[0m] [2mIQPE [E] (h=5.0, rep=19) iteration=7 = 0.2734375[0m
[[2m[37m22:31:15[0m[2m[0m] [2mIQPE [E] (h=2.0, rep=19) iteration=5 = 0.34375[0m
[[2m[37m22:31:16[0m[2m[0m] [2mIQPE [E] (h=5.0, rep=19) iteration=8 = 0.63671875[0m
[[2m[37m22:31:16[0m[2m[0m] [2mIQPE [E] (h=5.0, rep=19) = -40.006218948057516[0m
[[2m[37m22:31:16[0m[2m[0m] [2mIQPE [E] (h=1.0, rep=19) iteration=6 = 0.359375[0m
[[2m[37m22:31:16[0m[2m[0m] [2mIQPE [E] (h=6.0, rep=19) iteration=6 = 0.671875[0m
[[2m[37m22:31:16[0m[2m[0m] [2mIQPE [E] (h=2.0, rep=19) iteration=6 = 0.171875[0m
[[2m[37m22:31:16[0m[2m[0m] [2mIQPE [E] (h=1.0, rep=19) iteration=7 = 0.6796875[0m
[[2m[37m22:31:16[0m[2m[0m] [2mIQPE [E] (h=6.0, rep=19) iteration=7 = 0.3359375[0m
[[2m[37m22:31:16[0m[2m[0m] [2mIQPE [E] (h=2.0, rep=19) iteration=7 = 0.5859375[0m
[[2m[37m22:31:16[0m[2m[0m] [2mIQPE [E] (h=1.0, rep=19) iteration=8 = 0.83984375[0m
[[2m[37m22:31:16[0m[2m[0m] [2mIQPE [E] (h=1.0, rep=19) = -52.76893910326605[0m
[[2m[37m22:31:16[0m[2m[0m] [2mIQPE [E] (h=6.0, rep=19) iteration=8 = 0.66796875[0m
[[2m[37m22:31:16[0m[2m[0m] [2mIQPE [E] (h=6.0, rep=19) = -41.96971435655114[0m
[[2m[37m22:31:16[0m[2m[0m] [2mIQPE [E] (h=2.0, rep=19) iteration=8 = 0.79296875[0m
[[2m[37m22:31:16[0m[2m[0m] [2mIQPE [E] (h=2.0, rep=19) = -49.82369599052562[0m
[[2m[37m22:31:25[0m[2m[0m] [2mIQPE [E] (h=0.0, rep=20) iteration=1 = 0.5[0m
[[2m[37m22:31:27[0m[2m[0m] [2mIQPE [E] (h=0.0, rep=20) iteration=2 = 0.75[0m
[[2m[37m22:31:27[0m[2m[0m] [2mIQPE [E] (h=0.0, rep=20) iteration=3 = 0.875[0m
[[2m[37m22:31:27[0m[2m[0m] [2mIQPE [E] (h=0.5, rep=20) iteration=1 = 0.5[0m
[[2m[37m22:31:27[0m[2m[0m] [2mIQPE [E] (h=0.0, rep=20) iteration=4 = 0.9375[0m
[[2m[37m22:31:27[0m[2m[0m] [2mIQPE [E] (h=3.0, rep=20) iteration=1 = 0.5[0m
[[2m[37m22:31:28[0m[2m[0m] [2mIQPE [E] (h=0.0, rep=20) iteration=5 = 0.96875[0m
[[2m[37m22:31:28[0m[2m[0m] [2mIQPE [E] (h=0.0, rep=20) iteration=6 = 0.484375[0m
[[2m[37m22:31:28[0m[2m[0m] [2mIQPE [E] (h=4.0, rep=20) iteration=1 = 0.5[0m
[[2m[37m22:31:28[0m[2m[0m] [2mIQPE [E] (h=0.0, rep=20) iteration=7 = 0.7421875[0m
[[2m[37m22:31:28[0m[2m[0m] [2mIQPE [E] (h=0.0, rep=20) iteration=8 = 0.87109375[0m
[[2m[37m22:31:28[0m[2m[0m] [2mIQPE [E] (h=0.0, rep=20) = -54.73243451175968[0m
[[2m[37m22:31:28[0m[2m[0m] [2mIQPE [E] (h=5.0, rep=20) iteration=1 = 0.5[0m
[[2m[37m22:31:28[0m[2m[0m] [2mIQPE [E] (h=1.0, rep=20) iteration=1 = 0.5[0m
[[2m[37m22:31:28[0m[2m[0m] [2mIQPE [E] (h=6.0, rep=20) iteration=1 = 0.5[0m
[[2m[37m22:31:29[0m[2m[0m] [2mIQPE [E] (h=0.5, rep=20) iteration=2 = 0.25[0m
[[2m[37m22:31:29[0m[2m[0m] [2mIQPE [E] (h=2.0, rep=20) iteration=1 = 0.5[0m
[[2m[37m22:31:29[0m[2m[0m] [2mIQPE [E] (h=3.0, rep=20) iteration=2 = 0.75[0m
[[2m[37m22:31:29[0m[2m[0m] [2mIQPE [E] (h=0.5, rep=20) iteration=3 = 0.625[0m
[[2m[37m22:31:29[0m[2m[0m] [2mIQPE [E] (h=4.0, rep=20) iteration=2 = 0.75[0m
[[2m[37m22:31:30[0m[2m[0m] [2mIQPE [E] (h=5.0, rep=20) iteration=2 = 0.75[0m
[[2m[37m22:31:30[0m[2m[0m] [2mIQPE [E] (h=3.0, rep=20) iteration=3 = 0.375[0m
[[2m[37m22:31:30[0m[2m[0m] [2mIQPE [E] (h=0.5, rep=20) iteration=4 = 0.8125[0m
[[2m[37m22:31:30[0m[2m[0m] [2mIQPE [E] (h=1.0, rep=20) iteration=2 = 0.75[0m
[[2m[37m22:31:30[0m[2m[0m] [2mIQPE [E] (h=0.5, rep=20) iteration=5 = 0.90625[0m
[[2m[37m22:31:30[0m[2m[0m] [2mIQPE [E] (h=4.0, rep=20) iteration=3 = 0.375[0m
[[2m[37m22:31:30[0m[2m[0m] [2mIQPE [E] (h=6.0, rep=20) iteration=2 = 0.75[0m
[[2m[37m22:31:30[0m[2m[0m] [2mIQPE [E] (h=3.0, rep=20) iteration=4 = 0.6875[0m
[[2m[37m22:31:30[0m[2m[0m] [2mIQPE [E] (h=0.5, rep=20) iteration=6 = 0.453125[0m
[[2m[37m22:31:30[0m[2m[0m] [2mIQPE [E] (h=2.0, rep=20) iteration=2 = 0.75[0m
[[2m[37m22:31:30[0m[2m[0m] [2mIQPE [E] (h=0.5, rep=20) iteration=7 = 0.7265625[0m
[[2m[37m22:31:30[0m[2m[0m] [2mIQPE [E] (h=3.0, rep=20) iteration=5 = 0.34375[0m
[[2m[37m22:31:30[0m[2m[0m] [2mIQPE [E] (h=5.0, rep=20) iteration=3 = 0.375[0m
[[2m[37m22:31:30[0m[2m[0m] [2mIQPE [E] (h=0.5, rep=20) iteration=8 = 0.86328125[0m
[[2m[37m22:31:30[0m[2m[0m] [2mIQPE [E] (h=0.5, rep=20) = -54.24156065963627[0m
[[2m[37m22:31:30[0m[2m[0m] [2mIQPE [E] (h=4.0, rep=20) iteration=4 = 0.6875[0m
[[2m[37m22:31:30[0m[2m[0m] [2mIQPE [E] (h=3.0, rep=20) iteration=6 = 0.671875[0m
[[2m[37m22:31:30[0m[2m[0m] [2mIQPE [E] (h=3.0, rep=20) iteration=7 = 0.8359375[0m
[[2m[37m22:31:30[0m[2m[0m] [2mIQPE [E] (h=1.0, rep=20) iteration=3 = 0.875[0m
[[2m[37m22:31:30[0m[2m[0m] [2mIQPE [E] (h=4.0, rep=20) iteration=5 = 0.34375[0m
[[2m[37m22:31:31[0m[2m[0m] [2mIQPE [E] (h=3.0, rep=20) iteration=8 = 0.91796875[0m
[[2m[37m22:31:31[0m[2m[0m] [2mIQPE [E] (h=3.0, rep=20) = -57.677677624500106[0m
[[2m[37m22:31:31[0m[2m[0m] [2mIQPE [E] (h=6.0, rep=20) iteration=3 = 0.375[0m
[[2m[37m22:31:31[0m[2m[0m] [2mIQPE [E] (h=5.0, rep=20) iteration=4 = 0.1875[0m
[[2m[37m22:31:31[0m[2m[0m] [2mIQPE [E] (h=4.0, rep=20) iteration=6 = 0.171875[0m
[[2m[37m22:31:31[0m[2m[0m] [2mIQPE [E] (h=2.0, rep=20) iteration=3 = 0.375[0m
[[2m[37m22:31:31[0m[2m[0m] [2mIQPE [E] (h=4.0, rep=20) iteration=7 = 0.5859375[0m
[[2m[37m22:31:31[0m[2m[0m] [2mIQPE [E] (h=5.0, rep=20) iteration=5 = 0.09375[0m
[[2m[37m22:31:31[0m[2m[0m] [2mIQPE [E] (h=1.0, rep=20) iteration=4 = 0.4375[0m
[[2m[37m22:31:31[0m[2m[0m] [2mIQPE [E] (h=4.0, rep=20) iteration=8 = 0.79296875[0m
[[2m[37m22:31:31[0m[2m[0m] [2mIQPE [E] (h=4.0, rep=20) = -49.82369599052562[0m
[[2m[37m22:31:31[0m[2m[0m] [2mIQPE [E] (h=6.0, rep=20) iteration=4 = 0.6875[0m
[[2m[37m22:31:31[0m[2m[0m] [2mIQPE [E] (h=5.0, rep=20) iteration=6 = 0.546875[0m
[[2m[37m22:31:31[0m[2m[0m] [2mIQPE [E] (h=1.0, rep=20) iteration=5 = 0.71875[0m
[[2m[37m22:31:31[0m[2m[0m] [2mIQPE [E] (h=2.0, rep=20) iteration=4 = 0.6875[0m
[[2m[37m22:31:31[0m[2m[0m] [2mIQPE [E] (h=5.0, rep=20) iteration=7 = 0.2734375[0m
[[2m[37m22:31:31[0m[2m[0m] [2mIQPE [E] (h=6.0, rep=20) iteration=5 = 0.84375[0m
[[2m[37m22:31:31[0m[2m[0m] [2mIQPE [E] (h=1.0, rep=20) iteration=6 = 0.359375[0m
[[2m[37m22:31:31[0m[2m[0m] [2mIQPE [E] (h=5.0, rep=20) iteration=8 = 0.63671875[0m
[[2m[37m22:31:31[0m[2m[0m] [2mIQPE [E] (h=5.0, rep=20) = -40.006218948057516[0m
[[2m[37m22:31:31[0m[2m[0m] [2mIQPE [E] (h=2.0, rep=20) iteration=5 = 0.34375[0m
[[2m[37m22:31:31[0m[2m[0m] [2mIQPE [E] (h=1.0, rep=20) iteration=7 = 0.6796875[0m
[[2m[37m22:31:31[0m[2m[0m] [2mIQPE [E] (h=6.0, rep=20) iteration=6 = 0.921875[0m
[[2m[37m22:31:31[0m[2m[0m] [2mIQPE [E] (h=1.0, rep=20) iteration=8 = 0.83984375[0m
[[2m[37m22:31:31[0m[2m[0m] [2mIQPE [E] (h=1.0, rep=20) = -52.76893910326605[0m
[[2m[37m22:31:32[0m[2m[0m] [2mIQPE [E] (h=6.0, rep=20) iteration=7 = 0.4609375[0m
[[2m[37m22:31:32[0m[2m[0m] [2mIQPE [E] (h=2.0, rep=20) iteration=6 = 0.171875[0m
[[2m[37m22:31:32[0m[2m[0m] [2mIQPE [E] (h=6.0, rep=20) iteration=8 = 0.73046875[0m
[[2m[37m22:31:32[0m[2m[0m] [2mIQPE [E] (h=6.0, rep=20) = -45.896705173538386[0m
[[2m[37m22:31:32[0m[2m[0m] [2mIQPE [E] (h=2.0, rep=20) iteration=7 = 0.5859375[0m
[[2m[37m22:31:32[0m[2m[0m] [2mIQPE [E] (h=2.0, rep=20) iteration=8 = 0.79296875[0m
[[2m[37m22:31:32[0m[2m[0m] [2mIQPE [E] (h=2.0, rep=20) = -49.82369599052562[0m
[[1m[32m22:31:32[0m[1m[0m] [37mIQPE (h=0.0) = -54.73243451175968[0m
[[1m[32m22:31:32[0m[1m[0m] [37mIQPE (h=0.5) = -54.24156065963627[0m
[[1m[32m22:31:32[0m[1m[0m] [37mIQPE (h=1.0) = -52.76893910326605[0m
[[1m[32m22:31:32[0m[1m[0m] [37mIQPE (h=2.0) = -49.82369599052562[0m
[[1m[32m22:31:32[0m[1m[0m] [37mIQPE (h=3.0) = -49.82369599052562[0m
[[1m[32m22:31:32[0m[1m[0m] [37mIQPE (h=4.0) = -49.82369599052562[0m
[[1m[32m22:31:32[0m[1m[0m] [37mIQPE (h=5.0) = -42.95146206079795[0m
[[1m[32m22:31:32[0m[1m[0m] [37mIQPE (h=6.0) = -41.96971435655114[0m

===================================================================
Computation complete!
  Finished: Thu Aug 13 10:31:33 PM PDT 2026
Output saved to:
  Data: /pscratch/sd/m/mbao202/NNL-P7/manuscript-plots/logs/tfim/1d/ground-state-energy/h-sweep-Lx8/tfim-1d-pbc-Lx8-E-h-iqpe-t0.1.json
  Plot: /pscratch/sd/m/mbao202/NNL-P7/manuscript-plots/plots/tfim/1d/ground-state-energy/h-sweep-Lx8/tfim-1d-pbc-Lx8-E-h-iqpe-t0.1.pdf
===================================================================
