Traceback (most recent call last):
  File "/global/common/software/nersc/pe/conda-envs/26.1.0/python-3.13/nersc-python/lib/python3.13/multiprocessing/resource_tracker.py", line 371, in main
    raise ValueError(
        f'Cannot register {name} for automatic cleanup: '
        f'unknown resource type {rtype}')
ValueError: Cannot register /dev/shm/joblib_memmapping_folder_1049845_9f83560a05db4839a820fbed6d8c88d9_940f261c66414c16b91c1111ccd336d8 for automatic cleanup: unknown resource type folder
Traceback (most recent call last):
  File "/global/common/software/nersc/pe/conda-envs/26.1.0/python-3.13/nersc-python/lib/python3.13/multiprocessing/resource_tracker.py", line 371, in main
    raise ValueError(
        f'Cannot register {name} for automatic cleanup: '
        f'unknown resource type {rtype}')
ValueError: Cannot register /loky-1049845-syuuqod2 for automatic cleanup: unknown resource type semlock
Traceback (most recent call last):
  File "/global/common/software/nersc/pe/conda-envs/26.1.0/python-3.13/nersc-python/lib/python3.13/multiprocessing/resource_tracker.py", line 371, in main
    raise ValueError(
        f'Cannot register {name} for automatic cleanup: '
        f'unknown resource type {rtype}')
ValueError: Cannot register /loky-1049845-7y990zz5 for automatic cleanup: unknown resource type semlock
Traceback (most recent call last):
  File "/global/common/software/nersc/pe/conda-envs/26.1.0/python-3.13/nersc-python/lib/python3.13/multiprocessing/resource_tracker.py", line 371, in main
    raise ValueError(
        f'Cannot register {name} for automatic cleanup: '
        f'unknown resource type {rtype}')
ValueError: Cannot register /loky-1049845-hzuggu9i for automatic cleanup: unknown resource type semlock
Traceback (most recent call last):
  File "/global/common/software/nersc/pe/conda-envs/26.1.0/python-3.13/nersc-python/lib/python3.13/multiprocessing/resource_tracker.py", line 371, in main
    raise ValueError(
        f'Cannot register {name} for automatic cleanup: '
        f'unknown resource type {rtype}')
ValueError: Cannot register /loky-1049845-qp6zlbrq for automatic cleanup: unknown resource type semlock
Traceback (most recent call last):
  File "/global/common/software/nersc/pe/conda-envs/26.1.0/python-3.13/nersc-python/lib/python3.13/multiprocessing/resource_tracker.py", line 371, in main
    raise ValueError(
        f'Cannot register {name} for automatic cleanup: '
        f'unknown resource type {rtype}')
ValueError: Cannot register /loky-1049845-3s34k5p1 for automatic cleanup: unknown resource type semlock
Traceback (most recent call last):
  File "/global/common/software/nersc/pe/conda-envs/26.1.0/python-3.13/nersc-python/lib/python3.13/multiprocessing/resource_tracker.py", line 371, in main
    raise ValueError(
        f'Cannot register {name} for automatic cleanup: '
        f'unknown resource type {rtype}')
ValueError: Cannot register /loky-1049845-oqz_n4nh for automatic cleanup: unknown resource type semlock
Traceback (most recent call last):
  File "/global/common/software/nersc/pe/conda-envs/26.1.0/python-3.13/nersc-python/lib/python3.13/multiprocessing/resource_tracker.py", line 371, in main
    raise ValueError(
        f'Cannot register {name} for automatic cleanup: '
        f'unknown resource type {rtype}')
ValueError: Cannot register /dev/shm/joblib_memmapping_folder_1049845_9f83560a05db4839a820fbed6d8c88d9_6f3bcf284a974481b2086edbf47e71e1 for automatic cleanup: unknown resource type folder
Traceback (most recent call last):
  File "/global/common/software/nersc/pe/conda-envs/26.1.0/python-3.13/nersc-python/lib/python3.13/multiprocessing/resource_tracker.py", line 371, in main
    raise ValueError(
        f'Cannot register {name} for automatic cleanup: '
        f'unknown resource type {rtype}')
ValueError: Cannot register /loky-1049845-trxx3_5w for automatic cleanup: unknown resource type semlock
Traceback (most recent call last):
  File "/global/common/software/nersc/pe/conda-envs/26.1.0/python-3.13/nersc-python/lib/python3.13/multiprocessing/resource_tracker.py", line 371, in main
    raise ValueError(
        f'Cannot register {name} for automatic cleanup: '
        f'unknown resource type {rtype}')
ValueError: Cannot register /loky-1049845-0toesika for automatic cleanup: unknown resource type semlock
Traceback (most recent call last):
  File "/global/common/software/nersc/pe/conda-envs/26.1.0/python-3.13/nersc-python/lib/python3.13/multiprocessing/resource_tracker.py", line 371, in main
    raise ValueError(
        f'Cannot register {name} for automatic cleanup: '
        f'unknown resource type {rtype}')
ValueError: Cannot register /loky-1049845-rwno0fgf for automatic cleanup: unknown resource type semlock
Traceback (most recent call last):
  File "/global/common/software/nersc/pe/conda-envs/26.1.0/python-3.13/nersc-python/lib/python3.13/multiprocessing/resource_tracker.py", line 371, in main
    raise ValueError(
        f'Cannot register {name} for automatic cleanup: '
        f'unknown resource type {rtype}')
ValueError: Cannot register /loky-1049845-860gzw6c for automatic cleanup: unknown resource type semlock
Traceback (most recent call last):
  File "/global/common/software/nersc/pe/conda-envs/26.1.0/python-3.13/nersc-python/lib/python3.13/multiprocessing/resource_tracker.py", line 371, in main
    raise ValueError(
        f'Cannot register {name} for automatic cleanup: '
        f'unknown resource type {rtype}')
ValueError: Cannot register /loky-1049845-x2v2d_rx for automatic cleanup: unknown resource type semlock
Traceback (most recent call last):
  File "/global/common/software/nersc/pe/conda-envs/26.1.0/python-3.13/nersc-python/lib/python3.13/multiprocessing/resource_tracker.py", line 371, in main
    raise ValueError(
        f'Cannot register {name} for automatic cleanup: '
        f'unknown resource type {rtype}')
ValueError: Cannot register /loky-1049845-p6fqndno for automatic cleanup: unknown resource type semlock
Traceback (most recent call last):
  File "/global/common/software/nersc/pe/conda-envs/26.1.0/python-3.13/nersc-python/lib/python3.13/multiprocessing/resource_tracker.py", line 371, in main
    raise ValueError(
        f'Cannot register {name} for automatic cleanup: '
        f'unknown resource type {rtype}')
ValueError: Cannot register /loky-1049845-x7_7j9hn for automatic cleanup: unknown resource type semlock
Traceback (most recent call last):
  File "/global/common/software/nersc/pe/conda-envs/26.1.0/python-3.13/nersc-python/lib/python3.13/multiprocessing/resource_tracker.py", line 371, in main
    raise ValueError(
        f'Cannot register {name} for automatic cleanup: '
        f'unknown resource type {rtype}')
ValueError: Cannot register /loky-1049845-006syqa1 for automatic cleanup: unknown resource type semlock
Traceback (most recent call last):
  File "/global/common/software/nersc/pe/conda-envs/26.1.0/python-3.13/nersc-python/lib/python3.13/multiprocessing/resource_tracker.py", line 371, in main
    raise ValueError(
        f'Cannot register {name} for automatic cleanup: '
        f'unknown resource type {rtype}')
ValueError: Cannot register /loky-1049845-l95xg3ij for automatic cleanup: unknown resource type semlock
Traceback (most recent call last):
  File "/global/common/software/nersc/pe/conda-envs/26.1.0/python-3.13/nersc-python/lib/python3.13/multiprocessing/resource_tracker.py", line 371, in main
    raise ValueError(
        f'Cannot register {name} for automatic cleanup: '
        f'unknown resource type {rtype}')
ValueError: Cannot register /loky-1049845-6nxn3vyc for automatic cleanup: unknown resource type semlock
Traceback (most recent call last):
  File "/global/common/software/nersc/pe/conda-envs/26.1.0/python-3.13/nersc-python/lib/python3.13/multiprocessing/resource_tracker.py", line 371, in main
    raise ValueError(
        f'Cannot register {name} for automatic cleanup: '
        f'unknown resource type {rtype}')
ValueError: Cannot register /loky-1049845-fuuy41pd for automatic cleanup: unknown resource type semlock
Traceback (most recent call last):
  File "/global/common/software/nersc/pe/conda-envs/26.1.0/python-3.13/nersc-python/lib/python3.13/multiprocessing/resource_tracker.py", line 371, in main
    raise ValueError(
        f'Cannot register {name} for automatic cleanup: '
        f'unknown resource type {rtype}')
ValueError: Cannot register /loky-1049845-nkkxvoyf for automatic cleanup: unknown resource type semlock
Traceback (most recent call last):
  File "/global/common/software/nersc/pe/conda-envs/26.1.0/python-3.13/nersc-python/lib/python3.13/multiprocessing/resource_tracker.py", line 371, in main
    raise ValueError(
        f'Cannot register {name} for automatic cleanup: '
        f'unknown resource type {rtype}')
ValueError: Cannot register /loky-1049845-ecpvy87h for automatic cleanup: unknown resource type semlock
Traceback (most recent call last):
  File "/global/common/software/nersc/pe/conda-envs/26.1.0/python-3.13/nersc-python/lib/python3.13/multiprocessing/resource_tracker.py", line 371, in main
    raise ValueError(
        f'Cannot register {name} for automatic cleanup: '
        f'unknown resource type {rtype}')
ValueError: Cannot register /loky-1049845-5wi1lqur for automatic cleanup: unknown resource type semlock
Traceback (most recent call last):
  File "/global/common/software/nersc/pe/conda-envs/26.1.0/python-3.13/nersc-python/lib/python3.13/multiprocessing/resource_tracker.py", line 371, in main
    raise ValueError(
        f'Cannot register {name} for automatic cleanup: '
        f'unknown resource type {rtype}')
ValueError: Cannot register /loky-1049845-rchk9whx for automatic cleanup: unknown resource type semlock
Traceback (most recent call last):
  File "/global/common/software/nersc/pe/conda-envs/26.1.0/python-3.13/nersc-python/lib/python3.13/multiprocessing/resource_tracker.py", line 371, in main
    raise ValueError(
        f'Cannot register {name} for automatic cleanup: '
        f'unknown resource type {rtype}')
ValueError: Cannot register /loky-1049845-x3s3nam0 for automatic cleanup: unknown resource type semlock
Traceback (most recent call last):
  File "/global/common/software/nersc/pe/conda-envs/26.1.0/python-3.13/nersc-python/lib/python3.13/multiprocessing/resource_tracker.py", line 371, in main
    raise ValueError(
        f'Cannot register {name} for automatic cleanup: '
        f'unknown resource type {rtype}')
ValueError: Cannot register /loky-1049845-ihqvonqt for automatic cleanup: unknown resource type semlock
Traceback (most recent call last):
  File "/global/common/software/nersc/pe/conda-envs/26.1.0/python-3.13/nersc-python/lib/python3.13/multiprocessing/resource_tracker.py", line 371, in main
    raise ValueError(
        f'Cannot register {name} for automatic cleanup: '
        f'unknown resource type {rtype}')
ValueError: Cannot register /loky-1049845-8gvei4am for automatic cleanup: unknown resource type semlock
Traceback (most recent call last):
  File "/global/common/software/nersc/pe/conda-envs/26.1.0/python-3.13/nersc-python/lib/python3.13/multiprocessing/resource_tracker.py", line 371, in main
    raise ValueError(
        f'Cannot register {name} for automatic cleanup: '
        f'unknown resource type {rtype}')
ValueError: Cannot register /loky-1049845-da9pyvq9 for automatic cleanup: unknown resource type semlock
Traceback (most recent call last):
  File "/global/common/software/nersc/pe/conda-envs/26.1.0/python-3.13/nersc-python/lib/python3.13/multiprocessing/resource_tracker.py", line 371, in main
    raise ValueError(
        f'Cannot register {name} for automatic cleanup: '
        f'unknown resource type {rtype}')
ValueError: Cannot register /loky-1049845-_0atoq7d for automatic cleanup: unknown resource type semlock
Traceback (most recent call last):
  File "/global/common/software/nersc/pe/conda-envs/26.1.0/python-3.13/nersc-python/lib/python3.13/multiprocessing/resource_tracker.py", line 371, in main
    raise ValueError(
        f'Cannot register {name} for automatic cleanup: '
        f'unknown resource type {rtype}')
ValueError: Cannot register /loky-1049845-1kyvhkd0 for automatic cleanup: unknown resource type semlock
Traceback (most recent call last):
  File "/global/common/software/nersc/pe/conda-envs/26.1.0/python-3.13/nersc-python/lib/python3.13/multiprocessing/resource_tracker.py", line 371, in main
    raise ValueError(
        f'Cannot register {name} for automatic cleanup: '
        f'unknown resource type {rtype}')
ValueError: Cannot register /loky-1049845-6cmaau29 for automatic cleanup: unknown resource type semlock
Traceback (most recent call last):
  File "/global/common/software/nersc/pe/conda-envs/26.1.0/python-3.13/nersc-python/lib/python3.13/multiprocessing/resource_tracker.py", line 371, in main
    raise ValueError(
        f'Cannot register {name} for automatic cleanup: '
        f'unknown resource type {rtype}')
ValueError: Cannot register /loky-1049845-g25kn3k7 for automatic cleanup: unknown resource type semlock
Traceback (most recent call last):
  File "/global/common/software/nersc/pe/conda-envs/26.1.0/python-3.13/nersc-python/lib/python3.13/multiprocessing/resource_tracker.py", line 371, in main
    raise ValueError(
        f'Cannot register {name} for automatic cleanup: '
        f'unknown resource type {rtype}')
ValueError: Cannot register /loky-1049845-s23e8jev for automatic cleanup: unknown resource type semlock
Traceback (most recent call last):
  File "/global/common/software/nersc/pe/conda-envs/26.1.0/python-3.13/nersc-python/lib/python3.13/multiprocessing/resource_tracker.py", line 371, in main
    raise ValueError(
        f'Cannot register {name} for automatic cleanup: '
        f'unknown resource type {rtype}')
ValueError: Cannot register /loky-1049845-iuey0mj0 for automatic cleanup: unknown resource type semlock
Traceback (most recent call last):
  File "/global/common/software/nersc/pe/conda-envs/26.1.0/python-3.13/nersc-python/lib/python3.13/multiprocessing/resource_tracker.py", line 371, in main
    raise ValueError(
        f'Cannot register {name} for automatic cleanup: '
        f'unknown resource type {rtype}')
ValueError: Cannot register /loky-1049845-uep2s194 for automatic cleanup: unknown resource type semlock
Traceback (most recent call last):
  File "/global/common/software/nersc/pe/conda-envs/26.1.0/python-3.13/nersc-python/lib/python3.13/multiprocessing/resource_tracker.py", line 371, in main
    raise ValueError(
        f'Cannot register {name} for automatic cleanup: '
        f'unknown resource type {rtype}')
ValueError: Cannot register /loky-1049845-4koweg2k for automatic cleanup: unknown resource type semlock
Traceback (most recent call last):
  File "/global/common/software/nersc/pe/conda-envs/26.1.0/python-3.13/nersc-python/lib/python3.13/multiprocessing/resource_tracker.py", line 371, in main
    raise ValueError(
        f'Cannot register {name} for automatic cleanup: '
        f'unknown resource type {rtype}')
ValueError: Cannot register /loky-1049845-ukqq2l17 for automatic cleanup: unknown resource type semlock
Traceback (most recent call last):
  File "/global/common/software/nersc/pe/conda-envs/26.1.0/python-3.13/nersc-python/lib/python3.13/multiprocessing/resource_tracker.py", line 371, in main
    raise ValueError(
        f'Cannot register {name} for automatic cleanup: '
        f'unknown resource type {rtype}')
ValueError: Cannot register /loky-1049845-5ak7glau for automatic cleanup: unknown resource type semlock
Traceback (most recent call last):
  File "/global/common/software/nersc/pe/conda-envs/26.1.0/python-3.13/nersc-python/lib/python3.13/multiprocessing/resource_tracker.py", line 371, in main
    raise ValueError(
        f'Cannot register {name} for automatic cleanup: '
        f'unknown resource type {rtype}')
ValueError: Cannot register /loky-1049845-etfblzpy for automatic cleanup: unknown resource type semlock
Traceback (most recent call last):
  File "/global/common/software/nersc/pe/conda-envs/26.1.0/python-3.13/nersc-python/lib/python3.13/multiprocessing/resource_tracker.py", line 371, in main
    raise ValueError(
        f'Cannot register {name} for automatic cleanup: '
        f'unknown resource type {rtype}')
ValueError: Cannot register /loky-1049845-j0lb5dil for automatic cleanup: unknown resource type semlock
Traceback (most recent call last):
  File "/global/common/software/nersc/pe/conda-envs/26.1.0/python-3.13/nersc-python/lib/python3.13/multiprocessing/resource_tracker.py", line 371, in main
    raise ValueError(
        f'Cannot register {name} for automatic cleanup: '
        f'unknown resource type {rtype}')
ValueError: Cannot register /loky-1049845-gudsccob for automatic cleanup: unknown resource type semlock
Traceback (most recent call last):
  File "/global/common/software/nersc/pe/conda-envs/26.1.0/python-3.13/nersc-python/lib/python3.13/multiprocessing/resource_tracker.py", line 371, in main
    raise ValueError(
        f'Cannot register {name} for automatic cleanup: '
        f'unknown resource type {rtype}')
ValueError: Cannot register /loky-1049845-r53i3jkb for automatic cleanup: unknown resource type semlock
Traceback (most recent call last):
  File "/global/common/software/nersc/pe/conda-envs/26.1.0/python-3.13/nersc-python/lib/python3.13/multiprocessing/resource_tracker.py", line 371, in main
    raise ValueError(
        f'Cannot register {name} for automatic cleanup: '
        f'unknown resource type {rtype}')
ValueError: Cannot register /loky-1049845-b0coygzf for automatic cleanup: unknown resource type semlock
Traceback (most recent call last):
  File "/global/common/software/nersc/pe/conda-envs/26.1.0/python-3.13/nersc-python/lib/python3.13/multiprocessing/resource_tracker.py", line 371, in main
    raise ValueError(
        f'Cannot register {name} for automatic cleanup: '
        f'unknown resource type {rtype}')
ValueError: Cannot register /loky-1049845-74_nrq6p for automatic cleanup: unknown resource type semlock
Traceback (most recent call last):
  File "/global/common/software/nersc/pe/conda-envs/26.1.0/python-3.13/nersc-python/lib/python3.13/multiprocessing/resource_tracker.py", line 371, in main
    raise ValueError(
        f'Cannot register {name} for automatic cleanup: '
        f'unknown resource type {rtype}')
ValueError: Cannot register /loky-1049845-t3o_q8_g for automatic cleanup: unknown resource type semlock
Traceback (most recent call last):
  File "/global/common/software/nersc/pe/conda-envs/26.1.0/python-3.13/nersc-python/lib/python3.13/multiprocessing/resource_tracker.py", line 371, in main
    raise ValueError(
        f'Cannot register {name} for automatic cleanup: '
        f'unknown resource type {rtype}')
ValueError: Cannot register /loky-1049845-cwh0jqz7 for automatic cleanup: unknown resource type semlock
Traceback (most recent call last):
  File "/global/common/software/nersc/pe/conda-envs/26.1.0/python-3.13/nersc-python/lib/python3.13/multiprocessing/resource_tracker.py", line 371, in main
    raise ValueError(
        f'Cannot register {name} for automatic cleanup: '
        f'unknown resource type {rtype}')
ValueError: Cannot register /loky-1049845-q70i_hoq for automatic cleanup: unknown resource type semlock
Traceback (most recent call last):
  File "/global/common/software/nersc/pe/conda-envs/26.1.0/python-3.13/nersc-python/lib/python3.13/multiprocessing/resource_tracker.py", line 371, in main
    raise ValueError(
        f'Cannot register {name} for automatic cleanup: '
        f'unknown resource type {rtype}')
ValueError: Cannot register /loky-1049845-5z4eoegw for automatic cleanup: unknown resource type semlock
Traceback (most recent call last):
  File "/global/common/software/nersc/pe/conda-envs/26.1.0/python-3.13/nersc-python/lib/python3.13/multiprocessing/resource_tracker.py", line 371, in main
    raise ValueError(
        f'Cannot register {name} for automatic cleanup: '
        f'unknown resource type {rtype}')
ValueError: Cannot register /loky-1049845-kck9jpt8 for automatic cleanup: unknown resource type semlock
Traceback (most recent call last):
  File "/global/common/software/nersc/pe/conda-envs/26.1.0/python-3.13/nersc-python/lib/python3.13/multiprocessing/resource_tracker.py", line 371, in main
    raise ValueError(
        f'Cannot register {name} for automatic cleanup: '
        f'unknown resource type {rtype}')
ValueError: Cannot register /loky-1049845-nfg1mu1y for automatic cleanup: unknown resource type semlock
Traceback (most recent call last):
  File "/global/common/software/nersc/pe/conda-envs/26.1.0/python-3.13/nersc-python/lib/python3.13/multiprocessing/resource_tracker.py", line 371, in main
    raise ValueError(
        f'Cannot register {name} for automatic cleanup: '
        f'unknown resource type {rtype}')
ValueError: Cannot register /loky-1049845-w92e3d14 for automatic cleanup: unknown resource type semlock
Traceback (most recent call last):
  File "/global/common/software/nersc/pe/conda-envs/26.1.0/python-3.13/nersc-python/lib/python3.13/multiprocessing/resource_tracker.py", line 371, in main
    raise ValueError(
        f'Cannot register {name} for automatic cleanup: '
        f'unknown resource type {rtype}')
ValueError: Cannot register /loky-1049845-a2y64c6w for automatic cleanup: unknown resource type semlock
Traceback (most recent call last):
  File "/global/common/software/nersc/pe/conda-envs/26.1.0/python-3.13/nersc-python/lib/python3.13/multiprocessing/resource_tracker.py", line 371, in main
    raise ValueError(
        f'Cannot register {name} for automatic cleanup: '
        f'unknown resource type {rtype}')
ValueError: Cannot register /loky-1049845-oekyb7jx for automatic cleanup: unknown resource type semlock
Traceback (most recent call last):
  File "/global/common/software/nersc/pe/conda-envs/26.1.0/python-3.13/nersc-python/lib/python3.13/multiprocessing/resource_tracker.py", line 371, in main
    raise ValueError(
        f'Cannot register {name} for automatic cleanup: '
        f'unknown resource type {rtype}')
ValueError: Cannot register /loky-1049845-9b2av3qh for automatic cleanup: unknown resource type semlock
Traceback (most recent call last):
  File "/global/common/software/nersc/pe/conda-envs/26.1.0/python-3.13/nersc-python/lib/python3.13/multiprocessing/resource_tracker.py", line 371, in main
    raise ValueError(
        f'Cannot register {name} for automatic cleanup: '
        f'unknown resource type {rtype}')
ValueError: Cannot register /loky-1049845-9yuyw92j for automatic cleanup: unknown resource type semlock
Traceback (most recent call last):
  File "/global/common/software/nersc/pe/conda-envs/26.1.0/python-3.13/nersc-python/lib/python3.13/multiprocessing/resource_tracker.py", line 371, in main
    raise ValueError(
        f'Cannot register {name} for automatic cleanup: '
        f'unknown resource type {rtype}')
ValueError: Cannot register /loky-1049845-7lwf0n01 for automatic cleanup: unknown resource type semlock
Traceback (most recent call last):
  File "/global/common/software/nersc/pe/conda-envs/26.1.0/python-3.13/nersc-python/lib/python3.13/multiprocessing/resource_tracker.py", line 371, in main
    raise ValueError(
        f'Cannot register {name} for automatic cleanup: '
        f'unknown resource type {rtype}')
ValueError: Cannot register /loky-1049845-e_52m06c for automatic cleanup: unknown resource type semlock
Traceback (most recent call last):
  File "/global/common/software/nersc/pe/conda-envs/26.1.0/python-3.13/nersc-python/lib/python3.13/multiprocessing/resource_tracker.py", line 371, in main
    raise ValueError(
        f'Cannot register {name} for automatic cleanup: '
        f'unknown resource type {rtype}')
ValueError: Cannot register /loky-1049845-2ctvbmv7 for automatic cleanup: unknown resource type semlock
Traceback (most recent call last):
  File "/global/common/software/nersc/pe/conda-envs/26.1.0/python-3.13/nersc-python/lib/python3.13/multiprocessing/resource_tracker.py", line 371, in main
    raise ValueError(
        f'Cannot register {name} for automatic cleanup: '
        f'unknown resource type {rtype}')
ValueError: Cannot register /loky-1049845-qkb5cs83 for automatic cleanup: unknown resource type semlock
Traceback (most recent call last):
  File "/global/common/software/nersc/pe/conda-envs/26.1.0/python-3.13/nersc-python/lib/python3.13/multiprocessing/resource_tracker.py", line 371, in main
    raise ValueError(
        f'Cannot register {name} for automatic cleanup: '
        f'unknown resource type {rtype}')
ValueError: Cannot register /loky-1049845-asqa0eti for automatic cleanup: unknown resource type semlock
Traceback (most recent call last):
  File "/global/common/software/nersc/pe/conda-envs/26.1.0/python-3.13/nersc-python/lib/python3.13/multiprocessing/resource_tracker.py", line 371, in main
    raise ValueError(
        f'Cannot register {name} for automatic cleanup: '
        f'unknown resource type {rtype}')
ValueError: Cannot register /loky-1049845-zy4663co for automatic cleanup: unknown resource type semlock
Traceback (most recent call last):
  File "/global/common/software/nersc/pe/conda-envs/26.1.0/python-3.13/nersc-python/lib/python3.13/multiprocessing/resource_tracker.py", line 371, in main
    raise ValueError(
        f'Cannot register {name} for automatic cleanup: '
        f'unknown resource type {rtype}')
ValueError: Cannot register /loky-1049845-1hb_q5nw for automatic cleanup: unknown resource type semlock
Traceback (most recent call last):
  File "/global/common/software/nersc/pe/conda-envs/26.1.0/python-3.13/nersc-python/lib/python3.13/multiprocessing/resource_tracker.py", line 371, in main
    raise ValueError(
        f'Cannot register {name} for automatic cleanup: '
        f'unknown resource type {rtype}')
ValueError: Cannot register /loky-1049845-ujzk01ue for automatic cleanup: unknown resource type semlock
Traceback (most recent call last):
  File "/global/common/software/nersc/pe/conda-envs/26.1.0/python-3.13/nersc-python/lib/python3.13/multiprocessing/resource_tracker.py", line 371, in main
    raise ValueError(
        f'Cannot register {name} for automatic cleanup: '
        f'unknown resource type {rtype}')
ValueError: Cannot register /loky-1049845-935vtryt for automatic cleanup: unknown resource type semlock
Traceback (most recent call last):
  File "/global/common/software/nersc/pe/conda-envs/26.1.0/python-3.13/nersc-python/lib/python3.13/multiprocessing/resource_tracker.py", line 371, in main
    raise ValueError(
        f'Cannot register {name} for automatic cleanup: '
        f'unknown resource type {rtype}')
ValueError: Cannot register /loky-1049845-5m0y8pk1 for automatic cleanup: unknown resource type semlock
Traceback (most recent call last):
  File "/global/common/software/nersc/pe/conda-envs/26.1.0/python-3.13/nersc-python/lib/python3.13/multiprocessing/resource_tracker.py", line 371, in main
    raise ValueError(
        f'Cannot register {name} for automatic cleanup: '
        f'unknown resource type {rtype}')
ValueError: Cannot register /loky-1049845-8jucu9fc for automatic cleanup: unknown resource type semlock
Traceback (most recent call last):
  File "/global/common/software/nersc/pe/conda-envs/26.1.0/python-3.13/nersc-python/lib/python3.13/multiprocessing/resource_tracker.py", line 371, in main
    raise ValueError(
        f'Cannot register {name} for automatic cleanup: '
        f'unknown resource type {rtype}')
ValueError: Cannot register /loky-1049845-ebnswpa_ for automatic cleanup: unknown resource type semlock
Traceback (most recent call last):
  File "/global/common/software/nersc/pe/conda-envs/26.1.0/python-3.13/nersc-python/lib/python3.13/multiprocessing/resource_tracker.py", line 371, in main
    raise ValueError(
        f'Cannot register {name} for automatic cleanup: '
        f'unknown resource type {rtype}')
ValueError: Cannot register /loky-1049845-iyt3kba2 for automatic cleanup: unknown resource type semlock
Traceback (most recent call last):
  File "/global/common/software/nersc/pe/conda-envs/26.1.0/python-3.13/nersc-python/lib/python3.13/multiprocessing/resource_tracker.py", line 371, in main
    raise ValueError(
        f'Cannot register {name} for automatic cleanup: '
        f'unknown resource type {rtype}')
ValueError: Cannot register /loky-1049845-obu7lml0 for automatic cleanup: unknown resource type semlock
Traceback (most recent call last):
  File "/global/common/software/nersc/pe/conda-envs/26.1.0/python-3.13/nersc-python/lib/python3.13/multiprocessing/resource_tracker.py", line 371, in main
    raise ValueError(
        f'Cannot register {name} for automatic cleanup: '
        f'unknown resource type {rtype}')
ValueError: Cannot register /loky-1049845-vvc39go0 for automatic cleanup: unknown resource type semlock
Traceback (most recent call last):
  File "/global/common/software/nersc/pe/conda-envs/26.1.0/python-3.13/nersc-python/lib/python3.13/multiprocessing/resource_tracker.py", line 371, in main
    raise ValueError(
        f'Cannot register {name} for automatic cleanup: '
        f'unknown resource type {rtype}')
ValueError: Cannot register /loky-1049845-jbxwqbv_ for automatic cleanup: unknown resource type semlock
Traceback (most recent call last):
  File "/global/common/software/nersc/pe/conda-envs/26.1.0/python-3.13/nersc-python/lib/python3.13/multiprocessing/resource_tracker.py", line 371, in main
    raise ValueError(
        f'Cannot register {name} for automatic cleanup: '
        f'unknown resource type {rtype}')
ValueError: Cannot register /loky-1049845-pzy9zhbj for automatic cleanup: unknown resource type semlock
Traceback (most recent call last):
  File "/global/common/software/nersc/pe/conda-envs/26.1.0/python-3.13/nersc-python/lib/python3.13/multiprocessing/resource_tracker.py", line 371, in main
    raise ValueError(
        f'Cannot register {name} for automatic cleanup: '
        f'unknown resource type {rtype}')
ValueError: Cannot register /loky-1049845-rikwkspo for automatic cleanup: unknown resource type semlock
Traceback (most recent call last):
  File "/global/common/software/nersc/pe/conda-envs/26.1.0/python-3.13/nersc-python/lib/python3.13/multiprocessing/resource_tracker.py", line 371, in main
    raise ValueError(
        f'Cannot register {name} for automatic cleanup: '
        f'unknown resource type {rtype}')
ValueError: Cannot register /loky-1049845-r3fjf5zd for automatic cleanup: unknown resource type semlock
Traceback (most recent call last):
  File "/global/common/software/nersc/pe/conda-envs/26.1.0/python-3.13/nersc-python/lib/python3.13/multiprocessing/resource_tracker.py", line 371, in main
    raise ValueError(
        f'Cannot register {name} for automatic cleanup: '
        f'unknown resource type {rtype}')
ValueError: Cannot register /loky-1049845-j53hbt3v for automatic cleanup: unknown resource type semlock
Traceback (most recent call last):
  File "/global/common/software/nersc/pe/conda-envs/26.1.0/python-3.13/nersc-python/lib/python3.13/multiprocessing/resource_tracker.py", line 371, in main
    raise ValueError(
        f'Cannot register {name} for automatic cleanup: '
        f'unknown resource type {rtype}')
ValueError: Cannot register /loky-1049845-fu91guux for automatic cleanup: unknown resource type semlock
Traceback (most recent call last):
  File "/global/common/software/nersc/pe/conda-envs/26.1.0/python-3.13/nersc-python/lib/python3.13/multiprocessing/resource_tracker.py", line 371, in main
    raise ValueError(
        f'Cannot register {name} for automatic cleanup: '
        f'unknown resource type {rtype}')
ValueError: Cannot register /loky-1049845-dn9o114s for automatic cleanup: unknown resource type semlock
Traceback (most recent call last):
  File "/global/common/software/nersc/pe/conda-envs/26.1.0/python-3.13/nersc-python/lib/python3.13/multiprocessing/resource_tracker.py", line 371, in main
    raise ValueError(
        f'Cannot register {name} for automatic cleanup: '
        f'unknown resource type {rtype}')
ValueError: Cannot register /loky-1049845-_up5z_hm for automatic cleanup: unknown resource type semlock
Traceback (most recent call last):
  File "/global/common/software/nersc/pe/conda-envs/26.1.0/python-3.13/nersc-python/lib/python3.13/multiprocessing/resource_tracker.py", line 371, in main
    raise ValueError(
        f'Cannot register {name} for automatic cleanup: '
        f'unknown resource type {rtype}')
ValueError: Cannot register /loky-1049845-lehclud4 for automatic cleanup: unknown resource type semlock
Traceback (most recent call last):
  File "/global/common/software/nersc/pe/conda-envs/26.1.0/python-3.13/nersc-python/lib/python3.13/multiprocessing/resource_tracker.py", line 371, in main
    raise ValueError(
        f'Cannot register {name} for automatic cleanup: '
        f'unknown resource type {rtype}')
ValueError: Cannot register /loky-1049845-4ws6hbbr for automatic cleanup: unknown resource type semlock
Traceback (most recent call last):
  File "/global/common/software/nersc/pe/conda-envs/26.1.0/python-3.13/nersc-python/lib/python3.13/multiprocessing/resource_tracker.py", line 371, in main
    raise ValueError(
        f'Cannot register {name} for automatic cleanup: '
        f'unknown resource type {rtype}')
ValueError: Cannot register /loky-1049845-n_jcxawb for automatic cleanup: unknown resource type semlock
Traceback (most recent call last):
  File "/global/common/software/nersc/pe/conda-envs/26.1.0/python-3.13/nersc-python/lib/python3.13/multiprocessing/resource_tracker.py", line 371, in main
    raise ValueError(
        f'Cannot register {name} for automatic cleanup: '
        f'unknown resource type {rtype}')
ValueError: Cannot register /loky-1049845-jnutvptq for automatic cleanup: unknown resource type semlock
Traceback (most recent call last):
  File "/global/common/software/nersc/pe/conda-envs/26.1.0/python-3.13/nersc-python/lib/python3.13/multiprocessing/resource_tracker.py", line 371, in main
    raise ValueError(
        f'Cannot register {name} for automatic cleanup: '
        f'unknown resource type {rtype}')
ValueError: Cannot register /loky-1049845-5jznsk2y for automatic cleanup: unknown resource type semlock
Traceback (most recent call last):
  File "/global/common/software/nersc/pe/conda-envs/26.1.0/python-3.13/nersc-python/lib/python3.13/multiprocessing/resource_tracker.py", line 371, in main
    raise ValueError(
        f'Cannot register {name} for automatic cleanup: '
        f'unknown resource type {rtype}')
ValueError: Cannot register /loky-1049845-rm7m_f_j for automatic cleanup: unknown resource type semlock
Traceback (most recent call last):
  File "/global/common/software/nersc/pe/conda-envs/26.1.0/python-3.13/nersc-python/lib/python3.13/multiprocessing/resource_tracker.py", line 371, in main
    raise ValueError(
        f'Cannot register {name} for automatic cleanup: '
        f'unknown resource type {rtype}')
ValueError: Cannot register /loky-1049845-wriax8rt for automatic cleanup: unknown resource type semlock
Traceback (most recent call last):
  File "/global/common/software/nersc/pe/conda-envs/26.1.0/python-3.13/nersc-python/lib/python3.13/multiprocessing/resource_tracker.py", line 371, in main
    raise ValueError(
        f'Cannot register {name} for automatic cleanup: '
        f'unknown resource type {rtype}')
ValueError: Cannot register /loky-1049845-xcbnebe3 for automatic cleanup: unknown resource type semlock
Traceback (most recent call last):
  File "/global/common/software/nersc/pe/conda-envs/26.1.0/python-3.13/nersc-python/lib/python3.13/multiprocessing/resource_tracker.py", line 371, in main
    raise ValueError(
        f'Cannot register {name} for automatic cleanup: '
        f'unknown resource type {rtype}')
ValueError: Cannot register /loky-1049845-waebjyb8 for automatic cleanup: unknown resource type semlock
Traceback (most recent call last):
  File "/global/common/software/nersc/pe/conda-envs/26.1.0/python-3.13/nersc-python/lib/python3.13/multiprocessing/resource_tracker.py", line 371, in main
    raise ValueError(
        f'Cannot register {name} for automatic cleanup: '
        f'unknown resource type {rtype}')
ValueError: Cannot register /loky-1049845-ysb4fh5b for automatic cleanup: unknown resource type semlock
Traceback (most recent call last):
  File "/global/common/software/nersc/pe/conda-envs/26.1.0/python-3.13/nersc-python/lib/python3.13/multiprocessing/resource_tracker.py", line 371, in main
    raise ValueError(
        f'Cannot register {name} for automatic cleanup: '
        f'unknown resource type {rtype}')
ValueError: Cannot register /loky-1049845-fqmed4wl for automatic cleanup: unknown resource type semlock
Traceback (most recent call last):
  File "/global/common/software/nersc/pe/conda-envs/26.1.0/python-3.13/nersc-python/lib/python3.13/multiprocessing/resource_tracker.py", line 371, in main
    raise ValueError(
        f'Cannot register {name} for automatic cleanup: '
        f'unknown resource type {rtype}')
ValueError: Cannot register /loky-1049845-uaug_wtv for automatic cleanup: unknown resource type semlock
Traceback (most recent call last):
  File "/global/common/software/nersc/pe/conda-envs/26.1.0/python-3.13/nersc-python/lib/python3.13/multiprocessing/resource_tracker.py", line 371, in main
    raise ValueError(
        f'Cannot register {name} for automatic cleanup: '
        f'unknown resource type {rtype}')
ValueError: Cannot register /loky-1049845-mvkphqzg for automatic cleanup: unknown resource type semlock
Traceback (most recent call last):
  File "/global/common/software/nersc/pe/conda-envs/26.1.0/python-3.13/nersc-python/lib/python3.13/multiprocessing/resource_tracker.py", line 371, in main
    raise ValueError(
        f'Cannot register {name} for automatic cleanup: '
        f'unknown resource type {rtype}')
ValueError: Cannot register /loky-1049845-cuqxevt0 for automatic cleanup: unknown resource type semlock
Traceback (most recent call last):
  File "/global/common/software/nersc/pe/conda-envs/26.1.0/python-3.13/nersc-python/lib/python3.13/multiprocessing/resource_tracker.py", line 371, in main
    raise ValueError(
        f'Cannot register {name} for automatic cleanup: '
        f'unknown resource type {rtype}')
ValueError: Cannot register /loky-1049845-ykyjx6zg for automatic cleanup: unknown resource type semlock
Traceback (most recent call last):
  File "/global/common/software/nersc/pe/conda-envs/26.1.0/python-3.13/nersc-python/lib/python3.13/multiprocessing/resource_tracker.py", line 371, in main
    raise ValueError(
        f'Cannot register {name} for automatic cleanup: '
        f'unknown resource type {rtype}')
ValueError: Cannot register /loky-1049845-5vd2bvnl for automatic cleanup: unknown resource type semlock
Traceback (most recent call last):
  File "/global/common/software/nersc/pe/conda-envs/26.1.0/python-3.13/nersc-python/lib/python3.13/multiprocessing/resource_tracker.py", line 371, in main
    raise ValueError(
        f'Cannot register {name} for automatic cleanup: '
        f'unknown resource type {rtype}')
ValueError: Cannot register /loky-1049845-ccbzb007 for automatic cleanup: unknown resource type semlock
Traceback (most recent call last):
  File "/global/common/software/nersc/pe/conda-envs/26.1.0/python-3.13/nersc-python/lib/python3.13/multiprocessing/resource_tracker.py", line 371, in main
    raise ValueError(
        f'Cannot register {name} for automatic cleanup: '
        f'unknown resource type {rtype}')
ValueError: Cannot register /loky-1049845-g4ka7doj for automatic cleanup: unknown resource type semlock
Traceback (most recent call last):
  File "/global/common/software/nersc/pe/conda-envs/26.1.0/python-3.13/nersc-python/lib/python3.13/multiprocessing/resource_tracker.py", line 371, in main
    raise ValueError(
        f'Cannot register {name} for automatic cleanup: '
        f'unknown resource type {rtype}')
ValueError: Cannot register /loky-1049845-5yh28t2k for automatic cleanup: unknown resource type semlock
Traceback (most recent call last):
  File "/global/common/software/nersc/pe/conda-envs/26.1.0/python-3.13/nersc-python/lib/python3.13/multiprocessing/resource_tracker.py", line 371, in main
    raise ValueError(
        f'Cannot register {name} for automatic cleanup: '
        f'unknown resource type {rtype}')
ValueError: Cannot register /loky-1049845-5759tknt for automatic cleanup: unknown resource type semlock
Traceback (most recent call last):
  File "/global/common/software/nersc/pe/conda-envs/26.1.0/python-3.13/nersc-python/lib/python3.13/multiprocessing/resource_tracker.py", line 371, in main
    raise ValueError(
        f'Cannot register {name} for automatic cleanup: '
        f'unknown resource type {rtype}')
ValueError: Cannot register /loky-1049845-htz0jvpq for automatic cleanup: unknown resource type semlock
Traceback (most recent call last):
  File "/global/common/software/nersc/pe/conda-envs/26.1.0/python-3.13/nersc-python/lib/python3.13/multiprocessing/resource_tracker.py", line 371, in main
    raise ValueError(
        f'Cannot register {name} for automatic cleanup: '
        f'unknown resource type {rtype}')
ValueError: Cannot register /loky-1049845-a0dcatvv for automatic cleanup: unknown resource type semlock
Traceback (most recent call last):
  File "/global/common/software/nersc/pe/conda-envs/26.1.0/python-3.13/nersc-python/lib/python3.13/multiprocessing/resource_tracker.py", line 371, in main
    raise ValueError(
        f'Cannot register {name} for automatic cleanup: '
        f'unknown resource type {rtype}')
ValueError: Cannot register /loky-1049845-fh9j8m7z for automatic cleanup: unknown resource type semlock
Traceback (most recent call last):
  File "/global/common/software/nersc/pe/conda-envs/26.1.0/python-3.13/nersc-python/lib/python3.13/multiprocessing/resource_tracker.py", line 371, in main
    raise ValueError(
        f'Cannot register {name} for automatic cleanup: '
        f'unknown resource type {rtype}')
ValueError: Cannot register /loky-1049845-smwa2boj for automatic cleanup: unknown resource type semlock
Traceback (most recent call last):
  File "/global/common/software/nersc/pe/conda-envs/26.1.0/python-3.13/nersc-python/lib/python3.13/multiprocessing/resource_tracker.py", line 371, in main
    raise ValueError(
        f'Cannot register {name} for automatic cleanup: '
        f'unknown resource type {rtype}')
ValueError: Cannot register /loky-1049845-2e4ictth for automatic cleanup: unknown resource type semlock
Traceback (most recent call last):
  File "/global/common/software/nersc/pe/conda-envs/26.1.0/python-3.13/nersc-python/lib/python3.13/multiprocessing/resource_tracker.py", line 371, in main
    raise ValueError(
        f'Cannot register {name} for automatic cleanup: '
        f'unknown resource type {rtype}')
ValueError: Cannot register /loky-1049845-je2ygy_c for automatic cleanup: unknown resource type semlock
Traceback (most recent call last):
  File "/global/common/software/nersc/pe/conda-envs/26.1.0/python-3.13/nersc-python/lib/python3.13/multiprocessing/resource_tracker.py", line 371, in main
    raise ValueError(
        f'Cannot register {name} for automatic cleanup: '
        f'unknown resource type {rtype}')
ValueError: Cannot register /loky-1049845-spk0r6k2 for automatic cleanup: unknown resource type semlock
Traceback (most recent call last):
  File "/global/common/software/nersc/pe/conda-envs/26.1.0/python-3.13/nersc-python/lib/python3.13/multiprocessing/resource_tracker.py", line 371, in main
    raise ValueError(
        f'Cannot register {name} for automatic cleanup: '
        f'unknown resource type {rtype}')
ValueError: Cannot register /loky-1049845-brz_2aqp for automatic cleanup: unknown resource type semlock
Traceback (most recent call last):
  File "/global/common/software/nersc/pe/conda-envs/26.1.0/python-3.13/nersc-python/lib/python3.13/multiprocessing/resource_tracker.py", line 371, in main
    raise ValueError(
        f'Cannot register {name} for automatic cleanup: '
        f'unknown resource type {rtype}')
ValueError: Cannot register /loky-1049845-kma8p0eu for automatic cleanup: unknown resource type semlock
Traceback (most recent call last):
  File "/global/common/software/nersc/pe/conda-envs/26.1.0/python-3.13/nersc-python/lib/python3.13/multiprocessing/resource_tracker.py", line 371, in main
    raise ValueError(
        f'Cannot register {name} for automatic cleanup: '
        f'unknown resource type {rtype}')
ValueError: Cannot register /loky-1049845-6_4ieyuw for automatic cleanup: unknown resource type semlock
Traceback (most recent call last):
  File "/global/common/software/nersc/pe/conda-envs/26.1.0/python-3.13/nersc-python/lib/python3.13/multiprocessing/resource_tracker.py", line 371, in main
    raise ValueError(
        f'Cannot register {name} for automatic cleanup: '
        f'unknown resource type {rtype}')
ValueError: Cannot register /loky-1049845-mcws65te for automatic cleanup: unknown resource type semlock
Traceback (most recent call last):
  File "/global/common/software/nersc/pe/conda-envs/26.1.0/python-3.13/nersc-python/lib/python3.13/multiprocessing/resource_tracker.py", line 371, in main
    raise ValueError(
        f'Cannot register {name} for automatic cleanup: '
        f'unknown resource type {rtype}')
ValueError: Cannot register /loky-1049845-4dbaraqr for automatic cleanup: unknown resource type semlock
Traceback (most recent call last):
  File "/global/common/software/nersc/pe/conda-envs/26.1.0/python-3.13/nersc-python/lib/python3.13/multiprocessing/resource_tracker.py", line 371, in main
    raise ValueError(
        f'Cannot register {name} for automatic cleanup: '
        f'unknown resource type {rtype}')
ValueError: Cannot register /loky-1049845-h0dktru1 for automatic cleanup: unknown resource type semlock
Traceback (most recent call last):
  File "/global/common/software/nersc/pe/conda-envs/26.1.0/python-3.13/nersc-python/lib/python3.13/multiprocessing/resource_tracker.py", line 371, in main
    raise ValueError(
        f'Cannot register {name} for automatic cleanup: '
        f'unknown resource type {rtype}')
ValueError: Cannot register /loky-1049845-7y7jxpfp for automatic cleanup: unknown resource type semlock
Traceback (most recent call last):
  File "/global/common/software/nersc/pe/conda-envs/26.1.0/python-3.13/nersc-python/lib/python3.13/multiprocessing/resource_tracker.py", line 371, in main
    raise ValueError(
        f'Cannot register {name} for automatic cleanup: '
        f'unknown resource type {rtype}')
ValueError: Cannot register /loky-1049845-ljulyipn for automatic cleanup: unknown resource type semlock
Traceback (most recent call last):
  File "/global/common/software/nersc/pe/conda-envs/26.1.0/python-3.13/nersc-python/lib/python3.13/multiprocessing/resource_tracker.py", line 371, in main
    raise ValueError(
        f'Cannot register {name} for automatic cleanup: '
        f'unknown resource type {rtype}')
ValueError: Cannot register /loky-1049845-2bo8trnw for automatic cleanup: unknown resource type semlock
Traceback (most recent call last):
  File "/global/common/software/nersc/pe/conda-envs/26.1.0/python-3.13/nersc-python/lib/python3.13/multiprocessing/resource_tracker.py", line 371, in main
    raise ValueError(
        f'Cannot register {name} for automatic cleanup: '
        f'unknown resource type {rtype}')
ValueError: Cannot register /loky-1049845-s_k9tqgh for automatic cleanup: unknown resource type semlock
Traceback (most recent call last):
  File "/global/common/software/nersc/pe/conda-envs/26.1.0/python-3.13/nersc-python/lib/python3.13/multiprocessing/resource_tracker.py", line 371, in main
    raise ValueError(
        f'Cannot register {name} for automatic cleanup: '
        f'unknown resource type {rtype}')
ValueError: Cannot register /loky-1049845-r8_av2wu for automatic cleanup: unknown resource type semlock
Traceback (most recent call last):
  File "/global/common/software/nersc/pe/conda-envs/26.1.0/python-3.13/nersc-python/lib/python3.13/multiprocessing/resource_tracker.py", line 371, in main
    raise ValueError(
        f'Cannot register {name} for automatic cleanup: '
        f'unknown resource type {rtype}')
ValueError: Cannot register /loky-1049845-v8tuavzy for automatic cleanup: unknown resource type semlock
Traceback (most recent call last):
  File "/global/common/software/nersc/pe/conda-envs/26.1.0/python-3.13/nersc-python/lib/python3.13/multiprocessing/resource_tracker.py", line 371, in main
    raise ValueError(
        f'Cannot register {name} for automatic cleanup: '
        f'unknown resource type {rtype}')
ValueError: Cannot register /loky-1049845-d7cn7aet for automatic cleanup: unknown resource type semlock
Traceback (most recent call last):
  File "/global/common/software/nersc/pe/conda-envs/26.1.0/python-3.13/nersc-python/lib/python3.13/multiprocessing/resource_tracker.py", line 371, in main
    raise ValueError(
        f'Cannot register {name} for automatic cleanup: '
        f'unknown resource type {rtype}')
ValueError: Cannot register /loky-1049845-svdqspy0 for automatic cleanup: unknown resource type semlock
Traceback (most recent call last):
  File "/global/common/software/nersc/pe/conda-envs/26.1.0/python-3.13/nersc-python/lib/python3.13/multiprocessing/resource_tracker.py", line 371, in main
    raise ValueError(
        f'Cannot register {name} for automatic cleanup: '
        f'unknown resource type {rtype}')
ValueError: Cannot register /loky-1049845-n9jsyaga for automatic cleanup: unknown resource type semlock
Traceback (most recent call last):
  File "/global/common/software/nersc/pe/conda-envs/26.1.0/python-3.13/nersc-python/lib/python3.13/multiprocessing/resource_tracker.py", line 371, in main
    raise ValueError(
        f'Cannot register {name} for automatic cleanup: '
        f'unknown resource type {rtype}')
ValueError: Cannot register /loky-1049845-ndpdw6ie for automatic cleanup: unknown resource type semlock
Traceback (most recent call last):
  File "/global/common/software/nersc/pe/conda-envs/26.1.0/python-3.13/nersc-python/lib/python3.13/multiprocessing/resource_tracker.py", line 371, in main
    raise ValueError(
        f'Cannot register {name} for automatic cleanup: '
        f'unknown resource type {rtype}')
ValueError: Cannot register /loky-1049845-h_859ynp for automatic cleanup: unknown resource type semlock
Traceback (most recent call last):
  File "/global/common/software/nersc/pe/conda-envs/26.1.0/python-3.13/nersc-python/lib/python3.13/multiprocessing/resource_tracker.py", line 371, in main
    raise ValueError(
        f'Cannot register {name} for automatic cleanup: '
        f'unknown resource type {rtype}')
ValueError: Cannot register /loky-1049845-qtmye0iq for automatic cleanup: unknown resource type semlock
Traceback (most recent call last):
  File "/global/common/software/nersc/pe/conda-envs/26.1.0/python-3.13/nersc-python/lib/python3.13/multiprocessing/resource_tracker.py", line 371, in main
    raise ValueError(
        f'Cannot register {name} for automatic cleanup: '
        f'unknown resource type {rtype}')
ValueError: Cannot register /loky-1049845-l3rt7x7o for automatic cleanup: unknown resource type semlock
Traceback (most recent call last):
  File "/global/common/software/nersc/pe/conda-envs/26.1.0/python-3.13/nersc-python/lib/python3.13/multiprocessing/resource_tracker.py", line 371, in main
    raise ValueError(
        f'Cannot register {name} for automatic cleanup: '
        f'unknown resource type {rtype}')
ValueError: Cannot register /loky-1049845-y5_4r40z for automatic cleanup: unknown resource type semlock
Traceback (most recent call last):
  File "/global/common/software/nersc/pe/conda-envs/26.1.0/python-3.13/nersc-python/lib/python3.13/multiprocessing/resource_tracker.py", line 371, in main
    raise ValueError(
        f'Cannot register {name} for automatic cleanup: '
        f'unknown resource type {rtype}')
ValueError: Cannot register /loky-1049845-mgbo_si8 for automatic cleanup: unknown resource type semlock
Traceback (most recent call last):
  File "/global/common/software/nersc/pe/conda-envs/26.1.0/python-3.13/nersc-python/lib/python3.13/multiprocessing/resource_tracker.py", line 371, in main
    raise ValueError(
        f'Cannot register {name} for automatic cleanup: '
        f'unknown resource type {rtype}')
ValueError: Cannot register /loky-1049845-3nps0959 for automatic cleanup: unknown resource type semlock
Traceback (most recent call last):
  File "/global/common/software/nersc/pe/conda-envs/26.1.0/python-3.13/nersc-python/lib/python3.13/multiprocessing/resource_tracker.py", line 371, in main
    raise ValueError(
        f'Cannot register {name} for automatic cleanup: '
        f'unknown resource type {rtype}')
ValueError: Cannot register /loky-1049845-u3qfhv7f for automatic cleanup: unknown resource type semlock
Traceback (most recent call last):
  File "/global/common/software/nersc/pe/conda-envs/26.1.0/python-3.13/nersc-python/lib/python3.13/multiprocessing/resource_tracker.py", line 371, in main
    raise ValueError(
        f'Cannot register {name} for automatic cleanup: '
        f'unknown resource type {rtype}')
ValueError: Cannot register /loky-1049845-9m_ky7kc for automatic cleanup: unknown resource type semlock
Traceback (most recent call last):
  File "/global/common/software/nersc/pe/conda-envs/26.1.0/python-3.13/nersc-python/lib/python3.13/multiprocessing/resource_tracker.py", line 371, in main
    raise ValueError(
        f'Cannot register {name} for automatic cleanup: '
        f'unknown resource type {rtype}')
ValueError: Cannot register /loky-1049845-t_hh706u for automatic cleanup: unknown resource type semlock
Traceback (most recent call last):
  File "/global/common/software/nersc/pe/conda-envs/26.1.0/python-3.13/nersc-python/lib/python3.13/multiprocessing/resource_tracker.py", line 371, in main
    raise ValueError(
        f'Cannot register {name} for automatic cleanup: '
        f'unknown resource type {rtype}')
ValueError: Cannot register /loky-1049845-3ter9l_i for automatic cleanup: unknown resource type semlock
Traceback (most recent call last):
  File "/global/common/software/nersc/pe/conda-envs/26.1.0/python-3.13/nersc-python/lib/python3.13/multiprocessing/resource_tracker.py", line 371, in main
    raise ValueError(
        f'Cannot register {name} for automatic cleanup: '
        f'unknown resource type {rtype}')
ValueError: Cannot register /loky-1049845-89ydx945 for automatic cleanup: unknown resource type semlock
Traceback (most recent call last):
  File "/global/common/software/nersc/pe/conda-envs/26.1.0/python-3.13/nersc-python/lib/python3.13/multiprocessing/resource_tracker.py", line 371, in main
    raise ValueError(
        f'Cannot register {name} for automatic cleanup: '
        f'unknown resource type {rtype}')
ValueError: Cannot register /loky-1049845-fbo1x3gk for automatic cleanup: unknown resource type semlock
Traceback (most recent call last):
  File "/global/common/software/nersc/pe/conda-envs/26.1.0/python-3.13/nersc-python/lib/python3.13/multiprocessing/resource_tracker.py", line 371, in main
    raise ValueError(
        f'Cannot register {name} for automatic cleanup: '
        f'unknown resource type {rtype}')
ValueError: Cannot register /loky-1049845-1hoig5oe for automatic cleanup: unknown resource type semlock
Traceback (most recent call last):
  File "/global/common/software/nersc/pe/conda-envs/26.1.0/python-3.13/nersc-python/lib/python3.13/multiprocessing/resource_tracker.py", line 371, in main
    raise ValueError(
        f'Cannot register {name} for automatic cleanup: '
        f'unknown resource type {rtype}')
ValueError: Cannot register /loky-1049845-6dkbd1ku for automatic cleanup: unknown resource type semlock
Traceback (most recent call last):
  File "/global/common/software/nersc/pe/conda-envs/26.1.0/python-3.13/nersc-python/lib/python3.13/multiprocessing/resource_tracker.py", line 371, in main
    raise ValueError(
        f'Cannot register {name} for automatic cleanup: '
        f'unknown resource type {rtype}')
ValueError: Cannot register /loky-1049845-i1px64fn for automatic cleanup: unknown resource type semlock
Traceback (most recent call last):
  File "/global/common/software/nersc/pe/conda-envs/26.1.0/python-3.13/nersc-python/lib/python3.13/multiprocessing/resource_tracker.py", line 371, in main
    raise ValueError(
        f'Cannot register {name} for automatic cleanup: '
        f'unknown resource type {rtype}')
ValueError: Cannot register /loky-1049845-jnqou0py for automatic cleanup: unknown resource type semlock
Traceback (most recent call last):
  File "/global/common/software/nersc/pe/conda-envs/26.1.0/python-3.13/nersc-python/lib/python3.13/multiprocessing/resource_tracker.py", line 371, in main
    raise ValueError(
        f'Cannot register {name} for automatic cleanup: '
        f'unknown resource type {rtype}')
ValueError: Cannot register /loky-1049845-bv18mobe for automatic cleanup: unknown resource type semlock
Traceback (most recent call last):
  File "/global/common/software/nersc/pe/conda-envs/26.1.0/python-3.13/nersc-python/lib/python3.13/multiprocessing/resource_tracker.py", line 371, in main
    raise ValueError(
        f'Cannot register {name} for automatic cleanup: '
        f'unknown resource type {rtype}')
ValueError: Cannot register /loky-1049845-yge27h0k for automatic cleanup: unknown resource type semlock
Traceback (most recent call last):
  File "/global/common/software/nersc/pe/conda-envs/26.1.0/python-3.13/nersc-python/lib/python3.13/multiprocessing/resource_tracker.py", line 371, in main
    raise ValueError(
        f'Cannot register {name} for automatic cleanup: '
        f'unknown resource type {rtype}')
ValueError: Cannot register /loky-1049845-w8x0cwey for automatic cleanup: unknown resource type semlock
Traceback (most recent call last):
  File "/global/common/software/nersc/pe/conda-envs/26.1.0/python-3.13/nersc-python/lib/python3.13/multiprocessing/resource_tracker.py", line 371, in main
    raise ValueError(
        f'Cannot register {name} for automatic cleanup: '
        f'unknown resource type {rtype}')
ValueError: Cannot register /loky-1049845-n_aw07vb for automatic cleanup: unknown resource type semlock
Traceback (most recent call last):
  File "/global/common/software/nersc/pe/conda-envs/26.1.0/python-3.13/nersc-python/lib/python3.13/multiprocessing/resource_tracker.py", line 371, in main
    raise ValueError(
        f'Cannot register {name} for automatic cleanup: '
        f'unknown resource type {rtype}')
ValueError: Cannot register /loky-1049845-aif9rxfe for automatic cleanup: unknown resource type semlock
Traceback (most recent call last):
  File "/global/common/software/nersc/pe/conda-envs/26.1.0/python-3.13/nersc-python/lib/python3.13/multiprocessing/resource_tracker.py", line 371, in main
    raise ValueError(
        f'Cannot register {name} for automatic cleanup: '
        f'unknown resource type {rtype}')
ValueError: Cannot register /loky-1049845-b69v8w76 for automatic cleanup: unknown resource type semlock
Traceback (most recent call last):
  File "/global/common/software/nersc/pe/conda-envs/26.1.0/python-3.13/nersc-python/lib/python3.13/multiprocessing/resource_tracker.py", line 371, in main
    raise ValueError(
        f'Cannot register {name} for automatic cleanup: '
        f'unknown resource type {rtype}')
ValueError: Cannot register /loky-1049845-pkgyse8y for automatic cleanup: unknown resource type semlock
Traceback (most recent call last):
  File "/global/common/software/nersc/pe/conda-envs/26.1.0/python-3.13/nersc-python/lib/python3.13/multiprocessing/resource_tracker.py", line 371, in main
    raise ValueError(
        f'Cannot register {name} for automatic cleanup: '
        f'unknown resource type {rtype}')
ValueError: Cannot register /loky-1049845-pb40g_72 for automatic cleanup: unknown resource type semlock
Traceback (most recent call last):
  File "/global/common/software/nersc/pe/conda-envs/26.1.0/python-3.13/nersc-python/lib/python3.13/multiprocessing/resource_tracker.py", line 371, in main
    raise ValueError(
        f'Cannot register {name} for automatic cleanup: '
        f'unknown resource type {rtype}')
ValueError: Cannot register /loky-1049845-md8tt9d3 for automatic cleanup: unknown resource type semlock
Traceback (most recent call last):
  File "/global/common/software/nersc/pe/conda-envs/26.1.0/python-3.13/nersc-python/lib/python3.13/multiprocessing/resource_tracker.py", line 371, in main
    raise ValueError(
        f'Cannot register {name} for automatic cleanup: '
        f'unknown resource type {rtype}')
ValueError: Cannot register /loky-1049845-7e97n1_u for automatic cleanup: unknown resource type semlock
Traceback (most recent call last):
  File "/global/common/software/nersc/pe/conda-envs/26.1.0/python-3.13/nersc-python/lib/python3.13/multiprocessing/resource_tracker.py", line 371, in main
    raise ValueError(
        f'Cannot register {name} for automatic cleanup: '
        f'unknown resource type {rtype}')
ValueError: Cannot register /loky-1049845-57y2ciii for automatic cleanup: unknown resource type semlock
Traceback (most recent call last):
  File "/global/common/software/nersc/pe/conda-envs/26.1.0/python-3.13/nersc-python/lib/python3.13/multiprocessing/resource_tracker.py", line 371, in main
    raise ValueError(
        f'Cannot register {name} for automatic cleanup: '
        f'unknown resource type {rtype}')
ValueError: Cannot register /loky-1049845-xfbe4o8i for automatic cleanup: unknown resource type semlock
Traceback (most recent call last):
  File "/global/common/software/nersc/pe/conda-envs/26.1.0/python-3.13/nersc-python/lib/python3.13/multiprocessing/resource_tracker.py", line 371, in main
    raise ValueError(
        f'Cannot register {name} for automatic cleanup: '
        f'unknown resource type {rtype}')
ValueError: Cannot register /loky-1049845-uolo2vi0 for automatic cleanup: unknown resource type semlock
Traceback (most recent call last):
  File "/global/common/software/nersc/pe/conda-envs/26.1.0/python-3.13/nersc-python/lib/python3.13/multiprocessing/resource_tracker.py", line 371, in main
    raise ValueError(
        f'Cannot register {name} for automatic cleanup: '
        f'unknown resource type {rtype}')
ValueError: Cannot register /loky-1049845-j4saextj for automatic cleanup: unknown resource type semlock
Traceback (most recent call last):
  File "/global/common/software/nersc/pe/conda-envs/26.1.0/python-3.13/nersc-python/lib/python3.13/multiprocessing/resource_tracker.py", line 371, in main
    raise ValueError(
        f'Cannot register {name} for automatic cleanup: '
        f'unknown resource type {rtype}')
ValueError: Cannot register /loky-1049845-1hlf390s for automatic cleanup: unknown resource type semlock
Traceback (most recent call last):
  File "/global/common/software/nersc/pe/conda-envs/26.1.0/python-3.13/nersc-python/lib/python3.13/multiprocessing/resource_tracker.py", line 371, in main
    raise ValueError(
        f'Cannot register {name} for automatic cleanup: '
        f'unknown resource type {rtype}')
ValueError: Cannot register /loky-1049845-rj4i5cnb for automatic cleanup: unknown resource type semlock
Traceback (most recent call last):
  File "/global/common/software/nersc/pe/conda-envs/26.1.0/python-3.13/nersc-python/lib/python3.13/multiprocessing/resource_tracker.py", line 371, in main
    raise ValueError(
        f'Cannot register {name} for automatic cleanup: '
        f'unknown resource type {rtype}')
ValueError: Cannot register /loky-1049845-pu4khbb5 for automatic cleanup: unknown resource type semlock
Traceback (most recent call last):
  File "/global/common/software/nersc/pe/conda-envs/26.1.0/python-3.13/nersc-python/lib/python3.13/multiprocessing/resource_tracker.py", line 371, in main
    raise ValueError(
        f'Cannot register {name} for automatic cleanup: '
        f'unknown resource type {rtype}')
ValueError: Cannot register /loky-1049845-1yt4bsbm for automatic cleanup: unknown resource type semlock
Traceback (most recent call last):
  File "/global/common/software/nersc/pe/conda-envs/26.1.0/python-3.13/nersc-python/lib/python3.13/multiprocessing/resource_tracker.py", line 371, in main
    raise ValueError(
        f'Cannot register {name} for automatic cleanup: '
        f'unknown resource type {rtype}')
ValueError: Cannot register /loky-1049845-6hehspcm for automatic cleanup: unknown resource type semlock
Traceback (most recent call last):
  File "/global/common/software/nersc/pe/conda-envs/26.1.0/python-3.13/nersc-python/lib/python3.13/multiprocessing/resource_tracker.py", line 371, in main
    raise ValueError(
        f'Cannot register {name} for automatic cleanup: '
        f'unknown resource type {rtype}')
ValueError: Cannot register /loky-1049845-iwhqmi5j for automatic cleanup: unknown resource type semlock
Traceback (most recent call last):
  File "/global/common/software/nersc/pe/conda-envs/26.1.0/python-3.13/nersc-python/lib/python3.13/multiprocessing/resource_tracker.py", line 371, in main
    raise ValueError(
        f'Cannot register {name} for automatic cleanup: '
        f'unknown resource type {rtype}')
ValueError: Cannot register /loky-1049845-ng0a_z30 for automatic cleanup: unknown resource type semlock
Traceback (most recent call last):
  File "/global/common/software/nersc/pe/conda-envs/26.1.0/python-3.13/nersc-python/lib/python3.13/multiprocessing/resource_tracker.py", line 371, in main
    raise ValueError(
        f'Cannot register {name} for automatic cleanup: '
        f'unknown resource type {rtype}')
ValueError: Cannot register /loky-1049845-oa118w5q for automatic cleanup: unknown resource type semlock
Traceback (most recent call last):
  File "/global/common/software/nersc/pe/conda-envs/26.1.0/python-3.13/nersc-python/lib/python3.13/multiprocessing/resource_tracker.py", line 371, in main
    raise ValueError(
        f'Cannot register {name} for automatic cleanup: '
        f'unknown resource type {rtype}')
ValueError: Cannot register /loky-1049845-lxdnd4qt for automatic cleanup: unknown resource type semlock
Traceback (most recent call last):
  File "/global/common/software/nersc/pe/conda-envs/26.1.0/python-3.13/nersc-python/lib/python3.13/multiprocessing/resource_tracker.py", line 371, in main
    raise ValueError(
        f'Cannot register {name} for automatic cleanup: '
        f'unknown resource type {rtype}')
ValueError: Cannot register /loky-1049845-8_stc4wp for automatic cleanup: unknown resource type semlock
Traceback (most recent call last):
  File "/global/common/software/nersc/pe/conda-envs/26.1.0/python-3.13/nersc-python/lib/python3.13/multiprocessing/resource_tracker.py", line 371, in main
    raise ValueError(
        f'Cannot register {name} for automatic cleanup: '
        f'unknown resource type {rtype}')
ValueError: Cannot register /loky-1049845-d_xz9qle for automatic cleanup: unknown resource type semlock
Traceback (most recent call last):
  File "/global/common/software/nersc/pe/conda-envs/26.1.0/python-3.13/nersc-python/lib/python3.13/multiprocessing/resource_tracker.py", line 371, in main
    raise ValueError(
        f'Cannot register {name} for automatic cleanup: '
        f'unknown resource type {rtype}')
ValueError: Cannot register /loky-1049845-iu0xwi60 for automatic cleanup: unknown resource type semlock
Traceback (most recent call last):
  File "/global/common/software/nersc/pe/conda-envs/26.1.0/python-3.13/nersc-python/lib/python3.13/multiprocessing/resource_tracker.py", line 371, in main
    raise ValueError(
        f'Cannot register {name} for automatic cleanup: '
        f'unknown resource type {rtype}')
ValueError: Cannot register /loky-1049845-l1mrzm9e for automatic cleanup: unknown resource type semlock
Traceback (most recent call last):
  File "/global/common/software/nersc/pe/conda-envs/26.1.0/python-3.13/nersc-python/lib/python3.13/multiprocessing/resource_tracker.py", line 371, in main
    raise ValueError(
        f'Cannot register {name} for automatic cleanup: '
        f'unknown resource type {rtype}')
ValueError: Cannot register /loky-1049845-dhr5r72v for automatic cleanup: unknown resource type semlock
Traceback (most recent call last):
  File "/global/common/software/nersc/pe/conda-envs/26.1.0/python-3.13/nersc-python/lib/python3.13/multiprocessing/resource_tracker.py", line 371, in main
    raise ValueError(
        f'Cannot register {name} for automatic cleanup: '
        f'unknown resource type {rtype}')
ValueError: Cannot register /loky-1049845-r8ck4b06 for automatic cleanup: unknown resource type semlock
Traceback (most recent call last):
  File "/global/common/software/nersc/pe/conda-envs/26.1.0/python-3.13/nersc-python/lib/python3.13/multiprocessing/resource_tracker.py", line 371, in main
    raise ValueError(
        f'Cannot register {name} for automatic cleanup: '
        f'unknown resource type {rtype}')
ValueError: Cannot register /loky-1049845-x336z3_k for automatic cleanup: unknown resource type semlock
Traceback (most recent call last):
  File "/global/common/software/nersc/pe/conda-envs/26.1.0/python-3.13/nersc-python/lib/python3.13/multiprocessing/resource_tracker.py", line 371, in main
    raise ValueError(
        f'Cannot register {name} for automatic cleanup: '
        f'unknown resource type {rtype}')
ValueError: Cannot register /loky-1049845-crden8vi for automatic cleanup: unknown resource type semlock
Traceback (most recent call last):
  File "/global/common/software/nersc/pe/conda-envs/26.1.0/python-3.13/nersc-python/lib/python3.13/multiprocessing/resource_tracker.py", line 371, in main
    raise ValueError(
        f'Cannot register {name} for automatic cleanup: '
        f'unknown resource type {rtype}')
ValueError: Cannot register /loky-1049845-smo2bvtf for automatic cleanup: unknown resource type semlock
Traceback (most recent call last):
  File "/global/common/software/nersc/pe/conda-envs/26.1.0/python-3.13/nersc-python/lib/python3.13/multiprocessing/resource_tracker.py", line 371, in main
    raise ValueError(
        f'Cannot register {name} for automatic cleanup: '
        f'unknown resource type {rtype}')
ValueError: Cannot register /loky-1049845-7gkyq00e for automatic cleanup: unknown resource type semlock
Traceback (most recent call last):
  File "/global/common/software/nersc/pe/conda-envs/26.1.0/python-3.13/nersc-python/lib/python3.13/multiprocessing/resource_tracker.py", line 371, in main
    raise ValueError(
        f'Cannot register {name} for automatic cleanup: '
        f'unknown resource type {rtype}')
ValueError: Cannot register /loky-1049845-ln1jl7d9 for automatic cleanup: unknown resource type semlock
Traceback (most recent call last):
  File "/global/common/software/nersc/pe/conda-envs/26.1.0/python-3.13/nersc-python/lib/python3.13/multiprocessing/resource_tracker.py", line 371, in main
    raise ValueError(
        f'Cannot register {name} for automatic cleanup: '
        f'unknown resource type {rtype}')
ValueError: Cannot register /loky-1049845-sv5m_elg for automatic cleanup: unknown resource type semlock
Traceback (most recent call last):
  File "/global/common/software/nersc/pe/conda-envs/26.1.0/python-3.13/nersc-python/lib/python3.13/multiprocessing/resource_tracker.py", line 371, in main
    raise ValueError(
        f'Cannot register {name} for automatic cleanup: '
        f'unknown resource type {rtype}')
ValueError: Cannot register /loky-1049845-ym18br2f for automatic cleanup: unknown resource type semlock
Traceback (most recent call last):
  File "/global/common/software/nersc/pe/conda-envs/26.1.0/python-3.13/nersc-python/lib/python3.13/multiprocessing/resource_tracker.py", line 371, in main
    raise ValueError(
        f'Cannot register {name} for automatic cleanup: '
        f'unknown resource type {rtype}')
ValueError: Cannot register /loky-1049845-gcu5l8n7 for automatic cleanup: unknown resource type semlock
Traceback (most recent call last):
  File "/global/common/software/nersc/pe/conda-envs/26.1.0/python-3.13/nersc-python/lib/python3.13/multiprocessing/resource_tracker.py", line 371, in main
    raise ValueError(
        f'Cannot register {name} for automatic cleanup: '
        f'unknown resource type {rtype}')
ValueError: Cannot register /loky-1049845-bybsmc6g for automatic cleanup: unknown resource type semlock
Traceback (most recent call last):
  File "/global/common/software/nersc/pe/conda-envs/26.1.0/python-3.13/nersc-python/lib/python3.13/multiprocessing/resource_tracker.py", line 371, in main
    raise ValueError(
        f'Cannot register {name} for automatic cleanup: '
        f'unknown resource type {rtype}')
ValueError: Cannot register /loky-1049845-wx1w3ljk for automatic cleanup: unknown resource type semlock
Traceback (most recent call last):
  File "/global/common/software/nersc/pe/conda-envs/26.1.0/python-3.13/nersc-python/lib/python3.13/multiprocessing/resource_tracker.py", line 371, in main
    raise ValueError(
        f'Cannot register {name} for automatic cleanup: '
        f'unknown resource type {rtype}')
ValueError: Cannot register /loky-1049845-s_ahq1x4 for automatic cleanup: unknown resource type semlock
Traceback (most recent call last):
  File "/global/common/software/nersc/pe/conda-envs/26.1.0/python-3.13/nersc-python/lib/python3.13/multiprocessing/resource_tracker.py", line 371, in main
    raise ValueError(
        f'Cannot register {name} for automatic cleanup: '
        f'unknown resource type {rtype}')
ValueError: Cannot register /loky-1049845-a5jchpw2 for automatic cleanup: unknown resource type semlock
Traceback (most recent call last):
  File "/global/common/software/nersc/pe/conda-envs/26.1.0/python-3.13/nersc-python/lib/python3.13/multiprocessing/resource_tracker.py", line 371, in main
    raise ValueError(
        f'Cannot register {name} for automatic cleanup: '
        f'unknown resource type {rtype}')
ValueError: Cannot register /loky-1049845-ld1um_kl for automatic cleanup: unknown resource type semlock
Traceback (most recent call last):
  File "/global/common/software/nersc/pe/conda-envs/26.1.0/python-3.13/nersc-python/lib/python3.13/multiprocessing/resource_tracker.py", line 371, in main
    raise ValueError(
        f'Cannot register {name} for automatic cleanup: '
        f'unknown resource type {rtype}')
ValueError: Cannot register /loky-1049845-3dnsdjw8 for automatic cleanup: unknown resource type semlock
Traceback (most recent call last):
  File "/global/common/software/nersc/pe/conda-envs/26.1.0/python-3.13/nersc-python/lib/python3.13/multiprocessing/resource_tracker.py", line 371, in main
    raise ValueError(
        f'Cannot register {name} for automatic cleanup: '
        f'unknown resource type {rtype}')
ValueError: Cannot register /loky-1049845-0kpc0wrv for automatic cleanup: unknown resource type semlock
Traceback (most recent call last):
  File "/global/common/software/nersc/pe/conda-envs/26.1.0/python-3.13/nersc-python/lib/python3.13/multiprocessing/resource_tracker.py", line 371, in main
    raise ValueError(
        f'Cannot register {name} for automatic cleanup: '
        f'unknown resource type {rtype}')
ValueError: Cannot register /loky-1049845-iv4l9fyj for automatic cleanup: unknown resource type semlock
Traceback (most recent call last):
  File "/global/common/software/nersc/pe/conda-envs/26.1.0/python-3.13/nersc-python/lib/python3.13/multiprocessing/resource_tracker.py", line 371, in main
    raise ValueError(
        f'Cannot register {name} for automatic cleanup: '
        f'unknown resource type {rtype}')
ValueError: Cannot register /loky-1049845-2t5zqzyv for automatic cleanup: unknown resource type semlock
Traceback (most recent call last):
  File "/global/common/software/nersc/pe/conda-envs/26.1.0/python-3.13/nersc-python/lib/python3.13/multiprocessing/resource_tracker.py", line 371, in main
    raise ValueError(
        f'Cannot register {name} for automatic cleanup: '
        f'unknown resource type {rtype}')
ValueError: Cannot register /loky-1049845-vpmw40qy for automatic cleanup: unknown resource type semlock
Traceback (most recent call last):
  File "/global/common/software/nersc/pe/conda-envs/26.1.0/python-3.13/nersc-python/lib/python3.13/multiprocessing/resource_tracker.py", line 371, in main
    raise ValueError(
        f'Cannot register {name} for automatic cleanup: '
        f'unknown resource type {rtype}')
ValueError: Cannot register /loky-1049845-vohhlmnr for automatic cleanup: unknown resource type semlock
Traceback (most recent call last):
  File "/global/common/software/nersc/pe/conda-envs/26.1.0/python-3.13/nersc-python/lib/python3.13/multiprocessing/resource_tracker.py", line 371, in main
    raise ValueError(
        f'Cannot register {name} for automatic cleanup: '
        f'unknown resource type {rtype}')
ValueError: Cannot register /loky-1049845-ergjqcm8 for automatic cleanup: unknown resource type semlock
Traceback (most recent call last):
  File "/global/common/software/nersc/pe/conda-envs/26.1.0/python-3.13/nersc-python/lib/python3.13/multiprocessing/resource_tracker.py", line 371, in main
    raise ValueError(
        f'Cannot register {name} for automatic cleanup: '
        f'unknown resource type {rtype}')
ValueError: Cannot register /loky-1049845-w98aa0uc for automatic cleanup: unknown resource type semlock
Traceback (most recent call last):
  File "/global/common/software/nersc/pe/conda-envs/26.1.0/python-3.13/nersc-python/lib/python3.13/multiprocessing/resource_tracker.py", line 371, in main
    raise ValueError(
        f'Cannot register {name} for automatic cleanup: '
        f'unknown resource type {rtype}')
ValueError: Cannot register /loky-1049845-_dl9ptk9 for automatic cleanup: unknown resource type semlock
Traceback (most recent call last):
  File "/global/common/software/nersc/pe/conda-envs/26.1.0/python-3.13/nersc-python/lib/python3.13/multiprocessing/resource_tracker.py", line 371, in main
    raise ValueError(
        f'Cannot register {name} for automatic cleanup: '
        f'unknown resource type {rtype}')
ValueError: Cannot register /loky-1049845-_vfnjmo3 for automatic cleanup: unknown resource type semlock
Traceback (most recent call last):
  File "/global/common/software/nersc/pe/conda-envs/26.1.0/python-3.13/nersc-python/lib/python3.13/multiprocessing/resource_tracker.py", line 371, in main
    raise ValueError(
        f'Cannot register {name} for automatic cleanup: '
        f'unknown resource type {rtype}')
ValueError: Cannot register /loky-1049845-i23hbef8 for automatic cleanup: unknown resource type semlock
Traceback (most recent call last):
  File "/global/common/software/nersc/pe/conda-envs/26.1.0/python-3.13/nersc-python/lib/python3.13/multiprocessing/resource_tracker.py", line 371, in main
    raise ValueError(
        f'Cannot register {name} for automatic cleanup: '
        f'unknown resource type {rtype}')
ValueError: Cannot register /loky-1049845-agqwrlsy for automatic cleanup: unknown resource type semlock
Traceback (most recent call last):
  File "/global/common/software/nersc/pe/conda-envs/26.1.0/python-3.13/nersc-python/lib/python3.13/multiprocessing/resource_tracker.py", line 371, in main
    raise ValueError(
        f'Cannot register {name} for automatic cleanup: '
        f'unknown resource type {rtype}')
ValueError: Cannot register /loky-1049845-ky7wh4s_ for automatic cleanup: unknown resource type semlock
Traceback (most recent call last):
  File "/global/common/software/nersc/pe/conda-envs/26.1.0/python-3.13/nersc-python/lib/python3.13/multiprocessing/resource_tracker.py", line 371, in main
    raise ValueError(
        f'Cannot register {name} for automatic cleanup: '
        f'unknown resource type {rtype}')
ValueError: Cannot register /loky-1049845-ww2r8gs9 for automatic cleanup: unknown resource type semlock
Traceback (most recent call last):
  File "/global/common/software/nersc/pe/conda-envs/26.1.0/python-3.13/nersc-python/lib/python3.13/multiprocessing/resource_tracker.py", line 371, in main
    raise ValueError(
        f'Cannot register {name} for automatic cleanup: '
        f'unknown resource type {rtype}')
ValueError: Cannot register /loky-1049845-n24k8m02 for automatic cleanup: unknown resource type semlock
Traceback (most recent call last):
  File "/global/common/software/nersc/pe/conda-envs/26.1.0/python-3.13/nersc-python/lib/python3.13/multiprocessing/resource_tracker.py", line 371, in main
    raise ValueError(
        f'Cannot register {name} for automatic cleanup: '
        f'unknown resource type {rtype}')
ValueError: Cannot register /loky-1049845-1p3kfj_i for automatic cleanup: unknown resource type semlock
Traceback (most recent call last):
  File "/global/common/software/nersc/pe/conda-envs/26.1.0/python-3.13/nersc-python/lib/python3.13/multiprocessing/resource_tracker.py", line 371, in main
    raise ValueError(
        f'Cannot register {name} for automatic cleanup: '
        f'unknown resource type {rtype}')
ValueError: Cannot register /loky-1049845-_avf0rjf for automatic cleanup: unknown resource type semlock
Traceback (most recent call last):
  File "/global/common/software/nersc/pe/conda-envs/26.1.0/python-3.13/nersc-python/lib/python3.13/multiprocessing/resource_tracker.py", line 371, in main
    raise ValueError(
        f'Cannot register {name} for automatic cleanup: '
        f'unknown resource type {rtype}')
ValueError: Cannot register /loky-1049845-kea04af4 for automatic cleanup: unknown resource type semlock
Traceback (most recent call last):
  File "/global/common/software/nersc/pe/conda-envs/26.1.0/python-3.13/nersc-python/lib/python3.13/multiprocessing/resource_tracker.py", line 371, in main
    raise ValueError(
        f'Cannot register {name} for automatic cleanup: '
        f'unknown resource type {rtype}')
ValueError: Cannot register /loky-1049845-j590aodd for automatic cleanup: unknown resource type semlock
Traceback (most recent call last):
  File "/global/common/software/nersc/pe/conda-envs/26.1.0/python-3.13/nersc-python/lib/python3.13/multiprocessing/resource_tracker.py", line 371, in main
    raise ValueError(
        f'Cannot register {name} for automatic cleanup: '
        f'unknown resource type {rtype}')
ValueError: Cannot register /loky-1049845-dmedyu0d for automatic cleanup: unknown resource type semlock
Traceback (most recent call last):
  File "/global/common/software/nersc/pe/conda-envs/26.1.0/python-3.13/nersc-python/lib/python3.13/multiprocessing/resource_tracker.py", line 371, in main
    raise ValueError(
        f'Cannot register {name} for automatic cleanup: '
        f'unknown resource type {rtype}')
ValueError: Cannot register /loky-1049845-ow4jkdn9 for automatic cleanup: unknown resource type semlock
Traceback (most recent call last):
  File "/global/common/software/nersc/pe/conda-envs/26.1.0/python-3.13/nersc-python/lib/python3.13/multiprocessing/resource_tracker.py", line 371, in main
    raise ValueError(
        f'Cannot register {name} for automatic cleanup: '
        f'unknown resource type {rtype}')
ValueError: Cannot register /loky-1049845-wlmm04xe for automatic cleanup: unknown resource type semlock
Traceback (most recent call last):
  File "/global/common/software/nersc/pe/conda-envs/26.1.0/python-3.13/nersc-python/lib/python3.13/multiprocessing/resource_tracker.py", line 371, in main
    raise ValueError(
        f'Cannot register {name} for automatic cleanup: '
        f'unknown resource type {rtype}')
ValueError: Cannot register /loky-1049845-_ec2gx7p for automatic cleanup: unknown resource type semlock
Traceback (most recent call last):
  File "/global/common/software/nersc/pe/conda-envs/26.1.0/python-3.13/nersc-python/lib/python3.13/multiprocessing/resource_tracker.py", line 371, in main
    raise ValueError(
        f'Cannot register {name} for automatic cleanup: '
        f'unknown resource type {rtype}')
ValueError: Cannot register /loky-1049845-ymvzvcxe for automatic cleanup: unknown resource type semlock
Traceback (most recent call last):
  File "/global/common/software/nersc/pe/conda-envs/26.1.0/python-3.13/nersc-python/lib/python3.13/multiprocessing/resource_tracker.py", line 371, in main
    raise ValueError(
        f'Cannot register {name} for automatic cleanup: '
        f'unknown resource type {rtype}')
ValueError: Cannot register /loky-1049845-s9e4b4ad for automatic cleanup: unknown resource type semlock
Traceback (most recent call last):
  File "/global/common/software/nersc/pe/conda-envs/26.1.0/python-3.13/nersc-python/lib/python3.13/multiprocessing/resource_tracker.py", line 371, in main
    raise ValueError(
        f'Cannot register {name} for automatic cleanup: '
        f'unknown resource type {rtype}')
ValueError: Cannot register /loky-1049845-64g1zpet for automatic cleanup: unknown resource type semlock
Traceback (most recent call last):
  File "/global/common/software/nersc/pe/conda-envs/26.1.0/python-3.13/nersc-python/lib/python3.13/multiprocessing/resource_tracker.py", line 371, in main
    raise ValueError(
        f'Cannot register {name} for automatic cleanup: '
        f'unknown resource type {rtype}')
ValueError: Cannot register /loky-1049845-zjxzf4d0 for automatic cleanup: unknown resource type semlock
Traceback (most recent call last):
  File "/global/common/software/nersc/pe/conda-envs/26.1.0/python-3.13/nersc-python/lib/python3.13/multiprocessing/resource_tracker.py", line 371, in main
    raise ValueError(
        f'Cannot register {name} for automatic cleanup: '
        f'unknown resource type {rtype}')
ValueError: Cannot register /loky-1049845-7ur88yxi for automatic cleanup: unknown resource type semlock
Traceback (most recent call last):
  File "/global/common/software/nersc/pe/conda-envs/26.1.0/python-3.13/nersc-python/lib/python3.13/multiprocessing/resource_tracker.py", line 371, in main
    raise ValueError(
        f'Cannot register {name} for automatic cleanup: '
        f'unknown resource type {rtype}')
ValueError: Cannot register /loky-1049845-x5t0tzjm for automatic cleanup: unknown resource type semlock
Traceback (most recent call last):
  File "/global/common/software/nersc/pe/conda-envs/26.1.0/python-3.13/nersc-python/lib/python3.13/multiprocessing/resource_tracker.py", line 371, in main
    raise ValueError(
        f'Cannot register {name} for automatic cleanup: '
        f'unknown resource type {rtype}')
ValueError: Cannot register /loky-1049845-0bnb9mpg for automatic cleanup: unknown resource type semlock
Traceback (most recent call last):
  File "/global/common/software/nersc/pe/conda-envs/26.1.0/python-3.13/nersc-python/lib/python3.13/multiprocessing/resource_tracker.py", line 371, in main
    raise ValueError(
        f'Cannot register {name} for automatic cleanup: '
        f'unknown resource type {rtype}')
ValueError: Cannot register /loky-1049845-6mwjm3jc for automatic cleanup: unknown resource type semlock
Traceback (most recent call last):
  File "/global/common/software/nersc/pe/conda-envs/26.1.0/python-3.13/nersc-python/lib/python3.13/multiprocessing/resource_tracker.py", line 371, in main
    raise ValueError(
        f'Cannot register {name} for automatic cleanup: '
        f'unknown resource type {rtype}')
ValueError: Cannot register /loky-1049845-e_yzj5zr for automatic cleanup: unknown resource type semlock
Traceback (most recent call last):
  File "/global/common/software/nersc/pe/conda-envs/26.1.0/python-3.13/nersc-python/lib/python3.13/multiprocessing/resource_tracker.py", line 371, in main
    raise ValueError(
        f'Cannot register {name} for automatic cleanup: '
        f'unknown resource type {rtype}')
ValueError: Cannot register /loky-1049845-qpdsxm0r for automatic cleanup: unknown resource type semlock
Traceback (most recent call last):
  File "/global/common/software/nersc/pe/conda-envs/26.1.0/python-3.13/nersc-python/lib/python3.13/multiprocessing/resource_tracker.py", line 371, in main
    raise ValueError(
        f'Cannot register {name} for automatic cleanup: '
        f'unknown resource type {rtype}')
ValueError: Cannot register /loky-1049845-l5n29qi9 for automatic cleanup: unknown resource type semlock
Traceback (most recent call last):
  File "/global/common/software/nersc/pe/conda-envs/26.1.0/python-3.13/nersc-python/lib/python3.13/multiprocessing/resource_tracker.py", line 371, in main
    raise ValueError(
        f'Cannot register {name} for automatic cleanup: '
        f'unknown resource type {rtype}')
ValueError: Cannot register /loky-1049845-7vzps6c8 for automatic cleanup: unknown resource type semlock
Traceback (most recent call last):
  File "/global/common/software/nersc/pe/conda-envs/26.1.0/python-3.13/nersc-python/lib/python3.13/multiprocessing/resource_tracker.py", line 371, in main
    raise ValueError(
        f'Cannot register {name} for automatic cleanup: '
        f'unknown resource type {rtype}')
ValueError: Cannot register /loky-1049845-lri5o1me for automatic cleanup: unknown resource type semlock
Traceback (most recent call last):
  File "/global/common/software/nersc/pe/conda-envs/26.1.0/python-3.13/nersc-python/lib/python3.13/multiprocessing/resource_tracker.py", line 371, in main
    raise ValueError(
        f'Cannot register {name} for automatic cleanup: '
        f'unknown resource type {rtype}')
ValueError: Cannot register /loky-1049845-f5wx5c1o for automatic cleanup: unknown resource type semlock
Traceback (most recent call last):
  File "/global/common/software/nersc/pe/conda-envs/26.1.0/python-3.13/nersc-python/lib/python3.13/multiprocessing/resource_tracker.py", line 371, in main
    raise ValueError(
        f'Cannot register {name} for automatic cleanup: '
        f'unknown resource type {rtype}')
ValueError: Cannot register /loky-1049845-7g2ho1sd for automatic cleanup: unknown resource type semlock
Traceback (most recent call last):
  File "/global/common/software/nersc/pe/conda-envs/26.1.0/python-3.13/nersc-python/lib/python3.13/multiprocessing/resource_tracker.py", line 371, in main
    raise ValueError(
        f'Cannot register {name} for automatic cleanup: '
        f'unknown resource type {rtype}')
ValueError: Cannot register /loky-1049845-fir1ru5c for automatic cleanup: unknown resource type semlock
Traceback (most recent call last):
  File "/global/common/software/nersc/pe/conda-envs/26.1.0/python-3.13/nersc-python/lib/python3.13/multiprocessing/resource_tracker.py", line 371, in main
    raise ValueError(
        f'Cannot register {name} for automatic cleanup: '
        f'unknown resource type {rtype}')
ValueError: Cannot register /loky-1049845-2qbk7a4e for automatic cleanup: unknown resource type semlock
Traceback (most recent call last):
  File "/global/common/software/nersc/pe/conda-envs/26.1.0/python-3.13/nersc-python/lib/python3.13/multiprocessing/resource_tracker.py", line 371, in main
    raise ValueError(
        f'Cannot register {name} for automatic cleanup: '
        f'unknown resource type {rtype}')
ValueError: Cannot register /loky-1049845-ujj4qt6i for automatic cleanup: unknown resource type semlock
Traceback (most recent call last):
  File "/global/common/software/nersc/pe/conda-envs/26.1.0/python-3.13/nersc-python/lib/python3.13/multiprocessing/resource_tracker.py", line 371, in main
    raise ValueError(
        f'Cannot register {name} for automatic cleanup: '
        f'unknown resource type {rtype}')
ValueError: Cannot register /loky-1049845-usosal3l for automatic cleanup: unknown resource type semlock
Traceback (most recent call last):
  File "/global/common/software/nersc/pe/conda-envs/26.1.0/python-3.13/nersc-python/lib/python3.13/multiprocessing/resource_tracker.py", line 371, in main
    raise ValueError(
        f'Cannot register {name} for automatic cleanup: '
        f'unknown resource type {rtype}')
ValueError: Cannot register /loky-1049845-y71c7qji for automatic cleanup: unknown resource type semlock
Traceback (most recent call last):
  File "/global/common/software/nersc/pe/conda-envs/26.1.0/python-3.13/nersc-python/lib/python3.13/multiprocessing/resource_tracker.py", line 371, in main
    raise ValueError(
        f'Cannot register {name} for automatic cleanup: '
        f'unknown resource type {rtype}')
ValueError: Cannot register /loky-1049845-98r6l97s for automatic cleanup: unknown resource type semlock
Traceback (most recent call last):
  File "/global/common/software/nersc/pe/conda-envs/26.1.0/python-3.13/nersc-python/lib/python3.13/multiprocessing/resource_tracker.py", line 371, in main
    raise ValueError(
        f'Cannot register {name} for automatic cleanup: '
        f'unknown resource type {rtype}')
ValueError: Cannot register /loky-1049845-197730az for automatic cleanup: unknown resource type semlock
Traceback (most recent call last):
  File "/global/common/software/nersc/pe/conda-envs/26.1.0/python-3.13/nersc-python/lib/python3.13/multiprocessing/resource_tracker.py", line 371, in main
    raise ValueError(
        f'Cannot register {name} for automatic cleanup: '
        f'unknown resource type {rtype}')
ValueError: Cannot register /loky-1049845-4kcxzvvv for automatic cleanup: unknown resource type semlock
Traceback (most recent call last):
  File "/global/common/software/nersc/pe/conda-envs/26.1.0/python-3.13/nersc-python/lib/python3.13/multiprocessing/resource_tracker.py", line 371, in main
    raise ValueError(
        f'Cannot register {name} for automatic cleanup: '
        f'unknown resource type {rtype}')
ValueError: Cannot register /loky-1049845-itfgvbg0 for automatic cleanup: unknown resource type semlock
Traceback (most recent call last):
  File "/global/common/software/nersc/pe/conda-envs/26.1.0/python-3.13/nersc-python/lib/python3.13/multiprocessing/resource_tracker.py", line 371, in main
    raise ValueError(
        f'Cannot register {name} for automatic cleanup: '
        f'unknown resource type {rtype}')
ValueError: Cannot register /loky-1049845-mn6k1_a8 for automatic cleanup: unknown resource type semlock
Traceback (most recent call last):
  File "/global/common/software/nersc/pe/conda-envs/26.1.0/python-3.13/nersc-python/lib/python3.13/multiprocessing/resource_tracker.py", line 371, in main
    raise ValueError(
        f'Cannot register {name} for automatic cleanup: '
        f'unknown resource type {rtype}')
ValueError: Cannot register /loky-1049845-b117629f for automatic cleanup: unknown resource type semlock
Traceback (most recent call last):
  File "/global/common/software/nersc/pe/conda-envs/26.1.0/python-3.13/nersc-python/lib/python3.13/multiprocessing/resource_tracker.py", line 371, in main
    raise ValueError(
        f'Cannot register {name} for automatic cleanup: '
        f'unknown resource type {rtype}')
ValueError: Cannot register /loky-1049845-5ezh8zue for automatic cleanup: unknown resource type semlock
Traceback (most recent call last):
  File "/global/common/software/nersc/pe/conda-envs/26.1.0/python-3.13/nersc-python/lib/python3.13/multiprocessing/resource_tracker.py", line 371, in main
    raise ValueError(
        f'Cannot register {name} for automatic cleanup: '
        f'unknown resource type {rtype}')
ValueError: Cannot register /loky-1049845-3byhhz53 for automatic cleanup: unknown resource type semlock
Traceback (most recent call last):
  File "/global/common/software/nersc/pe/conda-envs/26.1.0/python-3.13/nersc-python/lib/python3.13/multiprocessing/resource_tracker.py", line 371, in main
    raise ValueError(
        f'Cannot register {name} for automatic cleanup: '
        f'unknown resource type {rtype}')
ValueError: Cannot register /loky-1049845-y1rw9579 for automatic cleanup: unknown resource type semlock
Traceback (most recent call last):
  File "/global/common/software/nersc/pe/conda-envs/26.1.0/python-3.13/nersc-python/lib/python3.13/multiprocessing/resource_tracker.py", line 371, in main
    raise ValueError(
        f'Cannot register {name} for automatic cleanup: '
        f'unknown resource type {rtype}')
ValueError: Cannot register /loky-1049845-dt9geg_y for automatic cleanup: unknown resource type semlock
Traceback (most recent call last):
  File "/global/common/software/nersc/pe/conda-envs/26.1.0/python-3.13/nersc-python/lib/python3.13/multiprocessing/resource_tracker.py", line 371, in main
    raise ValueError(
        f'Cannot register {name} for automatic cleanup: '
        f'unknown resource type {rtype}')
ValueError: Cannot register /loky-1049845-73x_933x for automatic cleanup: unknown resource type semlock
Traceback (most recent call last):
  File "/global/common/software/nersc/pe/conda-envs/26.1.0/python-3.13/nersc-python/lib/python3.13/multiprocessing/resource_tracker.py", line 371, in main
    raise ValueError(
        f'Cannot register {name} for automatic cleanup: '
        f'unknown resource type {rtype}')
ValueError: Cannot register /loky-1049845-q8zycvp1 for automatic cleanup: unknown resource type semlock
Traceback (most recent call last):
  File "/global/common/software/nersc/pe/conda-envs/26.1.0/python-3.13/nersc-python/lib/python3.13/multiprocessing/resource_tracker.py", line 371, in main
    raise ValueError(
        f'Cannot register {name} for automatic cleanup: '
        f'unknown resource type {rtype}')
ValueError: Cannot register /loky-1049845-df2tr5rp for automatic cleanup: unknown resource type semlock
Traceback (most recent call last):
  File "/global/common/software/nersc/pe/conda-envs/26.1.0/python-3.13/nersc-python/lib/python3.13/multiprocessing/resource_tracker.py", line 371, in main
    raise ValueError(
        f'Cannot register {name} for automatic cleanup: '
        f'unknown resource type {rtype}')
ValueError: Cannot register /loky-1049845-n3e0vmbn for automatic cleanup: unknown resource type semlock
Traceback (most recent call last):
  File "/global/common/software/nersc/pe/conda-envs/26.1.0/python-3.13/nersc-python/lib/python3.13/multiprocessing/resource_tracker.py", line 371, in main
    raise ValueError(
        f'Cannot register {name} for automatic cleanup: '
        f'unknown resource type {rtype}')
ValueError: Cannot register /loky-1049845-7e6opxj6 for automatic cleanup: unknown resource type semlock
Traceback (most recent call last):
  File "/global/common/software/nersc/pe/conda-envs/26.1.0/python-3.13/nersc-python/lib/python3.13/multiprocessing/resource_tracker.py", line 371, in main
    raise ValueError(
        f'Cannot register {name} for automatic cleanup: '
        f'unknown resource type {rtype}')
ValueError: Cannot register /loky-1049845-24fd8gil for automatic cleanup: unknown resource type semlock
Traceback (most recent call last):
  File "/global/common/software/nersc/pe/conda-envs/26.1.0/python-3.13/nersc-python/lib/python3.13/multiprocessing/resource_tracker.py", line 371, in main
    raise ValueError(
        f'Cannot register {name} for automatic cleanup: '
        f'unknown resource type {rtype}')
ValueError: Cannot register /loky-1049845-x5fvwj7q for automatic cleanup: unknown resource type semlock
Traceback (most recent call last):
  File "/global/common/software/nersc/pe/conda-envs/26.1.0/python-3.13/nersc-python/lib/python3.13/multiprocessing/resource_tracker.py", line 371, in main
    raise ValueError(
        f'Cannot register {name} for automatic cleanup: '
        f'unknown resource type {rtype}')
ValueError: Cannot register /loky-1049845-lknrvjmc for automatic cleanup: unknown resource type semlock
Traceback (most recent call last):
  File "/global/common/software/nersc/pe/conda-envs/26.1.0/python-3.13/nersc-python/lib/python3.13/multiprocessing/resource_tracker.py", line 371, in main
    raise ValueError(
        f'Cannot register {name} for automatic cleanup: '
        f'unknown resource type {rtype}')
ValueError: Cannot register /loky-1049845-atlxacmb for automatic cleanup: unknown resource type semlock
Traceback (most recent call last):
  File "/global/common/software/nersc/pe/conda-envs/26.1.0/python-3.13/nersc-python/lib/python3.13/multiprocessing/resource_tracker.py", line 371, in main
    raise ValueError(
        f'Cannot register {name} for automatic cleanup: '
        f'unknown resource type {rtype}')
ValueError: Cannot register /loky-1049845-_dk40d50 for automatic cleanup: unknown resource type semlock
Traceback (most recent call last):
  File "/global/common/software/nersc/pe/conda-envs/26.1.0/python-3.13/nersc-python/lib/python3.13/multiprocessing/resource_tracker.py", line 371, in main
    raise ValueError(
        f'Cannot register {name} for automatic cleanup: '
        f'unknown resource type {rtype}')
ValueError: Cannot register /loky-1049845-1meyn646 for automatic cleanup: unknown resource type semlock
Traceback (most recent call last):
  File "/global/common/software/nersc/pe/conda-envs/26.1.0/python-3.13/nersc-python/lib/python3.13/multiprocessing/resource_tracker.py", line 371, in main
    raise ValueError(
        f'Cannot register {name} for automatic cleanup: '
        f'unknown resource type {rtype}')
ValueError: Cannot register /loky-1049845-efh8ifn3 for automatic cleanup: unknown resource type semlock
Traceback (most recent call last):
  File "/global/common/software/nersc/pe/conda-envs/26.1.0/python-3.13/nersc-python/lib/python3.13/multiprocessing/resource_tracker.py", line 371, in main
    raise ValueError(
        f'Cannot register {name} for automatic cleanup: '
        f'unknown resource type {rtype}')
ValueError: Cannot register /loky-1049845-cxpmeosm for automatic cleanup: unknown resource type semlock
Traceback (most recent call last):
  File "/global/common/software/nersc/pe/conda-envs/26.1.0/python-3.13/nersc-python/lib/python3.13/multiprocessing/resource_tracker.py", line 371, in main
    raise ValueError(
        f'Cannot register {name} for automatic cleanup: '
        f'unknown resource type {rtype}')
ValueError: Cannot register /loky-1049845-f2a7b4q_ for automatic cleanup: unknown resource type semlock
Traceback (most recent call last):
  File "/global/common/software/nersc/pe/conda-envs/26.1.0/python-3.13/nersc-python/lib/python3.13/multiprocessing/resource_tracker.py", line 371, in main
    raise ValueError(
        f'Cannot register {name} for automatic cleanup: '
        f'unknown resource type {rtype}')
ValueError: Cannot register /loky-1049845-i8uv4wgf for automatic cleanup: unknown resource type semlock
Traceback (most recent call last):
  File "/global/common/software/nersc/pe/conda-envs/26.1.0/python-3.13/nersc-python/lib/python3.13/multiprocessing/resource_tracker.py", line 371, in main
    raise ValueError(
        f'Cannot register {name} for automatic cleanup: '
        f'unknown resource type {rtype}')
ValueError: Cannot register /loky-1049845-t6zjzkyg for automatic cleanup: unknown resource type semlock
Traceback (most recent call last):
  File "/global/common/software/nersc/pe/conda-envs/26.1.0/python-3.13/nersc-python/lib/python3.13/multiprocessing/resource_tracker.py", line 371, in main
    raise ValueError(
        f'Cannot register {name} for automatic cleanup: '
        f'unknown resource type {rtype}')
ValueError: Cannot register /loky-1049845-9067fuu6 for automatic cleanup: unknown resource type semlock
Traceback (most recent call last):
  File "/global/common/software/nersc/pe/conda-envs/26.1.0/python-3.13/nersc-python/lib/python3.13/multiprocessing/resource_tracker.py", line 371, in main
    raise ValueError(
        f'Cannot register {name} for automatic cleanup: '
        f'unknown resource type {rtype}')
ValueError: Cannot register /loky-1049845-5izxpqzs for automatic cleanup: unknown resource type semlock
Traceback (most recent call last):
  File "/global/common/software/nersc/pe/conda-envs/26.1.0/python-3.13/nersc-python/lib/python3.13/multiprocessing/resource_tracker.py", line 371, in main
    raise ValueError(
        f'Cannot register {name} for automatic cleanup: '
        f'unknown resource type {rtype}')
ValueError: Cannot register /loky-1049845-8xwq6sq9 for automatic cleanup: unknown resource type semlock
Traceback (most recent call last):
  File "/global/common/software/nersc/pe/conda-envs/26.1.0/python-3.13/nersc-python/lib/python3.13/multiprocessing/resource_tracker.py", line 371, in main
    raise ValueError(
        f'Cannot register {name} for automatic cleanup: '
        f'unknown resource type {rtype}')
ValueError: Cannot register /loky-1049845-2a_87b_5 for automatic cleanup: unknown resource type semlock
Traceback (most recent call last):
  File "/global/common/software/nersc/pe/conda-envs/26.1.0/python-3.13/nersc-python/lib/python3.13/multiprocessing/resource_tracker.py", line 371, in main
    raise ValueError(
        f'Cannot register {name} for automatic cleanup: '
        f'unknown resource type {rtype}')
ValueError: Cannot register /loky-1049845-wq_g9slm for automatic cleanup: unknown resource type semlock
Traceback (most recent call last):
  File "/global/common/software/nersc/pe/conda-envs/26.1.0/python-3.13/nersc-python/lib/python3.13/multiprocessing/resource_tracker.py", line 371, in main
    raise ValueError(
        f'Cannot register {name} for automatic cleanup: '
        f'unknown resource type {rtype}')
ValueError: Cannot register /loky-1049845-ggrrv1fu for automatic cleanup: unknown resource type semlock
Traceback (most recent call last):
  File "/global/common/software/nersc/pe/conda-envs/26.1.0/python-3.13/nersc-python/lib/python3.13/multiprocessing/resource_tracker.py", line 371, in main
    raise ValueError(
        f'Cannot register {name} for automatic cleanup: '
        f'unknown resource type {rtype}')
ValueError: Cannot register /loky-1049845-9qgyxpg3 for automatic cleanup: unknown resource type semlock
Traceback (most recent call last):
  File "/global/common/software/nersc/pe/conda-envs/26.1.0/python-3.13/nersc-python/lib/python3.13/multiprocessing/resource_tracker.py", line 371, in main
    raise ValueError(
        f'Cannot register {name} for automatic cleanup: '
        f'unknown resource type {rtype}')
ValueError: Cannot register /loky-1049845-kgmoszci for automatic cleanup: unknown resource type semlock
Traceback (most recent call last):
  File "/global/common/software/nersc/pe/conda-envs/26.1.0/python-3.13/nersc-python/lib/python3.13/multiprocessing/resource_tracker.py", line 371, in main
    raise ValueError(
        f'Cannot register {name} for automatic cleanup: '
        f'unknown resource type {rtype}')
ValueError: Cannot register /loky-1049845-xl8061u5 for automatic cleanup: unknown resource type semlock
Traceback (most recent call last):
  File "/global/common/software/nersc/pe/conda-envs/26.1.0/python-3.13/nersc-python/lib/python3.13/multiprocessing/resource_tracker.py", line 371, in main
    raise ValueError(
        f'Cannot register {name} for automatic cleanup: '
        f'unknown resource type {rtype}')
ValueError: Cannot register /loky-1049845-rfflj1rh for automatic cleanup: unknown resource type semlock
Traceback (most recent call last):
  File "/global/common/software/nersc/pe/conda-envs/26.1.0/python-3.13/nersc-python/lib/python3.13/multiprocessing/resource_tracker.py", line 371, in main
    raise ValueError(
        f'Cannot register {name} for automatic cleanup: '
        f'unknown resource type {rtype}')
ValueError: Cannot register /loky-1049845-dj19r3l0 for automatic cleanup: unknown resource type semlock
Traceback (most recent call last):
  File "/global/common/software/nersc/pe/conda-envs/26.1.0/python-3.13/nersc-python/lib/python3.13/multiprocessing/resource_tracker.py", line 371, in main
    raise ValueError(
        f'Cannot register {name} for automatic cleanup: '
        f'unknown resource type {rtype}')
ValueError: Cannot register /loky-1049845-h3eh_umq for automatic cleanup: unknown resource type semlock
Traceback (most recent call last):
  File "/global/common/software/nersc/pe/conda-envs/26.1.0/python-3.13/nersc-python/lib/python3.13/multiprocessing/resource_tracker.py", line 371, in main
    raise ValueError(
        f'Cannot register {name} for automatic cleanup: '
        f'unknown resource type {rtype}')
ValueError: Cannot register /loky-1049845-6tyg7uxw for automatic cleanup: unknown resource type semlock
Traceback (most recent call last):
  File "/global/common/software/nersc/pe/conda-envs/26.1.0/python-3.13/nersc-python/lib/python3.13/multiprocessing/resource_tracker.py", line 371, in main
    raise ValueError(
        f'Cannot register {name} for automatic cleanup: '
        f'unknown resource type {rtype}')
ValueError: Cannot register /loky-1049845-8fht5by2 for automatic cleanup: unknown resource type semlock
Traceback (most recent call last):
  File "/global/common/software/nersc/pe/conda-envs/26.1.0/python-3.13/nersc-python/lib/python3.13/multiprocessing/resource_tracker.py", line 371, in main
    raise ValueError(
        f'Cannot register {name} for automatic cleanup: '
        f'unknown resource type {rtype}')
ValueError: Cannot register /loky-1049845-w_6uok3n for automatic cleanup: unknown resource type semlock
Traceback (most recent call last):
  File "/global/common/software/nersc/pe/conda-envs/26.1.0/python-3.13/nersc-python/lib/python3.13/multiprocessing/resource_tracker.py", line 371, in main
    raise ValueError(
        f'Cannot register {name} for automatic cleanup: '
        f'unknown resource type {rtype}')
ValueError: Cannot register /loky-1049845-97fuu3a3 for automatic cleanup: unknown resource type semlock
Traceback (most recent call last):
  File "/global/common/software/nersc/pe/conda-envs/26.1.0/python-3.13/nersc-python/lib/python3.13/multiprocessing/resource_tracker.py", line 371, in main
    raise ValueError(
        f'Cannot register {name} for automatic cleanup: '
        f'unknown resource type {rtype}')
ValueError: Cannot register /loky-1049845-1goy4_x1 for automatic cleanup: unknown resource type semlock
Traceback (most recent call last):
  File "/global/common/software/nersc/pe/conda-envs/26.1.0/python-3.13/nersc-python/lib/python3.13/multiprocessing/resource_tracker.py", line 371, in main
    raise ValueError(
        f'Cannot register {name} for automatic cleanup: '
        f'unknown resource type {rtype}')
ValueError: Cannot register /loky-1049845-x7_7j9hn for automatic cleanup: unknown resource type semlock
Traceback (most recent call last):
  File "/global/common/software/nersc/pe/conda-envs/26.1.0/python-3.13/nersc-python/lib/python3.13/multiprocessing/resource_tracker.py", line 371, in main
    raise ValueError(
        f'Cannot register {name} for automatic cleanup: '
        f'unknown resource type {rtype}')
ValueError: Cannot register /loky-1049845-0toesika for automatic cleanup: unknown resource type semlock
Traceback (most recent call last):
  File "/global/common/software/nersc/pe/conda-envs/26.1.0/python-3.13/nersc-python/lib/python3.13/multiprocessing/resource_tracker.py", line 371, in main
    raise ValueError(
        f'Cannot register {name} for automatic cleanup: '
        f'unknown resource type {rtype}')
ValueError: Cannot register /loky-1049845-4koweg2k for automatic cleanup: unknown resource type semlock
Traceback (most recent call last):
  File "/global/common/software/nersc/pe/conda-envs/26.1.0/python-3.13/nersc-python/lib/python3.13/multiprocessing/resource_tracker.py", line 371, in main
    raise ValueError(
        f'Cannot register {name} for automatic cleanup: '
        f'unknown resource type {rtype}')
ValueError: Cannot register /loky-1049845-006syqa1 for automatic cleanup: unknown resource type semlock
Traceback (most recent call last):
  File "/global/common/software/nersc/pe/conda-envs/26.1.0/python-3.13/nersc-python/lib/python3.13/multiprocessing/resource_tracker.py", line 371, in main
    raise ValueError(
        f'Cannot register {name} for automatic cleanup: '
        f'unknown resource type {rtype}')
ValueError: Cannot register /loky-1049845-t3o_q8_g for automatic cleanup: unknown resource type semlock
Traceback (most recent call last):
  File "/global/common/software/nersc/pe/conda-envs/26.1.0/python-3.13/nersc-python/lib/python3.13/multiprocessing/resource_tracker.py", line 371, in main
    raise ValueError(
        f'Cannot register {name} for automatic cleanup: '
        f'unknown resource type {rtype}')
ValueError: Cannot register /loky-1049845-ecpvy87h for automatic cleanup: unknown resource type semlock
Traceback (most recent call last):
  File "/global/common/software/nersc/pe/conda-envs/26.1.0/python-3.13/nersc-python/lib/python3.13/multiprocessing/resource_tracker.py", line 371, in main
    raise ValueError(
        f'Cannot register {name} for automatic cleanup: '
        f'unknown resource type {rtype}')
ValueError: Cannot register /loky-1049845-gudsccob for automatic cleanup: unknown resource type semlock
Traceback (most recent call last):
  File "/global/common/software/nersc/pe/conda-envs/26.1.0/python-3.13/nersc-python/lib/python3.13/multiprocessing/resource_tracker.py", line 371, in main
    raise ValueError(
        f'Cannot register {name} for automatic cleanup: '
        f'unknown resource type {rtype}')
ValueError: Cannot register /loky-1049845-nkkxvoyf for automatic cleanup: unknown resource type semlock
Traceback (most recent call last):
  File "/global/common/software/nersc/pe/conda-envs/26.1.0/python-3.13/nersc-python/lib/python3.13/multiprocessing/resource_tracker.py", line 371, in main
    raise ValueError(
        f'Cannot register {name} for automatic cleanup: '
        f'unknown resource type {rtype}')
ValueError: Cannot register /loky-1049845-fuuy41pd for automatic cleanup: unknown resource type semlock
Traceback (most recent call last):
  File "/global/common/software/nersc/pe/conda-envs/26.1.0/python-3.13/nersc-python/lib/python3.13/multiprocessing/resource_tracker.py", line 371, in main
    raise ValueError(
        f'Cannot register {name} for automatic cleanup: '
        f'unknown resource type {rtype}')
ValueError: Cannot register /loky-1049845-kck9jpt8 for automatic cleanup: unknown resource type semlock
Traceback (most recent call last):
  File "/global/common/software/nersc/pe/conda-envs/26.1.0/python-3.13/nersc-python/lib/python3.13/multiprocessing/resource_tracker.py", line 371, in main
    raise ValueError(
        f'Cannot register {name} for automatic cleanup: '
        f'unknown resource type {rtype}')
ValueError: Cannot register /loky-1049845-ukqq2l17 for automatic cleanup: unknown resource type semlock
Traceback (most recent call last):
  File "/global/common/software/nersc/pe/conda-envs/26.1.0/python-3.13/nersc-python/lib/python3.13/multiprocessing/resource_tracker.py", line 371, in main
    raise ValueError(
        f'Cannot register {name} for automatic cleanup: '
        f'unknown resource type {rtype}')
ValueError: Cannot register /loky-1049845-7lwf0n01 for automatic cleanup: unknown resource type semlock
Traceback (most recent call last):
  File "/global/common/software/nersc/pe/conda-envs/26.1.0/python-3.13/nersc-python/lib/python3.13/multiprocessing/resource_tracker.py", line 371, in main
    raise ValueError(
        f'Cannot register {name} for automatic cleanup: '
        f'unknown resource type {rtype}')
ValueError: Cannot register /loky-1049845-j0lb5dil for automatic cleanup: unknown resource type semlock
Traceback (most recent call last):
  File "/global/common/software/nersc/pe/conda-envs/26.1.0/python-3.13/nersc-python/lib/python3.13/multiprocessing/resource_tracker.py", line 371, in main
    raise ValueError(
        f'Cannot register {name} for automatic cleanup: '
        f'unknown resource type {rtype}')
ValueError: Cannot register /loky-1049845-9b2av3qh for automatic cleanup: unknown resource type semlock
Traceback (most recent call last):
  File "/global/common/software/nersc/pe/conda-envs/26.1.0/python-3.13/nersc-python/lib/python3.13/multiprocessing/resource_tracker.py", line 371, in main
    raise ValueError(
        f'Cannot register {name} for automatic cleanup: '
        f'unknown resource type {rtype}')
ValueError: Cannot register /loky-1049845-iuey0mj0 for automatic cleanup: unknown resource type semlock
Traceback (most recent call last):
  File "/global/common/software/nersc/pe/conda-envs/26.1.0/python-3.13/nersc-python/lib/python3.13/multiprocessing/resource_tracker.py", line 371, in main
    raise ValueError(
        f'Cannot register {name} for automatic cleanup: '
        f'unknown resource type {rtype}')
ValueError: Cannot register /loky-1049845-w92e3d14 for automatic cleanup: unknown resource type semlock
Traceback (most recent call last):
  File "/global/common/software/nersc/pe/conda-envs/26.1.0/python-3.13/nersc-python/lib/python3.13/multiprocessing/resource_tracker.py", line 371, in main
    raise ValueError(
        f'Cannot register {name} for automatic cleanup: '
        f'unknown resource type {rtype}')
ValueError: Cannot register /loky-1049845-rikwkspo for automatic cleanup: unknown resource type semlock
Traceback (most recent call last):
  File "/global/common/software/nersc/pe/conda-envs/26.1.0/python-3.13/nersc-python/lib/python3.13/multiprocessing/resource_tracker.py", line 371, in main
    raise ValueError(
        f'Cannot register {name} for automatic cleanup: '
        f'unknown resource type {rtype}')
ValueError: Cannot register /loky-1049845-8gvei4am for automatic cleanup: unknown resource type semlock
Traceback (most recent call last):
  File "/global/common/software/nersc/pe/conda-envs/26.1.0/python-3.13/nersc-python/lib/python3.13/multiprocessing/resource_tracker.py", line 371, in main
    raise ValueError(
        f'Cannot register {name} for automatic cleanup: '
        f'unknown resource type {rtype}')
ValueError: Cannot register /loky-1049845-etfblzpy for automatic cleanup: unknown resource type semlock
Traceback (most recent call last):
  File "/global/common/software/nersc/pe/conda-envs/26.1.0/python-3.13/nersc-python/lib/python3.13/multiprocessing/resource_tracker.py", line 371, in main
    raise ValueError(
        f'Cannot register {name} for automatic cleanup: '
        f'unknown resource type {rtype}')
ValueError: Cannot register /loky-1049845-qkb5cs83 for automatic cleanup: unknown resource type semlock
Traceback (most recent call last):
  File "/global/common/software/nersc/pe/conda-envs/26.1.0/python-3.13/nersc-python/lib/python3.13/multiprocessing/resource_tracker.py", line 371, in main
    raise ValueError(
        f'Cannot register {name} for automatic cleanup: '
        f'unknown resource type {rtype}')
ValueError: Cannot register /loky-1049845-q70i_hoq for automatic cleanup: unknown resource type semlock
Traceback (most recent call last):
  File "/global/common/software/nersc/pe/conda-envs/26.1.0/python-3.13/nersc-python/lib/python3.13/multiprocessing/resource_tracker.py", line 371, in main
    raise ValueError(
        f'Cannot register {name} for automatic cleanup: '
        f'unknown resource type {rtype}')
ValueError: Cannot register /loky-1049845-cwh0jqz7 for automatic cleanup: unknown resource type semlock
Traceback (most recent call last):
  File "/global/common/software/nersc/pe/conda-envs/26.1.0/python-3.13/nersc-python/lib/python3.13/multiprocessing/resource_tracker.py", line 371, in main
    raise ValueError(
        f'Cannot register {name} for automatic cleanup: '
        f'unknown resource type {rtype}')
ValueError: Cannot register /loky-1049845-g25kn3k7 for automatic cleanup: unknown resource type semlock
Traceback (most recent call last):
  File "/global/common/software/nersc/pe/conda-envs/26.1.0/python-3.13/nersc-python/lib/python3.13/multiprocessing/resource_tracker.py", line 371, in main
    raise ValueError(
        f'Cannot register {name} for automatic cleanup: '
        f'unknown resource type {rtype}')
ValueError: Cannot register /loky-1049845-4ws6hbbr for automatic cleanup: unknown resource type semlock
Traceback (most recent call last):
  File "/global/common/software/nersc/pe/conda-envs/26.1.0/python-3.13/nersc-python/lib/python3.13/multiprocessing/resource_tracker.py", line 371, in main
    raise ValueError(
        f'Cannot register {name} for automatic cleanup: '
        f'unknown resource type {rtype}')
ValueError: Cannot register /loky-1049845-iyt3kba2 for automatic cleanup: unknown resource type semlock
Traceback (most recent call last):
  File "/global/common/software/nersc/pe/conda-envs/26.1.0/python-3.13/nersc-python/lib/python3.13/multiprocessing/resource_tracker.py", line 371, in main
    raise ValueError(
        f'Cannot register {name} for automatic cleanup: '
        f'unknown resource type {rtype}')
ValueError: Cannot register /loky-1049845-74_nrq6p for automatic cleanup: unknown resource type semlock
Traceback (most recent call last):
  File "/global/common/software/nersc/pe/conda-envs/26.1.0/python-3.13/nersc-python/lib/python3.13/multiprocessing/resource_tracker.py", line 371, in main
    raise ValueError(
        f'Cannot register {name} for automatic cleanup: '
        f'unknown resource type {rtype}')
ValueError: Cannot register /loky-1049845-_0atoq7d for automatic cleanup: unknown resource type semlock
Traceback (most recent call last):
  File "/global/common/software/nersc/pe/conda-envs/26.1.0/python-3.13/nersc-python/lib/python3.13/multiprocessing/resource_tracker.py", line 371, in main
    raise ValueError(
        f'Cannot register {name} for automatic cleanup: '
        f'unknown resource type {rtype}')
ValueError: Cannot register /loky-1049845-zy4663co for automatic cleanup: unknown resource type semlock
Traceback (most recent call last):
  File "/global/common/software/nersc/pe/conda-envs/26.1.0/python-3.13/nersc-python/lib/python3.13/multiprocessing/resource_tracker.py", line 371, in main
    raise ValueError(
        f'Cannot register {name} for automatic cleanup: '
        f'unknown resource type {rtype}')
ValueError: Cannot register /loky-1049845-nfg1mu1y for automatic cleanup: unknown resource type semlock
Traceback (most recent call last):
  File "/global/common/software/nersc/pe/conda-envs/26.1.0/python-3.13/nersc-python/lib/python3.13/multiprocessing/resource_tracker.py", line 371, in main
    raise ValueError(
        f'Cannot register {name} for automatic cleanup: '
        f'unknown resource type {rtype}')
ValueError: Cannot register /loky-1049845-p6fqndno for automatic cleanup: unknown resource type semlock
Traceback (most recent call last):
  File "/global/common/software/nersc/pe/conda-envs/26.1.0/python-3.13/nersc-python/lib/python3.13/multiprocessing/resource_tracker.py", line 371, in main
    raise ValueError(
        f'Cannot register {name} for automatic cleanup: '
        f'unknown resource type {rtype}')
ValueError: Cannot register /loky-1049845-1hb_q5nw for automatic cleanup: unknown resource type semlock
Traceback (most recent call last):
  File "/global/common/software/nersc/pe/conda-envs/26.1.0/python-3.13/nersc-python/lib/python3.13/multiprocessing/resource_tracker.py", line 371, in main
    raise ValueError(
        f'Cannot register {name} for automatic cleanup: '
        f'unknown resource type {rtype}')
ValueError: Cannot register /loky-1049845-fqmed4wl for automatic cleanup: unknown resource type semlock
Traceback (most recent call last):
  File "/global/common/software/nersc/pe/conda-envs/26.1.0/python-3.13/nersc-python/lib/python3.13/multiprocessing/resource_tracker.py", line 371, in main
    raise ValueError(
        f'Cannot register {name} for automatic cleanup: '
        f'unknown resource type {rtype}')
ValueError: Cannot register /loky-1049845-brz_2aqp for automatic cleanup: unknown resource type semlock
Traceback (most recent call last):
  File "/global/common/software/nersc/pe/conda-envs/26.1.0/python-3.13/nersc-python/lib/python3.13/multiprocessing/resource_tracker.py", line 371, in main
    raise ValueError(
        f'Cannot register {name} for automatic cleanup: '
        f'unknown resource type {rtype}')
ValueError: Cannot register /loky-1049845-pzy9zhbj for automatic cleanup: unknown resource type semlock
Traceback (most recent call last):
  File "/global/common/software/nersc/pe/conda-envs/26.1.0/python-3.13/nersc-python/lib/python3.13/multiprocessing/resource_tracker.py", line 371, in main
    raise ValueError(
        f'Cannot register {name} for automatic cleanup: '
        f'unknown resource type {rtype}')
ValueError: Cannot register /loky-1049845-2ctvbmv7 for automatic cleanup: unknown resource type semlock
Traceback (most recent call last):
  File "/global/common/software/nersc/pe/conda-envs/26.1.0/python-3.13/nersc-python/lib/python3.13/multiprocessing/resource_tracker.py", line 371, in main
    raise ValueError(
        f'Cannot register {name} for automatic cleanup: '
        f'unknown resource type {rtype}')
ValueError: Cannot register /loky-1049845-s23e8jev for automatic cleanup: unknown resource type semlock
Traceback (most recent call last):
  File "/global/common/software/nersc/pe/conda-envs/26.1.0/python-3.13/nersc-python/lib/python3.13/multiprocessing/resource_tracker.py", line 371, in main
    raise ValueError(
        f'Cannot register {name} for automatic cleanup: '
        f'unknown resource type {rtype}')
ValueError: Cannot register /loky-1049845-5ak7glau for automatic cleanup: unknown resource type semlock
Traceback (most recent call last):
  File "/global/common/software/nersc/pe/conda-envs/26.1.0/python-3.13/nersc-python/lib/python3.13/multiprocessing/resource_tracker.py", line 371, in main
    raise ValueError(
        f'Cannot register {name} for automatic cleanup: '
        f'unknown resource type {rtype}')
ValueError: Cannot register /loky-1049845-935vtryt for automatic cleanup: unknown resource type semlock
Traceback (most recent call last):
  File "/global/common/software/nersc/pe/conda-envs/26.1.0/python-3.13/nersc-python/lib/python3.13/multiprocessing/resource_tracker.py", line 371, in main
    raise ValueError(
        f'Cannot register {name} for automatic cleanup: '
        f'unknown resource type {rtype}')
ValueError: Cannot register /loky-1049845-1kyvhkd0 for automatic cleanup: unknown resource type semlock
Traceback (most recent call last):
  File "/global/common/software/nersc/pe/conda-envs/26.1.0/python-3.13/nersc-python/lib/python3.13/multiprocessing/resource_tracker.py", line 371, in main
    raise ValueError(
        f'Cannot register {name} for automatic cleanup: '
        f'unknown resource type {rtype}')
ValueError: Cannot register /loky-1049845-da9pyvq9 for automatic cleanup: unknown resource type semlock
Traceback (most recent call last):
  File "/global/common/software/nersc/pe/conda-envs/26.1.0/python-3.13/nersc-python/lib/python3.13/multiprocessing/resource_tracker.py", line 371, in main
    raise ValueError(
        f'Cannot register {name} for automatic cleanup: '
        f'unknown resource type {rtype}')
ValueError: Cannot register /loky-1049845-l95xg3ij for automatic cleanup: unknown resource type semlock
Traceback (most recent call last):
  File "/global/common/software/nersc/pe/conda-envs/26.1.0/python-3.13/nersc-python/lib/python3.13/multiprocessing/resource_tracker.py", line 371, in main
    raise ValueError(
        f'Cannot register {name} for automatic cleanup: '
        f'unknown resource type {rtype}')
ValueError: Cannot register /loky-1049845-a2y64c6w for automatic cleanup: unknown resource type semlock
Traceback (most recent call last):
  File "/global/common/software/nersc/pe/conda-envs/26.1.0/python-3.13/nersc-python/lib/python3.13/multiprocessing/resource_tracker.py", line 371, in main
    raise ValueError(
        f'Cannot register {name} for automatic cleanup: '
        f'unknown resource type {rtype}')
ValueError: Cannot register /loky-1049845-uep2s194 for automatic cleanup: unknown resource type semlock
Traceback (most recent call last):
  File "/global/common/software/nersc/pe/conda-envs/26.1.0/python-3.13/nersc-python/lib/python3.13/multiprocessing/resource_tracker.py", line 371, in main
    raise ValueError(
        f'Cannot register {name} for automatic cleanup: '
        f'unknown resource type {rtype}')
ValueError: Cannot register /loky-1049845-9yuyw92j for automatic cleanup: unknown resource type semlock
Traceback (most recent call last):
  File "/global/common/software/nersc/pe/conda-envs/26.1.0/python-3.13/nersc-python/lib/python3.13/multiprocessing/resource_tracker.py", line 371, in main
    raise ValueError(
        f'Cannot register {name} for automatic cleanup: '
        f'unknown resource type {rtype}')
ValueError: Cannot register /loky-1049845-ihqvonqt for automatic cleanup: unknown resource type semlock
Traceback (most recent call last):
  File "/global/common/software/nersc/pe/conda-envs/26.1.0/python-3.13/nersc-python/lib/python3.13/multiprocessing/resource_tracker.py", line 371, in main
    raise ValueError(
        f'Cannot register {name} for automatic cleanup: '
        f'unknown resource type {rtype}')
ValueError: Cannot register /loky-1049845-g4ka7doj for automatic cleanup: unknown resource type semlock
Traceback (most recent call last):
  File "/global/common/software/nersc/pe/conda-envs/26.1.0/python-3.13/nersc-python/lib/python3.13/multiprocessing/resource_tracker.py", line 371, in main
    raise ValueError(
        f'Cannot register {name} for automatic cleanup: '
        f'unknown resource type {rtype}')
ValueError: Cannot register /loky-1049845-oekyb7jx for automatic cleanup: unknown resource type semlock
Traceback (most recent call last):
  File "/global/common/software/nersc/pe/conda-envs/26.1.0/python-3.13/nersc-python/lib/python3.13/multiprocessing/resource_tracker.py", line 371, in main
    raise ValueError(
        f'Cannot register {name} for automatic cleanup: '
        f'unknown resource type {rtype}')
ValueError: Cannot register /loky-1049845-5z4eoegw for automatic cleanup: unknown resource type semlock
Traceback (most recent call last):
  File "/global/common/software/nersc/pe/conda-envs/26.1.0/python-3.13/nersc-python/lib/python3.13/multiprocessing/resource_tracker.py", line 371, in main
    raise ValueError(
        f'Cannot register {name} for automatic cleanup: '
        f'unknown resource type {rtype}')
ValueError: Cannot register /loky-1049845-x3s3nam0 for automatic cleanup: unknown resource type semlock
Traceback (most recent call last):
  File "/global/common/software/nersc/pe/conda-envs/26.1.0/python-3.13/nersc-python/lib/python3.13/multiprocessing/resource_tracker.py", line 371, in main
    raise ValueError(
        f'Cannot register {name} for automatic cleanup: '
        f'unknown resource type {rtype}')
ValueError: Cannot register /loky-1049845-b0coygzf for automatic cleanup: unknown resource type semlock
Traceback (most recent call last):
  File "/global/common/software/nersc/pe/conda-envs/26.1.0/python-3.13/nersc-python/lib/python3.13/multiprocessing/resource_tracker.py", line 371, in main
    raise ValueError(
        f'Cannot register {name} for automatic cleanup: '
        f'unknown resource type {rtype}')
ValueError: Cannot register /loky-1049845-jbxwqbv_ for automatic cleanup: unknown resource type semlock
Traceback (most recent call last):
  File "/global/common/software/nersc/pe/conda-envs/26.1.0/python-3.13/nersc-python/lib/python3.13/multiprocessing/resource_tracker.py", line 371, in main
    raise ValueError(
        f'Cannot register {name} for automatic cleanup: '
        f'unknown resource type {rtype}')
ValueError: Cannot register /loky-1049845-ndpdw6ie for automatic cleanup: unknown resource type semlock
Traceback (most recent call last):
  File "/global/common/software/nersc/pe/conda-envs/26.1.0/python-3.13/nersc-python/lib/python3.13/multiprocessing/resource_tracker.py", line 371, in main
    raise ValueError(
        f'Cannot register {name} for automatic cleanup: '
        f'unknown resource type {rtype}')
ValueError: Cannot register /loky-1049845-obu7lml0 for automatic cleanup: unknown resource type semlock
Traceback (most recent call last):
  File "/global/common/software/nersc/pe/conda-envs/26.1.0/python-3.13/nersc-python/lib/python3.13/multiprocessing/resource_tracker.py", line 371, in main
    raise ValueError(
        f'Cannot register {name} for automatic cleanup: '
        f'unknown resource type {rtype}')
ValueError: Cannot register /loky-1049845-vvc39go0 for automatic cleanup: unknown resource type semlock
Traceback (most recent call last):
  File "/global/common/software/nersc/pe/conda-envs/26.1.0/python-3.13/nersc-python/lib/python3.13/multiprocessing/resource_tracker.py", line 371, in main
    raise ValueError(
        f'Cannot register {name} for automatic cleanup: '
        f'unknown resource type {rtype}')
ValueError: Cannot register /loky-1049845-j53hbt3v for automatic cleanup: unknown resource type semlock
Traceback (most recent call last):
  File "/global/common/software/nersc/pe/conda-envs/26.1.0/python-3.13/nersc-python/lib/python3.13/multiprocessing/resource_tracker.py", line 371, in main
    raise ValueError(
        f'Cannot register {name} for automatic cleanup: '
        f'unknown resource type {rtype}')
ValueError: Cannot register /loky-1049845-jnutvptq for automatic cleanup: unknown resource type semlock
Traceback (most recent call last):
  File "/global/common/software/nersc/pe/conda-envs/26.1.0/python-3.13/nersc-python/lib/python3.13/multiprocessing/resource_tracker.py", line 371, in main
    raise ValueError(
        f'Cannot register {name} for automatic cleanup: '
        f'unknown resource type {rtype}')
ValueError: Cannot register /loky-1049845-fbo1x3gk for automatic cleanup: unknown resource type semlock
Traceback (most recent call last):
  File "/global/common/software/nersc/pe/conda-envs/26.1.0/python-3.13/nersc-python/lib/python3.13/multiprocessing/resource_tracker.py", line 371, in main
    raise ValueError(
        f'Cannot register {name} for automatic cleanup: '
        f'unknown resource type {rtype}')
ValueError: Cannot register /loky-1049845-asqa0eti for automatic cleanup: unknown resource type semlock
Traceback (most recent call last):
  File "/global/common/software/nersc/pe/conda-envs/26.1.0/python-3.13/nersc-python/lib/python3.13/multiprocessing/resource_tracker.py", line 371, in main
    raise ValueError(
        f'Cannot register {name} for automatic cleanup: '
        f'unknown resource type {rtype}')
ValueError: Cannot register /loky-1049845-r8ck4b06 for automatic cleanup: unknown resource type semlock
Traceback (most recent call last):
  File "/global/common/software/nersc/pe/conda-envs/26.1.0/python-3.13/nersc-python/lib/python3.13/multiprocessing/resource_tracker.py", line 371, in main
    raise ValueError(
        f'Cannot register {name} for automatic cleanup: '
        f'unknown resource type {rtype}')
ValueError: Cannot register /loky-1049845-2bo8trnw for automatic cleanup: unknown resource type semlock
Traceback (most recent call last):
  File "/global/common/software/nersc/pe/conda-envs/26.1.0/python-3.13/nersc-python/lib/python3.13/multiprocessing/resource_tracker.py", line 371, in main
    raise ValueError(
        f'Cannot register {name} for automatic cleanup: '
        f'unknown resource type {rtype}')
ValueError: Cannot register /loky-1049845-3ter9l_i for automatic cleanup: unknown resource type semlock
Traceback (most recent call last):
  File "/global/common/software/nersc/pe/conda-envs/26.1.0/python-3.13/nersc-python/lib/python3.13/multiprocessing/resource_tracker.py", line 371, in main
    raise ValueError(
        f'Cannot register {name} for automatic cleanup: '
        f'unknown resource type {rtype}')
ValueError: Cannot register /loky-1049845-uaug_wtv for automatic cleanup: unknown resource type semlock
Traceback (most recent call last):
  File "/global/common/software/nersc/pe/conda-envs/26.1.0/python-3.13/nersc-python/lib/python3.13/multiprocessing/resource_tracker.py", line 371, in main
    raise ValueError(
        f'Cannot register {name} for automatic cleanup: '
        f'unknown resource type {rtype}')
ValueError: Cannot register /loky-1049845-u3qfhv7f for automatic cleanup: unknown resource type semlock
Traceback (most recent call last):
  File "/global/common/software/nersc/pe/conda-envs/26.1.0/python-3.13/nersc-python/lib/python3.13/multiprocessing/resource_tracker.py", line 371, in main
    raise ValueError(
        f'Cannot register {name} for automatic cleanup: '
        f'unknown resource type {rtype}')
ValueError: Cannot register /loky-1049845-89ydx945 for automatic cleanup: unknown resource type semlock
Traceback (most recent call last):
  File "/global/common/software/nersc/pe/conda-envs/26.1.0/python-3.13/nersc-python/lib/python3.13/multiprocessing/resource_tracker.py", line 371, in main
    raise ValueError(
        f'Cannot register {name} for automatic cleanup: '
        f'unknown resource type {rtype}')
ValueError: Cannot register /loky-1049845-ebnswpa_ for automatic cleanup: unknown resource type semlock
Traceback (most recent call last):
  File "/global/common/software/nersc/pe/conda-envs/26.1.0/python-3.13/nersc-python/lib/python3.13/multiprocessing/resource_tracker.py", line 371, in main
    raise ValueError(
        f'Cannot register {name} for automatic cleanup: '
        f'unknown resource type {rtype}')
ValueError: Cannot register /loky-1049845-bv18mobe for automatic cleanup: unknown resource type semlock
Traceback (most recent call last):
  File "/global/common/software/nersc/pe/conda-envs/26.1.0/python-3.13/nersc-python/lib/python3.13/multiprocessing/resource_tracker.py", line 371, in main
    raise ValueError(
        f'Cannot register {name} for automatic cleanup: '
        f'unknown resource type {rtype}')
ValueError: Cannot register /loky-1049845-je2ygy_c for automatic cleanup: unknown resource type semlock
Traceback (most recent call last):
  File "/global/common/software/nersc/pe/conda-envs/26.1.0/python-3.13/nersc-python/lib/python3.13/multiprocessing/resource_tracker.py", line 371, in main
    raise ValueError(
        f'Cannot register {name} for automatic cleanup: '
        f'unknown resource type {rtype}')
ValueError: Cannot register /loky-1049845-mvkphqzg for automatic cleanup: unknown resource type semlock
Traceback (most recent call last):
  File "/global/common/software/nersc/pe/conda-envs/26.1.0/python-3.13/nersc-python/lib/python3.13/multiprocessing/resource_tracker.py", line 371, in main
    raise ValueError(
        f'Cannot register {name} for automatic cleanup: '
        f'unknown resource type {rtype}')
ValueError: Cannot register /loky-1049845-n_jcxawb for automatic cleanup: unknown resource type semlock
Traceback (most recent call last):
  File "/global/common/software/nersc/pe/conda-envs/26.1.0/python-3.13/nersc-python/lib/python3.13/multiprocessing/resource_tracker.py", line 371, in main
    raise ValueError(
        f'Cannot register {name} for automatic cleanup: '
        f'unknown resource type {rtype}')
ValueError: Cannot register /loky-1049845-d7cn7aet for automatic cleanup: unknown resource type semlock
Traceback (most recent call last):
  File "/global/common/software/nersc/pe/conda-envs/26.1.0/python-3.13/nersc-python/lib/python3.13/multiprocessing/resource_tracker.py", line 371, in main
    raise ValueError(
        f'Cannot register {name} for automatic cleanup: '
        f'unknown resource type {rtype}')
ValueError: Cannot register /loky-1049845-5vd2bvnl for automatic cleanup: unknown resource type semlock
Traceback (most recent call last):
  File "/global/common/software/nersc/pe/conda-envs/26.1.0/python-3.13/nersc-python/lib/python3.13/multiprocessing/resource_tracker.py", line 371, in main
    raise ValueError(
        f'Cannot register {name} for automatic cleanup: '
        f'unknown resource type {rtype}')
ValueError: Cannot register /loky-1049845-l3rt7x7o for automatic cleanup: unknown resource type semlock
Traceback (most recent call last):
  File "/global/common/software/nersc/pe/conda-envs/26.1.0/python-3.13/nersc-python/lib/python3.13/multiprocessing/resource_tracker.py", line 371, in main
    raise ValueError(
        f'Cannot register {name} for automatic cleanup: '
        f'unknown resource type {rtype}')
ValueError: Cannot register /loky-1049845-5759tknt for automatic cleanup: unknown resource type semlock
Traceback (most recent call last):
  File "/global/common/software/nersc/pe/conda-envs/26.1.0/python-3.13/nersc-python/lib/python3.13/multiprocessing/resource_tracker.py", line 371, in main
    raise ValueError(
        f'Cannot register {name} for automatic cleanup: '
        f'unknown resource type {rtype}')
ValueError: Cannot register /loky-1049845-r53i3jkb for automatic cleanup: unknown resource type semlock
Traceback (most recent call last):
  File "/global/common/software/nersc/pe/conda-envs/26.1.0/python-3.13/nersc-python/lib/python3.13/multiprocessing/resource_tracker.py", line 371, in main
    raise ValueError(
        f'Cannot register {name} for automatic cleanup: '
        f'unknown resource type {rtype}')
ValueError: Cannot register /loky-1049845-mcws65te for automatic cleanup: unknown resource type semlock
Traceback (most recent call last):
  File "/global/common/software/nersc/pe/conda-envs/26.1.0/python-3.13/nersc-python/lib/python3.13/multiprocessing/resource_tracker.py", line 371, in main
    raise ValueError(
        f'Cannot register {name} for automatic cleanup: '
        f'unknown resource type {rtype}')
ValueError: Cannot register /loky-1049845-fh9j8m7z for automatic cleanup: unknown resource type semlock
Traceback (most recent call last):
  File "/global/common/software/nersc/pe/conda-envs/26.1.0/python-3.13/nersc-python/lib/python3.13/multiprocessing/resource_tracker.py", line 371, in main
    raise ValueError(
        f'Cannot register {name} for automatic cleanup: '
        f'unknown resource type {rtype}')
ValueError: Cannot register /loky-1049845-n_aw07vb for automatic cleanup: unknown resource type semlock
Traceback (most recent call last):
  File "/global/common/software/nersc/pe/conda-envs/26.1.0/python-3.13/nersc-python/lib/python3.13/multiprocessing/resource_tracker.py", line 371, in main
    raise ValueError(
        f'Cannot register {name} for automatic cleanup: '
        f'unknown resource type {rtype}')
ValueError: Cannot register /loky-1049845-kma8p0eu for automatic cleanup: unknown resource type semlock
Traceback (most recent call last):
  File "/global/common/software/nersc/pe/conda-envs/26.1.0/python-3.13/nersc-python/lib/python3.13/multiprocessing/resource_tracker.py", line 371, in main
    raise ValueError(
        f'Cannot register {name} for automatic cleanup: '
        f'unknown resource type {rtype}')
ValueError: Cannot register /loky-1049845-iu0xwi60 for automatic cleanup: unknown resource type semlock
Traceback (most recent call last):
  File "/global/common/software/nersc/pe/conda-envs/26.1.0/python-3.13/nersc-python/lib/python3.13/multiprocessing/resource_tracker.py", line 371, in main
    raise ValueError(
        f'Cannot register {name} for automatic cleanup: '
        f'unknown resource type {rtype}')
ValueError: Cannot register /loky-1049845-h0dktru1 for automatic cleanup: unknown resource type semlock
Traceback (most recent call last):
  File "/global/common/software/nersc/pe/conda-envs/26.1.0/python-3.13/nersc-python/lib/python3.13/multiprocessing/resource_tracker.py", line 371, in main
    raise ValueError(
        f'Cannot register {name} for automatic cleanup: '
        f'unknown resource type {rtype}')
ValueError: Cannot register /loky-1049845-ysb4fh5b for automatic cleanup: unknown resource type semlock
Traceback (most recent call last):
  File "/global/common/software/nersc/pe/conda-envs/26.1.0/python-3.13/nersc-python/lib/python3.13/multiprocessing/resource_tracker.py", line 371, in main
    raise ValueError(
        f'Cannot register {name} for automatic cleanup: '
        f'unknown resource type {rtype}')
ValueError: Cannot register /loky-1049845-cuqxevt0 for automatic cleanup: unknown resource type semlock
Traceback (most recent call last):
  File "/global/common/software/nersc/pe/conda-envs/26.1.0/python-3.13/nersc-python/lib/python3.13/multiprocessing/resource_tracker.py", line 371, in main
    raise ValueError(
        f'Cannot register {name} for automatic cleanup: '
        f'unknown resource type {rtype}')
ValueError: Cannot register /loky-1049845-qtmye0iq for automatic cleanup: unknown resource type semlock
Traceback (most recent call last):
  File "/global/common/software/nersc/pe/conda-envs/26.1.0/python-3.13/nersc-python/lib/python3.13/multiprocessing/resource_tracker.py", line 371, in main
    raise ValueError(
        f'Cannot register {name} for automatic cleanup: '
        f'unknown resource type {rtype}')
ValueError: Cannot register /loky-1049845-dn9o114s for automatic cleanup: unknown resource type semlock
Traceback (most recent call last):
  File "/global/common/software/nersc/pe/conda-envs/26.1.0/python-3.13/nersc-python/lib/python3.13/multiprocessing/resource_tracker.py", line 371, in main
    raise ValueError(
        f'Cannot register {name} for automatic cleanup: '
        f'unknown resource type {rtype}')
ValueError: Cannot register /loky-1049845-gcu5l8n7 for automatic cleanup: unknown resource type semlock
Traceback (most recent call last):
  File "/global/common/software/nersc/pe/conda-envs/26.1.0/python-3.13/nersc-python/lib/python3.13/multiprocessing/resource_tracker.py", line 371, in main
    raise ValueError(
        f'Cannot register {name} for automatic cleanup: '
        f'unknown resource type {rtype}')
ValueError: Cannot register /loky-1049845-5m0y8pk1 for automatic cleanup: unknown resource type semlock
Traceback (most recent call last):
  File "/global/common/software/nersc/pe/conda-envs/26.1.0/python-3.13/nersc-python/lib/python3.13/multiprocessing/resource_tracker.py", line 371, in main
    raise ValueError(
        f'Cannot register {name} for automatic cleanup: '
        f'unknown resource type {rtype}')
ValueError: Cannot register /loky-1049845-mgbo_si8 for automatic cleanup: unknown resource type semlock
Traceback (most recent call last):
  File "/global/common/software/nersc/pe/conda-envs/26.1.0/python-3.13/nersc-python/lib/python3.13/multiprocessing/resource_tracker.py", line 371, in main
    raise ValueError(
        f'Cannot register {name} for automatic cleanup: '
        f'unknown resource type {rtype}')
ValueError: Cannot register /loky-1049845-r3fjf5zd for automatic cleanup: unknown resource type semlock
Traceback (most recent call last):
  File "/global/common/software/nersc/pe/conda-envs/26.1.0/python-3.13/nersc-python/lib/python3.13/multiprocessing/resource_tracker.py", line 371, in main
    raise ValueError(
        f'Cannot register {name} for automatic cleanup: '
        f'unknown resource type {rtype}')
ValueError: Cannot register /loky-1049845-smo2bvtf for automatic cleanup: unknown resource type semlock
Traceback (most recent call last):
  File "/global/common/software/nersc/pe/conda-envs/26.1.0/python-3.13/nersc-python/lib/python3.13/multiprocessing/resource_tracker.py", line 371, in main
    raise ValueError(
        f'Cannot register {name} for automatic cleanup: '
        f'unknown resource type {rtype}')
ValueError: Cannot register /loky-1049845-ykyjx6zg for automatic cleanup: unknown resource type semlock
Traceback (most recent call last):
  File "/global/common/software/nersc/pe/conda-envs/26.1.0/python-3.13/nersc-python/lib/python3.13/multiprocessing/resource_tracker.py", line 371, in main
    raise ValueError(
        f'Cannot register {name} for automatic cleanup: '
        f'unknown resource type {rtype}')
ValueError: Cannot register /loky-1049845-xcbnebe3 for automatic cleanup: unknown resource type semlock
Traceback (most recent call last):
  File "/global/common/software/nersc/pe/conda-envs/26.1.0/python-3.13/nersc-python/lib/python3.13/multiprocessing/resource_tracker.py", line 371, in main
    raise ValueError(
        f'Cannot register {name} for automatic cleanup: '
        f'unknown resource type {rtype}')
ValueError: Cannot register /loky-1049845-s_k9tqgh for automatic cleanup: unknown resource type semlock
Traceback (most recent call last):
  File "/global/common/software/nersc/pe/conda-envs/26.1.0/python-3.13/nersc-python/lib/python3.13/multiprocessing/resource_tracker.py", line 371, in main
    raise ValueError(
        f'Cannot register {name} for automatic cleanup: '
        f'unknown resource type {rtype}')
ValueError: Cannot register /loky-1049845-7y7jxpfp for automatic cleanup: unknown resource type semlock
Traceback (most recent call last):
  File "/global/common/software/nersc/pe/conda-envs/26.1.0/python-3.13/nersc-python/lib/python3.13/multiprocessing/resource_tracker.py", line 371, in main
    raise ValueError(
        f'Cannot register {name} for automatic cleanup: '
        f'unknown resource type {rtype}')
ValueError: Cannot register /loky-1049845-rj4i5cnb for automatic cleanup: unknown resource type semlock
Traceback (most recent call last):
  File "/global/common/software/nersc/pe/conda-envs/26.1.0/python-3.13/nersc-python/lib/python3.13/multiprocessing/resource_tracker.py", line 371, in main
    raise ValueError(
        f'Cannot register {name} for automatic cleanup: '
        f'unknown resource type {rtype}')
ValueError: Cannot register /loky-1049845-ujzk01ue for automatic cleanup: unknown resource type semlock
Traceback (most recent call last):
  File "/global/common/software/nersc/pe/conda-envs/26.1.0/python-3.13/nersc-python/lib/python3.13/multiprocessing/resource_tracker.py", line 371, in main
    raise ValueError(
        f'Cannot register {name} for automatic cleanup: '
        f'unknown resource type {rtype}')
ValueError: Cannot register /loky-1049845-lehclud4 for automatic cleanup: unknown resource type semlock
Traceback (most recent call last):
  File "/global/common/software/nersc/pe/conda-envs/26.1.0/python-3.13/nersc-python/lib/python3.13/multiprocessing/resource_tracker.py", line 371, in main
    raise ValueError(
        f'Cannot register {name} for automatic cleanup: '
        f'unknown resource type {rtype}')
ValueError: Cannot register /loky-1049845-3dnsdjw8 for automatic cleanup: unknown resource type semlock
Traceback (most recent call last):
  File "/global/common/software/nersc/pe/conda-envs/26.1.0/python-3.13/nersc-python/lib/python3.13/multiprocessing/resource_tracker.py", line 371, in main
    raise ValueError(
        f'Cannot register {name} for automatic cleanup: '
        f'unknown resource type {rtype}')
ValueError: Cannot register /loky-1049845-2e4ictth for automatic cleanup: unknown resource type semlock
Traceback (most recent call last):
  File "/global/common/software/nersc/pe/conda-envs/26.1.0/python-3.13/nersc-python/lib/python3.13/multiprocessing/resource_tracker.py", line 371, in main
    raise ValueError(
        f'Cannot register {name} for automatic cleanup: '
        f'unknown resource type {rtype}')
ValueError: Cannot register /loky-1049845-crden8vi for automatic cleanup: unknown resource type semlock
Traceback (most recent call last):
  File "/global/common/software/nersc/pe/conda-envs/26.1.0/python-3.13/nersc-python/lib/python3.13/multiprocessing/resource_tracker.py", line 371, in main
    raise ValueError(
        f'Cannot register {name} for automatic cleanup: '
        f'unknown resource type {rtype}')
ValueError: Cannot register /loky-1049845-8jucu9fc for automatic cleanup: unknown resource type semlock
Traceback (most recent call last):
  File "/global/common/software/nersc/pe/conda-envs/26.1.0/python-3.13/nersc-python/lib/python3.13/multiprocessing/resource_tracker.py", line 371, in main
    raise ValueError(
        f'Cannot register {name} for automatic cleanup: '
        f'unknown resource type {rtype}')
ValueError: Cannot register /loky-1049845-4kcxzvvv for automatic cleanup: unknown resource type semlock
Traceback (most recent call last):
  File "/global/common/software/nersc/pe/conda-envs/26.1.0/python-3.13/nersc-python/lib/python3.13/multiprocessing/resource_tracker.py", line 371, in main
    raise ValueError(
        f'Cannot register {name} for automatic cleanup: '
        f'unknown resource type {rtype}')
ValueError: Cannot register /loky-1049845-a0dcatvv for automatic cleanup: unknown resource type semlock
Traceback (most recent call last):
  File "/global/common/software/nersc/pe/conda-envs/26.1.0/python-3.13/nersc-python/lib/python3.13/multiprocessing/resource_tracker.py", line 371, in main
    raise ValueError(
        f'Cannot register {name} for automatic cleanup: '
        f'unknown resource type {rtype}')
ValueError: Cannot register /loky-1049845-ng0a_z30 for automatic cleanup: unknown resource type semlock
Traceback (most recent call last):
  File "/global/common/software/nersc/pe/conda-envs/26.1.0/python-3.13/nersc-python/lib/python3.13/multiprocessing/resource_tracker.py", line 371, in main
    raise ValueError(
        f'Cannot register {name} for automatic cleanup: '
        f'unknown resource type {rtype}')
ValueError: Cannot register /loky-1049845-ln1jl7d9 for automatic cleanup: unknown resource type semlock
Traceback (most recent call last):
  File "/global/common/software/nersc/pe/conda-envs/26.1.0/python-3.13/nersc-python/lib/python3.13/multiprocessing/resource_tracker.py", line 371, in main
    raise ValueError(
        f'Cannot register {name} for automatic cleanup: '
        f'unknown resource type {rtype}')
ValueError: Cannot register /loky-1049845-h_859ynp for automatic cleanup: unknown resource type semlock
Traceback (most recent call last):
  File "/global/common/software/nersc/pe/conda-envs/26.1.0/python-3.13/nersc-python/lib/python3.13/multiprocessing/resource_tracker.py", line 371, in main
    raise ValueError(
        f'Cannot register {name} for automatic cleanup: '
        f'unknown resource type {rtype}')
ValueError: Cannot register /loky-1049845-s_ahq1x4 for automatic cleanup: unknown resource type semlock
Traceback (most recent call last):
  File "/global/common/software/nersc/pe/conda-envs/26.1.0/python-3.13/nersc-python/lib/python3.13/multiprocessing/resource_tracker.py", line 371, in main
    raise ValueError(
        f'Cannot register {name} for automatic cleanup: '
        f'unknown resource type {rtype}')
ValueError: Cannot register /loky-1049845-2t5zqzyv for automatic cleanup: unknown resource type semlock
Traceback (most recent call last):
  File "/global/common/software/nersc/pe/conda-envs/26.1.0/python-3.13/nersc-python/lib/python3.13/multiprocessing/resource_tracker.py", line 371, in main
    raise ValueError(
        f'Cannot register {name} for automatic cleanup: '
        f'unknown resource type {rtype}')
ValueError: Cannot register /loky-1049845-e_52m06c for automatic cleanup: unknown resource type semlock
Traceback (most recent call last):
  File "/global/common/software/nersc/pe/conda-envs/26.1.0/python-3.13/nersc-python/lib/python3.13/multiprocessing/resource_tracker.py", line 371, in main
    raise ValueError(
        f'Cannot register {name} for automatic cleanup: '
        f'unknown resource type {rtype}')
ValueError: Cannot register /loky-1049845-spk0r6k2 for automatic cleanup: unknown resource type semlock
Traceback (most recent call last):
  File "/global/common/software/nersc/pe/conda-envs/26.1.0/python-3.13/nersc-python/lib/python3.13/multiprocessing/resource_tracker.py", line 371, in main
    raise ValueError(
        f'Cannot register {name} for automatic cleanup: '
        f'unknown resource type {rtype}')
ValueError: Cannot register /loky-1049845-4dbaraqr for automatic cleanup: unknown resource type semlock
Traceback (most recent call last):
  File "/global/common/software/nersc/pe/conda-envs/26.1.0/python-3.13/nersc-python/lib/python3.13/multiprocessing/resource_tracker.py", line 371, in main
    raise ValueError(
        f'Cannot register {name} for automatic cleanup: '
        f'unknown resource type {rtype}')
ValueError: Cannot register /loky-1049845-smwa2boj for automatic cleanup: unknown resource type semlock
Traceback (most recent call last):
  File "/global/common/software/nersc/pe/conda-envs/26.1.0/python-3.13/nersc-python/lib/python3.13/multiprocessing/resource_tracker.py", line 371, in main
    raise ValueError(
        f'Cannot register {name} for automatic cleanup: '
        f'unknown resource type {rtype}')
ValueError: Cannot register /loky-1049845-1yt4bsbm for automatic cleanup: unknown resource type semlock
Traceback (most recent call last):
  File "/global/common/software/nersc/pe/conda-envs/26.1.0/python-3.13/nersc-python/lib/python3.13/multiprocessing/resource_tracker.py", line 371, in main
    raise ValueError(
        f'Cannot register {name} for automatic cleanup: '
        f'unknown resource type {rtype}')
ValueError: Cannot register /loky-1049845-jnqou0py for automatic cleanup: unknown resource type semlock
Traceback (most recent call last):
  File "/global/common/software/nersc/pe/conda-envs/26.1.0/python-3.13/nersc-python/lib/python3.13/multiprocessing/resource_tracker.py", line 371, in main
    raise ValueError(
        f'Cannot register {name} for automatic cleanup: '
        f'unknown resource type {rtype}')
ValueError: Cannot register /loky-1049845-6_4ieyuw for automatic cleanup: unknown resource type semlock
Traceback (most recent call last):
  File "/global/common/software/nersc/pe/conda-envs/26.1.0/python-3.13/nersc-python/lib/python3.13/multiprocessing/resource_tracker.py", line 371, in main
    raise ValueError(
        f'Cannot register {name} for automatic cleanup: '
        f'unknown resource type {rtype}')
ValueError: Cannot register /loky-1049845-yge27h0k for automatic cleanup: unknown resource type semlock
Traceback (most recent call last):
  File "/global/common/software/nersc/pe/conda-envs/26.1.0/python-3.13/nersc-python/lib/python3.13/multiprocessing/resource_tracker.py", line 371, in main
    raise ValueError(
        f'Cannot register {name} for automatic cleanup: '
        f'unknown resource type {rtype}')
ValueError: Cannot register /loky-1049845-r8_av2wu for automatic cleanup: unknown resource type semlock
Traceback (most recent call last):
  File "/global/common/software/nersc/pe/conda-envs/26.1.0/python-3.13/nersc-python/lib/python3.13/multiprocessing/resource_tracker.py", line 371, in main
    raise ValueError(
        f'Cannot register {name} for automatic cleanup: '
        f'unknown resource type {rtype}')
ValueError: Cannot register /loky-1049845-pkgyse8y for automatic cleanup: unknown resource type semlock
Traceback (most recent call last):
  File "/global/common/software/nersc/pe/conda-envs/26.1.0/python-3.13/nersc-python/lib/python3.13/multiprocessing/resource_tracker.py", line 371, in main
    raise ValueError(
        f'Cannot register {name} for automatic cleanup: '
        f'unknown resource type {rtype}')
ValueError: Cannot register /loky-1049845-rm7m_f_j for automatic cleanup: unknown resource type semlock
Traceback (most recent call last):
  File "/global/common/software/nersc/pe/conda-envs/26.1.0/python-3.13/nersc-python/lib/python3.13/multiprocessing/resource_tracker.py", line 371, in main
    raise ValueError(
        f'Cannot register {name} for automatic cleanup: '
        f'unknown resource type {rtype}')
ValueError: Cannot register /loky-1049845-dhr5r72v for automatic cleanup: unknown resource type semlock
Traceback (most recent call last):
  File "/global/common/software/nersc/pe/conda-envs/26.1.0/python-3.13/nersc-python/lib/python3.13/multiprocessing/resource_tracker.py", line 371, in main
    raise ValueError(
        f'Cannot register {name} for automatic cleanup: '
        f'unknown resource type {rtype}')
ValueError: Cannot register /loky-1049845-fu91guux for automatic cleanup: unknown resource type semlock
Traceback (most recent call last):
  File "/global/common/software/nersc/pe/conda-envs/26.1.0/python-3.13/nersc-python/lib/python3.13/multiprocessing/resource_tracker.py", line 371, in main
    raise ValueError(
        f'Cannot register {name} for automatic cleanup: '
        f'unknown resource type {rtype}')
ValueError: Cannot register /loky-1049845-1hoig5oe for automatic cleanup: unknown resource type semlock
Traceback (most recent call last):
  File "/global/common/software/nersc/pe/conda-envs/26.1.0/python-3.13/nersc-python/lib/python3.13/multiprocessing/resource_tracker.py", line 371, in main
    raise ValueError(
        f'Cannot register {name} for automatic cleanup: '
        f'unknown resource type {rtype}')
ValueError: Cannot register /loky-1049845-w8x0cwey for automatic cleanup: unknown resource type semlock
Traceback (most recent call last):
  File "/global/common/software/nersc/pe/conda-envs/26.1.0/python-3.13/nersc-python/lib/python3.13/multiprocessing/resource_tracker.py", line 371, in main
    raise ValueError(
        f'Cannot register {name} for automatic cleanup: '
        f'unknown resource type {rtype}')
ValueError: Cannot register /loky-1049845-6tyg7uxw for automatic cleanup: unknown resource type semlock
Traceback (most recent call last):
  File "/global/common/software/nersc/pe/conda-envs/26.1.0/python-3.13/nersc-python/lib/python3.13/multiprocessing/resource_tracker.py", line 371, in main
    raise ValueError(
        f'Cannot register {name} for automatic cleanup: '
        f'unknown resource type {rtype}')
ValueError: Cannot register /loky-1049845-htz0jvpq for automatic cleanup: unknown resource type semlock
Traceback (most recent call last):
  File "/global/common/software/nersc/pe/conda-envs/26.1.0/python-3.13/nersc-python/lib/python3.13/multiprocessing/resource_tracker.py", line 371, in main
    raise ValueError(
        f'Cannot register {name} for automatic cleanup: '
        f'unknown resource type {rtype}')
ValueError: Cannot register /loky-1049845-bybsmc6g for automatic cleanup: unknown resource type semlock
Traceback (most recent call last):
  File "/global/common/software/nersc/pe/conda-envs/26.1.0/python-3.13/nersc-python/lib/python3.13/multiprocessing/resource_tracker.py", line 371, in main
    raise ValueError(
        f'Cannot register {name} for automatic cleanup: '
        f'unknown resource type {rtype}')
ValueError: Cannot register /loky-1049845-5jznsk2y for automatic cleanup: unknown resource type semlock
Traceback (most recent call last):
  File "/global/common/software/nersc/pe/conda-envs/26.1.0/python-3.13/nersc-python/lib/python3.13/multiprocessing/resource_tracker.py", line 371, in main
    raise ValueError(
        f'Cannot register {name} for automatic cleanup: '
        f'unknown resource type {rtype}')
ValueError: Cannot register /loky-1049845-wriax8rt for automatic cleanup: unknown resource type semlock
Traceback (most recent call last):
  File "/global/common/software/nersc/pe/conda-envs/26.1.0/python-3.13/nersc-python/lib/python3.13/multiprocessing/resource_tracker.py", line 371, in main
    raise ValueError(
        f'Cannot register {name} for automatic cleanup: '
        f'unknown resource type {rtype}')
ValueError: Cannot register /loky-1049845-l1mrzm9e for automatic cleanup: unknown resource type semlock
Traceback (most recent call last):
  File "/global/common/software/nersc/pe/conda-envs/26.1.0/python-3.13/nersc-python/lib/python3.13/multiprocessing/resource_tracker.py", line 371, in main
    raise ValueError(
        f'Cannot register {name} for automatic cleanup: '
        f'unknown resource type {rtype}')
ValueError: Cannot register /loky-1049845-lxdnd4qt for automatic cleanup: unknown resource type semlock
Traceback (most recent call last):
  File "/global/common/software/nersc/pe/conda-envs/26.1.0/python-3.13/nersc-python/lib/python3.13/multiprocessing/resource_tracker.py", line 371, in main
    raise ValueError(
        f'Cannot register {name} for automatic cleanup: '
        f'unknown resource type {rtype}')
ValueError: Cannot register /loky-1049845-iwhqmi5j for automatic cleanup: unknown resource type semlock
Traceback (most recent call last):
  File "/global/common/software/nersc/pe/conda-envs/26.1.0/python-3.13/nersc-python/lib/python3.13/multiprocessing/resource_tracker.py", line 371, in main
    raise ValueError(
        f'Cannot register {name} for automatic cleanup: '
        f'unknown resource type {rtype}')
ValueError: Cannot register /loky-1049845-svdqspy0 for automatic cleanup: unknown resource type semlock
Traceback (most recent call last):
  File "/global/common/software/nersc/pe/conda-envs/26.1.0/python-3.13/nersc-python/lib/python3.13/multiprocessing/resource_tracker.py", line 371, in main
    raise ValueError(
        f'Cannot register {name} for automatic cleanup: '
        f'unknown resource type {rtype}')
ValueError: Cannot register /loky-1049845-0bnb9mpg for automatic cleanup: unknown resource type semlock
Traceback (most recent call last):
  File "/global/common/software/nersc/pe/conda-envs/26.1.0/python-3.13/nersc-python/lib/python3.13/multiprocessing/resource_tracker.py", line 371, in main
    raise ValueError(
        f'Cannot register {name} for automatic cleanup: '
        f'unknown resource type {rtype}')
ValueError: Cannot register /loky-1049845-_up5z_hm for automatic cleanup: unknown resource type semlock
Traceback (most recent call last):
  File "/global/common/software/nersc/pe/conda-envs/26.1.0/python-3.13/nersc-python/lib/python3.13/multiprocessing/resource_tracker.py", line 371, in main
    raise ValueError(
        f'Cannot register {name} for automatic cleanup: '
        f'unknown resource type {rtype}')
ValueError: Cannot register /loky-1049845-iv4l9fyj for automatic cleanup: unknown resource type semlock
Traceback (most recent call last):
  File "/global/common/software/nersc/pe/conda-envs/26.1.0/python-3.13/nersc-python/lib/python3.13/multiprocessing/resource_tracker.py", line 371, in main
    raise ValueError(
        f'Cannot register {name} for automatic cleanup: '
        f'unknown resource type {rtype}')
ValueError: Cannot register /loky-1049845-waebjyb8 for automatic cleanup: unknown resource type semlock
Traceback (most recent call last):
  File "/global/common/software/nersc/pe/conda-envs/26.1.0/python-3.13/nersc-python/lib/python3.13/multiprocessing/resource_tracker.py", line 371, in main
    raise ValueError(
        f'Cannot register {name} for automatic cleanup: '
        f'unknown resource type {rtype}')
ValueError: Cannot register /loky-1049845-ym18br2f for automatic cleanup: unknown resource type semlock
Traceback (most recent call last):
  File "/global/common/software/nersc/pe/conda-envs/26.1.0/python-3.13/nersc-python/lib/python3.13/multiprocessing/resource_tracker.py", line 371, in main
    raise ValueError(
        f'Cannot register {name} for automatic cleanup: '
        f'unknown resource type {rtype}')
ValueError: Cannot register /loky-1049845-ow4jkdn9 for automatic cleanup: unknown resource type semlock
Traceback (most recent call last):
  File "/global/common/software/nersc/pe/conda-envs/26.1.0/python-3.13/nersc-python/lib/python3.13/multiprocessing/resource_tracker.py", line 371, in main
    raise ValueError(
        f'Cannot register {name} for automatic cleanup: '
        f'unknown resource type {rtype}')
ValueError: Cannot register /loky-1049845-v8tuavzy for automatic cleanup: unknown resource type semlock
Traceback (most recent call last):
  File "/global/common/software/nersc/pe/conda-envs/26.1.0/python-3.13/nersc-python/lib/python3.13/multiprocessing/resource_tracker.py", line 371, in main
    raise ValueError(
        f'Cannot register {name} for automatic cleanup: '
        f'unknown resource type {rtype}')
ValueError: Cannot register /loky-1049845-i1px64fn for automatic cleanup: unknown resource type semlock
Traceback (most recent call last):
  File "/global/common/software/nersc/pe/conda-envs/26.1.0/python-3.13/nersc-python/lib/python3.13/multiprocessing/resource_tracker.py", line 371, in main
    raise ValueError(
        f'Cannot register {name} for automatic cleanup: '
        f'unknown resource type {rtype}')
ValueError: Cannot register /loky-1049845-3nps0959 for automatic cleanup: unknown resource type semlock
Traceback (most recent call last):
  File "/global/common/software/nersc/pe/conda-envs/26.1.0/python-3.13/nersc-python/lib/python3.13/multiprocessing/resource_tracker.py", line 371, in main
    raise ValueError(
        f'Cannot register {name} for automatic cleanup: '
        f'unknown resource type {rtype}')
ValueError: Cannot register /loky-1049845-98r6l97s for automatic cleanup: unknown resource type semlock
Traceback (most recent call last):
  File "/global/common/software/nersc/pe/conda-envs/26.1.0/python-3.13/nersc-python/lib/python3.13/multiprocessing/resource_tracker.py", line 371, in main
    raise ValueError(
        f'Cannot register {name} for automatic cleanup: '
        f'unknown resource type {rtype}')
ValueError: Cannot register /loky-1049845-md8tt9d3 for automatic cleanup: unknown resource type semlock
Traceback (most recent call last):
  File "/global/common/software/nersc/pe/conda-envs/26.1.0/python-3.13/nersc-python/lib/python3.13/multiprocessing/resource_tracker.py", line 371, in main
    raise ValueError(
        f'Cannot register {name} for automatic cleanup: '
        f'unknown resource type {rtype}')
ValueError: Cannot register /loky-1049845-aif9rxfe for automatic cleanup: unknown resource type semlock
Traceback (most recent call last):
  File "/global/common/software/nersc/pe/conda-envs/26.1.0/python-3.13/nersc-python/lib/python3.13/multiprocessing/resource_tracker.py", line 371, in main
    raise ValueError(
        f'Cannot register {name} for automatic cleanup: '
        f'unknown resource type {rtype}')
ValueError: Cannot register /loky-1049845-73x_933x for automatic cleanup: unknown resource type semlock
Traceback (most recent call last):
  File "/global/common/software/nersc/pe/conda-envs/26.1.0/python-3.13/nersc-python/lib/python3.13/multiprocessing/resource_tracker.py", line 371, in main
    raise ValueError(
        f'Cannot register {name} for automatic cleanup: '
        f'unknown resource type {rtype}')
ValueError: Cannot register /loky-1049845-y5_4r40z for automatic cleanup: unknown resource type semlock
Traceback (most recent call last):
  File "/global/common/software/nersc/pe/conda-envs/26.1.0/python-3.13/nersc-python/lib/python3.13/multiprocessing/resource_tracker.py", line 371, in main
    raise ValueError(
        f'Cannot register {name} for automatic cleanup: '
        f'unknown resource type {rtype}')
ValueError: Cannot register /loky-1049845-ld1um_kl for automatic cleanup: unknown resource type semlock
Traceback (most recent call last):
  File "/global/common/software/nersc/pe/conda-envs/26.1.0/python-3.13/nersc-python/lib/python3.13/multiprocessing/resource_tracker.py", line 371, in main
    raise ValueError(
        f'Cannot register {name} for automatic cleanup: '
        f'unknown resource type {rtype}')
ValueError: Cannot register /loky-1049845-7gkyq00e for automatic cleanup: unknown resource type semlock
Traceback (most recent call last):
  File "/global/common/software/nersc/pe/conda-envs/26.1.0/python-3.13/nersc-python/lib/python3.13/multiprocessing/resource_tracker.py", line 371, in main
    raise ValueError(
        f'Cannot register {name} for automatic cleanup: '
        f'unknown resource type {rtype}')
ValueError: Cannot register /loky-1049845-7e97n1_u for automatic cleanup: unknown resource type semlock
Traceback (most recent call last):
  File "/global/common/software/nersc/pe/conda-envs/26.1.0/python-3.13/nersc-python/lib/python3.13/multiprocessing/resource_tracker.py", line 371, in main
    raise ValueError(
        f'Cannot register {name} for automatic cleanup: '
        f'unknown resource type {rtype}')
ValueError: Cannot register /loky-1049845-l5n29qi9 for automatic cleanup: unknown resource type semlock
Traceback (most recent call last):
  File "/global/common/software/nersc/pe/conda-envs/26.1.0/python-3.13/nersc-python/lib/python3.13/multiprocessing/resource_tracker.py", line 371, in main
    raise ValueError(
        f'Cannot register {name} for automatic cleanup: '
        f'unknown resource type {rtype}')
ValueError: Cannot register /loky-1049845-ljulyipn for automatic cleanup: unknown resource type semlock
Traceback (most recent call last):
  File "/global/common/software/nersc/pe/conda-envs/26.1.0/python-3.13/nersc-python/lib/python3.13/multiprocessing/resource_tracker.py", line 371, in main
    raise ValueError(
        f'Cannot register {name} for automatic cleanup: '
        f'unknown resource type {rtype}')
ValueError: Cannot register /loky-1049845-j4saextj for automatic cleanup: unknown resource type semlock
Traceback (most recent call last):
  File "/global/common/software/nersc/pe/conda-envs/26.1.0/python-3.13/nersc-python/lib/python3.13/multiprocessing/resource_tracker.py", line 371, in main
    raise ValueError(
        f'Cannot register {name} for automatic cleanup: '
        f'unknown resource type {rtype}')
ValueError: Cannot register /loky-1049845-pb40g_72 for automatic cleanup: unknown resource type semlock
Traceback (most recent call last):
  File "/global/common/software/nersc/pe/conda-envs/26.1.0/python-3.13/nersc-python/lib/python3.13/multiprocessing/resource_tracker.py", line 371, in main
    raise ValueError(
        f'Cannot register {name} for automatic cleanup: '
        f'unknown resource type {rtype}')
ValueError: Cannot register /loky-1049845-n9jsyaga for automatic cleanup: unknown resource type semlock
Traceback (most recent call last):
  File "/global/common/software/nersc/pe/conda-envs/26.1.0/python-3.13/nersc-python/lib/python3.13/multiprocessing/resource_tracker.py", line 371, in main
    raise ValueError(
        f'Cannot register {name} for automatic cleanup: '
        f'unknown resource type {rtype}')
ValueError: Cannot register /loky-1049845-7ur88yxi for automatic cleanup: unknown resource type semlock
Traceback (most recent call last):
  File "/global/common/software/nersc/pe/conda-envs/26.1.0/python-3.13/nersc-python/lib/python3.13/multiprocessing/resource_tracker.py", line 371, in main
    raise ValueError(
        f'Cannot register {name} for automatic cleanup: '
        f'unknown resource type {rtype}')
ValueError: Cannot register /loky-1049845-_ec2gx7p for automatic cleanup: unknown resource type semlock
Traceback (most recent call last):
  File "/global/common/software/nersc/pe/conda-envs/26.1.0/python-3.13/nersc-python/lib/python3.13/multiprocessing/resource_tracker.py", line 371, in main
    raise ValueError(
        f'Cannot register {name} for automatic cleanup: '
        f'unknown resource type {rtype}')
ValueError: Cannot register /loky-1049845-j590aodd for automatic cleanup: unknown resource type semlock
Traceback (most recent call last):
  File "/global/common/software/nersc/pe/conda-envs/26.1.0/python-3.13/nersc-python/lib/python3.13/multiprocessing/resource_tracker.py", line 371, in main
    raise ValueError(
        f'Cannot register {name} for automatic cleanup: '
        f'unknown resource type {rtype}')
ValueError: Cannot register /loky-1049845-vpmw40qy for automatic cleanup: unknown resource type semlock
Traceback (most recent call last):
  File "/global/common/software/nersc/pe/conda-envs/26.1.0/python-3.13/nersc-python/lib/python3.13/multiprocessing/resource_tracker.py", line 371, in main
    raise ValueError(
        f'Cannot register {name} for automatic cleanup: '
        f'unknown resource type {rtype}')
ValueError: Cannot register /loky-1049845-9m_ky7kc for automatic cleanup: unknown resource type semlock
Traceback (most recent call last):
  File "/global/common/software/nersc/pe/conda-envs/26.1.0/python-3.13/nersc-python/lib/python3.13/multiprocessing/resource_tracker.py", line 371, in main
    raise ValueError(
        f'Cannot register {name} for automatic cleanup: '
        f'unknown resource type {rtype}')
ValueError: Cannot register /loky-1049845-ergjqcm8 for automatic cleanup: unknown resource type semlock
Traceback (most recent call last):
  File "/global/common/software/nersc/pe/conda-envs/26.1.0/python-3.13/nersc-python/lib/python3.13/multiprocessing/resource_tracker.py", line 371, in main
    raise ValueError(
        f'Cannot register {name} for automatic cleanup: '
        f'unknown resource type {rtype}')
ValueError: Cannot register /loky-1049845-lknrvjmc for automatic cleanup: unknown resource type semlock
Traceback (most recent call last):
  File "/global/common/software/nersc/pe/conda-envs/26.1.0/python-3.13/nersc-python/lib/python3.13/multiprocessing/resource_tracker.py", line 371, in main
    raise ValueError(
        f'Cannot register {name} for automatic cleanup: '
        f'unknown resource type {rtype}')
ValueError: Cannot register /loky-1049845-atlxacmb for automatic cleanup: unknown resource type semlock
Traceback (most recent call last):
  File "/global/common/software/nersc/pe/conda-envs/26.1.0/python-3.13/nersc-python/lib/python3.13/multiprocessing/resource_tracker.py", line 371, in main
    raise ValueError(
        f'Cannot register {name} for automatic cleanup: '
        f'unknown resource type {rtype}')
ValueError: Cannot register /loky-1049845-xfbe4o8i for automatic cleanup: unknown resource type semlock
Traceback (most recent call last):
  File "/global/common/software/nersc/pe/conda-envs/26.1.0/python-3.13/nersc-python/lib/python3.13/multiprocessing/resource_tracker.py", line 371, in main
    raise ValueError(
        f'Cannot register {name} for automatic cleanup: '
        f'unknown resource type {rtype}')
ValueError: Cannot register /loky-1049845-2qbk7a4e for automatic cleanup: unknown resource type semlock
Traceback (most recent call last):
  File "/global/common/software/nersc/pe/conda-envs/26.1.0/python-3.13/nersc-python/lib/python3.13/multiprocessing/resource_tracker.py", line 371, in main
    raise ValueError(
        f'Cannot register {name} for automatic cleanup: '
        f'unknown resource type {rtype}')
ValueError: Cannot register /loky-1049845-1meyn646 for automatic cleanup: unknown resource type semlock
Traceback (most recent call last):
  File "/global/common/software/nersc/pe/conda-envs/26.1.0/python-3.13/nersc-python/lib/python3.13/multiprocessing/resource_tracker.py", line 371, in main
    raise ValueError(
        f'Cannot register {name} for automatic cleanup: '
        f'unknown resource type {rtype}')
ValueError: Cannot register /loky-1049845-h3eh_umq for automatic cleanup: unknown resource type semlock
Traceback (most recent call last):
  File "/global/common/software/nersc/pe/conda-envs/26.1.0/python-3.13/nersc-python/lib/python3.13/multiprocessing/resource_tracker.py", line 371, in main
    raise ValueError(
        f'Cannot register {name} for automatic cleanup: '
        f'unknown resource type {rtype}')
ValueError: Cannot register /loky-1049845-efh8ifn3 for automatic cleanup: unknown resource type semlock
Traceback (most recent call last):
  File "/global/common/software/nersc/pe/conda-envs/26.1.0/python-3.13/nersc-python/lib/python3.13/multiprocessing/resource_tracker.py", line 371, in main
    raise ValueError(
        f'Cannot register {name} for automatic cleanup: '
        f'unknown resource type {rtype}')
ValueError: Cannot register /loky-1049845-24fd8gil for automatic cleanup: unknown resource type semlock
Traceback (most recent call last):
  File "/global/common/software/nersc/pe/conda-envs/26.1.0/python-3.13/nersc-python/lib/python3.13/multiprocessing/resource_tracker.py", line 371, in main
    raise ValueError(
        f'Cannot register {name} for automatic cleanup: '
        f'unknown resource type {rtype}')
ValueError: Cannot register /loky-1049845-ky7wh4s_ for automatic cleanup: unknown resource type semlock
Traceback (most recent call last):
  File "/global/common/software/nersc/pe/conda-envs/26.1.0/python-3.13/nersc-python/lib/python3.13/multiprocessing/resource_tracker.py", line 371, in main
    raise ValueError(
        f'Cannot register {name} for automatic cleanup: '
        f'unknown resource type {rtype}')
ValueError: Cannot register /loky-1049845-x336z3_k for automatic cleanup: unknown resource type semlock
Traceback (most recent call last):
  File "/global/common/software/nersc/pe/conda-envs/26.1.0/python-3.13/nersc-python/lib/python3.13/multiprocessing/resource_tracker.py", line 371, in main
    raise ValueError(
        f'Cannot register {name} for automatic cleanup: '
        f'unknown resource type {rtype}')
ValueError: Cannot register /loky-1049845-wx1w3ljk for automatic cleanup: unknown resource type semlock
Traceback (most recent call last):
  File "/global/common/software/nersc/pe/conda-envs/26.1.0/python-3.13/nersc-python/lib/python3.13/multiprocessing/resource_tracker.py", line 371, in main
    raise ValueError(
        f'Cannot register {name} for automatic cleanup: '
        f'unknown resource type {rtype}')
ValueError: Cannot register /loky-1049845-7vzps6c8 for automatic cleanup: unknown resource type semlock
Traceback (most recent call last):
  File "/global/common/software/nersc/pe/conda-envs/26.1.0/python-3.13/nersc-python/lib/python3.13/multiprocessing/resource_tracker.py", line 371, in main
    raise ValueError(
        f'Cannot register {name} for automatic cleanup: '
        f'unknown resource type {rtype}')
ValueError: Cannot register /loky-1049845-y71c7qji for automatic cleanup: unknown resource type semlock
Traceback (most recent call last):
  File "/global/common/software/nersc/pe/conda-envs/26.1.0/python-3.13/nersc-python/lib/python3.13/multiprocessing/resource_tracker.py", line 371, in main
    raise ValueError(
        f'Cannot register {name} for automatic cleanup: '
        f'unknown resource type {rtype}')
ValueError: Cannot register /loky-1049845-97fuu3a3 for automatic cleanup: unknown resource type semlock
Traceback (most recent call last):
  File "/global/common/software/nersc/pe/conda-envs/26.1.0/python-3.13/nersc-python/lib/python3.13/multiprocessing/resource_tracker.py", line 371, in main
    raise ValueError(
        f'Cannot register {name} for automatic cleanup: '
        f'unknown resource type {rtype}')
ValueError: Cannot register /loky-1049845-_dk40d50 for automatic cleanup: unknown resource type semlock
Traceback (most recent call last):
  File "/global/common/software/nersc/pe/conda-envs/26.1.0/python-3.13/nersc-python/lib/python3.13/multiprocessing/resource_tracker.py", line 371, in main
    raise ValueError(
        f'Cannot register {name} for automatic cleanup: '
        f'unknown resource type {rtype}')
ValueError: Cannot register /loky-1049845-1goy4_x1 for automatic cleanup: unknown resource type semlock
Traceback (most recent call last):
  File "/global/common/software/nersc/pe/conda-envs/26.1.0/python-3.13/nersc-python/lib/python3.13/multiprocessing/resource_tracker.py", line 371, in main
    raise ValueError(
        f'Cannot register {name} for automatic cleanup: '
        f'unknown resource type {rtype}')
ValueError: Cannot register /loky-1049845-ww2r8gs9 for automatic cleanup: unknown resource type semlock
Traceback (most recent call last):
  File "/global/common/software/nersc/pe/conda-envs/26.1.0/python-3.13/nersc-python/lib/python3.13/multiprocessing/resource_tracker.py", line 371, in main
    raise ValueError(
        f'Cannot register {name} for automatic cleanup: '
        f'unknown resource type {rtype}')
ValueError: Cannot register /loky-1049845-e_yzj5zr for automatic cleanup: unknown resource type semlock
Traceback (most recent call last):
  File "/global/common/software/nersc/pe/conda-envs/26.1.0/python-3.13/nersc-python/lib/python3.13/multiprocessing/resource_tracker.py", line 371, in main
    raise ValueError(
        f'Cannot register {name} for automatic cleanup: '
        f'unknown resource type {rtype}')
ValueError: Cannot register /loky-1049845-lri5o1me for automatic cleanup: unknown resource type semlock
Traceback (most recent call last):
  File "/global/common/software/nersc/pe/conda-envs/26.1.0/python-3.13/nersc-python/lib/python3.13/multiprocessing/resource_tracker.py", line 371, in main
    raise ValueError(
        f'Cannot register {name} for automatic cleanup: '
        f'unknown resource type {rtype}')
ValueError: Cannot register /loky-1049845-3byhhz53 for automatic cleanup: unknown resource type semlock
Traceback (most recent call last):
  File "/global/common/software/nersc/pe/conda-envs/26.1.0/python-3.13/nersc-python/lib/python3.13/multiprocessing/resource_tracker.py", line 371, in main
    raise ValueError(
        f'Cannot register {name} for automatic cleanup: '
        f'unknown resource type {rtype}')
ValueError: Cannot register /loky-1049845-xl8061u5 for automatic cleanup: unknown resource type semlock
Traceback (most recent call last):
  File "/global/common/software/nersc/pe/conda-envs/26.1.0/python-3.13/nersc-python/lib/python3.13/multiprocessing/resource_tracker.py", line 371, in main
    raise ValueError(
        f'Cannot register {name} for automatic cleanup: '
        f'unknown resource type {rtype}')
ValueError: Cannot register /loky-1049845-6hehspcm for automatic cleanup: unknown resource type semlock
Traceback (most recent call last):
  File "/global/common/software/nersc/pe/conda-envs/26.1.0/python-3.13/nersc-python/lib/python3.13/multiprocessing/resource_tracker.py", line 371, in main
    raise ValueError(
        f'Cannot register {name} for automatic cleanup: '
        f'unknown resource type {rtype}')
ValueError: Cannot register /loky-1049845-64g1zpet for automatic cleanup: unknown resource type semlock
Traceback (most recent call last):
  File "/global/common/software/nersc/pe/conda-envs/26.1.0/python-3.13/nersc-python/lib/python3.13/multiprocessing/resource_tracker.py", line 371, in main
    raise ValueError(
        f'Cannot register {name} for automatic cleanup: '
        f'unknown resource type {rtype}')
ValueError: Cannot register /loky-1049845-dmedyu0d for automatic cleanup: unknown resource type semlock
Traceback (most recent call last):
  File "/global/common/software/nersc/pe/conda-envs/26.1.0/python-3.13/nersc-python/lib/python3.13/multiprocessing/resource_tracker.py", line 371, in main
    raise ValueError(
        f'Cannot register {name} for automatic cleanup: '
        f'unknown resource type {rtype}')
ValueError: Cannot register /loky-1049845-1p3kfj_i for automatic cleanup: unknown resource type semlock
Traceback (most recent call last):
  File "/global/common/software/nersc/pe/conda-envs/26.1.0/python-3.13/nersc-python/lib/python3.13/multiprocessing/resource_tracker.py", line 371, in main
    raise ValueError(
        f'Cannot register {name} for automatic cleanup: '
        f'unknown resource type {rtype}')
ValueError: Cannot register /loky-1049845-i23hbef8 for automatic cleanup: unknown resource type semlock
Traceback (most recent call last):
  File "/global/common/software/nersc/pe/conda-envs/26.1.0/python-3.13/nersc-python/lib/python3.13/multiprocessing/resource_tracker.py", line 371, in main
    raise ValueError(
        f'Cannot register {name} for automatic cleanup: '
        f'unknown resource type {rtype}')
ValueError: Cannot register /loky-1049845-6mwjm3jc for automatic cleanup: unknown resource type semlock
Traceback (most recent call last):
  File "/global/common/software/nersc/pe/conda-envs/26.1.0/python-3.13/nersc-python/lib/python3.13/multiprocessing/resource_tracker.py", line 371, in main
    raise ValueError(
        f'Cannot register {name} for automatic cleanup: '
        f'unknown resource type {rtype}')
ValueError: Cannot register /loky-1049845-8xwq6sq9 for automatic cleanup: unknown resource type semlock
Traceback (most recent call last):
  File "/global/common/software/nersc/pe/conda-envs/26.1.0/python-3.13/nersc-python/lib/python3.13/multiprocessing/resource_tracker.py", line 371, in main
    raise ValueError(
        f'Cannot register {name} for automatic cleanup: '
        f'unknown resource type {rtype}')
ValueError: Cannot register /loky-1049845-8_stc4wp for automatic cleanup: unknown resource type semlock
Traceback (most recent call last):
  File "/global/common/software/nersc/pe/conda-envs/26.1.0/python-3.13/nersc-python/lib/python3.13/multiprocessing/resource_tracker.py", line 371, in main
    raise ValueError(
        f'Cannot register {name} for automatic cleanup: '
        f'unknown resource type {rtype}')
ValueError: Cannot register /loky-1049845-a5jchpw2 for automatic cleanup: unknown resource type semlock
Traceback (most recent call last):
  File "/global/common/software/nersc/pe/conda-envs/26.1.0/python-3.13/nersc-python/lib/python3.13/multiprocessing/resource_tracker.py", line 371, in main
    raise ValueError(
        f'Cannot register {name} for automatic cleanup: '
        f'unknown resource type {rtype}')
ValueError: Cannot register /loky-1049845-i8uv4wgf for automatic cleanup: unknown resource type semlock
Traceback (most recent call last):
  File "/global/common/software/nersc/pe/conda-envs/26.1.0/python-3.13/nersc-python/lib/python3.13/multiprocessing/resource_tracker.py", line 371, in main
    raise ValueError(
        f'Cannot register {name} for automatic cleanup: '
        f'unknown resource type {rtype}')
ValueError: Cannot register /loky-1049845-7g2ho1sd for automatic cleanup: unknown resource type semlock
Traceback (most recent call last):
  File "/global/common/software/nersc/pe/conda-envs/26.1.0/python-3.13/nersc-python/lib/python3.13/multiprocessing/resource_tracker.py", line 371, in main
    raise ValueError(
        f'Cannot register {name} for automatic cleanup: '
        f'unknown resource type {rtype}')
ValueError: Cannot register /loky-1049845-_dl9ptk9 for automatic cleanup: unknown resource type semlock
Traceback (most recent call last):
  File "/global/common/software/nersc/pe/conda-envs/26.1.0/python-3.13/nersc-python/lib/python3.13/multiprocessing/resource_tracker.py", line 371, in main
    raise ValueError(
        f'Cannot register {name} for automatic cleanup: '
        f'unknown resource type {rtype}')
ValueError: Cannot register /loky-1049845-agqwrlsy for automatic cleanup: unknown resource type semlock
Traceback (most recent call last):
  File "/global/common/software/nersc/pe/conda-envs/26.1.0/python-3.13/nersc-python/lib/python3.13/multiprocessing/resource_tracker.py", line 371, in main
    raise ValueError(
        f'Cannot register {name} for automatic cleanup: '
        f'unknown resource type {rtype}')
ValueError: Cannot register /loky-1049845-8fht5by2 for automatic cleanup: unknown resource type semlock
Traceback (most recent call last):
  File "/global/common/software/nersc/pe/conda-envs/26.1.0/python-3.13/nersc-python/lib/python3.13/multiprocessing/resource_tracker.py", line 371, in main
    raise ValueError(
        f'Cannot register {name} for automatic cleanup: '
        f'unknown resource type {rtype}')
ValueError: Cannot register /loky-1049845-n24k8m02 for automatic cleanup: unknown resource type semlock
Traceback (most recent call last):
  File "/global/common/software/nersc/pe/conda-envs/26.1.0/python-3.13/nersc-python/lib/python3.13/multiprocessing/resource_tracker.py", line 371, in main
    raise ValueError(
        f'Cannot register {name} for automatic cleanup: '
        f'unknown resource type {rtype}')
ValueError: Cannot register /loky-1049845-5izxpqzs for automatic cleanup: unknown resource type semlock
Traceback (most recent call last):
  File "/global/common/software/nersc/pe/conda-envs/26.1.0/python-3.13/nersc-python/lib/python3.13/multiprocessing/resource_tracker.py", line 371, in main
    raise ValueError(
        f'Cannot register {name} for automatic cleanup: '
        f'unknown resource type {rtype}')
ValueError: Cannot register /loky-1049845-ujj4qt6i for automatic cleanup: unknown resource type semlock
Traceback (most recent call last):
  File "/global/common/software/nersc/pe/conda-envs/26.1.0/python-3.13/nersc-python/lib/python3.13/multiprocessing/resource_tracker.py", line 371, in main
    raise ValueError(
        f'Cannot register {name} for automatic cleanup: '
        f'unknown resource type {rtype}')
ValueError: Cannot register /loky-1049845-ccbzb007 for automatic cleanup: unknown resource type semlock
Traceback (most recent call last):
  File "/global/common/software/nersc/pe/conda-envs/26.1.0/python-3.13/nersc-python/lib/python3.13/multiprocessing/resource_tracker.py", line 371, in main
    raise ValueError(
        f'Cannot register {name} for automatic cleanup: '
        f'unknown resource type {rtype}')
ValueError: Cannot register /loky-1049845-fir1ru5c for automatic cleanup: unknown resource type semlock
Traceback (most recent call last):
  File "/global/common/software/nersc/pe/conda-envs/26.1.0/python-3.13/nersc-python/lib/python3.13/multiprocessing/resource_tracker.py", line 371, in main
    raise ValueError(
        f'Cannot register {name} for automatic cleanup: '
        f'unknown resource type {rtype}')
ValueError: Cannot register /loky-1049845-zjxzf4d0 for automatic cleanup: unknown resource type semlock
Traceback (most recent call last):
  File "/global/common/software/nersc/pe/conda-envs/26.1.0/python-3.13/nersc-python/lib/python3.13/multiprocessing/resource_tracker.py", line 371, in main
    raise ValueError(
        f'Cannot register {name} for automatic cleanup: '
        f'unknown resource type {rtype}')
ValueError: Cannot register /loky-1049845-9qgyxpg3 for automatic cleanup: unknown resource type semlock
Traceback (most recent call last):
  File "/global/common/software/nersc/pe/conda-envs/26.1.0/python-3.13/nersc-python/lib/python3.13/multiprocessing/resource_tracker.py", line 371, in main
    raise ValueError(
        f'Cannot register {name} for automatic cleanup: '
        f'unknown resource type {rtype}')
ValueError: Cannot register /loky-1049845-b69v8w76 for automatic cleanup: unknown resource type semlock
Traceback (most recent call last):
  File "/global/common/software/nersc/pe/conda-envs/26.1.0/python-3.13/nersc-python/lib/python3.13/multiprocessing/resource_tracker.py", line 371, in main
    raise ValueError(
        f'Cannot register {name} for automatic cleanup: '
        f'unknown resource type {rtype}')
ValueError: Cannot register /loky-1049845-wlmm04xe for automatic cleanup: unknown resource type semlock
Traceback (most recent call last):
  File "/global/common/software/nersc/pe/conda-envs/26.1.0/python-3.13/nersc-python/lib/python3.13/multiprocessing/resource_tracker.py", line 371, in main
    raise ValueError(
        f'Cannot register {name} for automatic cleanup: '
        f'unknown resource type {rtype}')
ValueError: Cannot register /loky-1049845-uolo2vi0 for automatic cleanup: unknown resource type semlock
Traceback (most recent call last):
  File "/global/common/software/nersc/pe/conda-envs/26.1.0/python-3.13/nersc-python/lib/python3.13/multiprocessing/resource_tracker.py", line 371, in main
    raise ValueError(
        f'Cannot register {name} for automatic cleanup: '
        f'unknown resource type {rtype}')
ValueError: Cannot register /loky-1049845-6dkbd1ku for automatic cleanup: unknown resource type semlock
Traceback (most recent call last):
  File "/global/common/software/nersc/pe/conda-envs/26.1.0/python-3.13/nersc-python/lib/python3.13/multiprocessing/resource_tracker.py", line 371, in main
    raise ValueError(
        f'Cannot register {name} for automatic cleanup: '
        f'unknown resource type {rtype}')
ValueError: Cannot register /loky-1049845-vohhlmnr for automatic cleanup: unknown resource type semlock
Traceback (most recent call last):
  File "/global/common/software/nersc/pe/conda-envs/26.1.0/python-3.13/nersc-python/lib/python3.13/multiprocessing/resource_tracker.py", line 371, in main
    raise ValueError(
        f'Cannot register {name} for automatic cleanup: '
        f'unknown resource type {rtype}')
ValueError: Cannot register /loky-1049845-f2a7b4q_ for automatic cleanup: unknown resource type semlock
Traceback (most recent call last):
  File "/global/common/software/nersc/pe/conda-envs/26.1.0/python-3.13/nersc-python/lib/python3.13/multiprocessing/resource_tracker.py", line 371, in main
    raise ValueError(
        f'Cannot register {name} for automatic cleanup: '
        f'unknown resource type {rtype}')
ValueError: Cannot register /loky-1049845-n3e0vmbn for automatic cleanup: unknown resource type semlock
Traceback (most recent call last):
  File "/global/common/software/nersc/pe/conda-envs/26.1.0/python-3.13/nersc-python/lib/python3.13/multiprocessing/resource_tracker.py", line 371, in main
    raise ValueError(
        f'Cannot register {name} for automatic cleanup: '
        f'unknown resource type {rtype}')
ValueError: Cannot register /loky-1049845-pu4khbb5 for automatic cleanup: unknown resource type semlock
Traceback (most recent call last):
  File "/global/common/software/nersc/pe/conda-envs/26.1.0/python-3.13/nersc-python/lib/python3.13/multiprocessing/resource_tracker.py", line 371, in main
    raise ValueError(
        f'Cannot register {name} for automatic cleanup: '
        f'unknown resource type {rtype}')
ValueError: Cannot register /loky-1049845-2a_87b_5 for automatic cleanup: unknown resource type semlock
Traceback (most recent call last):
  File "/global/common/software/nersc/pe/conda-envs/26.1.0/python-3.13/nersc-python/lib/python3.13/multiprocessing/resource_tracker.py", line 371, in main
    raise ValueError(
        f'Cannot register {name} for automatic cleanup: '
        f'unknown resource type {rtype}')
ValueError: Cannot register /loky-1049845-0kpc0wrv for automatic cleanup: unknown resource type semlock
Traceback (most recent call last):
  File "/global/common/software/nersc/pe/conda-envs/26.1.0/python-3.13/nersc-python/lib/python3.13/multiprocessing/resource_tracker.py", line 371, in main
    raise ValueError(
        f'Cannot register {name} for automatic cleanup: '
        f'unknown resource type {rtype}')
ValueError: Cannot register /loky-1049845-qpdsxm0r for automatic cleanup: unknown resource type semlock
Traceback (most recent call last):
  File "/global/common/software/nersc/pe/conda-envs/26.1.0/python-3.13/nersc-python/lib/python3.13/multiprocessing/resource_tracker.py", line 371, in main
    raise ValueError(
        f'Cannot register {name} for automatic cleanup: '
        f'unknown resource type {rtype}')
ValueError: Cannot register /loky-1049845-s9e4b4ad for automatic cleanup: unknown resource type semlock
Traceback (most recent call last):
  File "/global/common/software/nersc/pe/conda-envs/26.1.0/python-3.13/nersc-python/lib/python3.13/multiprocessing/resource_tracker.py", line 371, in main
    raise ValueError(
        f'Cannot register {name} for automatic cleanup: '
        f'unknown resource type {rtype}')
ValueError: Cannot register /loky-1049845-x5t0tzjm for automatic cleanup: unknown resource type semlock
Traceback (most recent call last):
  File "/global/common/software/nersc/pe/conda-envs/26.1.0/python-3.13/nersc-python/lib/python3.13/multiprocessing/resource_tracker.py", line 371, in main
    raise ValueError(
        f'Cannot register {name} for automatic cleanup: '
        f'unknown resource type {rtype}')
ValueError: Cannot register /loky-1049845-kgmoszci for automatic cleanup: unknown resource type semlock
Traceback (most recent call last):
  File "/global/common/software/nersc/pe/conda-envs/26.1.0/python-3.13/nersc-python/lib/python3.13/multiprocessing/resource_tracker.py", line 371, in main
    raise ValueError(
        f'Cannot register {name} for automatic cleanup: '
        f'unknown resource type {rtype}')
ValueError: Cannot register /loky-1049845-9067fuu6 for automatic cleanup: unknown resource type semlock
Traceback (most recent call last):
  File "/global/common/software/nersc/pe/conda-envs/26.1.0/python-3.13/nersc-python/lib/python3.13/multiprocessing/resource_tracker.py", line 371, in main
    raise ValueError(
        f'Cannot register {name} for automatic cleanup: '
        f'unknown resource type {rtype}')
ValueError: Cannot register /loky-1049845-sv5m_elg for automatic cleanup: unknown resource type semlock
Traceback (most recent call last):
  File "/global/common/software/nersc/pe/conda-envs/26.1.0/python-3.13/nersc-python/lib/python3.13/multiprocessing/resource_tracker.py", line 371, in main
    raise ValueError(
        f'Cannot register {name} for automatic cleanup: '
        f'unknown resource type {rtype}')
ValueError: Cannot register /loky-1049845-7e6opxj6 for automatic cleanup: unknown resource type semlock
Traceback (most recent call last):
  File "/global/common/software/nersc/pe/conda-envs/26.1.0/python-3.13/nersc-python/lib/python3.13/multiprocessing/resource_tracker.py", line 371, in main
    raise ValueError(
        f'Cannot register {name} for automatic cleanup: '
        f'unknown resource type {rtype}')
ValueError: Cannot register /loky-1049845-mn6k1_a8 for automatic cleanup: unknown resource type semlock
Traceback (most recent call last):
  File "/global/common/software/nersc/pe/conda-envs/26.1.0/python-3.13/nersc-python/lib/python3.13/multiprocessing/resource_tracker.py", line 371, in main
    raise ValueError(
        f'Cannot register {name} for automatic cleanup: '
        f'unknown resource type {rtype}')
ValueError: Cannot register /loky-1049845-x5fvwj7q for automatic cleanup: unknown resource type semlock
Traceback (most recent call last):
  File "/global/common/software/nersc/pe/conda-envs/26.1.0/python-3.13/nersc-python/lib/python3.13/multiprocessing/resource_tracker.py", line 371, in main
    raise ValueError(
        f'Cannot register {name} for automatic cleanup: '
        f'unknown resource type {rtype}')
ValueError: Cannot register /loky-1049845-kea04af4 for automatic cleanup: unknown resource type semlock
Traceback (most recent call last):
  File "/global/common/software/nersc/pe/conda-envs/26.1.0/python-3.13/nersc-python/lib/python3.13/multiprocessing/resource_tracker.py", line 371, in main
    raise ValueError(
        f'Cannot register {name} for automatic cleanup: '
        f'unknown resource type {rtype}')
ValueError: Cannot register /loky-1049845-_avf0rjf for automatic cleanup: unknown resource type semlock
Traceback (most recent call last):
  File "/global/common/software/nersc/pe/conda-envs/26.1.0/python-3.13/nersc-python/lib/python3.13/multiprocessing/resource_tracker.py", line 371, in main
    raise ValueError(
        f'Cannot register {name} for automatic cleanup: '
        f'unknown resource type {rtype}')
ValueError: Cannot register /loky-1049845-_vfnjmo3 for automatic cleanup: unknown resource type semlock
Traceback (most recent call last):
  File "/global/common/software/nersc/pe/conda-envs/26.1.0/python-3.13/nersc-python/lib/python3.13/multiprocessing/resource_tracker.py", line 371, in main
    raise ValueError(
        f'Cannot register {name} for automatic cleanup: '
        f'unknown resource type {rtype}')
ValueError: Cannot register /loky-1049845-w98aa0uc for automatic cleanup: unknown resource type semlock
Traceback (most recent call last):
  File "/global/common/software/nersc/pe/conda-envs/26.1.0/python-3.13/nersc-python/lib/python3.13/multiprocessing/resource_tracker.py", line 371, in main
    raise ValueError(
        f'Cannot register {name} for automatic cleanup: '
        f'unknown resource type {rtype}')
ValueError: Cannot register /loky-1049845-itfgvbg0 for automatic cleanup: unknown resource type semlock
Traceback (most recent call last):
  File "/global/common/software/nersc/pe/conda-envs/26.1.0/python-3.13/nersc-python/lib/python3.13/multiprocessing/resource_tracker.py", line 371, in main
    raise ValueError(
        f'Cannot register {name} for automatic cleanup: '
        f'unknown resource type {rtype}')
ValueError: Cannot register /loky-1049845-57y2ciii for automatic cleanup: unknown resource type semlock
Traceback (most recent call last):
  File "/global/common/software/nersc/pe/conda-envs/26.1.0/python-3.13/nersc-python/lib/python3.13/multiprocessing/resource_tracker.py", line 371, in main
    raise ValueError(
        f'Cannot register {name} for automatic cleanup: '
        f'unknown resource type {rtype}')
ValueError: Cannot register /loky-1049845-t_hh706u for automatic cleanup: unknown resource type semlock
Traceback (most recent call last):
  File "/global/common/software/nersc/pe/conda-envs/26.1.0/python-3.13/nersc-python/lib/python3.13/multiprocessing/resource_tracker.py", line 371, in main
    raise ValueError(
        f'Cannot register {name} for automatic cleanup: '
        f'unknown resource type {rtype}')
ValueError: Cannot register /loky-1049845-b117629f for automatic cleanup: unknown resource type semlock
Traceback (most recent call last):
  File "/global/common/software/nersc/pe/conda-envs/26.1.0/python-3.13/nersc-python/lib/python3.13/multiprocessing/resource_tracker.py", line 371, in main
    raise ValueError(
        f'Cannot register {name} for automatic cleanup: '
        f'unknown resource type {rtype}')
ValueError: Cannot register /loky-1049845-cxpmeosm for automatic cleanup: unknown resource type semlock
Traceback (most recent call last):
  File "/global/common/software/nersc/pe/conda-envs/26.1.0/python-3.13/nersc-python/lib/python3.13/multiprocessing/resource_tracker.py", line 371, in main
    raise ValueError(
        f'Cannot register {name} for automatic cleanup: '
        f'unknown resource type {rtype}')
ValueError: Cannot register /loky-1049845-oa118w5q for automatic cleanup: unknown resource type semlock
Traceback (most recent call last):
  File "/global/common/software/nersc/pe/conda-envs/26.1.0/python-3.13/nersc-python/lib/python3.13/multiprocessing/resource_tracker.py", line 371, in main
    raise ValueError(
        f'Cannot register {name} for automatic cleanup: '
        f'unknown resource type {rtype}')
ValueError: Cannot register /loky-1049845-q8zycvp1 for automatic cleanup: unknown resource type semlock
Traceback (most recent call last):
  File "/global/common/software/nersc/pe/conda-envs/26.1.0/python-3.13/nersc-python/lib/python3.13/multiprocessing/resource_tracker.py", line 371, in main
    raise ValueError(
        f'Cannot register {name} for automatic cleanup: '
        f'unknown resource type {rtype}')
ValueError: Cannot register /loky-1049845-t6zjzkyg for automatic cleanup: unknown resource type semlock
Traceback (most recent call last):
  File "/global/common/software/nersc/pe/conda-envs/26.1.0/python-3.13/nersc-python/lib/python3.13/multiprocessing/resource_tracker.py", line 371, in main
    raise ValueError(
        f'Cannot register {name} for automatic cleanup: '
        f'unknown resource type {rtype}')
ValueError: Cannot register /loky-1049845-usosal3l for automatic cleanup: unknown resource type semlock
Traceback (most recent call last):
  File "/global/common/software/nersc/pe/conda-envs/26.1.0/python-3.13/nersc-python/lib/python3.13/multiprocessing/resource_tracker.py", line 371, in main
    raise ValueError(
        f'Cannot register {name} for automatic cleanup: '
        f'unknown resource type {rtype}')
ValueError: Cannot register /loky-1049845-5ezh8zue for automatic cleanup: unknown resource type semlock
Traceback (most recent call last):
  File "/global/common/software/nersc/pe/conda-envs/26.1.0/python-3.13/nersc-python/lib/python3.13/multiprocessing/resource_tracker.py", line 371, in main
    raise ValueError(
        f'Cannot register {name} for automatic cleanup: '
        f'unknown resource type {rtype}')
ValueError: Cannot register /loky-1049845-ymvzvcxe for automatic cleanup: unknown resource type semlock
Traceback (most recent call last):
  File "/global/common/software/nersc/pe/conda-envs/26.1.0/python-3.13/nersc-python/lib/python3.13/multiprocessing/resource_tracker.py", line 371, in main
    raise ValueError(
        f'Cannot register {name} for automatic cleanup: '
        f'unknown resource type {rtype}')
ValueError: Cannot register /loky-1049845-w_6uok3n for automatic cleanup: unknown resource type semlock
Traceback (most recent call last):
  File "/global/common/software/nersc/pe/conda-envs/26.1.0/python-3.13/nersc-python/lib/python3.13/multiprocessing/resource_tracker.py", line 371, in main
    raise ValueError(
        f'Cannot register {name} for automatic cleanup: '
        f'unknown resource type {rtype}')
ValueError: Cannot register /loky-1049845-wq_g9slm for automatic cleanup: unknown resource type semlock
Traceback (most recent call last):
  File "/global/common/software/nersc/pe/conda-envs/26.1.0/python-3.13/nersc-python/lib/python3.13/multiprocessing/resource_tracker.py", line 371, in main
    raise ValueError(
        f'Cannot register {name} for automatic cleanup: '
        f'unknown resource type {rtype}')
ValueError: Cannot register /loky-1049845-dj19r3l0 for automatic cleanup: unknown resource type semlock
Traceback (most recent call last):
  File "/global/common/software/nersc/pe/conda-envs/26.1.0/python-3.13/nersc-python/lib/python3.13/multiprocessing/resource_tracker.py", line 371, in main
    raise ValueError(
        f'Cannot register {name} for automatic cleanup: '
        f'unknown resource type {rtype}')
ValueError: Cannot register /loky-1049845-y1rw9579 for automatic cleanup: unknown resource type semlock
Traceback (most recent call last):
  File "/global/common/software/nersc/pe/conda-envs/26.1.0/python-3.13/nersc-python/lib/python3.13/multiprocessing/resource_tracker.py", line 371, in main
    raise ValueError(
        f'Cannot register {name} for automatic cleanup: '
        f'unknown resource type {rtype}')
ValueError: Cannot register /loky-1049845-rfflj1rh for automatic cleanup: unknown resource type semlock
Traceback (most recent call last):
  File "/global/common/software/nersc/pe/conda-envs/26.1.0/python-3.13/nersc-python/lib/python3.13/multiprocessing/resource_tracker.py", line 371, in main
    raise ValueError(
        f'Cannot register {name} for automatic cleanup: '
        f'unknown resource type {rtype}')
ValueError: Cannot register /loky-1049845-197730az for automatic cleanup: unknown resource type semlock
Traceback (most recent call last):
  File "/global/common/software/nersc/pe/conda-envs/26.1.0/python-3.13/nersc-python/lib/python3.13/multiprocessing/resource_tracker.py", line 371, in main
    raise ValueError(
        f'Cannot register {name} for automatic cleanup: '
        f'unknown resource type {rtype}')
ValueError: Cannot register /loky-1049845-ggrrv1fu for automatic cleanup: unknown resource type semlock
Traceback (most recent call last):
  File "/global/common/software/nersc/pe/conda-envs/26.1.0/python-3.13/nersc-python/lib/python3.13/multiprocessing/resource_tracker.py", line 371, in main
    raise ValueError(
        f'Cannot register {name} for automatic cleanup: '
        f'unknown resource type {rtype}')
ValueError: Cannot register /loky-1049845-5yh28t2k for automatic cleanup: unknown resource type semlock
Traceback (most recent call last):
  File "/global/common/software/nersc/pe/conda-envs/26.1.0/python-3.13/nersc-python/lib/python3.13/multiprocessing/resource_tracker.py", line 371, in main
    raise ValueError(
        f'Cannot register {name} for automatic cleanup: '
        f'unknown resource type {rtype}')
ValueError: Cannot register /loky-1049845-d_xz9qle for automatic cleanup: unknown resource type semlock
Traceback (most recent call last):
  File "/global/common/software/nersc/pe/conda-envs/26.1.0/python-3.13/nersc-python/lib/python3.13/multiprocessing/resource_tracker.py", line 371, in main
    raise ValueError(
        f'Cannot register {name} for automatic cleanup: '
        f'unknown resource type {rtype}')
ValueError: Cannot register /loky-1049845-dt9geg_y for automatic cleanup: unknown resource type semlock
Traceback (most recent call last):
  File "/global/common/software/nersc/pe/conda-envs/26.1.0/python-3.13/nersc-python/lib/python3.13/multiprocessing/resource_tracker.py", line 371, in main
    raise ValueError(
        f'Cannot register {name} for automatic cleanup: '
        f'unknown resource type {rtype}')
ValueError: Cannot register /loky-1049845-f5wx5c1o for automatic cleanup: unknown resource type semlock
Traceback (most recent call last):
  File "/global/common/software/nersc/pe/conda-envs/26.1.0/python-3.13/nersc-python/lib/python3.13/multiprocessing/resource_tracker.py", line 371, in main
    raise ValueError(
        f'Cannot register {name} for automatic cleanup: '
        f'unknown resource type {rtype}')
ValueError: Cannot register /loky-1049845-df2tr5rp for automatic cleanup: unknown resource type semlock
Traceback (most recent call last):
  File "/global/common/software/nersc/pe/conda-envs/26.1.0/python-3.13/nersc-python/lib/python3.13/multiprocessing/resource_tracker.py", line 371, in main
    raise ValueError(
        f'Cannot register {name} for automatic cleanup: '
        f'unknown resource type {rtype}')
ValueError: Cannot register /loky-1049845-1hlf390s for automatic cleanup: unknown resource type semlock
Traceback (most recent call last):
  File "/global/common/software/nersc/pe/conda-envs/26.1.0/python-3.13/nersc-python/lib/python3.13/multiprocessing/resource_tracker.py", line 371, in main
    raise ValueError(
        f'Cannot register {name} for automatic cleanup: '
        f'unknown resource type {rtype}')
ValueError: Cannot register /dev/shm/joblib_memmapping_folder_1049845_9f83560a05db4839a820fbed6d8c88d9_6f3bcf284a974481b2086edbf47e71e1 for automatic cleanup: unknown resource type folder
Traceback (most recent call last):
  File "/global/common/software/nersc/pe/conda-envs/26.1.0/python-3.13/nersc-python/lib/python3.13/multiprocessing/resource_tracker.py", line 371, in main
    raise ValueError(
        f'Cannot register {name} for automatic cleanup: '
        f'unknown resource type {rtype}')
ValueError: Cannot register /loky-1049845-6cmaau29 for automatic cleanup: unknown resource type semlock
Traceback (most recent call last):
  File "/global/common/software/nersc/pe/conda-envs/26.1.0/python-3.13/nersc-python/lib/python3.13/multiprocessing/resource_tracker.py", line 371, in main
    raise ValueError(
        f'Cannot register {name} for automatic cleanup: '
        f'unknown resource type {rtype}')
ValueError: Cannot register /loky-1049845-rchk9whx for automatic cleanup: unknown resource type semlock
Traceback (most recent call last):
  File "/global/common/software/nersc/pe/conda-envs/26.1.0/python-3.13/nersc-python/lib/python3.13/multiprocessing/resource_tracker.py", line 371, in main
    raise ValueError(
        f'Cannot register {name} for automatic cleanup: '
        f'unknown resource type {rtype}')
ValueError: Cannot register /loky-1049845-5wi1lqur for automatic cleanup: unknown resource type semlock
Traceback (most recent call last):
  File "/global/common/software/nersc/pe/conda-envs/26.1.0/python-3.13/nersc-python/lib/python3.13/multiprocessing/resource_tracker.py", line 371, in main
    raise ValueError(
        f'Cannot register {name} for automatic cleanup: '
        f'unknown resource type {rtype}')
ValueError: Cannot register /loky-1049845-6nxn3vyc for automatic cleanup: unknown resource type semlock
Traceback (most recent call last):
  File "/global/common/software/nersc/pe/conda-envs/26.1.0/python-3.13/nersc-python/lib/python3.13/multiprocessing/resource_tracker.py", line 371, in main
    raise ValueError(
        f'Cannot register {name} for automatic cleanup: '
        f'unknown resource type {rtype}')
ValueError: Cannot register /loky-1049845-x2v2d_rx for automatic cleanup: unknown resource type semlock
Traceback (most recent call last):
  File "/global/common/software/nersc/pe/conda-envs/26.1.0/python-3.13/nersc-python/lib/python3.13/multiprocessing/resource_tracker.py", line 371, in main
    raise ValueError(
        f'Cannot register {name} for automatic cleanup: '
        f'unknown resource type {rtype}')
ValueError: Cannot register /loky-1049845-860gzw6c for automatic cleanup: unknown resource type semlock
Traceback (most recent call last):
  File "/global/common/software/nersc/pe/conda-envs/26.1.0/python-3.13/nersc-python/lib/python3.13/multiprocessing/resource_tracker.py", line 371, in main
    raise ValueError(
        f'Cannot register {name} for automatic cleanup: '
        f'unknown resource type {rtype}')
ValueError: Cannot register /loky-1049845-rwno0fgf for automatic cleanup: unknown resource type semlock
Traceback (most recent call last):
  File "/global/common/software/nersc/pe/conda-envs/26.1.0/python-3.13/nersc-python/lib/python3.13/multiprocessing/resource_tracker.py", line 371, in main
    raise ValueError(
        f'Cannot register {name} for automatic cleanup: '
        f'unknown resource type {rtype}')
ValueError: Cannot register /loky-1049845-trxx3_5w for automatic cleanup: unknown resource type semlock
Traceback (most recent call last):
  File "/global/common/software/nersc/pe/conda-envs/26.1.0/python-3.13/nersc-python/lib/python3.13/multiprocessing/resource_tracker.py", line 371, in main
    raise ValueError(
        f'Cannot register {name} for automatic cleanup: '
        f'unknown resource type {rtype}')
ValueError: Cannot register /dev/shm/joblib_memmapping_folder_1049845_9f83560a05db4839a820fbed6d8c88d9_940f261c66414c16b91c1111ccd336d8 for automatic cleanup: unknown resource type folder
Traceback (most recent call last):
  File "/global/common/software/nersc/pe/conda-envs/26.1.0/python-3.13/nersc-python/lib/python3.13/multiprocessing/resource_tracker.py", line 371, in main
    raise ValueError(
        f'Cannot register {name} for automatic cleanup: '
        f'unknown resource type {rtype}')
ValueError: Cannot register /loky-1049845-oqz_n4nh for automatic cleanup: unknown resource type semlock
Traceback (most recent call last):
  File "/global/common/software/nersc/pe/conda-envs/26.1.0/python-3.13/nersc-python/lib/python3.13/multiprocessing/resource_tracker.py", line 371, in main
    raise ValueError(
        f'Cannot register {name} for automatic cleanup: '
        f'unknown resource type {rtype}')
ValueError: Cannot register /loky-1049845-3s34k5p1 for automatic cleanup: unknown resource type semlock
Traceback (most recent call last):
  File "/global/common/software/nersc/pe/conda-envs/26.1.0/python-3.13/nersc-python/lib/python3.13/multiprocessing/resource_tracker.py", line 371, in main
    raise ValueError(
        f'Cannot register {name} for automatic cleanup: '
        f'unknown resource type {rtype}')
ValueError: Cannot register /loky-1049845-qp6zlbrq for automatic cleanup: unknown resource type semlock
Traceback (most recent call last):
  File "/global/common/software/nersc/pe/conda-envs/26.1.0/python-3.13/nersc-python/lib/python3.13/multiprocessing/resource_tracker.py", line 371, in main
    raise ValueError(
        f'Cannot register {name} for automatic cleanup: '
        f'unknown resource type {rtype}')
ValueError: Cannot register /loky-1049845-hzuggu9i for automatic cleanup: unknown resource type semlock
Traceback (most recent call last):
  File "/global/common/software/nersc/pe/conda-envs/26.1.0/python-3.13/nersc-python/lib/python3.13/multiprocessing/resource_tracker.py", line 371, in main
    raise ValueError(
        f'Cannot register {name} for automatic cleanup: '
        f'unknown resource type {rtype}')
ValueError: Cannot register /loky-1049845-7y990zz5 for automatic cleanup: unknown resource type semlock
Traceback (most recent call last):
  File "/global/common/software/nersc/pe/conda-envs/26.1.0/python-3.13/nersc-python/lib/python3.13/multiprocessing/resource_tracker.py", line 371, in main
    raise ValueError(
        f'Cannot register {name} for automatic cleanup: '
        f'unknown resource type {rtype}')
ValueError: Cannot register /loky-1049845-syuuqod2 for automatic cleanup: unknown resource type semlock
