===================================================================
TFIM 1D ground-state energy Lx vs h (PBC)
  Method: IQPE
  Boundary: periodic
  Data dir: /pscratch/sd/m/mbao202/NNL-P7/manuscript-plots/logs/tfim/1d/ground-state-energy/Lx-vs-h-pbc
  Started: Mon Aug 24 09:11:49 AM PDT 2026
===================================================================
Running computation...
Command: qbp run --method iqpe --observable E --qubit-operator /pscratch/sd/m/mbao202/tfim.hdf5 --select 1D --select grid-pbc --x-param Lx --x-range 4 12 1 --y-param h --y-range 0.0 6.0 0.5 --iqpe-time 0.2228 --iqpe-trot 4 --iqpe-iters 10 --iqpe-reps 3 --iqpe-initial-state vqe_informed --iqpe-initial-vqe-ansatz excitation_preserving --iqpe-initial-vqe-n-layers 5 --iqpe-initial-vqe-max-iters 10000 --log-path /pscratch/sd/m/mbao202/NNL-P7/manuscript-plots/logs/tfim/1d/ground-state-energy/Lx-vs-h-pbc/tfim-1d-pbc-E-Lx-vs-h-iqpe.json --plot-path /pscratch/sd/m/mbao202/NNL-P7/manuscript-plots/plots/tfim/1d/ground-state-energy/Lx-vs-h-pbc/tfim-1d-pbc-E-Lx-vs-h-iqpe.pdf

[[2m[37m09:13:04[0m[2m[0m] [2mIQPE [E] (Lx=4.0, h=5.0, rep=1) iteration=1 = 0.0[0m
[[2m[37m09:13:04[0m[2m[0m] [2mIQPE [E] (Lx=4.0, h=1.0, rep=1) iteration=1 = 0.5[0m
[[2m[37m09:13:06[0m[2m[0m] [2mIQPE [E] (Lx=4.0, h=5.0, rep=1) iteration=2 = 0.5[0m
[[2m[37m09:13:07[0m[2m[0m] [2mIQPE [E] (Lx=4.0, h=1.0, rep=1) iteration=2 = 0.25[0m
[[2m[37m09:13:07[0m[2m[0m] [2mIQPE [E] (Lx=4.0, h=5.0, rep=1) iteration=3 = 0.25[0m
[[2m[37m09:13:08[0m[2m[0m] [2mIQPE [E] (Lx=4.0, h=1.0, rep=1) iteration=3 = 0.125[0m
[[2m[37m09:13:08[0m[2m[0m] [2mIQPE [E] (Lx=4.0, h=5.0, rep=1) iteration=4 = 0.625[0m
[[2m[37m09:13:08[0m[2m[0m] [2mIQPE [E] (Lx=4.0, h=2.0, rep=1) iteration=1 = 0.0[0m
[[2m[37m09:13:08[0m[2m[0m] [2mIQPE [E] (Lx=4.0, h=5.0, rep=1) iteration=5 = 0.3125[0m
[[2m[37m09:13:08[0m[2m[0m] [2mIQPE [E] (Lx=4.0, h=1.0, rep=1) iteration=4 = 0.0625[0m
[[2m[37m09:13:09[0m[2m[0m] [2mIQPE [E] (Lx=4.0, h=5.0, rep=1) iteration=6 = 0.65625[0m
[[2m[37m09:13:09[0m[2m[0m] [2mIQPE [E] (Lx=4.0, h=5.0, rep=1) iteration=7 = 0.328125[0m
[[2m[37m09:13:09[0m[2m[0m] [2mIQPE [E] (Lx=4.0, h=1.0, rep=1) iteration=5 = 0.53125[0m
[[2m[37m09:13:09[0m[2m[0m] [2mIQPE [E] (Lx=4.0, h=5.0, rep=1) iteration=8 = 0.1640625[0m
[[2m[37m09:13:09[0m[2m[0m] [2mIQPE [E] (Lx=4.0, h=1.0, rep=1) iteration=6 = 0.265625[0m
[[2m[37m09:13:09[0m[2m[0m] [2mIQPE [E] (Lx=4.0, h=5.0, rep=1) iteration=9 = 0.58203125[0m
[[2m[37m09:13:09[0m[2m[0m] [2mIQPE [E] (Lx=4.0, h=1.0, rep=1) iteration=7 = 0.6328125[0m
[[2m[37m09:13:09[0m[2m[0m] [2mIQPE [E] (Lx=4.0, h=5.0, rep=1) iteration=10 = 0.791015625[0m
[[2m[37m09:13:09[0m[2m[0m] [2mIQPE [E] (Lx=4.0, h=5.0, rep=1) = -22.30744054196354[0m
[[2m[37m09:13:09[0m[2m[0m] [2mIQPE [E] (Lx=4.0, h=1.0, rep=1) iteration=8 = 0.31640625[0m
[[2m[37m09:13:09[0m[2m[0m] [2mIQPE [E] (Lx=4.0, h=1.0, rep=1) iteration=9 = 0.658203125[0m
[[2m[37m09:13:09[0m[2m[0m] [2mIQPE [E] (Lx=4.0, h=1.0, rep=1) iteration=10 = 0.8291015625[0m
[[2m[37m09:13:09[0m[2m[0m] [2mIQPE [E] (Lx=4.0, h=1.0, rep=1) = -23.38150249398401[0m
[[2m[37m09:13:10[0m[2m[0m] [2mIQPE [E] (Lx=4.0, h=3.0, rep=1) iteration=1 = 0.0[0m
[[2m[37m09:13:10[0m[2m[0m] [2mIQPE [E] (Lx=4.0, h=0.5, rep=1) iteration=1 = 0.5[0m
[[2m[37m09:13:10[0m[2m[0m] [2mIQPE [E] (Lx=4.0, h=2.0, rep=1) iteration=2 = 0.5[0m
[[2m[37m09:13:12[0m[2m[0m] [2mIQPE [E] (Lx=4.0, h=2.0, rep=1) iteration=3 = 0.75[0m
[[2m[37m09:13:12[0m[2m[0m] [2mIQPE [E] (Lx=4.0, h=2.0, rep=1) iteration=4 = 0.375[0m
[[2m[37m09:13:12[0m[2m[0m] [2mIQPE [E] (Lx=4.0, h=6.0, rep=1) iteration=1 = 0.0[0m
[[2m[37m09:13:12[0m[2m[0m] [2mIQPE [E] (Lx=4.0, h=3.0, rep=1) iteration=2 = 0.0[0m
[[2m[37m09:13:13[0m[2m[0m] [2mIQPE [E] (Lx=4.0, h=4.0, rep=1) iteration=1 = 0.5[0m
[[2m[37m09:13:13[0m[2m[0m] [2mIQPE [E] (Lx=4.0, h=0.5, rep=1) iteration=2 = 0.25[0m
[[2m[37m09:13:13[0m[2m[0m] [2mIQPE [E] (Lx=4.0, h=2.0, rep=1) iteration=5 = 0.6875[0m
[[2m[37m09:13:13[0m[2m[0m] [2mIQPE [E] (Lx=4.0, h=2.0, rep=1) iteration=6 = 0.34375[0m
[[2m[37m09:13:13[0m[2m[0m] [2mIQPE [E] (Lx=4.0, h=2.0, rep=1) iteration=7 = 0.171875[0m
[[2m[37m09:13:13[0m[2m[0m] [2mIQPE [E] (Lx=4.0, h=2.0, rep=1) iteration=8 = 0.5859375[0m
[[2m[37m09:13:13[0m[2m[0m] [2mIQPE [E] (Lx=4.0, h=2.0, rep=1) iteration=9 = 0.79296875[0m
[[2m[37m09:13:13[0m[2m[0m] [2mIQPE [E] (Lx=4.0, h=2.0, rep=1) iteration=10 = 0.896484375[0m
[[2m[37m09:13:13[0m[2m[0m] [2mIQPE [E] (Lx=4.0, h=2.0, rep=1) = -25.281765947558682[0m
[[2m[37m09:13:14[0m[2m[0m] [2mIQPE [E] (Lx=4.0, h=3.0, rep=1) iteration=3 = 0.5[0m
[[2m[37m09:13:14[0m[2m[0m] [2mIQPE [E] (Lx=4.0, h=0.5, rep=1) iteration=3 = 0.625[0m
[[2m[37m09:13:14[0m[2m[0m] [2mIQPE [E] (Lx=4.0, h=3.0, rep=1) iteration=4 = 0.75[0m
[[2m[37m09:13:15[0m[2m[0m] [2mIQPE [E] (Lx=4.0, h=0.5, rep=1) iteration=4 = 0.3125[0m
[[2m[37m09:13:15[0m[2m[0m] [2mIQPE [E] (Lx=4.0, h=3.0, rep=1) iteration=5 = 0.875[0m
[[2m[37m09:13:15[0m[2m[0m] [2mIQPE [E] (Lx=4.0, h=3.0, rep=1) iteration=6 = 0.4375[0m
[[2m[37m09:13:15[0m[2m[0m] [2mIQPE [E] (Lx=4.0, h=4.0, rep=1) iteration=2 = 0.75[0m
[[2m[37m09:13:15[0m[2m[0m] [2mIQPE [E] (Lx=4.0, h=6.0, rep=1) iteration=2 = 0.5[0m
[[2m[37m09:13:15[0m[2m[0m] [2mIQPE [E] (Lx=4.0, h=0.5, rep=1) iteration=5 = 0.15625[0m
[[2m[37m09:13:15[0m[2m[0m] [2mIQPE [E] (Lx=4.0, h=3.0, rep=1) iteration=7 = 0.21875[0m
[[2m[37m09:13:15[0m[2m[0m] [2mIQPE [E] (Lx=4.0, h=0.5, rep=1) iteration=6 = 0.578125[0m
[[2m[37m09:13:15[0m[2m[0m] [2mIQPE [E] (Lx=4.0, h=3.0, rep=1) iteration=8 = 0.609375[0m
[[2m[37m09:13:16[0m[2m[0m] [2mIQPE [E] (Lx=4.0, h=0.5, rep=1) iteration=7 = 0.7890625[0m
[[2m[37m09:13:16[0m[2m[0m] [2mIQPE [E] (Lx=4.0, h=3.0, rep=1) iteration=9 = 0.3046875[0m
[[2m[37m09:13:16[0m[2m[0m] [2mIQPE [E] (Lx=4.0, h=0.5, rep=1) iteration=8 = 0.39453125[0m
[[2m[37m09:13:16[0m[2m[0m] [2mIQPE [E] (Lx=4.0, h=3.0, rep=1) iteration=10 = 0.65234375[0m
[[2m[37m09:13:16[0m[2m[0m] [2mIQPE [E] (Lx=4.0, h=3.0, rep=1) = -18.39675343460697[0m
[[2m[37m09:13:16[0m[2m[0m] [2mIQPE [E] (Lx=4.0, h=0.5, rep=1) iteration=9 = 0.697265625[0m
[[2m[37m09:13:16[0m[2m[0m] [2mIQPE [E] (Lx=4.0, h=0.5, rep=1) iteration=10 = 0.8486328125[0m
[[2m[37m09:13:16[0m[2m[0m] [2mIQPE [E] (Lx=4.0, h=0.5, rep=1) = -23.93230349502015[0m
[[2m[37m09:13:16[0m[2m[0m] [2mIQPE [E] (Lx=4.0, h=4.0, rep=1) iteration=3 = 0.375[0m
[[2m[37m09:13:16[0m[2m[0m] [2mIQPE [E] (Lx=4.0, h=6.0, rep=1) iteration=3 = 0.25[0m
[[2m[37m09:13:17[0m[2m[0m] [2mIQPE [E] (Lx=4.0, h=4.0, rep=1) iteration=4 = 0.6875[0m
[[2m[37m09:13:17[0m[2m[0m] [2mIQPE [E] (Lx=4.0, h=6.0, rep=1) iteration=4 = 0.625[0m
[[2m[37m09:13:17[0m[2m[0m] [2mIQPE [E] (Lx=4.0, h=4.0, rep=1) iteration=5 = 0.84375[0m
[[2m[37m09:13:17[0m[2m[0m] [2mIQPE [E] (Lx=4.0, h=4.0, rep=1) iteration=6 = 0.421875[0m
[[2m[37m09:13:18[0m[2m[0m] [2mIQPE [E] (Lx=4.0, h=6.0, rep=1) iteration=5 = 0.8125[0m
[[2m[37m09:13:18[0m[2m[0m] [2mIQPE [E] (Lx=4.0, h=4.0, rep=1) iteration=7 = 0.2109375[0m
[[2m[37m09:13:18[0m[2m[0m] [2mIQPE [E] (Lx=4.0, h=4.0, rep=1) iteration=8 = 0.60546875[0m
[[2m[37m09:13:18[0m[2m[0m] [2mIQPE [E] (Lx=4.0, h=6.0, rep=1) iteration=6 = 0.40625[0m
[[2m[37m09:13:18[0m[2m[0m] [2mIQPE [E] (Lx=4.0, h=4.0, rep=1) iteration=9 = 0.302734375[0m
[[2m[37m09:13:18[0m[2m[0m] [2mIQPE [E] (Lx=4.0, h=4.0, rep=1) iteration=10 = 0.6513671875[0m
[[2m[37m09:13:18[0m[2m[0m] [2mIQPE [E] (Lx=4.0, h=6.0, rep=1) iteration=7 = 0.203125[0m
[[2m[37m09:13:18[0m[2m[0m] [2mIQPE [E] (Lx=4.0, h=4.0, rep=1) = -18.369213384555163[0m
[[2m[37m09:13:18[0m[2m[0m] [2mIQPE [E] (Lx=4.0, h=6.0, rep=1) iteration=8 = 0.6015625[0m
[[2m[37m09:13:18[0m[2m[0m] [2mIQPE [E] (Lx=4.0, h=6.0, rep=1) iteration=9 = 0.80078125[0m
[[2m[37m09:13:18[0m[2m[0m] [2mIQPE [E] (Lx=4.0, h=6.0, rep=1) iteration=10 = 0.400390625[0m
[[2m[37m09:13:18[0m[2m[0m] [2mIQPE [E] (Lx=4.0, h=6.0, rep=1) = -11.291420521240806[0m
[[2m[37m09:13:19[0m[2m[0m] [2mIQPE [E] (Lx=5.0, h=2.0, rep=1) iteration=1 = 0.0[0m
[[2m[37m09:13:19[0m[2m[0m] [2mIQPE [E] (Lx=5.0, h=4.0, rep=1) iteration=1 = 0.0[0m
[[2m[37m09:13:20[0m[2m[0m] [2mIQPE [E] (Lx=4.0, h=0.0, rep=1) iteration=1 = 0.5[0m
[[2m[37m09:13:22[0m[2m[0m] [2mIQPE [E] (Lx=5.0, h=2.0, rep=1) iteration=2 = 0.0[0m
[[2m[37m09:13:22[0m[2m[0m] [2mIQPE [E] (Lx=5.0, h=4.0, rep=1) iteration=2 = 0.5[0m
[[2m[37m09:13:23[0m[2m[0m] [2mIQPE [E] (Lx=5.0, h=2.0, rep=1) iteration=3 = 0.0[0m
[[2m[37m09:13:23[0m[2m[0m] [2mIQPE [E] (Lx=5.0, h=4.0, rep=1) iteration=3 = 0.75[0m
[[2m[37m09:13:24[0m[2m[0m] [2mIQPE [E] (Lx=5.0, h=2.0, rep=1) iteration=4 = 0.0[0m
[[2m[37m09:13:24[0m[2m[0m] [2mIQPE [E] (Lx=5.0, h=2.0, rep=1) iteration=5 = 0.0[0m
[[2m[37m09:13:24[0m[2m[0m] [2mIQPE [E] (Lx=5.0, h=4.0, rep=1) iteration=4 = 0.375[0m
[[2m[37m09:13:25[0m[2m[0m] [2mIQPE [E] (Lx=5.0, h=2.0, rep=1) iteration=6 = 0.0[0m
[[2m[37m09:13:25[0m[2m[0m] [2mIQPE [E] (Lx=5.0, h=4.0, rep=1) iteration=5 = 0.6875[0m
[[2m[37m09:13:25[0m[2m[0m] [2mIQPE [E] (Lx=5.0, h=2.0, rep=1) iteration=7 = 0.5[0m
[[2m[37m09:13:25[0m[2m[0m] [2mIQPE [E] (Lx=5.0, h=2.0, rep=1) iteration=8 = 0.75[0m
[[2m[37m09:13:25[0m[2m[0m] [2mIQPE [E] (Lx=5.0, h=2.0, rep=1) iteration=9 = 0.375[0m
[[2m[37m09:13:25[0m[2m[0m] [2mIQPE [E] (Lx=5.0, h=2.0, rep=1) iteration=10 = 0.6875[0m
[[2m[37m09:13:25[0m[2m[0m] [2mIQPE [E] (Lx=5.0, h=2.0, rep=1) = -19.388195236472015[0m
[[2m[37m09:13:25[0m[2m[0m] [2mIQPE [E] (Lx=5.0, h=4.0, rep=1) iteration=6 = 0.84375[0m
[[2m[37m09:13:25[0m[2m[0m] [2mIQPE [E] (Lx=5.0, h=4.0, rep=1) iteration=7 = 0.921875[0m
[[2m[37m09:13:26[0m[2m[0m] [2mIQPE [E] (Lx=5.0, h=4.0, rep=1) iteration=8 = 0.9609375[0m
[[2m[37m09:13:26[0m[2m[0m] [2mIQPE [E] (Lx=5.0, h=4.0, rep=1) iteration=9 = 0.98046875[0m
[[2m[37m09:13:26[0m[2m[0m] [2mIQPE [E] (Lx=5.0, h=4.0, rep=1) iteration=10 = 0.490234375[0m
[[2m[37m09:13:26[0m[2m[0m] [2mIQPE [E] (Lx=5.0, h=4.0, rep=1) = -13.825105126007037[0m
[[2m[37m09:13:27[0m[2m[0m] [2mIQPE [E] (Lx=5.0, h=1.0, rep=1) iteration=1 = 0.5[0m
[[2m[37m09:13:27[0m[2m[0m] [2mIQPE [E] (Lx=4.0, h=0.0, rep=1) iteration=2 = 0.75[0m
[[2m[37m09:13:27[0m[2m[0m] [2mIQPE [E] (Lx=5.0, h=3.0, rep=1) iteration=1 = 0.0[0m
[[2m[37m09:13:29[0m[2m[0m] [2mIQPE [E] (Lx=5.0, h=0.5, rep=1) iteration=1 = 0.5[0m
[[2m[37m09:13:29[0m[2m[0m] [2mIQPE [E] (Lx=4.0, h=0.0, rep=1) iteration=3 = 0.875[0m
[[2m[37m09:13:30[0m[2m[0m] [2mIQPE [E] (Lx=4.0, h=0.0, rep=1) iteration=4 = 0.9375[0m
[[2m[37m09:13:30[0m[2m[0m] [2mIQPE [E] (Lx=5.0, h=1.0, rep=1) iteration=2 = 0.25[0m
[[2m[37m09:13:30[0m[2m[0m] [2mIQPE [E] (Lx=5.0, h=5.0, rep=1) iteration=1 = 0.0[0m
[[2m[37m09:13:30[0m[2m[0m] [2mIQPE [E] (Lx=5.0, h=6.0, rep=1) iteration=1 = 0.0[0m
[[2m[37m09:13:30[0m[2m[0m] [2mIQPE [E] (Lx=4.0, h=0.0, rep=1) iteration=5 = 0.46875[0m
[[2m[37m09:13:30[0m[2m[0m] [2mIQPE [E] (Lx=4.0, h=0.0, rep=1) iteration=6 = 0.734375[0m
[[2m[37m09:13:30[0m[2m[0m] [2mIQPE [E] (Lx=4.0, h=0.0, rep=1) iteration=7 = 0.8671875[0m
[[2m[37m09:13:30[0m[2m[0m] [2mIQPE [E] (Lx=4.0, h=0.0, rep=1) iteration=8 = 0.43359375[0m
[[2m[37m09:13:30[0m[2m[0m] [2mIQPE [E] (Lx=5.0, h=3.0, rep=1) iteration=2 = 0.5[0m
[[2m[37m09:13:30[0m[2m[0m] [2mIQPE [E] (Lx=4.0, h=0.0, rep=1) iteration=9 = 0.716796875[0m
[[2m[37m09:13:31[0m[2m[0m] [2mIQPE [E] (Lx=4.0, h=0.0, rep=1) iteration=10 = 0.8583984375[0m
[[2m[37m09:13:31[0m[2m[0m] [2mIQPE [E] (Lx=4.0, h=0.0, rep=1) = -24.207703995538214[0m
[[2m[37m09:13:31[0m[2m[0m] [2mIQPE [E] (Lx=5.0, h=1.0, rep=1) iteration=3 = 0.125[0m
[[2m[37m09:13:32[0m[2m[0m] [2mIQPE [E] (Lx=5.0, h=0.5, rep=1) iteration=2 = 0.75[0m
[[2m[37m09:13:32[0m[2m[0m] [2mIQPE [E] (Lx=5.0, h=3.0, rep=1) iteration=3 = 0.25[0m
[[2m[37m09:13:32[0m[2m[0m] [2mIQPE [E] (Lx=5.0, h=1.0, rep=1) iteration=4 = 0.0625[0m
[[2m[37m09:13:33[0m[2m[0m] [2mIQPE [E] (Lx=5.0, h=1.0, rep=1) iteration=5 = 0.03125[0m
[[2m[37m09:13:33[0m[2m[0m] [2mIQPE [E] (Lx=5.0, h=5.0, rep=1) iteration=2 = 0.5[0m
[[2m[37m09:13:33[0m[2m[0m] [2mIQPE [E] (Lx=5.0, h=6.0, rep=1) iteration=2 = 0.0[0m
[[2m[37m09:13:33[0m[2m[0m] [2mIQPE [E] (Lx=5.0, h=3.0, rep=1) iteration=4 = 0.125[0m
[[2m[37m09:13:33[0m[2m[0m] [2mIQPE [E] (Lx=5.0, h=1.0, rep=1) iteration=6 = 0.515625[0m
[[2m[37m09:13:33[0m[2m[0m] [2mIQPE [E] (Lx=5.0, h=0.5, rep=1) iteration=3 = 0.875[0m
[[2m[37m09:13:33[0m[2m[0m] [2mIQPE [E] (Lx=5.0, h=3.0, rep=1) iteration=5 = 0.0625[0m
[[2m[37m09:13:33[0m[2m[0m] [2mIQPE [E] (Lx=5.0, h=1.0, rep=1) iteration=7 = 0.2578125[0m
[[2m[37m09:13:34[0m[2m[0m] [2mIQPE [E] (Lx=5.0, h=1.0, rep=1) iteration=8 = 0.12890625[0m
[[2m[37m09:13:34[0m[2m[0m] [2mIQPE [E] (Lx=5.0, h=1.0, rep=1) iteration=9 = 0.564453125[0m
[[2m[37m09:13:34[0m[2m[0m] [2mIQPE [E] (Lx=5.0, h=1.0, rep=1) iteration=10 = 0.7822265625[0m
[[2m[37m09:13:34[0m[2m[0m] [2mIQPE [E] (Lx=5.0, h=1.0, rep=1) = -22.05958009149728[0m
[[2m[37m09:13:34[0m[2m[0m] [2mIQPE [E] (Lx=5.0, h=3.0, rep=1) iteration=6 = 0.53125[0m
[[2m[37m09:13:34[0m[2m[0m] [2mIQPE [E] (Lx=5.0, h=0.5, rep=1) iteration=4 = 0.9375[0m
[[2m[37m09:13:34[0m[2m[0m] [2mIQPE [E] (Lx=5.0, h=3.0, rep=1) iteration=7 = 0.265625[0m
[[2m[37m09:13:34[0m[2m[0m] [2mIQPE [E] (Lx=5.0, h=3.0, rep=1) iteration=8 = 0.1328125[0m
[[2m[37m09:13:34[0m[2m[0m] [2mIQPE [E] (Lx=5.0, h=3.0, rep=1) iteration=9 = 0.06640625[0m
[[2m[37m09:13:34[0m[2m[0m] [2mIQPE [E] (Lx=5.0, h=6.0, rep=1) iteration=3 = 0.0[0m
[[2m[37m09:13:35[0m[2m[0m] [2mIQPE [E] (Lx=5.0, h=5.0, rep=1) iteration=3 = 0.25[0m
[[2m[37m09:13:35[0m[2m[0m] [2mIQPE [E] (Lx=5.0, h=3.0, rep=1) iteration=10 = 0.533203125[0m
[[2m[37m09:13:35[0m[2m[0m] [2mIQPE [E] (Lx=5.0, h=3.0, rep=1) = -15.036867328286537[0m
[[2m[37m09:13:35[0m[2m[0m] [2mIQPE [E] (Lx=5.0, h=0.5, rep=1) iteration=5 = 0.96875[0m
[[2m[37m09:13:35[0m[2m[0m] [2mIQPE [E] (Lx=5.0, h=0.5, rep=1) iteration=6 = 0.984375[0m
[[2m[37m09:13:35[0m[2m[0m] [2mIQPE [E] (Lx=5.0, h=0.5, rep=1) iteration=7 = 0.4921875[0m
[[2m[37m09:13:35[0m[2m[0m] [2mIQPE [E] (Lx=5.0, h=0.5, rep=1) iteration=8 = 0.24609375[0m
[[2m[37m09:13:35[0m[2m[0m] [2mIQPE [E] (Lx=5.0, h=0.5, rep=1) iteration=9 = 0.623046875[0m
[[2m[37m09:13:35[0m[2m[0m] [2mIQPE [E] (Lx=5.0, h=6.0, rep=1) iteration=4 = 0.5[0m
[[2m[37m09:13:35[0m[2m[0m] [2mIQPE [E] (Lx=5.0, h=0.5, rep=1) iteration=10 = 0.8115234375[0m
[[2m[37m09:13:35[0m[2m[0m] [2mIQPE [E] (Lx=5.0, h=0.5, rep=1) = -22.885781593051487[0m
[[2m[37m09:13:35[0m[2m[0m] [2mIQPE [E] (Lx=5.0, h=5.0, rep=1) iteration=4 = 0.125[0m
[[2m[37m09:13:36[0m[2m[0m] [2mIQPE [E] (Lx=5.0, h=6.0, rep=1) iteration=5 = 0.25[0m
[[2m[37m09:13:36[0m[2m[0m] [2mIQPE [E] (Lx=5.0, h=5.0, rep=1) iteration=5 = 0.5625[0m
[[2m[37m09:13:36[0m[2m[0m] [2mIQPE [E] (Lx=5.0, h=6.0, rep=1) iteration=6 = 0.625[0m
[[2m[37m09:13:36[0m[2m[0m] [2mIQPE [E] (Lx=5.0, h=5.0, rep=1) iteration=6 = 0.28125[0m
[[2m[37m09:13:36[0m[2m[0m] [2mIQPE [E] (Lx=6.0, h=2.0, rep=1) iteration=1 = 0.5[0m
[[2m[37m09:13:36[0m[2m[0m] [2mIQPE [E] (Lx=5.0, h=5.0, rep=1) iteration=7 = 0.640625[0m
[[2m[37m09:13:36[0m[2m[0m] [2mIQPE [E] (Lx=5.0, h=6.0, rep=1) iteration=7 = 0.3125[0m
[[2m[37m09:13:37[0m[2m[0m] [2mIQPE [E] (Lx=5.0, h=5.0, rep=1) iteration=8 = 0.8203125[0m
[[2m[37m09:13:37[0m[2m[0m] [2mIQPE [E] (Lx=5.0, h=6.0, rep=1) iteration=8 = 0.65625[0m
[[2m[37m09:13:37[0m[2m[0m] [2mIQPE [E] (Lx=5.0, h=6.0, rep=1) iteration=9 = 0.328125[0m
[[2m[37m09:13:37[0m[2m[0m] [2mIQPE [E] (Lx=5.0, h=5.0, rep=1) iteration=9 = 0.41015625[0m
[[2m[37m09:13:37[0m[2m[0m] [2mIQPE [E] (Lx=6.0, h=3.0, rep=1) iteration=1 = 0.5[0m
[[2m[37m09:13:37[0m[2m[0m] [2mIQPE [E] (Lx=5.0, h=6.0, rep=1) iteration=10 = 0.6640625[0m
[[2m[37m09:13:37[0m[2m[0m] [2mIQPE [E] (Lx=5.0, h=6.0, rep=1) = -18.727234035228655[0m
[[2m[37m09:13:37[0m[2m[0m] [2mIQPE [E] (Lx=5.0, h=5.0, rep=1) iteration=10 = 0.705078125[0m
[[2m[37m09:13:37[0m[2m[0m] [2mIQPE [E] (Lx=5.0, h=5.0, rep=1) = -19.88391613740454[0m
[[2m[37m09:13:38[0m[2m[0m] [2mIQPE [E] (Lx=6.0, h=5.0, rep=1) iteration=1 = 0.0[0m
[[2m[37m09:13:40[0m[2m[0m] [2mIQPE [E] (Lx=6.0, h=4.0, rep=1) iteration=1 = 0.0[0m
[[2m[37m09:13:40[0m[2m[0m] [2mIQPE [E] (Lx=6.0, h=2.0, rep=1) iteration=2 = 0.25[0m
[[2m[37m09:13:40[0m[2m[0m] [2mIQPE [E] (Lx=6.0, h=6.0, rep=1) iteration=1 = 0.0[0m
[[2m[37m09:13:41[0m[2m[0m] [2mIQPE [E] (Lx=6.0, h=3.0, rep=1) iteration=2 = 0.25[0m
[[2m[37m09:13:41[0m[2m[0m] [2mIQPE [E] (Lx=6.0, h=5.0, rep=1) iteration=2 = 0.0[0m
[[2m[37m09:13:42[0m[2m[0m] [2mIQPE [E] (Lx=6.0, h=2.0, rep=1) iteration=3 = 0.625[0m
[[2m[37m09:13:42[0m[2m[0m] [2mIQPE [E] (Lx=6.0, h=3.0, rep=1) iteration=3 = 0.125[0m
[[2m[37m09:13:43[0m[2m[0m] [2mIQPE [E] (Lx=6.0, h=2.0, rep=1) iteration=4 = 0.3125[0m
[[2m[37m09:13:43[0m[2m[0m] [2mIQPE [E] (Lx=6.0, h=5.0, rep=1) iteration=3 = 0.0[0m
[[2m[37m09:13:43[0m[2m[0m] [2mIQPE [E] (Lx=6.0, h=0.5, rep=1) iteration=1 = 0.0[0m
[[2m[37m09:13:43[0m[2m[0m] [2mIQPE [E] (Lx=6.0, h=2.0, rep=1) iteration=5 = 0.65625[0m
[[2m[37m09:13:43[0m[2m[0m] [2mIQPE [E] (Lx=6.0, h=3.0, rep=1) iteration=4 = 0.0625[0m
[[2m[37m09:13:44[0m[2m[0m] [2mIQPE [E] (Lx=6.0, h=4.0, rep=1) iteration=2 = 0.0[0m
[[2m[37m09:13:44[0m[2m[0m] [2mIQPE [E] (Lx=6.0, h=2.0, rep=1) iteration=6 = 0.828125[0m
[[2m[37m09:13:44[0m[2m[0m] [2mIQPE [E] (Lx=6.0, h=6.0, rep=1) iteration=2 = 0.0[0m
[[2m[37m09:13:44[0m[2m[0m] [2mIQPE [E] (Lx=6.0, h=3.0, rep=1) iteration=5 = 0.53125[0m
[[2m[37m09:13:44[0m[2m[0m] [2mIQPE [E] (Lx=6.0, h=2.0, rep=1) iteration=7 = 0.9140625[0m
[[2m[37m09:13:44[0m[2m[0m] [2mIQPE [E] (Lx=6.0, h=5.0, rep=1) iteration=4 = 0.0[0m
[[2m[37m09:13:44[0m[2m[0m] [2mIQPE [E] (Lx=6.0, h=2.0, rep=1) iteration=8 = 0.45703125[0m
[[2m[37m09:13:44[0m[2m[0m] [2mIQPE [E] (Lx=6.0, h=2.0, rep=1) iteration=9 = 0.228515625[0m
[[2m[37m09:13:44[0m[2m[0m] [2mIQPE [E] (Lx=6.0, h=3.0, rep=1) iteration=6 = 0.765625[0m
[[2m[37m09:13:44[0m[2m[0m] [2mIQPE [E] (Lx=6.0, h=2.0, rep=1) iteration=10 = 0.6142578125[0m
[[2m[37m09:13:44[0m[2m[0m] [2mIQPE [E] (Lx=6.0, h=2.0, rep=1) = -17.322691482586503[0m
[[2m[37m09:13:44[0m[2m[0m] [2mIQPE [E] (Lx=6.0, h=3.0, rep=1) iteration=7 = 0.8828125[0m
[[2m[37m09:13:45[0m[2m[0m] [2mIQPE [E] (Lx=6.0, h=5.0, rep=1) iteration=5 = 0.5[0m
[[2m[37m09:13:45[0m[2m[0m] [2mIQPE [E] (Lx=6.0, h=3.0, rep=1) iteration=8 = 0.44140625[0m
[[2m[37m09:13:45[0m[2m[0m] [2mIQPE [E] (Lx=6.0, h=3.0, rep=1) iteration=9 = 0.220703125[0m
[[2m[37m09:13:45[0m[2m[0m] [2mIQPE [E] (Lx=6.0, h=3.0, rep=1) iteration=10 = 0.6103515625[0m
[[2m[37m09:13:45[0m[2m[0m] [2mIQPE [E] (Lx=6.0, h=3.0, rep=1) = -17.212531282379278[0m
[[2m[37m09:13:45[0m[2m[0m] [2mIQPE [E] (Lx=6.0, h=5.0, rep=1) iteration=6 = 0.75[0m
[[2m[37m09:13:45[0m[2m[0m] [2mIQPE [E] (Lx=6.0, h=5.0, rep=1) iteration=7 = 0.875[0m
[[2m[37m09:13:45[0m[2m[0m] [2mIQPE [E] (Lx=6.0, h=4.0, rep=1) iteration=3 = 0.0[0m
[[2m[37m09:13:45[0m[2m[0m] [2mIQPE [E] (Lx=6.0, h=5.0, rep=1) iteration=8 = 0.9375[0m
[[2m[37m09:13:45[0m[2m[0m] [2mIQPE [E] (Lx=6.0, h=5.0, rep=1) iteration=9 = 0.96875[0m
[[2m[37m09:13:45[0m[2m[0m] [2mIQPE [E] (Lx=6.0, h=6.0, rep=1) iteration=3 = 0.0[0m
[[2m[37m09:13:46[0m[2m[0m] [2mIQPE [E] (Lx=6.0, h=5.0, rep=1) iteration=10 = 0.484375[0m
[[2m[37m09:13:46[0m[2m[0m] [2mIQPE [E] (Lx=6.0, h=5.0, rep=1) = -13.659864825696195[0m
[[2m[37m09:13:46[0m[2m[0m] [2mIQPE [E] (Lx=5.0, h=0.0, rep=1) iteration=1 = 0.0[0m
[[2m[37m09:13:46[0m[2m[0m] [2mIQPE [E] (Lx=6.0, h=4.0, rep=1) iteration=4 = 0.0[0m
[[2m[37m09:13:47[0m[2m[0m] [2mIQPE [E] (Lx=6.0, h=6.0, rep=1) iteration=4 = 0.5[0m
[[2m[37m09:13:47[0m[2m[0m] [2mIQPE [E] (Lx=6.0, h=0.5, rep=1) iteration=2 = 0.0[0m
[[2m[37m09:13:47[0m[2m[0m] [2mIQPE [E] (Lx=6.0, h=4.0, rep=1) iteration=5 = 0.5[0m
[[2m[37m09:13:47[0m[2m[0m] [2mIQPE [E] (Lx=6.0, h=6.0, rep=1) iteration=5 = 0.25[0m
[[2m[37m09:13:47[0m[2m[0m] [2mIQPE [E] (Lx=6.0, h=4.0, rep=1) iteration=6 = 0.75[0m
[[2m[37m09:13:47[0m[2m[0m] [2mIQPE [E] (Lx=6.0, h=6.0, rep=1) iteration=6 = 0.125[0m
[[2m[37m09:13:47[0m[2m[0m] [2mIQPE [E] (Lx=6.0, h=4.0, rep=1) iteration=7 = 0.875[0m
[[2m[37m09:13:48[0m[2m[0m] [2mIQPE [E] (Lx=6.0, h=6.0, rep=1) iteration=7 = 0.5625[0m
[[2m[37m09:13:48[0m[2m[0m] [2mIQPE [E] (Lx=6.0, h=4.0, rep=1) iteration=8 = 0.4375[0m
[[2m[37m09:13:48[0m[2m[0m] [2mIQPE [E] (Lx=6.0, h=4.0, rep=1) iteration=9 = 0.71875[0m
[[2m[37m09:13:48[0m[2m[0m] [2mIQPE [E] (Lx=6.0, h=6.0, rep=1) iteration=8 = 0.28125[0m
[[2m[37m09:13:48[0m[2m[0m] [2mIQPE [E] (Lx=6.0, h=4.0, rep=1) iteration=10 = 0.859375[0m
[[2m[37m09:13:48[0m[2m[0m] [2mIQPE [E] (Lx=6.0, h=4.0, rep=1) = -24.235244045590022[0m
[[2m[37m09:13:48[0m[2m[0m] [2mIQPE [E] (Lx=6.0, h=6.0, rep=1) iteration=9 = 0.640625[0m
[[2m[37m09:13:48[0m[2m[0m] [2mIQPE [E] (Lx=6.0, h=6.0, rep=1) iteration=10 = 0.8203125[0m
[[2m[37m09:13:48[0m[2m[0m] [2mIQPE [E] (Lx=6.0, h=6.0, rep=1) = -23.13364204351775[0m
[[2m[37m09:13:48[0m[2m[0m] [2mIQPE [E] (Lx=6.0, h=0.5, rep=1) iteration=3 = 0.0[0m
[[2m[37m09:13:50[0m[2m[0m] [2mIQPE [E] (Lx=6.0, h=0.5, rep=1) iteration=4 = 0.5[0m
[[2m[37m09:13:50[0m[2m[0m] [2mIQPE [E] (Lx=6.0, h=0.5, rep=1) iteration=5 = 0.75[0m
[[2m[37m09:13:51[0m[2m[0m] [2mIQPE [E] (Lx=6.0, h=0.5, rep=1) iteration=6 = 0.375[0m
[[2m[37m09:13:51[0m[2m[0m] [2mIQPE [E] (Lx=6.0, h=1.0, rep=1) iteration=1 = 0.5[0m
[[2m[37m09:13:51[0m[2m[0m] [2mIQPE [E] (Lx=6.0, h=0.5, rep=1) iteration=7 = 0.1875[0m
[[2m[37m09:13:51[0m[2m[0m] [2mIQPE [E] (Lx=6.0, h=0.5, rep=1) iteration=8 = 0.09375[0m
[[2m[37m09:13:51[0m[2m[0m] [2mIQPE [E] (Lx=6.0, h=0.5, rep=1) iteration=9 = 0.546875[0m
[[2m[37m09:13:51[0m[2m[0m] [2mIQPE [E] (Lx=6.0, h=0.5, rep=1) iteration=10 = 0.7734375[0m
[[2m[37m09:13:51[0m[2m[0m] [2mIQPE [E] (Lx=6.0, h=0.5, rep=1) = -21.811719641031022[0m
[[2m[37m09:13:55[0m[2m[0m] [2mIQPE [E] (Lx=6.0, h=1.0, rep=1) iteration=2 = 0.25[0m
[[2m[37m09:13:56[0m[2m[0m] [2mIQPE [E] (Lx=5.0, h=0.0, rep=1) iteration=2 = 0.5[0m
[[2m[37m09:13:56[0m[2m[0m] [2mIQPE [E] (Lx=6.0, h=1.0, rep=1) iteration=3 = 0.125[0m
[[2m[37m09:13:57[0m[2m[0m] [2mIQPE [E] (Lx=7.0, h=6.0, rep=1) iteration=1 = 0.5[0m
[[2m[37m09:13:58[0m[2m[0m] [2mIQPE [E] (Lx=6.0, h=1.0, rep=1) iteration=4 = 0.0625[0m
[[2m[37m09:13:58[0m[2m[0m] [2mIQPE [E] (Lx=6.0, h=1.0, rep=1) iteration=5 = 0.53125[0m
[[2m[37m09:13:59[0m[2m[0m] [2mIQPE [E] (Lx=6.0, h=1.0, rep=1) iteration=6 = 0.765625[0m
[[2m[37m09:13:59[0m[2m[0m] [2mIQPE [E] (Lx=6.0, h=1.0, rep=1) iteration=7 = 0.8828125[0m
[[2m[37m09:13:59[0m[2m[0m] [2mIQPE [E] (Lx=7.0, h=3.0, rep=1) iteration=1 = 0.5[0m
[[2m[37m09:13:59[0m[2m[0m] [2mIQPE [E] (Lx=5.0, h=0.0, rep=1) iteration=3 = 0.25[0m
[[2m[37m09:13:59[0m[2m[0m] [2mIQPE [E] (Lx=6.0, h=1.0, rep=1) iteration=8 = 0.94140625[0m
[[2m[37m09:13:59[0m[2m[0m] [2mIQPE [E] (Lx=6.0, h=1.0, rep=1) iteration=9 = 0.470703125[0m
[[2m[37m09:13:59[0m[2m[0m] [2mIQPE [E] (Lx=6.0, h=1.0, rep=1) iteration=10 = 0.7353515625[0m
[[2m[37m09:13:59[0m[2m[0m] [2mIQPE [E] (Lx=6.0, h=1.0, rep=1) = -20.737657689010554[0m
[[2m[37m09:14:00[0m[2m[0m] [2mIQPE [E] (Lx=5.0, h=0.0, rep=1) iteration=4 = 0.625[0m
[[2m[37m09:14:01[0m[2m[0m] [2mIQPE [E] (Lx=5.0, h=0.0, rep=1) iteration=5 = 0.3125[0m
[[2m[37m09:14:01[0m[2m[0m] [2mIQPE [E] (Lx=5.0, h=0.0, rep=1) iteration=6 = 0.15625[0m
[[2m[37m09:14:01[0m[2m[0m] [2mIQPE [E] (Lx=5.0, h=0.0, rep=1) iteration=7 = 0.578125[0m
[[2m[37m09:14:01[0m[2m[0m] [2mIQPE [E] (Lx=5.0, h=0.0, rep=1) iteration=8 = 0.2890625[0m
[[2m[37m09:14:01[0m[2m[0m] [2mIQPE [E] (Lx=7.0, h=6.0, rep=1) iteration=2 = 0.25[0m
[[2m[37m09:14:01[0m[2m[0m] [2mIQPE [E] (Lx=5.0, h=0.0, rep=1) iteration=9 = 0.64453125[0m
[[2m[37m09:14:02[0m[2m[0m] [2mIQPE [E] (Lx=5.0, h=0.0, rep=1) iteration=10 = 0.822265625[0m
[[2m[37m09:14:02[0m[2m[0m] [2mIQPE [E] (Lx=5.0, h=0.0, rep=1) = -23.188722143621362[0m
[[2m[37m09:14:03[0m[2m[0m] [2mIQPE [E] (Lx=7.0, h=6.0, rep=1) iteration=3 = 0.125[0m
[[2m[37m09:14:03[0m[2m[0m] [2mIQPE [E] (Lx=7.0, h=3.0, rep=1) iteration=2 = 0.25[0m
[[2m[37m09:14:03[0m[2m[0m] [2mIQPE [E] (Lx=6.0, h=0.0, rep=1) iteration=1 = 0.0[0m
[[2m[37m09:14:05[0m[2m[0m] [2mIQPE [E] (Lx=7.0, h=6.0, rep=1) iteration=4 = 0.0625[0m
[[2m[37m09:14:05[0m[2m[0m] [2mIQPE [E] (Lx=7.0, h=3.0, rep=1) iteration=3 = 0.625[0m
[[2m[37m09:14:05[0m[2m[0m] [2mIQPE [E] (Lx=7.0, h=6.0, rep=1) iteration=5 = 0.03125[0m
[[2m[37m09:14:06[0m[2m[0m] [2mIQPE [E] (Lx=7.0, h=6.0, rep=1) iteration=6 = 0.015625[0m
[[2m[37m09:14:06[0m[2m[0m] [2mIQPE [E] (Lx=7.0, h=2.0, rep=1) iteration=1 = 0.5[0m
[[2m[37m09:14:06[0m[2m[0m] [2mIQPE [E] (Lx=7.0, h=6.0, rep=1) iteration=7 = 0.0078125[0m
[[2m[37m09:14:06[0m[2m[0m] [2mIQPE [E] (Lx=7.0, h=6.0, rep=1) iteration=8 = 0.00390625[0m
[[2m[37m09:14:06[0m[2m[0m] [2mIQPE [E] (Lx=7.0, h=6.0, rep=1) iteration=9 = 0.001953125[0m
[[2m[37m09:14:07[0m[2m[0m] [2mIQPE [E] (Lx=4.0, h=1.0, rep=2) iteration=1 = 0.5[0m
[[2m[37m09:14:07[0m[2m[0m] [2mIQPE [E] (Lx=7.0, h=6.0, rep=1) iteration=10 = 0.0009765625[0m
[[2m[37m09:14:07[0m[2m[0m] [2mIQPE [E] (Lx=7.0, h=6.0, rep=1) = -0.027540050051806843[0m
[[2m[37m09:14:07[0m[2m[0m] [2mIQPE [E] (Lx=7.0, h=3.0, rep=1) iteration=4 = 0.3125[0m
[[2m[37m09:14:07[0m[2m[0m] [2mIQPE [E] (Lx=4.0, h=5.0, rep=2) iteration=1 = 0.0[0m
[[2m[37m09:14:07[0m[2m[0m] [2mIQPE [E] (Lx=7.0, h=3.0, rep=1) iteration=5 = 0.15625[0m
[[2m[37m09:14:08[0m[2m[0m] [2mIQPE [E] (Lx=7.0, h=3.0, rep=1) iteration=6 = 0.578125[0m
[[2m[37m09:14:08[0m[2m[0m] [2mIQPE [E] (Lx=7.0, h=3.0, rep=1) iteration=7 = 0.7890625[0m
[[2m[37m09:14:08[0m[2m[0m] [2mIQPE [E] (Lx=7.0, h=3.0, rep=1) iteration=8 = 0.89453125[0m
[[2m[37m09:14:08[0m[2m[0m] [2mIQPE [E] (Lx=7.0, h=0.0, rep=1) iteration=1 = 0.0[0m
[[2m[37m09:14:08[0m[2m[0m] [2mIQPE [E] (Lx=7.0, h=3.0, rep=1) iteration=9 = 0.947265625[0m
[[2m[37m09:14:08[0m[2m[0m] [2mIQPE [E] (Lx=7.0, h=3.0, rep=1) iteration=10 = 0.4736328125[0m
[[2m[37m09:14:08[0m[2m[0m] [2mIQPE [E] (Lx=7.0, h=3.0, rep=1) = -13.35692427512632[0m
[[2m[37m09:14:08[0m[2m[0m] [2mIQPE [E] (Lx=7.0, h=0.5, rep=1) iteration=1 = 0.0[0m
[[2m[37m09:14:09[0m[2m[0m] [2mIQPE [E] (Lx=7.0, h=1.0, rep=1) iteration=1 = 0.0[0m
[[2m[37m09:14:09[0m[2m[0m] [2mIQPE [E] (Lx=4.0, h=1.0, rep=2) iteration=2 = 0.25[0m
[[2m[37m09:14:09[0m[2m[0m] [2mIQPE [E] (Lx=4.0, h=5.0, rep=2) iteration=2 = 0.5[0m
[[2m[37m09:14:10[0m[2m[0m] [2mIQPE [E] (Lx=4.0, h=1.0, rep=2) iteration=3 = 0.125[0m
[[2m[37m09:14:10[0m[2m[0m] [2mIQPE [E] (Lx=7.0, h=2.0, rep=1) iteration=2 = 0.25[0m
[[2m[37m09:14:10[0m[2m[0m] [2mIQPE [E] (Lx=4.0, h=5.0, rep=2) iteration=3 = 0.25[0m
[[2m[37m09:14:11[0m[2m[0m] [2mIQPE [E] (Lx=4.0, h=1.0, rep=2) iteration=4 = 0.0625[0m
[[2m[37m09:14:11[0m[2m[0m] [2mIQPE [E] (Lx=7.0, h=5.0, rep=1) iteration=1 = 0.5[0m
[[2m[37m09:14:11[0m[2m[0m] [2mIQPE [E] (Lx=4.0, h=5.0, rep=2) iteration=4 = 0.625[0m
[[2m[37m09:14:11[0m[2m[0m] [2mIQPE [E] (Lx=4.0, h=1.0, rep=2) iteration=5 = 0.53125[0m
[[2m[37m09:14:11[0m[2m[0m] [2mIQPE [E] (Lx=4.0, h=5.0, rep=2) iteration=5 = 0.3125[0m
[[2m[37m09:14:11[0m[2m[0m] [2mIQPE [E] (Lx=4.0, h=1.0, rep=2) iteration=6 = 0.265625[0m
[[2m[37m09:14:12[0m[2m[0m] [2mIQPE [E] (Lx=4.0, h=1.0, rep=2) iteration=7 = 0.6328125[0m
[[2m[37m09:14:12[0m[2m[0m] [2mIQPE [E] (Lx=4.0, h=5.0, rep=2) iteration=6 = 0.65625[0m
[[2m[37m09:14:12[0m[2m[0m] [2mIQPE [E] (Lx=4.0, h=1.0, rep=2) iteration=8 = 0.31640625[0m
[[2m[37m09:14:12[0m[2m[0m] [2mIQPE [E] (Lx=4.0, h=1.0, rep=2) iteration=9 = 0.658203125[0m
[[2m[37m09:14:12[0m[2m[0m] [2mIQPE [E] (Lx=4.0, h=5.0, rep=2) iteration=7 = 0.328125[0m
[[2m[37m09:14:12[0m[2m[0m] [2mIQPE [E] (Lx=4.0, h=1.0, rep=2) iteration=10 = 0.8291015625[0m
[[2m[37m09:14:12[0m[2m[0m] [2mIQPE [E] (Lx=4.0, h=1.0, rep=2) = -23.38150249398401[0m
[[2m[37m09:14:12[0m[2m[0m] [2mIQPE [E] (Lx=4.0, h=5.0, rep=2) iteration=8 = 0.1640625[0m
[[2m[37m09:14:12[0m[2m[0m] [2mIQPE [E] (Lx=4.0, h=5.0, rep=2) iteration=9 = 0.58203125[0m
[[2m[37m09:14:12[0m[2m[0m] [2mIQPE [E] (Lx=4.0, h=5.0, rep=2) iteration=10 = 0.791015625[0m
[[2m[37m09:14:12[0m[2m[0m] [2mIQPE [E] (Lx=4.0, h=5.0, rep=2) = -22.30744054196354[0m
[[2m[37m09:14:12[0m[2m[0m] [2mIQPE [E] (Lx=7.0, h=2.0, rep=1) iteration=3 = 0.625[0m
[[2m[37m09:14:13[0m[2m[0m] [2mIQPE [E] (Lx=7.0, h=4.0, rep=1) iteration=1 = 0.5[0m
[[2m[37m09:14:13[0m[2m[0m] [2mIQPE [E] (Lx=7.0, h=0.5, rep=1) iteration=2 = 0.5[0m
[[2m[37m09:14:14[0m[2m[0m] [2mIQPE [E] (Lx=7.0, h=1.0, rep=1) iteration=2 = 0.5[0m
[[2m[37m09:14:14[0m[2m[0m] [2mIQPE [E] (Lx=7.0, h=2.0, rep=1) iteration=4 = 0.8125[0m
[[2m[37m09:14:14[0m[2m[0m] [2mIQPE [E] (Lx=4.0, h=2.0, rep=2) iteration=1 = 0.0[0m
[[2m[37m09:14:14[0m[2m[0m] [2mIQPE [E] (Lx=6.0, h=0.0, rep=1) iteration=2 = 0.5[0m
[[2m[37m09:14:14[0m[2m[0m] [2mIQPE [E] (Lx=7.0, h=2.0, rep=1) iteration=5 = 0.40625[0m
[[2m[37m09:14:15[0m[2m[0m] [2mIQPE [E] (Lx=7.0, h=2.0, rep=1) iteration=6 = 0.203125[0m
[[2m[37m09:14:15[0m[2m[0m] [2mIQPE [E] (Lx=7.0, h=2.0, rep=1) iteration=7 = 0.1015625[0m
[[2m[37m09:14:15[0m[2m[0m] [2mIQPE [E] (Lx=7.0, h=2.0, rep=1) iteration=8 = 0.05078125[0m
[[2m[37m09:14:15[0m[2m[0m] [2mIQPE [E] (Lx=7.0, h=0.5, rep=1) iteration=3 = 0.25[0m
[[2m[37m09:14:15[0m[2m[0m] [2mIQPE [E] (Lx=7.0, h=2.0, rep=1) iteration=9 = 0.025390625[0m
[[2m[37m09:14:16[0m[2m[0m] [2mIQPE [E] (Lx=7.0, h=2.0, rep=1) iteration=10 = 0.5126953125[0m
[[2m[37m09:14:16[0m[2m[0m] [2mIQPE [E] (Lx=7.0, h=2.0, rep=1) = -14.458526277198592[0m
[[2m[37m09:14:16[0m[2m[0m] [2mIQPE [E] (Lx=7.0, h=1.0, rep=1) iteration=3 = 0.25[0m
[[2m[37m09:14:16[0m[2m[0m] [2mIQPE [E] (Lx=7.0, h=5.0, rep=1) iteration=2 = 0.75[0m
[[2m[37m09:14:16[0m[2m[0m] [2mIQPE [E] (Lx=4.0, h=2.0, rep=2) iteration=2 = 0.5[0m
[[2m[37m09:14:17[0m[2m[0m] [2mIQPE [E] (Lx=7.0, h=0.5, rep=1) iteration=4 = 0.125[0m
[[2m[37m09:14:17[0m[2m[0m] [2mIQPE [E] (Lx=8.0, h=0.5, rep=1) iteration=1 = 0.5[0m
[[2m[37m09:14:17[0m[2m[0m] [2mIQPE [E] (Lx=7.0, h=1.0, rep=1) iteration=4 = 0.125[0m
[[2m[37m09:14:17[0m[2m[0m] [2mIQPE [E] (Lx=6.0, h=0.0, rep=1) iteration=3 = 0.75[0m
[[2m[37m09:14:17[0m[2m[0m] [2mIQPE [E] (Lx=7.0, h=0.5, rep=1) iteration=5 = 0.5625[0m
[[2m[37m09:14:18[0m[2m[0m] [2mIQPE [E] (Lx=7.0, h=4.0, rep=1) iteration=2 = 0.25[0m
[[2m[37m09:14:18[0m[2m[0m] [2mIQPE [E] (Lx=4.0, h=2.0, rep=2) iteration=3 = 0.75[0m
[[2m[37m09:14:18[0m[2m[0m] [2mIQPE [E] (Lx=7.0, h=1.0, rep=1) iteration=5 = 0.0625[0m
[[2m[37m09:14:18[0m[2m[0m] [2mIQPE [E] (Lx=7.0, h=0.5, rep=1) iteration=6 = 0.78125[0m
[[2m[37m09:14:18[0m[2m[0m] [2mIQPE [E] (Lx=4.0, h=3.0, rep=2) iteration=1 = 0.0[0m
[[2m[37m09:14:18[0m[2m[0m] [2mIQPE [E] (Lx=7.0, h=1.0, rep=1) iteration=6 = 0.03125[0m
[[2m[37m09:14:18[0m[2m[0m] [2mIQPE [E] (Lx=7.0, h=0.5, rep=1) iteration=7 = 0.890625[0m
[[2m[37m09:14:18[0m[2m[0m] [2mIQPE [E] (Lx=7.0, h=5.0, rep=1) iteration=3 = 0.875[0m
[[2m[37m09:14:18[0m[2m[0m] [2mIQPE [E] (Lx=7.0, h=0.5, rep=1) iteration=8 = 0.9453125[0m
[[2m[37m09:14:18[0m[2m[0m] [2mIQPE [E] (Lx=4.0, h=2.0, rep=2) iteration=4 = 0.375[0m
[[2m[37m09:14:18[0m[2m[0m] [2mIQPE [E] (Lx=7.0, h=1.0, rep=1) iteration=7 = 0.515625[0m
[[2m[37m09:14:18[0m[2m[0m] [2mIQPE [E] (Lx=7.0, h=0.5, rep=1) iteration=9 = 0.47265625[0m
[[2m[37m09:14:18[0m[2m[0m] [2mIQPE [E] (Lx=7.0, h=1.0, rep=1) iteration=8 = 0.7578125[0m
[[2m[37m09:14:19[0m[2m[0m] [2mIQPE [E] (Lx=7.0, h=0.5, rep=1) iteration=10 = 0.736328125[0m
[[2m[37m09:14:19[0m[2m[0m] [2mIQPE [E] (Lx=7.0, h=0.5, rep=1) = -20.76519773906236[0m
[[2m[37m09:14:19[0m[2m[0m] [2mIQPE [E] (Lx=7.0, h=1.0, rep=1) iteration=9 = 0.37890625[0m
[[2m[37m09:14:19[0m[2m[0m] [2mIQPE [E] (Lx=4.0, h=2.0, rep=2) iteration=5 = 0.6875[0m
[[2m[37m09:14:19[0m[2m[0m] [2mIQPE [E] (Lx=6.0, h=0.0, rep=1) iteration=4 = 0.375[0m
[[2m[37m09:14:19[0m[2m[0m] [2mIQPE [E] (Lx=7.0, h=1.0, rep=1) iteration=10 = 0.689453125[0m
[[2m[37m09:14:19[0m[2m[0m] [2mIQPE [E] (Lx=7.0, h=1.0, rep=1) = -19.44327533657563[0m
[[2m[37m09:14:19[0m[2m[0m] [2mIQPE [E] (Lx=7.0, h=0.0, rep=1) iteration=2 = 0.5[0m
[[2m[37m09:14:19[0m[2m[0m] [2mIQPE [E] (Lx=4.0, h=0.5, rep=2) iteration=1 = 0.5[0m
[[2m[37m09:14:19[0m[2m[0m] [2mIQPE [E] (Lx=4.0, h=2.0, rep=2) iteration=6 = 0.34375[0m
[[2m[37m09:14:19[0m[2m[0m] [2mIQPE [E] (Lx=4.0, h=2.0, rep=2) iteration=7 = 0.171875[0m
[[2m[37m09:14:19[0m[2m[0m] [2mIQPE [E] (Lx=8.0, h=5.0, rep=1) iteration=1 = 0.5[0m
[[2m[37m09:14:19[0m[2m[0m] [2mIQPE [E] (Lx=6.0, h=0.0, rep=1) iteration=5 = 0.1875[0m
[[2m[37m09:14:19[0m[2m[0m] [2mIQPE [E] (Lx=4.0, h=2.0, rep=2) iteration=8 = 0.0859375[0m
[[2m[37m09:14:19[0m[2m[0m] [2mIQPE [E] (Lx=4.0, h=2.0, rep=2) iteration=9 = 0.54296875[0m
[[2m[37m09:14:19[0m[2m[0m] [2mIQPE [E] (Lx=7.0, h=5.0, rep=1) iteration=4 = 0.4375[0m
[[2m[37m09:14:19[0m[2m[0m] [2mIQPE [E] (Lx=4.0, h=2.0, rep=2) iteration=10 = 0.771484375[0m
[[2m[37m09:14:19[0m[2m[0m] [2mIQPE [E] (Lx=4.0, h=2.0, rep=2) = -21.756639540927406[0m
[[2m[37m09:14:20[0m[2m[0m] [2mIQPE [E] (Lx=6.0, h=0.0, rep=1) iteration=6 = 0.59375[0m
[[2m[37m09:14:20[0m[2m[0m] [2mIQPE [E] (Lx=6.0, h=0.0, rep=1) iteration=7 = 0.296875[0m
[[2m[37m09:14:20[0m[2m[0m] [2mIQPE [E] (Lx=7.0, h=4.0, rep=1) iteration=3 = 0.625[0m
[[2m[37m09:14:20[0m[2m[0m] [2mIQPE [E] (Lx=6.0, h=0.0, rep=1) iteration=8 = 0.1484375[0m
[[2m[37m09:14:20[0m[2m[0m] [2mIQPE [E] (Lx=6.0, h=0.0, rep=1) iteration=9 = 0.57421875[0m
[[2m[37m09:14:20[0m[2m[0m] [2mIQPE [E] (Lx=7.0, h=5.0, rep=1) iteration=5 = 0.71875[0m
[[2m[37m09:14:20[0m[2m[0m] [2mIQPE [E] (Lx=6.0, h=0.0, rep=1) iteration=10 = 0.787109375[0m
[[2m[37m09:14:20[0m[2m[0m] [2mIQPE [E] (Lx=6.0, h=0.0, rep=1) = -22.197280341756315[0m
[[2m[37m09:14:20[0m[2m[0m] [2mIQPE [E] (Lx=7.0, h=5.0, rep=1) iteration=6 = 0.359375[0m
[[2m[37m09:14:21[0m[2m[0m] [2mIQPE [E] (Lx=4.0, h=3.0, rep=2) iteration=2 = 0.0[0m
[[2m[37m09:14:21[0m[2m[0m] [2mIQPE [E] (Lx=7.0, h=5.0, rep=1) iteration=7 = 0.1796875[0m
[[2m[37m09:14:21[0m[2m[0m] [2mIQPE [E] (Lx=7.0, h=5.0, rep=1) iteration=8 = 0.58984375[0m
[[2m[37m09:14:21[0m[2m[0m] [2mIQPE [E] (Lx=7.0, h=5.0, rep=1) iteration=9 = 0.294921875[0m
[[2m[37m09:14:21[0m[2m[0m] [2mIQPE [E] (Lx=7.0, h=5.0, rep=1) iteration=10 = 0.1474609375[0m
[[2m[37m09:14:21[0m[2m[0m] [2mIQPE [E] (Lx=7.0, h=5.0, rep=1) = -4.158547557822833[0m
[[2m[37m09:14:21[0m[2m[0m] [2mIQPE [E] (Lx=7.0, h=4.0, rep=1) iteration=4 = 0.8125[0m
[[2m[37m09:14:21[0m[2m[0m] [2mIQPE [E] (Lx=4.0, h=0.5, rep=2) iteration=2 = 0.25[0m
[[2m[37m09:14:21[0m[2m[0m] [2mIQPE [E] (Lx=8.0, h=3.0, rep=1) iteration=1 = 0.0[0m
[[2m[37m09:14:22[0m[2m[0m] [2mIQPE [E] (Lx=4.0, h=3.0, rep=2) iteration=3 = 0.5[0m
[[2m[37m09:14:22[0m[2m[0m] [2mIQPE [E] (Lx=7.0, h=4.0, rep=1) iteration=5 = 0.90625[0m
[[2m[37m09:14:22[0m[2m[0m] [2mIQPE [E] (Lx=7.0, h=0.0, rep=1) iteration=3 = 0.25[0m
[[2m[37m09:14:22[0m[2m[0m] [2mIQPE [E] (Lx=8.0, h=0.5, rep=1) iteration=2 = 0.75[0m
[[2m[37m09:14:22[0m[2m[0m] [2mIQPE [E] (Lx=7.0, h=4.0, rep=1) iteration=6 = 0.953125[0m
[[2m[37m09:14:22[0m[2m[0m] [2mIQPE [E] (Lx=4.0, h=3.0, rep=2) iteration=4 = 0.75[0m
[[2m[37m09:14:23[0m[2m[0m] [2mIQPE [E] (Lx=4.0, h=0.5, rep=2) iteration=3 = 0.625[0m
[[2m[37m09:14:23[0m[2m[0m] [2mIQPE [E] (Lx=4.0, h=4.0, rep=2) iteration=1 = 0.5[0m
[[2m[37m09:14:23[0m[2m[0m] [2mIQPE [E] (Lx=7.0, h=4.0, rep=1) iteration=7 = 0.4765625[0m
[[2m[37m09:14:23[0m[2m[0m] [2mIQPE [E] (Lx=7.0, h=4.0, rep=1) iteration=8 = 0.73828125[0m
[[2m[37m09:14:23[0m[2m[0m] [2mIQPE [E] (Lx=4.0, h=3.0, rep=2) iteration=5 = 0.875[0m
[[2m[37m09:14:23[0m[2m[0m] [2mIQPE [E] (Lx=7.0, h=4.0, rep=1) iteration=9 = 0.369140625[0m
[[2m[37m09:14:23[0m[2m[0m] [2mIQPE [E] (Lx=4.0, h=3.0, rep=2) iteration=6 = 0.4375[0m
[[2m[37m09:14:23[0m[2m[0m] [2mIQPE [E] (Lx=4.0, h=6.0, rep=2) iteration=1 = 0.0[0m
[[2m[37m09:14:23[0m[2m[0m] [2mIQPE [E] (Lx=7.0, h=4.0, rep=1) iteration=10 = 0.6845703125[0m
[[2m[37m09:14:23[0m[2m[0m] [2mIQPE [E] (Lx=7.0, h=4.0, rep=1) = -19.305575086316598[0m
[[2m[37m09:14:23[0m[2m[0m] [2mIQPE [E] (Lx=4.0, h=0.5, rep=2) iteration=4 = 0.3125[0m
[[2m[37m09:14:23[0m[2m[0m] [2mIQPE [E] (Lx=4.0, h=3.0, rep=2) iteration=7 = 0.21875[0m
[[2m[37m09:14:23[0m[2m[0m] [2mIQPE [E] (Lx=4.0, h=3.0, rep=2) iteration=8 = 0.609375[0m
[[2m[37m09:14:24[0m[2m[0m] [2mIQPE [E] (Lx=7.0, h=0.0, rep=1) iteration=4 = 0.125[0m
[[2m[37m09:14:24[0m[2m[0m] [2mIQPE [E] (Lx=4.0, h=3.0, rep=2) iteration=9 = 0.3046875[0m
[[2m[37m09:14:24[0m[2m[0m] [2mIQPE [E] (Lx=4.0, h=0.5, rep=2) iteration=5 = 0.15625[0m
[[2m[37m09:14:24[0m[2m[0m] [2mIQPE [E] (Lx=4.0, h=3.0, rep=2) iteration=10 = 0.65234375[0m
[[2m[37m09:14:24[0m[2m[0m] [2mIQPE [E] (Lx=4.0, h=3.0, rep=2) = -18.39675343460697[0m
[[2m[37m09:14:24[0m[2m[0m] [2mIQPE [E] (Lx=4.0, h=0.5, rep=2) iteration=6 = 0.578125[0m
[[2m[37m09:14:24[0m[2m[0m] [2mIQPE [E] (Lx=7.0, h=0.0, rep=1) iteration=5 = 0.0625[0m
[[2m[37m09:14:24[0m[2m[0m] [2mIQPE [E] (Lx=4.0, h=0.5, rep=2) iteration=7 = 0.7890625[0m
[[2m[37m09:14:24[0m[2m[0m] [2mIQPE [E] (Lx=4.0, h=0.5, rep=2) iteration=8 = 0.39453125[0m
[[2m[37m09:14:24[0m[2m[0m] [2mIQPE [E] (Lx=7.0, h=0.0, rep=1) iteration=6 = 0.03125[0m
[[2m[37m09:14:24[0m[2m[0m] [2mIQPE [E] (Lx=4.0, h=0.5, rep=2) iteration=9 = 0.697265625[0m
[[2m[37m09:14:24[0m[2m[0m] [2mIQPE [E] (Lx=8.0, h=0.5, rep=1) iteration=3 = 0.375[0m
[[2m[37m09:14:25[0m[2m[0m] [2mIQPE [E] (Lx=4.0, h=0.5, rep=2) iteration=10 = 0.8486328125[0m
[[2m[37m09:14:25[0m[2m[0m] [2mIQPE [E] (Lx=4.0, h=0.5, rep=2) = -23.93230349502015[0m
[[2m[37m09:14:25[0m[2m[0m] [2mIQPE [E] (Lx=7.0, h=0.0, rep=1) iteration=7 = 0.015625[0m
[[2m[37m09:14:25[0m[2m[0m] [2mIQPE [E] (Lx=8.0, h=5.0, rep=1) iteration=2 = 0.75[0m
[[2m[37m09:14:25[0m[2m[0m] [2mIQPE [E] (Lx=7.0, h=0.0, rep=1) iteration=8 = 0.0078125[0m
[[2m[37m09:14:25[0m[2m[0m] [2mIQPE [E] (Lx=7.0, h=0.0, rep=1) iteration=9 = 0.50390625[0m
[[2m[37m09:14:25[0m[2m[0m] [2mIQPE [E] (Lx=7.0, h=0.0, rep=1) iteration=10 = 0.751953125[0m
[[2m[37m09:14:25[0m[2m[0m] [2mIQPE [E] (Lx=7.0, h=0.0, rep=1) = -21.20583853989127[0m
[[2m[37m09:14:25[0m[2m[0m] [2mIQPE [E] (Lx=4.0, h=4.0, rep=2) iteration=2 = 0.75[0m
[[2m[37m09:14:26[0m[2m[0m] [2mIQPE [E] (Lx=4.0, h=6.0, rep=2) iteration=2 = 0.5[0m
[[2m[37m09:14:26[0m[2m[0m] [2mIQPE [E] (Lx=8.0, h=0.5, rep=1) iteration=4 = 0.6875[0m
[[2m[37m09:14:26[0m[2m[0m] [2mIQPE [E] (Lx=4.0, h=4.0, rep=2) iteration=3 = 0.375[0m
[[2m[37m09:14:27[0m[2m[0m] [2mIQPE [E] (Lx=8.0, h=0.5, rep=1) iteration=5 = 0.34375[0m
[[2m[37m09:14:27[0m[2m[0m] [2mIQPE [E] (Lx=4.0, h=6.0, rep=2) iteration=3 = 0.25[0m
[[2m[37m09:14:27[0m[2m[0m] [2mIQPE [E] (Lx=4.0, h=4.0, rep=2) iteration=4 = 0.6875[0m
[[2m[37m09:14:27[0m[2m[0m] [2mIQPE [E] (Lx=8.0, h=5.0, rep=1) iteration=3 = 0.375[0m
[[2m[37m09:14:27[0m[2m[0m] [2mIQPE [E] (Lx=8.0, h=3.0, rep=1) iteration=2 = 0.5[0m
[[2m[37m09:14:27[0m[2m[0m] [2mIQPE [E] (Lx=8.0, h=0.5, rep=1) iteration=6 = 0.171875[0m
[[2m[37m09:14:27[0m[2m[0m] [2mIQPE [E] (Lx=4.0, h=4.0, rep=2) iteration=5 = 0.84375[0m
[[2m[37m09:14:27[0m[2m[0m] [2mIQPE [E] (Lx=8.0, h=0.5, rep=1) iteration=7 = 0.5859375[0m
[[2m[37m09:14:27[0m[2m[0m] [2mIQPE [E] (Lx=4.0, h=6.0, rep=2) iteration=4 = 0.625[0m
[[2m[37m09:14:28[0m[2m[0m] [2mIQPE [E] (Lx=8.0, h=0.5, rep=1) iteration=8 = 0.79296875[0m
[[2m[37m09:14:28[0m[2m[0m] [2mIQPE [E] (Lx=4.0, h=4.0, rep=2) iteration=6 = 0.421875[0m
[[2m[37m09:14:28[0m[2m[0m] [2mIQPE [E] (Lx=8.0, h=0.5, rep=1) iteration=9 = 0.396484375[0m
[[2m[37m09:14:28[0m[2m[0m] [2mIQPE [E] (Lx=4.0, h=4.0, rep=2) iteration=7 = 0.2109375[0m
[[2m[37m09:14:28[0m[2m[0m] [2mIQPE [E] (Lx=8.0, h=0.5, rep=1) iteration=10 = 0.6982421875[0m
[[2m[37m09:14:28[0m[2m[0m] [2mIQPE [E] (Lx=8.0, h=0.5, rep=1) = -19.691135787041894[0m
[[2m[37m09:14:28[0m[2m[0m] [2mIQPE [E] (Lx=4.0, h=6.0, rep=2) iteration=5 = 0.8125[0m
[[2m[37m09:14:28[0m[2m[0m] [2mIQPE [E] (Lx=4.0, h=4.0, rep=2) iteration=8 = 0.60546875[0m
[[2m[37m09:14:28[0m[2m[0m] [2mIQPE [E] (Lx=4.0, h=4.0, rep=2) iteration=9 = 0.302734375[0m
[[2m[37m09:14:28[0m[2m[0m] [2mIQPE [E] (Lx=4.0, h=6.0, rep=2) iteration=6 = 0.40625[0m
[[2m[37m09:14:28[0m[2m[0m] [2mIQPE [E] (Lx=4.0, h=4.0, rep=2) iteration=10 = 0.6513671875[0m
[[2m[37m09:14:28[0m[2m[0m] [2mIQPE [E] (Lx=4.0, h=4.0, rep=2) = -18.369213384555163[0m
[[2m[37m09:14:28[0m[2m[0m] [2mIQPE [E] (Lx=4.0, h=6.0, rep=2) iteration=7 = 0.203125[0m
[[2m[37m09:14:28[0m[2m[0m] [2mIQPE [E] (Lx=4.0, h=6.0, rep=2) iteration=8 = 0.6015625[0m
[[2m[37m09:14:29[0m[2m[0m] [2mIQPE [E] (Lx=8.0, h=6.0, rep=1) iteration=1 = 0.0[0m
[[2m[37m09:14:29[0m[2m[0m] [2mIQPE [E] (Lx=8.0, h=5.0, rep=1) iteration=4 = 0.1875[0m
[[2m[37m09:14:29[0m[2m[0m] [2mIQPE [E] (Lx=4.0, h=6.0, rep=2) iteration=9 = 0.80078125[0m
[[2m[37m09:14:29[0m[2m[0m] [2mIQPE [E] (Lx=8.0, h=1.0, rep=1) iteration=1 = 0.0[0m
[[2m[37m09:14:29[0m[2m[0m] [2mIQPE [E] (Lx=4.0, h=6.0, rep=2) iteration=10 = 0.400390625[0m
[[2m[37m09:14:29[0m[2m[0m] [2mIQPE [E] (Lx=4.0, h=6.0, rep=2) = -11.291420521240806[0m
[[2m[37m09:14:29[0m[2m[0m] [2mIQPE [E] (Lx=8.0, h=5.0, rep=1) iteration=5 = 0.09375[0m
[[2m[37m09:14:29[0m[2m[0m] [2mIQPE [E] (Lx=8.0, h=3.0, rep=1) iteration=3 = 0.75[0m
[[2m[37m09:14:30[0m[2m[0m] [2mIQPE [E] (Lx=8.0, h=5.0, rep=1) iteration=6 = 0.546875[0m
[[2m[37m09:14:30[0m[2m[0m] [2mIQPE [E] (Lx=8.0, h=5.0, rep=1) iteration=7 = 0.7734375[0m
[[2m[37m09:14:30[0m[2m[0m] [2mIQPE [E] (Lx=8.0, h=5.0, rep=1) iteration=8 = 0.88671875[0m
[[2m[37m09:14:30[0m[2m[0m] [2mIQPE [E] (Lx=8.0, h=5.0, rep=1) iteration=9 = 0.443359375[0m
[[2m[37m09:14:30[0m[2m[0m] [2mIQPE [E] (Lx=8.0, h=5.0, rep=1) iteration=10 = 0.2216796875[0m
[[2m[37m09:14:30[0m[2m[0m] [2mIQPE [E] (Lx=8.0, h=5.0, rep=1) = -6.251591361760153[0m
[[2m[37m09:14:31[0m[2m[0m] [2mIQPE [E] (Lx=8.0, h=3.0, rep=1) iteration=4 = 0.375[0m
[[2m[37m09:14:32[0m[2m[0m] [2mIQPE [E] (Lx=8.0, h=3.0, rep=1) iteration=5 = 0.6875[0m
[[2m[37m09:14:32[0m[2m[0m] [2mIQPE [E] (Lx=8.0, h=3.0, rep=1) iteration=6 = 0.84375[0m
[[2m[37m09:14:33[0m[2m[0m] [2mIQPE [E] (Lx=8.0, h=3.0, rep=1) iteration=7 = 0.421875[0m
[[2m[37m09:14:33[0m[2m[0m] [2mIQPE [E] (Lx=8.0, h=3.0, rep=1) iteration=8 = 0.2109375[0m
[[2m[37m09:14:33[0m[2m[0m] [2mIQPE [E] (Lx=8.0, h=3.0, rep=1) iteration=9 = 0.60546875[0m
[[2m[37m09:14:33[0m[2m[0m] [2mIQPE [E] (Lx=8.0, h=3.0, rep=1) iteration=10 = 0.802734375[0m
[[2m[37m09:14:33[0m[2m[0m] [2mIQPE [E] (Lx=8.0, h=3.0, rep=1) = -22.637921142585228[0m
[[2m[37m09:14:33[0m[2m[0m] [2mIQPE [E] (Lx=8.0, h=4.0, rep=1) iteration=1 = 0.5[0m
[[2m[37m09:14:34[0m[2m[0m] [2mIQPE [E] (Lx=8.0, h=2.0, rep=1) iteration=1 = 0.5[0m
[[2m[37m09:14:34[0m[2m[0m] [2mIQPE [E] (Lx=8.0, h=6.0, rep=1) iteration=2 = 0.5[0m
[[2m[37m09:14:34[0m[2m[0m] [2mIQPE [E] (Lx=8.0, h=1.0, rep=1) iteration=2 = 0.0[0m
[[2m[37m09:14:36[0m[2m[0m] [2mIQPE [E] (Lx=8.0, h=6.0, rep=1) iteration=3 = 0.25[0m
[[2m[37m09:14:37[0m[2m[0m] [2mIQPE [E] (Lx=8.0, h=1.0, rep=1) iteration=3 = 0.5[0m
[[2m[37m09:14:37[0m[2m[0m] [2mIQPE [E] (Lx=5.0, h=2.0, rep=2) iteration=1 = 0.0[0m
[[2m[37m09:14:38[0m[2m[0m] [2mIQPE [E] (Lx=8.0, h=6.0, rep=1) iteration=4 = 0.625[0m
[[2m[37m09:14:38[0m[2m[0m] [2mIQPE [E] (Lx=8.0, h=1.0, rep=1) iteration=4 = 0.25[0m
[[2m[37m09:14:39[0m[2m[0m] [2mIQPE [E] (Lx=8.0, h=6.0, rep=1) iteration=5 = 0.3125[0m
[[2m[37m09:14:39[0m[2m[0m] [2mIQPE [E] (Lx=5.0, h=4.0, rep=2) iteration=1 = 0.0[0m
[[2m[37m09:14:39[0m[2m[0m] [2mIQPE [E] (Lx=8.0, h=1.0, rep=1) iteration=5 = 0.125[0m
[[2m[37m09:14:39[0m[2m[0m] [2mIQPE [E] (Lx=8.0, h=6.0, rep=1) iteration=6 = 0.15625[0m
[[2m[37m09:14:39[0m[2m[0m] [2mIQPE [E] (Lx=8.0, h=4.0, rep=1) iteration=2 = 0.75[0m
[[2m[37m09:14:39[0m[2m[0m] [2mIQPE [E] (Lx=8.0, h=2.0, rep=1) iteration=2 = 0.25[0m
[[2m[37m09:14:39[0m[2m[0m] [2mIQPE [E] (Lx=8.0, h=6.0, rep=1) iteration=7 = 0.078125[0m
[[2m[37m09:14:39[0m[2m[0m] [2mIQPE [E] (Lx=8.0, h=1.0, rep=1) iteration=6 = 0.0625[0m
[[2m[37m09:14:39[0m[2m[0m] [2mIQPE [E] (Lx=8.0, h=6.0, rep=1) iteration=8 = 0.0390625[0m
[[2m[37m09:14:40[0m[2m[0m] [2mIQPE [E] (Lx=8.0, h=6.0, rep=1) iteration=9 = 0.51953125[0m
[[2m[37m09:14:40[0m[2m[0m] [2mIQPE [E] (Lx=8.0, h=1.0, rep=1) iteration=7 = 0.03125[0m
[[2m[37m09:14:40[0m[2m[0m] [2mIQPE [E] (Lx=8.0, h=6.0, rep=1) iteration=10 = 0.759765625[0m
[[2m[37m09:14:40[0m[2m[0m] [2mIQPE [E] (Lx=8.0, h=6.0, rep=1) = -21.426158940305726[0m
[[2m[37m09:14:40[0m[2m[0m] [2mIQPE [E] (Lx=4.0, h=0.0, rep=2) iteration=1 = 0.5[0m
[[2m[37m09:14:40[0m[2m[0m] [2mIQPE [E] (Lx=8.0, h=1.0, rep=1) iteration=8 = 0.515625[0m
[[2m[37m09:14:40[0m[2m[0m] [2mIQPE [E] (Lx=5.0, h=2.0, rep=2) iteration=2 = 0.5[0m
[[2m[37m09:14:40[0m[2m[0m] [2mIQPE [E] (Lx=8.0, h=1.0, rep=1) iteration=9 = 0.2578125[0m
[[2m[37m09:14:40[0m[2m[0m] [2mIQPE [E] (Lx=8.0, h=1.0, rep=1) iteration=10 = 0.62890625[0m
[[2m[37m09:14:40[0m[2m[0m] [2mIQPE [E] (Lx=8.0, h=1.0, rep=1) = -17.735792233363608[0m
[[2m[37m09:14:41[0m[2m[0m] [2mIQPE [E] (Lx=5.0, h=2.0, rep=2) iteration=3 = 0.75[0m
[[2m[37m09:14:42[0m[2m[0m] [2mIQPE [E] (Lx=5.0, h=4.0, rep=2) iteration=2 = 0.5[0m
[[2m[37m09:14:42[0m[2m[0m] [2mIQPE [E] (Lx=8.0, h=2.0, rep=1) iteration=3 = 0.625[0m
[[2m[37m09:14:42[0m[2m[0m] [2mIQPE [E] (Lx=8.0, h=4.0, rep=1) iteration=3 = 0.875[0m
[[2m[37m09:14:42[0m[2m[0m] [2mIQPE [E] (Lx=5.0, h=2.0, rep=2) iteration=4 = 0.875[0m
[[2m[37m09:14:43[0m[2m[0m] [2mIQPE [E] (Lx=5.0, h=2.0, rep=2) iteration=5 = 0.9375[0m
[[2m[37m09:14:43[0m[2m[0m] [2mIQPE [E] (Lx=5.0, h=2.0, rep=2) iteration=6 = 0.96875[0m
[[2m[37m09:14:43[0m[2m[0m] [2mIQPE [E] (Lx=5.0, h=4.0, rep=2) iteration=3 = 0.75[0m
[[2m[37m09:14:43[0m[2m[0m] [2mIQPE [E] (Lx=5.0, h=2.0, rep=2) iteration=7 = 0.484375[0m
[[2m[37m09:14:43[0m[2m[0m] [2mIQPE [E] (Lx=8.0, h=2.0, rep=1) iteration=4 = 0.8125[0m
[[2m[37m09:14:43[0m[2m[0m] [2mIQPE [E] (Lx=5.0, h=2.0, rep=2) iteration=8 = 0.7421875[0m
[[2m[37m09:14:43[0m[2m[0m] [2mIQPE [E] (Lx=5.0, h=2.0, rep=2) iteration=9 = 0.37109375[0m
[[2m[37m09:14:43[0m[2m[0m] [2mIQPE [E] (Lx=8.0, h=0.0, rep=1) iteration=1 = 0.0[0m
[[2m[37m09:14:44[0m[2m[0m] [2mIQPE [E] (Lx=8.0, h=4.0, rep=1) iteration=4 = 0.4375[0m
[[2m[37m09:14:44[0m[2m[0m] [2mIQPE [E] (Lx=5.0, h=2.0, rep=2) iteration=10 = 0.685546875[0m
[[2m[37m09:14:44[0m[2m[0m] [2mIQPE [E] (Lx=5.0, h=2.0, rep=2) = -19.333115136368406[0m
[[2m[37m09:14:44[0m[2m[0m] [2mIQPE [E] (Lx=5.0, h=4.0, rep=2) iteration=4 = 0.375[0m
[[2m[37m09:14:44[0m[2m[0m] [2mIQPE [E] (Lx=8.0, h=2.0, rep=1) iteration=5 = 0.90625[0m
[[2m[37m09:14:44[0m[2m[0m] [2mIQPE [E] (Lx=9.0, h=3.0, rep=1) iteration=1 = 0.0[0m
[[2m[37m09:14:44[0m[2m[0m] [2mIQPE [E] (Lx=8.0, h=4.0, rep=1) iteration=5 = 0.21875[0m
[[2m[37m09:14:44[0m[2m[0m] [2mIQPE [E] (Lx=5.0, h=4.0, rep=2) iteration=5 = 0.6875[0m
[[2m[37m09:14:44[0m[2m[0m] [2mIQPE [E] (Lx=8.0, h=2.0, rep=1) iteration=6 = 0.953125[0m
[[2m[37m09:14:45[0m[2m[0m] [2mIQPE [E] (Lx=5.0, h=4.0, rep=2) iteration=6 = 0.84375[0m
[[2m[37m09:14:45[0m[2m[0m] [2mIQPE [E] (Lx=8.0, h=2.0, rep=1) iteration=7 = 0.4765625[0m
[[2m[37m09:14:45[0m[2m[0m] [2mIQPE [E] (Lx=8.0, h=4.0, rep=1) iteration=6 = 0.609375[0m
[[2m[37m09:14:45[0m[2m[0m] [2mIQPE [E] (Lx=9.0, h=4.0, rep=1) iteration=1 = 0.5[0m
[[2m[37m09:14:45[0m[2m[0m] [2mIQPE [E] (Lx=5.0, h=4.0, rep=2) iteration=7 = 0.921875[0m
[[2m[37m09:14:45[0m[2m[0m] [2mIQPE [E] (Lx=8.0, h=2.0, rep=1) iteration=8 = 0.23828125[0m
[[2m[37m09:14:45[0m[2m[0m] [2mIQPE [E] (Lx=5.0, h=4.0, rep=2) iteration=8 = 0.9609375[0m
[[2m[37m09:14:45[0m[2m[0m] [2mIQPE [E] (Lx=8.0, h=2.0, rep=1) iteration=9 = 0.119140625[0m
[[2m[37m09:14:45[0m[2m[0m] [2mIQPE [E] (Lx=8.0, h=4.0, rep=1) iteration=7 = 0.3046875[0m
[[2m[37m09:14:45[0m[2m[0m] [2mIQPE [E] (Lx=5.0, h=4.0, rep=2) iteration=9 = 0.98046875[0m
[[2m[37m09:14:45[0m[2m[0m] [2mIQPE [E] (Lx=8.0, h=2.0, rep=1) iteration=10 = 0.5595703125[0m
[[2m[37m09:14:45[0m[2m[0m] [2mIQPE [E] (Lx=8.0, h=2.0, rep=1) = -15.780448679685321[0m
[[2m[37m09:14:45[0m[2m[0m] [2mIQPE [E] (Lx=5.0, h=4.0, rep=2) iteration=10 = 0.490234375[0m
[[2m[37m09:14:45[0m[2m[0m] [2mIQPE [E] (Lx=5.0, h=4.0, rep=2) = -13.825105126007037[0m
[[2m[37m09:14:45[0m[2m[0m] [2mIQPE [E] (Lx=8.0, h=4.0, rep=1) iteration=8 = 0.15234375[0m
[[2m[37m09:14:45[0m[2m[0m] [2mIQPE [E] (Lx=8.0, h=4.0, rep=1) iteration=9 = 0.076171875[0m
[[2m[37m09:14:45[0m[2m[0m] [2mIQPE [E] (Lx=8.0, h=4.0, rep=1) iteration=10 = 0.0380859375[0m
[[2m[37m09:14:45[0m[2m[0m] [2mIQPE [E] (Lx=8.0, h=4.0, rep=1) = -1.0740619520204668[0m
[[2m[37m09:14:46[0m[2m[0m] [2mIQPE [E] (Lx=9.0, h=1.0, rep=1) iteration=1 = 0.0[0m
[[2m[37m09:14:46[0m[2m[0m] [2mIQPE [E] (Lx=9.0, h=2.0, rep=1) iteration=1 = 0.0[0m
[[2m[37m09:14:47[0m[2m[0m] [2mIQPE [E] (Lx=4.0, h=0.0, rep=2) iteration=2 = 0.75[0m
[[2m[37m09:14:47[0m[2m[0m] [2mIQPE [E] (Lx=9.0, h=6.0, rep=1) iteration=1 = 0.0[0m
[[2m[37m09:14:49[0m[2m[0m] [2mIQPE [E] (Lx=4.0, h=0.0, rep=2) iteration=3 = 0.875[0m
[[2m[37m09:14:50[0m[2m[0m] [2mIQPE [E] (Lx=4.0, h=0.0, rep=2) iteration=4 = 0.9375[0m
[[2m[37m09:14:50[0m[2m[0m] [2mIQPE [E] (Lx=4.0, h=0.0, rep=2) iteration=5 = 0.46875[0m
[[2m[37m09:14:50[0m[2m[0m] [2mIQPE [E] (Lx=9.0, h=3.0, rep=1) iteration=2 = 0.0[0m
[[2m[37m09:14:50[0m[2m[0m] [2mIQPE [E] (Lx=4.0, h=0.0, rep=2) iteration=6 = 0.734375[0m
[[2m[37m09:14:50[0m[2m[0m] [2mIQPE [E] (Lx=4.0, h=0.0, rep=2) iteration=7 = 0.8671875[0m
[[2m[37m09:14:50[0m[2m[0m] [2mIQPE [E] (Lx=4.0, h=0.0, rep=2) iteration=8 = 0.43359375[0m
[[2m[37m09:14:50[0m[2m[0m] [2mIQPE [E] (Lx=9.0, h=0.5, rep=1) iteration=1 = 0.5[0m
[[2m[37m09:14:50[0m[2m[0m] [2mIQPE [E] (Lx=4.0, h=0.0, rep=2) iteration=9 = 0.716796875[0m
[[2m[37m09:14:51[0m[2m[0m] [2mIQPE [E] (Lx=4.0, h=0.0, rep=2) iteration=10 = 0.8583984375[0m
[[2m[37m09:14:51[0m[2m[0m] [2mIQPE [E] (Lx=4.0, h=0.0, rep=2) = -24.207703995538214[0m
[[2m[37m09:14:51[0m[2m[0m] [2mIQPE [E] (Lx=9.0, h=4.0, rep=1) iteration=2 = 0.75[0m
[[2m[37m09:14:51[0m[2m[0m] [2mIQPE [E] (Lx=5.0, h=0.5, rep=2) iteration=1 = 0.5[0m
[[2m[37m09:14:52[0m[2m[0m] [2mIQPE [E] (Lx=9.0, h=1.0, rep=1) iteration=2 = 0.0[0m
[[2m[37m09:14:52[0m[2m[0m] [2mIQPE [E] (Lx=9.0, h=2.0, rep=1) iteration=2 = 0.0[0m
[[2m[37m09:14:53[0m[2m[0m] [2mIQPE [E] (Lx=9.0, h=6.0, rep=1) iteration=2 = 0.0[0m
[[2m[37m09:14:53[0m[2m[0m] [2mIQPE [E] (Lx=9.0, h=3.0, rep=1) iteration=3 = 0.5[0m
[[2m[37m09:14:53[0m[2m[0m] [2mIQPE [E] (Lx=9.0, h=0.0, rep=1) iteration=1 = 0.5[0m
[[2m[37m09:14:54[0m[2m[0m] [2mIQPE [E] (Lx=5.0, h=1.0, rep=2) iteration=1 = 0.5[0m
[[2m[37m09:14:54[0m[2m[0m] [2mIQPE [E] (Lx=5.0, h=0.5, rep=2) iteration=2 = 0.75[0m
[[2m[37m09:14:54[0m[2m[0m] [2mIQPE [E] (Lx=9.0, h=4.0, rep=1) iteration=3 = 0.375[0m
[[2m[37m09:14:54[0m[2m[0m] [2mIQPE [E] (Lx=5.0, h=3.0, rep=2) iteration=1 = 0.0[0m
[[2m[37m09:14:55[0m[2m[0m] [2mIQPE [E] (Lx=9.0, h=3.0, rep=1) iteration=4 = 0.25[0m
[[2m[37m09:14:55[0m[2m[0m] [2mIQPE [E] (Lx=8.0, h=0.0, rep=1) iteration=2 = 0.5[0m
[[2m[37m09:14:55[0m[2m[0m] [2mIQPE [E] (Lx=9.0, h=3.0, rep=1) iteration=5 = 0.125[0m
[[2m[37m09:14:55[0m[2m[0m] [2mIQPE [E] (Lx=9.0, h=1.0, rep=1) iteration=3 = 0.0[0m
[[2m[37m09:14:55[0m[2m[0m] [2mIQPE [E] (Lx=9.0, h=2.0, rep=1) iteration=3 = 0.5[0m
[[2m[37m09:14:56[0m[2m[0m] [2mIQPE [E] (Lx=5.0, h=0.5, rep=2) iteration=3 = 0.875[0m
[[2m[37m09:14:56[0m[2m[0m] [2mIQPE [E] (Lx=9.0, h=4.0, rep=1) iteration=4 = 0.6875[0m
[[2m[37m09:14:56[0m[2m[0m] [2mIQPE [E] (Lx=9.0, h=3.0, rep=1) iteration=6 = 0.0625[0m
[[2m[37m09:14:56[0m[2m[0m] [2mIQPE [E] (Lx=9.0, h=6.0, rep=1) iteration=3 = 0.5[0m
[[2m[37m09:14:56[0m[2m[0m] [2mIQPE [E] (Lx=5.0, h=0.5, rep=2) iteration=4 = 0.9375[0m
[[2m[37m09:14:56[0m[2m[0m] [2mIQPE [E] (Lx=9.0, h=3.0, rep=1) iteration=7 = 0.53125[0m
[[2m[37m09:14:56[0m[2m[0m] [2mIQPE [E] (Lx=9.0, h=4.0, rep=1) iteration=5 = 0.34375[0m
[[2m[37m09:14:57[0m[2m[0m] [2mIQPE [E] (Lx=9.0, h=0.5, rep=1) iteration=2 = 0.25[0m
[[2m[37m09:14:57[0m[2m[0m] [2mIQPE [E] (Lx=9.0, h=3.0, rep=1) iteration=8 = 0.765625[0m
[[2m[37m09:14:57[0m[2m[0m] [2mIQPE [E] (Lx=5.0, h=0.5, rep=2) iteration=5 = 0.96875[0m
[[2m[37m09:14:57[0m[2m[0m] [2mIQPE [E] (Lx=5.0, h=1.0, rep=2) iteration=2 = 0.25[0m
[[2m[37m09:14:57[0m[2m[0m] [2mIQPE [E] (Lx=9.0, h=1.0, rep=1) iteration=4 = 0.0[0m
[[2m[37m09:14:57[0m[2m[0m] [2mIQPE [E] (Lx=9.0, h=3.0, rep=1) iteration=9 = 0.8828125[0m
[[2m[37m09:14:57[0m[2m[0m] [2mIQPE [E] (Lx=9.0, h=3.0, rep=1) iteration=10 = 0.44140625[0m
[[2m[37m09:14:57[0m[2m[0m] [2mIQPE [E] (Lx=9.0, h=3.0, rep=1) = -12.448102623416693[0m
[[2m[37m09:14:57[0m[2m[0m] [2mIQPE [E] (Lx=9.0, h=2.0, rep=1) iteration=4 = 0.75[0m
[[2m[37m09:14:57[0m[2m[0m] [2mIQPE [E] (Lx=5.0, h=0.5, rep=2) iteration=6 = 0.984375[0m
[[2m[37m09:14:57[0m[2m[0m] [2mIQPE [E] (Lx=9.0, h=4.0, rep=1) iteration=6 = 0.171875[0m
[[2m[37m09:14:57[0m[2m[0m] [2mIQPE [E] (Lx=5.0, h=0.5, rep=2) iteration=7 = 0.4921875[0m
[[2m[37m09:14:57[0m[2m[0m] [2mIQPE [E] (Lx=5.0, h=3.0, rep=2) iteration=2 = 0.5[0m
[[2m[37m09:14:57[0m[2m[0m] [2mIQPE [E] (Lx=5.0, h=0.5, rep=2) iteration=8 = 0.24609375[0m
[[2m[37m09:14:57[0m[2m[0m] [2mIQPE [E] (Lx=5.0, h=0.5, rep=2) iteration=9 = 0.623046875[0m
[[2m[37m09:14:58[0m[2m[0m] [2mIQPE [E] (Lx=9.0, h=6.0, rep=1) iteration=4 = 0.75[0m
[[2m[37m09:14:58[0m[2m[0m] [2mIQPE [E] (Lx=9.0, h=4.0, rep=1) iteration=7 = 0.0859375[0m
[[2m[37m09:14:58[0m[2m[0m] [2mIQPE [E] (Lx=9.0, h=1.0, rep=1) iteration=5 = 0.0[0m
[[2m[37m09:14:58[0m[2m[0m] [2mIQPE [E] (Lx=5.0, h=0.5, rep=2) iteration=10 = 0.8115234375[0m
[[2m[37m09:14:58[0m[2m[0m] [2mIQPE [E] (Lx=5.0, h=0.5, rep=2) = -22.885781593051487[0m
[[2m[37m09:14:58[0m[2m[0m] [2mIQPE [E] (Lx=9.0, h=4.0, rep=1) iteration=8 = 0.54296875[0m
[[2m[37m09:14:58[0m[2m[0m] [2mIQPE [E] (Lx=9.0, h=2.0, rep=1) iteration=5 = 0.375[0m
[[2m[37m09:14:58[0m[2m[0m] [2mIQPE [E] (Lx=9.0, h=4.0, rep=1) iteration=9 = 0.271484375[0m
[[2m[37m09:14:58[0m[2m[0m] [2mIQPE [E] (Lx=9.0, h=4.0, rep=1) iteration=10 = 0.6357421875[0m
[[2m[37m09:14:58[0m[2m[0m] [2mIQPE [E] (Lx=9.0, h=4.0, rep=1) = -17.928572583726254[0m
[[2m[37m09:14:58[0m[2m[0m] [2mIQPE [E] (Lx=9.0, h=1.0, rep=1) iteration=6 = 0.5[0m
[[2m[37m09:14:58[0m[2m[0m] [2mIQPE [E] (Lx=9.0, h=6.0, rep=1) iteration=5 = 0.375[0m
[[2m[37m09:14:59[0m[2m[0m] [2mIQPE [E] (Lx=9.0, h=1.0, rep=1) iteration=7 = 0.75[0m
[[2m[37m09:14:59[0m[2m[0m] [2mIQPE [E] (Lx=9.0, h=2.0, rep=1) iteration=6 = 0.6875[0m
[[2m[37m09:14:59[0m[2m[0m] [2mIQPE [E] (Lx=5.0, h=1.0, rep=2) iteration=3 = 0.125[0m
[[2m[37m09:14:59[0m[2m[0m] [2mIQPE [E] (Lx=8.0, h=0.0, rep=1) iteration=3 = 0.75[0m
[[2m[37m09:14:59[0m[2m[0m] [2mIQPE [E] (Lx=9.0, h=1.0, rep=1) iteration=8 = 0.375[0m
[[2m[37m09:14:59[0m[2m[0m] [2mIQPE [E] (Lx=5.0, h=3.0, rep=2) iteration=3 = 0.25[0m
[[2m[37m09:14:59[0m[2m[0m] [2mIQPE [E] (Lx=9.0, h=2.0, rep=1) iteration=7 = 0.84375[0m
[[2m[37m09:14:59[0m[2m[0m] [2mIQPE [E] (Lx=9.0, h=1.0, rep=1) iteration=9 = 0.1875[0m
[[2m[37m09:14:59[0m[2m[0m] [2mIQPE [E] (Lx=9.0, h=6.0, rep=1) iteration=6 = 0.1875[0m
[[2m[37m09:14:59[0m[2m[0m] [2mIQPE [E] (Lx=9.0, h=1.0, rep=1) iteration=10 = 0.59375[0m
[[2m[37m09:14:59[0m[2m[0m] [2mIQPE [E] (Lx=9.0, h=1.0, rep=1) = -16.74435043149856[0m
[[2m[37m09:14:59[0m[2m[0m] [2mIQPE [E] (Lx=9.0, h=2.0, rep=1) iteration=8 = 0.421875[0m
[[2m[37m09:14:59[0m[2m[0m] [2mIQPE [E] (Lx=9.0, h=2.0, rep=1) iteration=9 = 0.2109375[0m
[[2m[37m09:14:59[0m[2m[0m] [2mIQPE [E] (Lx=9.0, h=6.0, rep=1) iteration=7 = 0.59375[0m
[[2m[37m09:14:59[0m[2m[0m] [2mIQPE [E] (Lx=5.0, h=6.0, rep=2) iteration=1 = 0.0[0m
[[2m[37m09:14:59[0m[2m[0m] [2mIQPE [E] (Lx=5.0, h=1.0, rep=2) iteration=4 = 0.0625[0m
[[2m[37m09:15:00[0m[2m[0m] [2mIQPE [E] (Lx=9.0, h=2.0, rep=1) iteration=10 = 0.60546875[0m
[[2m[37m09:15:00[0m[2m[0m] [2mIQPE [E] (Lx=9.0, h=2.0, rep=1) = -17.074831032120244[0m
[[2m[37m09:15:00[0m[2m[0m] [2mIQPE [E] (Lx=9.0, h=6.0, rep=1) iteration=8 = 0.796875[0m
[[2m[37m09:15:00[0m[2m[0m] [2mIQPE [E] (Lx=9.0, h=0.5, rep=1) iteration=3 = 0.625[0m
[[2m[37m09:15:00[0m[2m[0m] [2mIQPE [E] (Lx=5.0, h=3.0, rep=2) iteration=4 = 0.125[0m
[[2m[37m09:15:00[0m[2m[0m] [2mIQPE [E] (Lx=9.0, h=6.0, rep=1) iteration=9 = 0.8984375[0m
[[2m[37m09:15:00[0m[2m[0m] [2mIQPE [E] (Lx=5.0, h=5.0, rep=2) iteration=1 = 0.0[0m
[[2m[37m09:15:00[0m[2m[0m] [2mIQPE [E] (Lx=5.0, h=1.0, rep=2) iteration=5 = 0.03125[0m
[[2m[37m09:15:00[0m[2m[0m] [2mIQPE [E] (Lx=9.0, h=6.0, rep=1) iteration=10 = 0.44921875[0m
[[2m[37m09:15:00[0m[2m[0m] [2mIQPE [E] (Lx=9.0, h=6.0, rep=1) = -12.66842302383115[0m
[[2m[37m09:15:00[0m[2m[0m] [2mIQPE [E] (Lx=8.0, h=0.0, rep=1) iteration=4 = 0.875[0m
[[2m[37m09:15:00[0m[2m[0m] [2mIQPE [E] (Lx=9.0, h=5.0, rep=1) iteration=1 = 0.5[0m
[[2m[37m09:15:00[0m[2m[0m] [2mIQPE [E] (Lx=5.0, h=3.0, rep=2) iteration=5 = 0.0625[0m
[[2m[37m09:15:00[0m[2m[0m] [2mIQPE [E] (Lx=5.0, h=1.0, rep=2) iteration=6 = 0.515625[0m
[[2m[37m09:15:01[0m[2m[0m] [2mIQPE [E] (Lx=5.0, h=1.0, rep=2) iteration=7 = 0.2578125[0m
[[2m[37m09:15:01[0m[2m[0m] [2mIQPE [E] (Lx=5.0, h=3.0, rep=2) iteration=6 = 0.53125[0m
[[2m[37m09:15:01[0m[2m[0m] [2mIQPE [E] (Lx=5.0, h=1.0, rep=2) iteration=8 = 0.12890625[0m
[[2m[37m09:15:01[0m[2m[0m] [2mIQPE [E] (Lx=8.0, h=0.0, rep=1) iteration=5 = 0.9375[0m
[[2m[37m09:15:01[0m[2m[0m] [2mIQPE [E] (Lx=5.0, h=3.0, rep=2) iteration=7 = 0.265625[0m
[[2m[37m09:15:01[0m[2m[0m] [2mIQPE [E] (Lx=5.0, h=1.0, rep=2) iteration=9 = 0.564453125[0m
[[2m[37m09:15:01[0m[2m[0m] [2mIQPE [E] (Lx=5.0, h=3.0, rep=2) iteration=8 = 0.1328125[0m
[[2m[37m09:15:01[0m[2m[0m] [2mIQPE [E] (Lx=5.0, h=1.0, rep=2) iteration=10 = 0.7822265625[0m
[[2m[37m09:15:01[0m[2m[0m] [2mIQPE [E] (Lx=5.0, h=1.0, rep=2) = -22.05958009149728[0m
[[2m[37m09:15:01[0m[2m[0m] [2mIQPE [E] (Lx=5.0, h=3.0, rep=2) iteration=9 = 0.06640625[0m
[[2m[37m09:15:01[0m[2m[0m] [2mIQPE [E] (Lx=9.0, h=0.5, rep=1) iteration=4 = 0.3125[0m
[[2m[37m09:15:01[0m[2m[0m] [2mIQPE [E] (Lx=8.0, h=0.0, rep=1) iteration=6 = 0.46875[0m
[[2m[37m09:15:01[0m[2m[0m] [2mIQPE [E] (Lx=5.0, h=3.0, rep=2) iteration=10 = 0.533203125[0m
[[2m[37m09:15:01[0m[2m[0m] [2mIQPE [E] (Lx=5.0, h=3.0, rep=2) = -15.036867328286537[0m
[[2m[37m09:15:01[0m[2m[0m] [2mIQPE [E] (Lx=8.0, h=0.0, rep=1) iteration=7 = 0.734375[0m
[[2m[37m09:15:02[0m[2m[0m] [2mIQPE [E] (Lx=8.0, h=0.0, rep=1) iteration=8 = 0.8671875[0m
[[2m[37m09:15:02[0m[2m[0m] [2mIQPE [E] (Lx=8.0, h=0.0, rep=1) iteration=9 = 0.43359375[0m
[[2m[37m09:15:02[0m[2m[0m] [2mIQPE [E] (Lx=8.0, h=0.0, rep=1) iteration=10 = 0.716796875[0m
[[2m[37m09:15:02[0m[2m[0m] [2mIQPE [E] (Lx=8.0, h=0.0, rep=1) = -20.214396738026224[0m
[[2m[37m09:15:02[0m[2m[0m] [2mIQPE [E] (Lx=9.0, h=0.5, rep=1) iteration=5 = 0.15625[0m
[[2m[37m09:15:02[0m[2m[0m] [2mIQPE [E] (Lx=5.0, h=6.0, rep=2) iteration=2 = 0.0[0m
[[2m[37m09:15:03[0m[2m[0m] [2mIQPE [E] (Lx=9.0, h=0.5, rep=1) iteration=6 = 0.578125[0m
[[2m[37m09:15:03[0m[2m[0m] [2mIQPE [E] (Lx=9.0, h=0.5, rep=1) iteration=7 = 0.2890625[0m
[[2m[37m09:15:03[0m[2m[0m] [2mIQPE [E] (Lx=5.0, h=5.0, rep=2) iteration=2 = 0.5[0m
[[2m[37m09:15:03[0m[2m[0m] [2mIQPE [E] (Lx=9.0, h=0.5, rep=1) iteration=8 = 0.64453125[0m
[[2m[37m09:15:03[0m[2m[0m] [2mIQPE [E] (Lx=9.0, h=0.5, rep=1) iteration=9 = 0.322265625[0m
[[2m[37m09:15:03[0m[2m[0m] [2mIQPE [E] (Lx=9.0, h=0.5, rep=1) iteration=10 = 0.6611328125[0m
[[2m[37m09:15:03[0m[2m[0m] [2mIQPE [E] (Lx=9.0, h=0.5, rep=1) = -18.644613885073234[0m
[[2m[37m09:15:04[0m[2m[0m] [2mIQPE [E] (Lx=5.0, h=6.0, rep=2) iteration=3 = 0.0[0m
[[2m[37m09:15:05[0m[2m[0m] [2mIQPE [E] (Lx=5.0, h=5.0, rep=2) iteration=3 = 0.25[0m
[[2m[37m09:15:05[0m[2m[0m] [2mIQPE [E] (Lx=5.0, h=6.0, rep=2) iteration=4 = 0.5[0m
[[2m[37m09:15:05[0m[2m[0m] [2mIQPE [E] (Lx=9.0, h=0.0, rep=1) iteration=2 = 0.25[0m
[[2m[37m09:15:05[0m[2m[0m] [2mIQPE [E] (Lx=5.0, h=6.0, rep=2) iteration=5 = 0.25[0m
[[2m[37m09:15:05[0m[2m[0m] [2mIQPE [E] (Lx=5.0, h=5.0, rep=2) iteration=4 = 0.125[0m
[[2m[37m09:15:06[0m[2m[0m] [2mIQPE [E] (Lx=5.0, h=6.0, rep=2) iteration=6 = 0.625[0m
[[2m[37m09:15:06[0m[2m[0m] [2mIQPE [E] (Lx=5.0, h=6.0, rep=2) iteration=7 = 0.3125[0m
[[2m[37m09:15:06[0m[2m[0m] [2mIQPE [E] (Lx=5.0, h=5.0, rep=2) iteration=5 = 0.5625[0m
[[2m[37m09:15:06[0m[2m[0m] [2mIQPE [E] (Lx=5.0, h=6.0, rep=2) iteration=8 = 0.65625[0m
[[2m[37m09:15:06[0m[2m[0m] [2mIQPE [E] (Lx=5.0, h=5.0, rep=2) iteration=6 = 0.28125[0m
[[2m[37m09:15:06[0m[2m[0m] [2mIQPE [E] (Lx=5.0, h=6.0, rep=2) iteration=9 = 0.328125[0m
[[2m[37m09:15:06[0m[2m[0m] [2mIQPE [E] (Lx=5.0, h=6.0, rep=2) iteration=10 = 0.6640625[0m
[[2m[37m09:15:06[0m[2m[0m] [2mIQPE [E] (Lx=5.0, h=6.0, rep=2) = -18.727234035228655[0m
[[2m[37m09:15:06[0m[2m[0m] [2mIQPE [E] (Lx=9.0, h=5.0, rep=1) iteration=2 = 0.75[0m
[[2m[37m09:15:06[0m[2m[0m] [2mIQPE [E] (Lx=5.0, h=5.0, rep=2) iteration=7 = 0.640625[0m
[[2m[37m09:15:06[0m[2m[0m] [2mIQPE [E] (Lx=5.0, h=5.0, rep=2) iteration=8 = 0.8203125[0m
[[2m[37m09:15:07[0m[2m[0m] [2mIQPE [E] (Lx=5.0, h=5.0, rep=2) iteration=9 = 0.41015625[0m
[[2m[37m09:15:07[0m[2m[0m] [2mIQPE [E] (Lx=5.0, h=5.0, rep=2) iteration=10 = 0.705078125[0m
[[2m[37m09:15:07[0m[2m[0m] [2mIQPE [E] (Lx=5.0, h=5.0, rep=2) = -19.88391613740454[0m
[[2m[37m09:15:09[0m[2m[0m] [2mIQPE [E] (Lx=9.0, h=0.0, rep=1) iteration=3 = 0.125[0m
[[2m[37m09:15:09[0m[2m[0m] [2mIQPE [E] (Lx=4.0, h=5.0, rep=3) iteration=1 = 0.0[0m
[[2m[37m09:15:09[0m[2m[0m] [2mIQPE [E] (Lx=4.0, h=1.0, rep=3) iteration=1 = 0.5[0m
[[2m[37m09:15:10[0m[2m[0m] [2mIQPE [E] (Lx=9.0, h=5.0, rep=1) iteration=3 = 0.875[0m
[[2m[37m09:15:11[0m[2m[0m] [2mIQPE [E] (Lx=9.0, h=0.0, rep=1) iteration=4 = 0.5625[0m
[[2m[37m09:15:11[0m[2m[0m] [2mIQPE [E] (Lx=9.0, h=5.0, rep=1) iteration=4 = 0.4375[0m
[[2m[37m09:15:11[0m[2m[0m] [2mIQPE [E] (Lx=9.0, h=0.0, rep=1) iteration=5 = 0.78125[0m
[[2m[37m09:15:12[0m[2m[0m] [2mIQPE [E] (Lx=9.0, h=0.0, rep=1) iteration=6 = 0.890625[0m
[[2m[37m09:15:12[0m[2m[0m] [2mIQPE [E] (Lx=4.0, h=5.0, rep=3) iteration=2 = 0.5[0m
[[2m[37m09:15:12[0m[2m[0m] [2mIQPE [E] (Lx=9.0, h=5.0, rep=1) iteration=5 = 0.71875[0m
[[2m[37m09:15:12[0m[2m[0m] [2mIQPE [E] (Lx=4.0, h=1.0, rep=3) iteration=2 = 0.25[0m
[[2m[37m09:15:12[0m[2m[0m] [2mIQPE [E] (Lx=9.0, h=0.0, rep=1) iteration=7 = 0.4453125[0m
[[2m[37m09:15:12[0m[2m[0m] [2mIQPE [E] (Lx=9.0, h=0.0, rep=1) iteration=8 = 0.72265625[0m
[[2m[37m09:15:12[0m[2m[0m] [2mIQPE [E] (Lx=9.0, h=0.0, rep=1) iteration=9 = 0.361328125[0m
[[2m[37m09:15:13[0m[2m[0m] [2mIQPE [E] (Lx=9.0, h=0.0, rep=1) iteration=10 = 0.6806640625[0m
[[2m[37m09:15:13[0m[2m[0m] [2mIQPE [E] (Lx=9.0, h=0.0, rep=1) = -19.195414886109372[0m
[[2m[37m09:15:13[0m[2m[0m] [2mIQPE [E] (Lx=9.0, h=5.0, rep=1) iteration=6 = 0.859375[0m
[[2m[37m09:15:13[0m[2m[0m] [2mIQPE [E] (Lx=9.0, h=5.0, rep=1) iteration=7 = 0.9296875[0m
[[2m[37m09:15:13[0m[2m[0m] [2mIQPE [E] (Lx=4.0, h=1.0, rep=3) iteration=3 = 0.125[0m
[[2m[37m09:15:13[0m[2m[0m] [2mIQPE [E] (Lx=4.0, h=5.0, rep=3) iteration=3 = 0.25[0m
[[2m[37m09:15:13[0m[2m[0m] [2mIQPE [E] (Lx=9.0, h=5.0, rep=1) iteration=8 = 0.96484375[0m
[[2m[37m09:15:13[0m[2m[0m] [2mIQPE [E] (Lx=9.0, h=5.0, rep=1) iteration=9 = 0.982421875[0m
[[2m[37m09:15:13[0m[2m[0m] [2mIQPE [E] (Lx=9.0, h=5.0, rep=1) iteration=10 = 0.9912109375[0m
[[2m[37m09:15:13[0m[2m[0m] [2mIQPE [E] (Lx=9.0, h=5.0, rep=1) = -27.95315080258395[0m
[[2m[37m09:15:14[0m[2m[0m] [2mIQPE [E] (Lx=4.0, h=1.0, rep=3) iteration=4 = 0.0625[0m
[[2m[37m09:15:14[0m[2m[0m] [2mIQPE [E] (Lx=4.0, h=5.0, rep=3) iteration=4 = 0.625[0m
[[2m[37m09:15:14[0m[2m[0m] [2mIQPE [E] (Lx=4.0, h=1.0, rep=3) iteration=5 = 0.53125[0m
[[2m[37m09:15:14[0m[2m[0m] [2mIQPE [E] (Lx=4.0, h=5.0, rep=3) iteration=5 = 0.3125[0m
[[2m[37m09:15:14[0m[2m[0m] [2mIQPE [E] (Lx=4.0, h=1.0, rep=3) iteration=6 = 0.265625[0m
[[2m[37m09:15:14[0m[2m[0m] [2mIQPE [E] (Lx=4.0, h=5.0, rep=3) iteration=6 = 0.65625[0m
[[2m[37m09:15:14[0m[2m[0m] [2mIQPE [E] (Lx=6.0, h=3.0, rep=2) iteration=1 = 0.5[0m
[[2m[37m09:15:14[0m[2m[0m] [2mIQPE [E] (Lx=4.0, h=1.0, rep=3) iteration=7 = 0.6328125[0m
[[2m[37m09:15:14[0m[2m[0m] [2mIQPE [E] (Lx=4.0, h=5.0, rep=3) iteration=7 = 0.328125[0m
[[2m[37m09:15:15[0m[2m[0m] [2mIQPE [E] (Lx=4.0, h=1.0, rep=3) iteration=8 = 0.31640625[0m
[[2m[37m09:15:15[0m[2m[0m] [2mIQPE [E] (Lx=4.0, h=5.0, rep=3) iteration=8 = 0.1640625[0m
[[2m[37m09:15:15[0m[2m[0m] [2mIQPE [E] (Lx=4.0, h=1.0, rep=3) iteration=9 = 0.658203125[0m
[[2m[37m09:15:15[0m[2m[0m] [2mIQPE [E] (Lx=4.0, h=5.0, rep=3) iteration=9 = 0.58203125[0m
[[2m[37m09:15:15[0m[2m[0m] [2mIQPE [E] (Lx=4.0, h=1.0, rep=3) iteration=10 = 0.8291015625[0m
[[2m[37m09:15:15[0m[2m[0m] [2mIQPE [E] (Lx=4.0, h=1.0, rep=3) = -23.38150249398401[0m
[[2m[37m09:15:15[0m[2m[0m] [2mIQPE [E] (Lx=4.0, h=5.0, rep=3) iteration=10 = 0.791015625[0m
[[2m[37m09:15:15[0m[2m[0m] [2mIQPE [E] (Lx=4.0, h=5.0, rep=3) = -22.30744054196354[0m
[[2m[37m09:15:15[0m[2m[0m] [2mIQPE [E] (Lx=6.0, h=2.0, rep=2) iteration=1 = 0.5[0m
[[2m[37m09:15:15[0m[2m[0m] [2mIQPE [E] (Lx=6.0, h=5.0, rep=2) iteration=1 = 0.0[0m
[[2m[37m09:15:18[0m[2m[0m] [2mIQPE [E] (Lx=6.0, h=3.0, rep=2) iteration=2 = 0.25[0m
[[2m[37m09:15:18[0m[2m[0m] [2mIQPE [E] (Lx=6.0, h=6.0, rep=2) iteration=1 = 0.0[0m
[[2m[37m09:15:18[0m[2m[0m] [2mIQPE [E] (Lx=6.0, h=4.0, rep=2) iteration=1 = 0.0[0m
[[2m[37m09:15:19[0m[2m[0m] [2mIQPE [E] (Lx=6.0, h=2.0, rep=2) iteration=2 = 0.25[0m
[[2m[37m09:15:19[0m[2m[0m] [2mIQPE [E] (Lx=6.0, h=5.0, rep=2) iteration=2 = 0.0[0m
[[2m[37m09:15:19[0m[2m[0m] [2mIQPE [E] (Lx=4.0, h=2.0, rep=3) iteration=1 = 0.0[0m
[[2m[37m09:15:20[0m[2m[0m] [2mIQPE [E] (Lx=6.0, h=3.0, rep=2) iteration=3 = 0.125[0m
[[2m[37m09:15:20[0m[2m[0m] [2mIQPE [E] (Lx=6.0, h=2.0, rep=2) iteration=3 = 0.625[0m
[[2m[37m09:15:21[0m[2m[0m] [2mIQPE [E] (Lx=6.0, h=5.0, rep=2) iteration=3 = 0.0[0m
[[2m[37m09:15:21[0m[2m[0m] [2mIQPE [E] (Lx=6.0, h=3.0, rep=2) iteration=4 = 0.0625[0m
[[2m[37m09:15:22[0m[2m[0m] [2mIQPE [E] (Lx=6.0, h=2.0, rep=2) iteration=4 = 0.3125[0m
[[2m[37m09:15:22[0m[2m[0m] [2mIQPE [E] (Lx=6.0, h=3.0, rep=2) iteration=5 = 0.53125[0m
[[2m[37m09:15:22[0m[2m[0m] [2mIQPE [E] (Lx=6.0, h=5.0, rep=2) iteration=4 = 0.0[0m
[[2m[37m09:15:22[0m[2m[0m] [2mIQPE [E] (Lx=6.0, h=6.0, rep=2) iteration=2 = 0.0[0m
[[2m[37m09:15:22[0m[2m[0m] [2mIQPE [E] (Lx=6.0, h=3.0, rep=2) iteration=6 = 0.765625[0m
[[2m[37m09:15:22[0m[2m[0m] [2mIQPE [E] (Lx=4.0, h=2.0, rep=3) iteration=2 = 0.5[0m
[[2m[37m09:15:22[0m[2m[0m] [2mIQPE [E] (Lx=6.0, h=4.0, rep=2) iteration=2 = 0.0[0m
[[2m[37m09:15:22[0m[2m[0m] [2mIQPE [E] (Lx=6.0, h=2.0, rep=2) iteration=5 = 0.65625[0m
[[2m[37m09:15:22[0m[2m[0m] [2mIQPE [E] (Lx=6.0, h=3.0, rep=2) iteration=7 = 0.8828125[0m
[[2m[37m09:15:22[0m[2m[0m] [2mIQPE [E] (Lx=6.0, h=3.0, rep=2) iteration=8 = 0.44140625[0m
[[2m[37m09:15:22[0m[2m[0m] [2mIQPE [E] (Lx=6.0, h=2.0, rep=2) iteration=6 = 0.828125[0m
[[2m[37m09:15:23[0m[2m[0m] [2mIQPE [E] (Lx=6.0, h=3.0, rep=2) iteration=9 = 0.220703125[0m
[[2m[37m09:15:23[0m[2m[0m] [2mIQPE [E] (Lx=6.0, h=5.0, rep=2) iteration=5 = 0.5[0m
[[2m[37m09:15:23[0m[2m[0m] [2mIQPE [E] (Lx=6.0, h=3.0, rep=2) iteration=10 = 0.6103515625[0m
[[2m[37m09:15:23[0m[2m[0m] [2mIQPE [E] (Lx=6.0, h=3.0, rep=2) = -17.212531282379278[0m
[[2m[37m09:15:23[0m[2m[0m] [2mIQPE [E] (Lx=6.0, h=2.0, rep=2) iteration=7 = 0.9140625[0m
[[2m[37m09:15:23[0m[2m[0m] [2mIQPE [E] (Lx=6.0, h=2.0, rep=2) iteration=8 = 0.45703125[0m
[[2m[37m09:15:23[0m[2m[0m] [2mIQPE [E] (Lx=6.0, h=5.0, rep=2) iteration=6 = 0.75[0m
[[2m[37m09:15:23[0m[2m[0m] [2mIQPE [E] (Lx=6.0, h=2.0, rep=2) iteration=9 = 0.228515625[0m
[[2m[37m09:15:23[0m[2m[0m] [2mIQPE [E] (Lx=6.0, h=5.0, rep=2) iteration=7 = 0.875[0m
[[2m[37m09:15:23[0m[2m[0m] [2mIQPE [E] (Lx=6.0, h=2.0, rep=2) iteration=10 = 0.6142578125[0m
[[2m[37m09:15:23[0m[2m[0m] [2mIQPE [E] (Lx=6.0, h=2.0, rep=2) = -17.322691482586503[0m
[[2m[37m09:15:23[0m[2m[0m] [2mIQPE [E] (Lx=10.0, h=6.0, rep=1) iteration=1 = 0.0[0m
[[2m[37m09:15:23[0m[2m[0m] [2mIQPE [E] (Lx=6.0, h=5.0, rep=2) iteration=8 = 0.9375[0m
[[2m[37m09:15:23[0m[2m[0m] [2mIQPE [E] (Lx=4.0, h=2.0, rep=3) iteration=3 = 0.75[0m
[[2m[37m09:15:23[0m[2m[0m] [2mIQPE [E] (Lx=6.0, h=5.0, rep=2) iteration=9 = 0.46875[0m
[[2m[37m09:15:24[0m[2m[0m] [2mIQPE [E] (Lx=6.0, h=5.0, rep=2) iteration=10 = 0.234375[0m
[[2m[37m09:15:24[0m[2m[0m] [2mIQPE [E] (Lx=6.0, h=5.0, rep=2) = -6.609612012433642[0m
[[2m[37m09:15:24[0m[2m[0m] [2mIQPE [E] (Lx=6.0, h=6.0, rep=2) iteration=3 = 0.0[0m
[[2m[37m09:15:24[0m[2m[0m] [2mIQPE [E] (Lx=6.0, h=4.0, rep=2) iteration=3 = 0.0[0m
[[2m[37m09:15:24[0m[2m[0m] [2mIQPE [E] (Lx=4.0, h=2.0, rep=3) iteration=4 = 0.375[0m
[[2m[37m09:15:24[0m[2m[0m] [2mIQPE [E] (Lx=4.0, h=2.0, rep=3) iteration=5 = 0.6875[0m
[[2m[37m09:15:25[0m[2m[0m] [2mIQPE [E] (Lx=4.0, h=2.0, rep=3) iteration=6 = 0.34375[0m
[[2m[37m09:15:25[0m[2m[0m] [2mIQPE [E] (Lx=4.0, h=2.0, rep=3) iteration=7 = 0.171875[0m
[[2m[37m09:15:25[0m[2m[0m] [2mIQPE [E] (Lx=4.0, h=2.0, rep=3) iteration=8 = 0.0859375[0m
[[2m[37m09:15:25[0m[2m[0m] [2mIQPE [E] (Lx=6.0, h=6.0, rep=2) iteration=4 = 0.5[0m
[[2m[37m09:15:25[0m[2m[0m] [2mIQPE [E] (Lx=6.0, h=4.0, rep=2) iteration=4 = 0.0[0m
[[2m[37m09:15:25[0m[2m[0m] [2mIQPE [E] (Lx=10.0, h=5.0, rep=1) iteration=1 = 0.5[0m
[[2m[37m09:15:25[0m[2m[0m] [2mIQPE [E] (Lx=4.0, h=2.0, rep=3) iteration=9 = 0.54296875[0m
[[2m[37m09:15:25[0m[2m[0m] [2mIQPE [E] (Lx=4.0, h=2.0, rep=3) iteration=10 = 0.771484375[0m
[[2m[37m09:15:25[0m[2m[0m] [2mIQPE [E] (Lx=4.0, h=2.0, rep=3) = -21.756639540927406[0m
[[2m[37m09:15:25[0m[2m[0m] [2mIQPE [E] (Lx=6.0, h=6.0, rep=2) iteration=5 = 0.25[0m
[[2m[37m09:15:25[0m[2m[0m] [2mIQPE [E] (Lx=6.0, h=4.0, rep=2) iteration=5 = 0.5[0m
[[2m[37m09:15:26[0m[2m[0m] [2mIQPE [E] (Lx=6.0, h=6.0, rep=2) iteration=6 = 0.125[0m
[[2m[37m09:15:26[0m[2m[0m] [2mIQPE [E] (Lx=4.0, h=3.0, rep=3) iteration=1 = 0.0[0m
[[2m[37m09:15:26[0m[2m[0m] [2mIQPE [E] (Lx=6.0, h=4.0, rep=2) iteration=6 = 0.75[0m
[[2m[37m09:15:26[0m[2m[0m] [2mIQPE [E] (Lx=6.0, h=0.5, rep=2) iteration=1 = 0.0[0m
[[2m[37m09:15:26[0m[2m[0m] [2mIQPE [E] (Lx=6.0, h=6.0, rep=2) iteration=7 = 0.5625[0m
[[2m[37m09:15:26[0m[2m[0m] [2mIQPE [E] (Lx=6.0, h=4.0, rep=2) iteration=7 = 0.875[0m
[[2m[37m09:15:26[0m[2m[0m] [2mIQPE [E] (Lx=6.0, h=6.0, rep=2) iteration=8 = 0.28125[0m
[[2m[37m09:15:26[0m[2m[0m] [2mIQPE [E] (Lx=6.0, h=4.0, rep=2) iteration=8 = 0.4375[0m
[[2m[37m09:15:26[0m[2m[0m] [2mIQPE [E] (Lx=4.0, h=0.5, rep=3) iteration=1 = 0.5[0m
[[2m[37m09:15:26[0m[2m[0m] [2mIQPE [E] (Lx=6.0, h=6.0, rep=2) iteration=9 = 0.640625[0m
[[2m[37m09:15:26[0m[2m[0m] [2mIQPE [E] (Lx=6.0, h=4.0, rep=2) iteration=9 = 0.21875[0m
[[2m[37m09:15:26[0m[2m[0m] [2mIQPE [E] (Lx=6.0, h=6.0, rep=2) iteration=10 = 0.3203125[0m
[[2m[37m09:15:26[0m[2m[0m] [2mIQPE [E] (Lx=6.0, h=6.0, rep=2) = -9.033136416992644[0m
[[2m[37m09:15:26[0m[2m[0m] [2mIQPE [E] (Lx=6.0, h=4.0, rep=2) iteration=10 = 0.609375[0m
[[2m[37m09:15:26[0m[2m[0m] [2mIQPE [E] (Lx=6.0, h=4.0, rep=2) = -17.18499123232747[0m
[[2m[37m09:15:28[0m[2m[0m] [2mIQPE [E] (Lx=4.0, h=3.0, rep=3) iteration=2 = 0.0[0m
[[2m[37m09:15:29[0m[2m[0m] [2mIQPE [E] (Lx=4.0, h=0.5, rep=3) iteration=2 = 0.25[0m
[[2m[37m09:15:30[0m[2m[0m] [2mIQPE [E] (Lx=4.0, h=3.0, rep=3) iteration=3 = 0.5[0m
[[2m[37m09:15:30[0m[2m[0m] [2mIQPE [E] (Lx=10.0, h=0.5, rep=1) iteration=1 = 0.0[0m
[[2m[37m09:15:30[0m[2m[0m] [2mIQPE [E] (Lx=6.0, h=0.5, rep=2) iteration=2 = 0.0[0m
[[2m[37m09:15:30[0m[2m[0m] [2mIQPE [E] (Lx=4.0, h=3.0, rep=3) iteration=4 = 0.75[0m
[[2m[37m09:15:30[0m[2m[0m] [2mIQPE [E] (Lx=4.0, h=0.5, rep=3) iteration=3 = 0.625[0m
[[2m[37m09:15:31[0m[2m[0m] [2mIQPE [E] (Lx=4.0, h=3.0, rep=3) iteration=5 = 0.875[0m
[[2m[37m09:15:31[0m[2m[0m] [2mIQPE [E] (Lx=10.0, h=6.0, rep=1) iteration=2 = 0.5[0m
[[2m[37m09:15:31[0m[2m[0m] [2mIQPE [E] (Lx=4.0, h=3.0, rep=3) iteration=6 = 0.4375[0m
[[2m[37m09:15:31[0m[2m[0m] [2mIQPE [E] (Lx=4.0, h=3.0, rep=3) iteration=7 = 0.21875[0m
[[2m[37m09:15:31[0m[2m[0m] [2mIQPE [E] (Lx=4.0, h=0.5, rep=3) iteration=4 = 0.3125[0m
[[2m[37m09:15:31[0m[2m[0m] [2mIQPE [E] (Lx=4.0, h=3.0, rep=3) iteration=8 = 0.609375[0m
[[2m[37m09:15:31[0m[2m[0m] [2mIQPE [E] (Lx=6.0, h=0.5, rep=2) iteration=3 = 0.0[0m
[[2m[37m09:15:31[0m[2m[0m] [2mIQPE [E] (Lx=4.0, h=3.0, rep=3) iteration=9 = 0.3046875[0m
[[2m[37m09:15:32[0m[2m[0m] [2mIQPE [E] (Lx=4.0, h=0.5, rep=3) iteration=5 = 0.15625[0m
[[2m[37m09:15:32[0m[2m[0m] [2mIQPE [E] (Lx=4.0, h=3.0, rep=3) iteration=10 = 0.65234375[0m
[[2m[37m09:15:32[0m[2m[0m] [2mIQPE [E] (Lx=4.0, h=3.0, rep=3) = -18.39675343460697[0m
[[2m[37m09:15:32[0m[2m[0m] [2mIQPE [E] (Lx=4.0, h=0.5, rep=3) iteration=6 = 0.578125[0m
[[2m[37m09:15:32[0m[2m[0m] [2mIQPE [E] (Lx=4.0, h=0.5, rep=3) iteration=7 = 0.7890625[0m
[[2m[37m09:15:32[0m[2m[0m] [2mIQPE [E] (Lx=4.0, h=0.5, rep=3) iteration=8 = 0.39453125[0m
[[2m[37m09:15:32[0m[2m[0m] [2mIQPE [E] (Lx=4.0, h=0.5, rep=3) iteration=9 = 0.697265625[0m
[[2m[37m09:15:32[0m[2m[0m] [2mIQPE [E] (Lx=4.0, h=0.5, rep=3) iteration=10 = 0.8486328125[0m
[[2m[37m09:15:32[0m[2m[0m] [2mIQPE [E] (Lx=4.0, h=0.5, rep=3) = -23.93230349502015[0m
[[2m[37m09:15:32[0m[2m[0m] [2mIQPE [E] (Lx=6.0, h=0.5, rep=2) iteration=4 = 0.5[0m
[[2m[37m09:15:33[0m[2m[0m] [2mIQPE [E] (Lx=10.0, h=5.0, rep=1) iteration=2 = 0.25[0m
[[2m[37m09:15:33[0m[2m[0m] [2mIQPE [E] (Lx=6.0, h=0.5, rep=2) iteration=5 = 0.75[0m
[[2m[37m09:15:33[0m[2m[0m] [2mIQPE [E] (Lx=4.0, h=6.0, rep=3) iteration=1 = 0.0[0m
[[2m[37m09:15:33[0m[2m[0m] [2mIQPE [E] (Lx=4.0, h=4.0, rep=3) iteration=1 = 0.5[0m
[[2m[37m09:15:33[0m[2m[0m] [2mIQPE [E] (Lx=6.0, h=0.5, rep=2) iteration=6 = 0.375[0m
[[2m[37m09:15:34[0m[2m[0m] [2mIQPE [E] (Lx=6.0, h=0.5, rep=2) iteration=7 = 0.1875[0m
[[2m[37m09:15:34[0m[2m[0m] [2mIQPE [E] (Lx=6.0, h=0.5, rep=2) iteration=8 = 0.09375[0m
[[2m[37m09:15:34[0m[2m[0m] [2mIQPE [E] (Lx=6.0, h=0.5, rep=2) iteration=9 = 0.546875[0m
[[2m[37m09:15:34[0m[2m[0m] [2mIQPE [E] (Lx=6.0, h=0.5, rep=2) iteration=10 = 0.7734375[0m
[[2m[37m09:15:34[0m[2m[0m] [2mIQPE [E] (Lx=6.0, h=0.5, rep=2) = -21.811719641031022[0m
[[2m[37m09:15:34[0m[2m[0m] [2mIQPE [E] (Lx=10.0, h=6.0, rep=1) iteration=3 = 0.25[0m
[[2m[37m09:15:36[0m[2m[0m] [2mIQPE [E] (Lx=4.0, h=6.0, rep=3) iteration=2 = 0.5[0m
[[2m[37m09:15:36[0m[2m[0m] [2mIQPE [E] (Lx=4.0, h=4.0, rep=3) iteration=2 = 0.75[0m
[[2m[37m09:15:36[0m[2m[0m] [2mIQPE [E] (Lx=10.0, h=6.0, rep=1) iteration=4 = 0.625[0m
[[2m[37m09:15:36[0m[2m[0m] [2mIQPE [E] (Lx=10.0, h=5.0, rep=1) iteration=3 = 0.125[0m
[[2m[37m09:15:37[0m[2m[0m] [2mIQPE [E] (Lx=4.0, h=6.0, rep=3) iteration=3 = 0.25[0m
[[2m[37m09:15:37[0m[2m[0m] [2mIQPE [E] (Lx=4.0, h=4.0, rep=3) iteration=3 = 0.375[0m
[[2m[37m09:15:37[0m[2m[0m] [2mIQPE [E] (Lx=10.0, h=6.0, rep=1) iteration=5 = 0.8125[0m
[[2m[37m09:15:37[0m[2m[0m] [2mIQPE [E] (Lx=10.0, h=0.5, rep=1) iteration=2 = 0.5[0m
[[2m[37m09:15:37[0m[2m[0m] [2mIQPE [E] (Lx=4.0, h=6.0, rep=3) iteration=4 = 0.625[0m
[[2m[37m09:15:38[0m[2m[0m] [2mIQPE [E] (Lx=4.0, h=4.0, rep=3) iteration=4 = 0.6875[0m
[[2m[37m09:15:38[0m[2m[0m] [2mIQPE [E] (Lx=4.0, h=6.0, rep=3) iteration=5 = 0.8125[0m
[[2m[37m09:15:38[0m[2m[0m] [2mIQPE [E] (Lx=4.0, h=4.0, rep=3) iteration=5 = 0.84375[0m
[[2m[37m09:15:38[0m[2m[0m] [2mIQPE [E] (Lx=10.0, h=6.0, rep=1) iteration=6 = 0.40625[0m
[[2m[37m09:15:38[0m[2m[0m] [2mIQPE [E] (Lx=4.0, h=6.0, rep=3) iteration=6 = 0.40625[0m
[[2m[37m09:15:38[0m[2m[0m] [2mIQPE [E] (Lx=10.0, h=5.0, rep=1) iteration=4 = 0.0625[0m
[[2m[37m09:15:38[0m[2m[0m] [2mIQPE [E] (Lx=4.0, h=4.0, rep=3) iteration=6 = 0.421875[0m
[[2m[37m09:15:38[0m[2m[0m] [2mIQPE [E] (Lx=4.0, h=6.0, rep=3) iteration=7 = 0.203125[0m
[[2m[37m09:15:38[0m[2m[0m] [2mIQPE [E] (Lx=10.0, h=6.0, rep=1) iteration=7 = 0.703125[0m
[[2m[37m09:15:38[0m[2m[0m] [2mIQPE [E] (Lx=4.0, h=4.0, rep=3) iteration=7 = 0.2109375[0m
[[2m[37m09:15:38[0m[2m[0m] [2mIQPE [E] (Lx=4.0, h=6.0, rep=3) iteration=8 = 0.6015625[0m
[[2m[37m09:15:39[0m[2m[0m] [2mIQPE [E] (Lx=4.0, h=4.0, rep=3) iteration=8 = 0.60546875[0m
[[2m[37m09:15:39[0m[2m[0m] [2mIQPE [E] (Lx=4.0, h=6.0, rep=3) iteration=9 = 0.80078125[0m
[[2m[37m09:15:39[0m[2m[0m] [2mIQPE [E] (Lx=10.0, h=6.0, rep=1) iteration=8 = 0.8515625[0m
[[2m[37m09:15:39[0m[2m[0m] [2mIQPE [E] (Lx=4.0, h=4.0, rep=3) iteration=9 = 0.302734375[0m
[[2m[37m09:15:39[0m[2m[0m] [2mIQPE [E] (Lx=4.0, h=6.0, rep=3) iteration=10 = 0.400390625[0m
[[2m[37m09:15:39[0m[2m[0m] [2mIQPE [E] (Lx=4.0, h=6.0, rep=3) = -11.291420521240806[0m
[[2m[37m09:15:39[0m[2m[0m] [2mIQPE [E] (Lx=4.0, h=4.0, rep=3) iteration=10 = 0.6513671875[0m
[[2m[37m09:15:39[0m[2m[0m] [2mIQPE [E] (Lx=4.0, h=4.0, rep=3) = -18.369213384555163[0m
[[2m[37m09:15:39[0m[2m[0m] [2mIQPE [E] (Lx=10.0, h=6.0, rep=1) iteration=9 = 0.42578125[0m
[[2m[37m09:15:39[0m[2m[0m] [2mIQPE [E] (Lx=10.0, h=6.0, rep=1) iteration=10 = 0.212890625[0m
[[2m[37m09:15:39[0m[2m[0m] [2mIQPE [E] (Lx=10.0, h=6.0, rep=1) = -6.003730911293891[0m
[[2m[37m09:15:39[0m[2m[0m] [2mIQPE [E] (Lx=10.0, h=5.0, rep=1) iteration=5 = 0.53125[0m
[[2m[37m09:15:40[0m[2m[0m] [2mIQPE [E] (Lx=10.0, h=5.0, rep=1) iteration=6 = 0.265625[0m
[[2m[37m09:15:40[0m[2m[0m] [2mIQPE [E] (Lx=10.0, h=5.0, rep=1) iteration=7 = 0.1328125[0m
[[2m[37m09:15:41[0m[2m[0m] [2mIQPE [E] (Lx=10.0, h=5.0, rep=1) iteration=8 = 0.06640625[0m
[[2m[37m09:15:41[0m[2m[0m] [2mIQPE [E] (Lx=5.0, h=0.0, rep=2) iteration=1 = 0.0[0m
[[2m[37m09:15:41[0m[2m[0m] [2mIQPE [E] (Lx=10.0, h=5.0, rep=1) iteration=9 = 0.533203125[0m
[[2m[37m09:15:41[0m[2m[0m] [2mIQPE [E] (Lx=10.0, h=0.5, rep=1) iteration=3 = 0.75[0m
[[2m[37m09:15:41[0m[2m[0m] [2mIQPE [E] (Lx=10.0, h=5.0, rep=1) iteration=10 = 0.7666015625[0m
[[2m[37m09:15:41[0m[2m[0m] [2mIQPE [E] (Lx=10.0, h=5.0, rep=1) = -21.618939290668372[0m
[[2m[37m09:15:43[0m[2m[0m] [2mIQPE [E] (Lx=10.0, h=0.5, rep=1) iteration=4 = 0.875[0m
[[2m[37m09:15:43[0m[2m[0m] [2mIQPE [E] (Lx=6.0, h=1.0, rep=2) iteration=1 = 0.5[0m
[[2m[37m09:15:43[0m[2m[0m] [2mIQPE [E] (Lx=10.0, h=3.0, rep=1) iteration=1 = 0.5[0m
[[2m[37m09:15:43[0m[2m[0m] [2mIQPE [E] (Lx=10.0, h=1.0, rep=1) iteration=1 = 0.0[0m
[[2m[37m09:15:43[0m[2m[0m] [2mIQPE [E] (Lx=10.0, h=4.0, rep=1) iteration=1 = 0.5[0m
[[2m[37m09:15:44[0m[2m[0m] [2mIQPE [E] (Lx=10.0, h=0.5, rep=1) iteration=5 = 0.9375[0m
[[2m[37m09:15:44[0m[2m[0m] [2mIQPE [E] (Lx=10.0, h=0.0, rep=1) iteration=1 = 0.5[0m
[[2m[37m09:15:45[0m[2m[0m] [2mIQPE [E] (Lx=10.0, h=0.5, rep=1) iteration=6 = 0.96875[0m
[[2m[37m09:15:45[0m[2m[0m] [2mIQPE [E] (Lx=10.0, h=0.5, rep=1) iteration=7 = 0.984375[0m
[[2m[37m09:15:45[0m[2m[0m] [2mIQPE [E] (Lx=10.0, h=0.5, rep=1) iteration=8 = 0.4921875[0m
[[2m[37m09:15:45[0m[2m[0m] [2mIQPE [E] (Lx=10.0, h=0.5, rep=1) iteration=9 = 0.24609375[0m
[[2m[37m09:15:46[0m[2m[0m] [2mIQPE [E] (Lx=10.0, h=0.5, rep=1) iteration=10 = 0.623046875[0m
[[2m[37m09:15:46[0m[2m[0m] [2mIQPE [E] (Lx=10.0, h=0.5, rep=1) = -17.570551933052766[0m
[[2m[37m09:15:46[0m[2m[0m] [2mIQPE [E] (Lx=10.0, h=2.0, rep=1) iteration=1 = 0.5[0m
[[2m[37m09:15:47[0m[2m[0m] [2mIQPE [E] (Lx=6.0, h=1.0, rep=2) iteration=2 = 0.25[0m
[[2m[37m09:15:48[0m[2m[0m] [2mIQPE [E] (Lx=6.0, h=1.0, rep=2) iteration=3 = 0.125[0m
[[2m[37m09:15:50[0m[2m[0m] [2mIQPE [E] (Lx=6.0, h=1.0, rep=2) iteration=4 = 0.0625[0m
[[2m[37m09:15:50[0m[2m[0m] [2mIQPE [E] (Lx=5.0, h=0.0, rep=2) iteration=2 = 0.5[0m
[[2m[37m09:15:50[0m[2m[0m] [2mIQPE [E] (Lx=6.0, h=1.0, rep=2) iteration=5 = 0.53125[0m
[[2m[37m09:15:50[0m[2m[0m] [2mIQPE [E] (Lx=6.0, h=1.0, rep=2) iteration=6 = 0.765625[0m
[[2m[37m09:15:51[0m[2m[0m] [2mIQPE [E] (Lx=6.0, h=1.0, rep=2) iteration=7 = 0.8828125[0m
[[2m[37m09:15:51[0m[2m[0m] [2mIQPE [E] (Lx=6.0, h=1.0, rep=2) iteration=8 = 0.94140625[0m
[[2m[37m09:15:51[0m[2m[0m] [2mIQPE [E] (Lx=10.0, h=4.0, rep=1) iteration=2 = 0.75[0m
[[2m[37m09:15:51[0m[2m[0m] [2mIQPE [E] (Lx=10.0, h=3.0, rep=1) iteration=2 = 0.75[0m
[[2m[37m09:15:51[0m[2m[0m] [2mIQPE [E] (Lx=10.0, h=1.0, rep=1) iteration=2 = 0.5[0m
[[2m[37m09:15:51[0m[2m[0m] [2mIQPE [E] (Lx=6.0, h=1.0, rep=2) iteration=9 = 0.470703125[0m
[[2m[37m09:15:51[0m[2m[0m] [2mIQPE [E] (Lx=6.0, h=1.0, rep=2) iteration=10 = 0.7353515625[0m
[[2m[37m09:15:51[0m[2m[0m] [2mIQPE [E] (Lx=6.0, h=1.0, rep=2) = -20.737657689010554[0m
[[2m[37m09:15:53[0m[2m[0m] [2mIQPE [E] (Lx=5.0, h=0.0, rep=2) iteration=3 = 0.25[0m
[[2m[37m09:15:54[0m[2m[0m] [2mIQPE [E] (Lx=10.0, h=2.0, rep=1) iteration=2 = 0.75[0m
[[2m[37m09:15:54[0m[2m[0m] [2mIQPE [E] (Lx=5.0, h=0.0, rep=2) iteration=4 = 0.625[0m
[[2m[37m09:15:55[0m[2m[0m] [2mIQPE [E] (Lx=10.0, h=4.0, rep=1) iteration=3 = 0.875[0m
[[2m[37m09:15:55[0m[2m[0m] [2mIQPE [E] (Lx=10.0, h=3.0, rep=1) iteration=3 = 0.875[0m
[[2m[37m09:15:55[0m[2m[0m] [2mIQPE [E] (Lx=10.0, h=1.0, rep=1) iteration=3 = 0.75[0m
[[2m[37m09:15:55[0m[2m[0m] [2mIQPE [E] (Lx=5.0, h=0.0, rep=2) iteration=5 = 0.3125[0m
[[2m[37m09:15:55[0m[2m[0m] [2mIQPE [E] (Lx=5.0, h=0.0, rep=2) iteration=6 = 0.15625[0m
[[2m[37m09:15:55[0m[2m[0m] [2mIQPE [E] (Lx=5.0, h=0.0, rep=2) iteration=7 = 0.578125[0m
[[2m[37m09:15:55[0m[2m[0m] [2mIQPE [E] (Lx=5.0, h=0.0, rep=2) iteration=8 = 0.2890625[0m
[[2m[37m09:15:55[0m[2m[0m] [2mIQPE [E] (Lx=5.0, h=2.0, rep=3) iteration=1 = 0.0[0m
[[2m[37m09:15:55[0m[2m[0m] [2mIQPE [E] (Lx=5.0, h=0.0, rep=2) iteration=9 = 0.64453125[0m
[[2m[37m09:15:55[0m[2m[0m] [2mIQPE [E] (Lx=5.0, h=0.0, rep=2) iteration=10 = 0.822265625[0m
[[2m[37m09:15:55[0m[2m[0m] [2mIQPE [E] (Lx=5.0, h=0.0, rep=2) = -23.188722143621362[0m
[[2m[37m09:15:56[0m[2m[0m] [2mIQPE [E] (Lx=7.0, h=6.0, rep=2) iteration=1 = 0.5[0m
[[2m[37m09:15:56[0m[2m[0m] [2mIQPE [E] (Lx=7.0, h=3.0, rep=2) iteration=1 = 0.5[0m
[[2m[37m09:15:56[0m[2m[0m] [2mIQPE [E] (Lx=10.0, h=3.0, rep=1) iteration=4 = 0.9375[0m
[[2m[37m09:15:56[0m[2m[0m] [2mIQPE [E] (Lx=10.0, h=1.0, rep=1) iteration=4 = 0.875[0m
[[2m[37m09:15:56[0m[2m[0m] [2mIQPE [E] (Lx=10.0, h=4.0, rep=1) iteration=4 = 0.4375[0m
[[2m[37m09:15:57[0m[2m[0m] [2mIQPE [E] (Lx=10.0, h=0.0, rep=1) iteration=2 = 0.25[0m
[[2m[37m09:15:57[0m[2m[0m] [2mIQPE [E] (Lx=5.0, h=4.0, rep=3) iteration=1 = 0.0[0m
[[2m[37m09:15:57[0m[2m[0m] [2mIQPE [E] (Lx=10.0, h=3.0, rep=1) iteration=5 = 0.96875[0m
[[2m[37m09:15:57[0m[2m[0m] [2mIQPE [E] (Lx=10.0, h=1.0, rep=1) iteration=5 = 0.4375[0m
[[2m[37m09:15:57[0m[2m[0m] [2mIQPE [E] (Lx=10.0, h=4.0, rep=1) iteration=5 = 0.71875[0m
[[2m[37m09:15:57[0m[2m[0m] [2mIQPE [E] (Lx=10.0, h=2.0, rep=1) iteration=3 = 0.875[0m
[[2m[37m09:15:58[0m[2m[0m] [2mIQPE [E] (Lx=5.0, h=2.0, rep=3) iteration=2 = 0.5[0m
[[2m[37m09:15:58[0m[2m[0m] [2mIQPE [E] (Lx=10.0, h=1.0, rep=1) iteration=6 = 0.71875[0m
[[2m[37m09:15:58[0m[2m[0m] [2mIQPE [E] (Lx=10.0, h=3.0, rep=1) iteration=6 = 0.984375[0m
[[2m[37m09:15:58[0m[2m[0m] [2mIQPE [E] (Lx=10.0, h=4.0, rep=1) iteration=6 = 0.859375[0m
[[2m[37m09:15:59[0m[2m[0m] [2mIQPE [E] (Lx=10.0, h=1.0, rep=1) iteration=7 = 0.359375[0m
[[2m[37m09:15:59[0m[2m[0m] [2mIQPE [E] (Lx=10.0, h=3.0, rep=1) iteration=7 = 0.4921875[0m
[[2m[37m09:15:59[0m[2m[0m] [2mIQPE [E] (Lx=10.0, h=4.0, rep=1) iteration=7 = 0.9296875[0m
[[2m[37m09:15:59[0m[2m[0m] [2mIQPE [E] (Lx=10.0, h=1.0, rep=1) iteration=8 = 0.1796875[0m
[[2m[37m09:15:59[0m[2m[0m] [2mIQPE [E] (Lx=10.0, h=3.0, rep=1) iteration=8 = 0.24609375[0m
[[2m[37m09:15:59[0m[2m[0m] [2mIQPE [E] (Lx=10.0, h=4.0, rep=1) iteration=8 = 0.96484375[0m
[[2m[37m09:15:59[0m[2m[0m] [2mIQPE [E] (Lx=10.0, h=3.0, rep=1) iteration=9 = 0.123046875[0m
[[2m[37m09:15:59[0m[2m[0m] [2mIQPE [E] (Lx=10.0, h=1.0, rep=1) iteration=9 = 0.08984375[0m
[[2m[37m09:15:59[0m[2m[0m] [2mIQPE [E] (Lx=10.0, h=4.0, rep=1) iteration=9 = 0.982421875[0m
[[2m[37m09:15:59[0m[2m[0m] [2mIQPE [E] (Lx=10.0, h=3.0, rep=1) iteration=10 = 0.5615234375[0m
[[2m[37m09:15:59[0m[2m[0m] [2mIQPE [E] (Lx=10.0, h=3.0, rep=1) = -15.835528779788934[0m
[[2m[37m09:15:59[0m[2m[0m] [2mIQPE [E] (Lx=10.0, h=2.0, rep=1) iteration=4 = 0.4375[0m
[[2m[37m09:15:59[0m[2m[0m] [2mIQPE [E] (Lx=10.0, h=1.0, rep=1) iteration=10 = 0.544921875[0m
[[2m[37m09:15:59[0m[2m[0m] [2mIQPE [E] (Lx=10.0, h=1.0, rep=1) = -15.367347928908218[0m
[[2m[37m09:15:59[0m[2m[0m] [2mIQPE [E] (Lx=10.0, h=4.0, rep=1) iteration=10 = 0.4912109375[0m
[[2m[37m09:15:59[0m[2m[0m] [2mIQPE [E] (Lx=10.0, h=4.0, rep=1) = -13.852645176058843[0m
[[2m[37m09:16:00[0m[2m[0m] [2mIQPE [E] (Lx=5.0, h=2.0, rep=3) iteration=3 = 0.75[0m
[[2m[37m09:16:00[0m[2m[0m] [2mIQPE [E] (Lx=5.0, h=4.0, rep=3) iteration=2 = 0.5[0m
[[2m[37m09:16:00[0m[2m[0m] [2mIQPE [E] (Lx=7.0, h=6.0, rep=2) iteration=2 = 0.25[0m
[[2m[37m09:16:00[0m[2m[0m] [2mIQPE [E] (Lx=4.0, h=0.0, rep=3) iteration=1 = 0.5[0m
[[2m[37m09:16:00[0m[2m[0m] [2mIQPE [E] (Lx=10.0, h=2.0, rep=1) iteration=5 = 0.21875[0m
[[2m[37m09:16:00[0m[2m[0m] [2mIQPE [E] (Lx=5.0, h=2.0, rep=3) iteration=4 = 0.875[0m
[[2m[37m09:16:01[0m[2m[0m] [2mIQPE [E] (Lx=7.0, h=3.0, rep=2) iteration=2 = 0.25[0m
[[2m[37m09:16:01[0m[2m[0m] [2mIQPE [E] (Lx=5.0, h=2.0, rep=3) iteration=5 = 0.9375[0m
[[2m[37m09:16:01[0m[2m[0m] [2mIQPE [E] (Lx=10.0, h=0.0, rep=1) iteration=3 = 0.625[0m
[[2m[37m09:16:01[0m[2m[0m] [2mIQPE [E] (Lx=10.0, h=2.0, rep=1) iteration=6 = 0.109375[0m
[[2m[37m09:16:01[0m[2m[0m] [2mIQPE [E] (Lx=5.0, h=2.0, rep=3) iteration=6 = 0.96875[0m
[[2m[37m09:16:01[0m[2m[0m] [2mIQPE [E] (Lx=5.0, h=4.0, rep=3) iteration=3 = 0.75[0m
[[2m[37m09:16:01[0m[2m[0m] [2mIQPE [E] (Lx=5.0, h=2.0, rep=3) iteration=7 = 0.484375[0m
[[2m[37m09:16:01[0m[2m[0m] [2mIQPE [E] (Lx=5.0, h=2.0, rep=3) iteration=8 = 0.7421875[0m
[[2m[37m09:16:01[0m[2m[0m] [2mIQPE [E] (Lx=10.0, h=2.0, rep=1) iteration=7 = 0.0546875[0m
[[2m[37m09:16:02[0m[2m[0m] [2mIQPE [E] (Lx=5.0, h=2.0, rep=3) iteration=9 = 0.37109375[0m
[[2m[37m09:16:02[0m[2m[0m] [2mIQPE [E] (Lx=5.0, h=2.0, rep=3) iteration=10 = 0.685546875[0m
[[2m[37m09:16:02[0m[2m[0m] [2mIQPE [E] (Lx=5.0, h=2.0, rep=3) = -19.333115136368406[0m
[[2m[37m09:16:02[0m[2m[0m] [2mIQPE [E] (Lx=10.0, h=2.0, rep=1) iteration=8 = 0.02734375[0m
[[2m[37m09:16:02[0m[2m[0m] [2mIQPE [E] (Lx=10.0, h=2.0, rep=1) iteration=9 = 0.013671875[0m
[[2m[37m09:16:02[0m[2m[0m] [2mIQPE [E] (Lx=7.0, h=6.0, rep=2) iteration=3 = 0.125[0m
[[2m[37m09:16:02[0m[2m[0m] [2mIQPE [E] (Lx=5.0, h=4.0, rep=3) iteration=4 = 0.375[0m
[[2m[37m09:16:02[0m[2m[0m] [2mIQPE [E] (Lx=10.0, h=2.0, rep=1) iteration=10 = 0.5068359375[0m
[[2m[37m09:16:02[0m[2m[0m] [2mIQPE [E] (Lx=10.0, h=2.0, rep=1) = -14.293285976887752[0m
[[2m[37m09:16:02[0m[2m[0m] [2mIQPE [E] (Lx=5.0, h=4.0, rep=3) iteration=5 = 0.6875[0m
[[2m[37m09:16:03[0m[2m[0m] [2mIQPE [E] (Lx=5.0, h=4.0, rep=3) iteration=6 = 0.84375[0m
[[2m[37m09:16:03[0m[2m[0m] [2mIQPE [E] (Lx=10.0, h=0.0, rep=1) iteration=4 = 0.3125[0m
[[2m[37m09:16:03[0m[2m[0m] [2mIQPE [E] (Lx=7.0, h=3.0, rep=2) iteration=3 = 0.625[0m
[[2m[37m09:16:03[0m[2m[0m] [2mIQPE [E] (Lx=5.0, h=4.0, rep=3) iteration=7 = 0.921875[0m
[[2m[37m09:16:03[0m[2m[0m] [2mIQPE [E] (Lx=5.0, h=4.0, rep=3) iteration=8 = 0.9609375[0m
[[2m[37m09:16:03[0m[2m[0m] [2mIQPE [E] (Lx=7.0, h=6.0, rep=2) iteration=4 = 0.0625[0m
[[2m[37m09:16:03[0m[2m[0m] [2mIQPE [E] (Lx=5.0, h=4.0, rep=3) iteration=9 = 0.98046875[0m
[[2m[37m09:16:03[0m[2m[0m] [2mIQPE [E] (Lx=5.0, h=4.0, rep=3) iteration=10 = 0.990234375[0m
[[2m[37m09:16:03[0m[2m[0m] [2mIQPE [E] (Lx=5.0, h=4.0, rep=3) = -27.925610752532137[0m
[[2m[37m09:16:04[0m[2m[0m] [2mIQPE [E] (Lx=10.0, h=0.0, rep=1) iteration=5 = 0.65625[0m
[[2m[37m09:16:04[0m[2m[0m] [2mIQPE [E] (Lx=7.0, h=6.0, rep=2) iteration=5 = 0.03125[0m
[[2m[37m09:16:04[0m[2m[0m] [2mIQPE [E] (Lx=7.0, h=3.0, rep=2) iteration=4 = 0.3125[0m
[[2m[37m09:16:04[0m[2m[0m] [2mIQPE [E] (Lx=10.0, h=0.0, rep=1) iteration=6 = 0.328125[0m
[[2m[37m09:16:04[0m[2m[0m] [2mIQPE [E] (Lx=7.0, h=6.0, rep=2) iteration=6 = 0.015625[0m
[[2m[37m09:16:04[0m[2m[0m] [2mIQPE [E] (Lx=7.0, h=2.0, rep=2) iteration=1 = 0.5[0m
[[2m[37m09:16:05[0m[2m[0m] [2mIQPE [E] (Lx=7.0, h=6.0, rep=2) iteration=7 = 0.0078125[0m
[[2m[37m09:16:05[0m[2m[0m] [2mIQPE [E] (Lx=10.0, h=0.0, rep=1) iteration=7 = 0.1640625[0m
[[2m[37m09:16:05[0m[2m[0m] [2mIQPE [E] (Lx=7.0, h=6.0, rep=2) iteration=8 = 0.00390625[0m
[[2m[37m09:16:05[0m[2m[0m] [2mIQPE [E] (Lx=7.0, h=3.0, rep=2) iteration=5 = 0.15625[0m
[[2m[37m09:16:05[0m[2m[0m] [2mIQPE [E] (Lx=10.0, h=0.0, rep=1) iteration=8 = 0.58203125[0m
[[2m[37m09:16:05[0m[2m[0m] [2mIQPE [E] (Lx=7.0, h=6.0, rep=2) iteration=9 = 0.001953125[0m
[[2m[37m09:16:05[0m[2m[0m] [2mIQPE [E] (Lx=7.0, h=6.0, rep=2) iteration=10 = 0.0009765625[0m
[[2m[37m09:16:05[0m[2m[0m] [2mIQPE [E] (Lx=7.0, h=6.0, rep=2) = -0.027540050051806843[0m
[[2m[37m09:16:05[0m[2m[0m] [2mIQPE [E] (Lx=10.0, h=0.0, rep=1) iteration=9 = 0.291015625[0m
[[2m[37m09:16:05[0m[2m[0m] [2mIQPE [E] (Lx=10.0, h=0.0, rep=1) iteration=10 = 0.6455078125[0m
[[2m[37m09:16:05[0m[2m[0m] [2mIQPE [E] (Lx=10.0, h=0.0, rep=1) = -18.203973084244325[0m
[[2m[37m09:16:05[0m[2m[0m] [2mIQPE [E] (Lx=7.0, h=3.0, rep=2) iteration=6 = 0.578125[0m
[[2m[37m09:16:05[0m[2m[0m] [2mIQPE [E] (Lx=7.0, h=3.0, rep=2) iteration=7 = 0.7890625[0m
[[2m[37m09:16:06[0m[2m[0m] [2mIQPE [E] (Lx=7.0, h=3.0, rep=2) iteration=8 = 0.89453125[0m
[[2m[37m09:16:06[0m[2m[0m] [2mIQPE [E] (Lx=7.0, h=3.0, rep=2) iteration=9 = 0.947265625[0m
[[2m[37m09:16:06[0m[2m[0m] [2mIQPE [E] (Lx=7.0, h=3.0, rep=2) iteration=10 = 0.4736328125[0m
[[2m[37m09:16:06[0m[2m[0m] [2mIQPE [E] (Lx=7.0, h=3.0, rep=2) = -13.35692427512632[0m
[[2m[37m09:16:07[0m[2m[0m] [2mIQPE [E] (Lx=4.0, h=0.0, rep=3) iteration=2 = 0.75[0m
[[2m[37m09:16:09[0m[2m[0m] [2mIQPE [E] (Lx=4.0, h=0.0, rep=3) iteration=3 = 0.875[0m
[[2m[37m09:16:09[0m[2m[0m] [2mIQPE [E] (Lx=7.0, h=2.0, rep=2) iteration=2 = 0.25[0m
[[2m[37m09:16:10[0m[2m[0m] [2mIQPE [E] (Lx=4.0, h=0.0, rep=3) iteration=4 = 0.9375[0m
[[2m[37m09:16:10[0m[2m[0m] [2mIQPE [E] (Lx=4.0, h=0.0, rep=3) iteration=5 = 0.46875[0m
[[2m[37m09:16:10[0m[2m[0m] [2mIQPE [E] (Lx=4.0, h=0.0, rep=3) iteration=6 = 0.734375[0m
[[2m[37m09:16:11[0m[2m[0m] [2mIQPE [E] (Lx=4.0, h=0.0, rep=3) iteration=7 = 0.8671875[0m
[[2m[37m09:16:11[0m[2m[0m] [2mIQPE [E] (Lx=4.0, h=0.0, rep=3) iteration=8 = 0.43359375[0m
[[2m[37m09:16:11[0m[2m[0m] [2mIQPE [E] (Lx=4.0, h=0.0, rep=3) iteration=9 = 0.716796875[0m
[[2m[37m09:16:11[0m[2m[0m] [2mIQPE [E] (Lx=4.0, h=0.0, rep=3) iteration=10 = 0.8583984375[0m
[[2m[37m09:16:11[0m[2m[0m] [2mIQPE [E] (Lx=4.0, h=0.0, rep=3) = -24.207703995538214[0m
[[2m[37m09:16:11[0m[2m[0m] [2mIQPE [E] (Lx=5.0, h=0.5, rep=3) iteration=1 = 0.5[0m
[[2m[37m09:16:11[0m[2m[0m] [2mIQPE [E] (Lx=7.0, h=2.0, rep=2) iteration=3 = 0.625[0m
[[2m[37m09:16:12[0m[2m[0m] [2mIQPE [E] (Lx=7.0, h=2.0, rep=2) iteration=4 = 0.8125[0m
[[2m[37m09:16:13[0m[2m[0m] [2mIQPE [E] (Lx=7.0, h=2.0, rep=2) iteration=5 = 0.40625[0m
[[2m[37m09:16:13[0m[2m[0m] [2mIQPE [E] (Lx=7.0, h=2.0, rep=2) iteration=6 = 0.203125[0m
[[2m[37m09:16:14[0m[2m[0m] [2mIQPE [E] (Lx=7.0, h=2.0, rep=2) iteration=7 = 0.1015625[0m
[[2m[37m09:16:14[0m[2m[0m] [2mIQPE [E] (Lx=6.0, h=0.0, rep=2) iteration=1 = 0.0[0m
[[2m[37m09:16:14[0m[2m[0m] [2mIQPE [E] (Lx=5.0, h=0.5, rep=3) iteration=2 = 0.75[0m
[[2m[37m09:16:14[0m[2m[0m] [2mIQPE [E] (Lx=7.0, h=2.0, rep=2) iteration=8 = 0.05078125[0m
[[2m[37m09:16:14[0m[2m[0m] [2mIQPE [E] (Lx=7.0, h=2.0, rep=2) iteration=9 = 0.025390625[0m
[[2m[37m09:16:14[0m[2m[0m] [2mIQPE [E] (Lx=7.0, h=2.0, rep=2) iteration=10 = 0.5126953125[0m
[[2m[37m09:16:14[0m[2m[0m] [2mIQPE [E] (Lx=7.0, h=2.0, rep=2) = -14.458526277198592[0m
[[2m[37m09:16:15[0m[2m[0m] [2mIQPE [E] (Lx=5.0, h=0.5, rep=3) iteration=3 = 0.875[0m
[[2m[37m09:16:16[0m[2m[0m] [2mIQPE [E] (Lx=5.0, h=0.5, rep=3) iteration=4 = 0.9375[0m
[[2m[37m09:16:17[0m[2m[0m] [2mIQPE [E] (Lx=5.0, h=0.5, rep=3) iteration=5 = 0.96875[0m
[[2m[37m09:16:17[0m[2m[0m] [2mIQPE [E] (Lx=5.0, h=0.5, rep=3) iteration=6 = 0.984375[0m
[[2m[37m09:16:17[0m[2m[0m] [2mIQPE [E] (Lx=5.0, h=0.5, rep=3) iteration=7 = 0.4921875[0m
[[2m[37m09:16:17[0m[2m[0m] [2mIQPE [E] (Lx=5.0, h=0.5, rep=3) iteration=8 = 0.24609375[0m
[[2m[37m09:16:17[0m[2m[0m] [2mIQPE [E] (Lx=5.0, h=0.5, rep=3) iteration=9 = 0.623046875[0m
[[2m[37m09:16:17[0m[2m[0m] [2mIQPE [E] (Lx=5.0, h=0.5, rep=3) iteration=10 = 0.8115234375[0m
[[2m[37m09:16:17[0m[2m[0m] [2mIQPE [E] (Lx=5.0, h=0.5, rep=3) = -22.885781593051487[0m
[[2m[37m09:16:18[0m[2m[0m] [2mIQPE [E] (Lx=5.0, h=1.0, rep=3) iteration=1 = 0.5[0m
[[2m[37m09:16:19[0m[2m[0m] [2mIQPE [E] (Lx=5.0, h=3.0, rep=3) iteration=1 = 0.0[0m
[[2m[37m09:16:19[0m[2m[0m] [2mIQPE [E] (Lx=7.0, h=1.0, rep=2) iteration=1 = 0.0[0m
[[2m[37m09:16:21[0m[2m[0m] [2mIQPE [E] (Lx=5.0, h=1.0, rep=3) iteration=2 = 0.25[0m
[[2m[37m09:16:21[0m[2m[0m] [2mIQPE [E] (Lx=7.0, h=5.0, rep=2) iteration=1 = 0.5[0m
[[2m[37m09:16:22[0m[2m[0m] [2mIQPE [E] (Lx=5.0, h=3.0, rep=3) iteration=2 = 0.5[0m
[[2m[37m09:16:22[0m[2m[0m] [2mIQPE [E] (Lx=7.0, h=0.5, rep=2) iteration=1 = 0.0[0m
[[2m[37m09:16:22[0m[2m[0m] [2mIQPE [E] (Lx=5.0, h=1.0, rep=3) iteration=3 = 0.125[0m
[[2m[37m09:16:23[0m[2m[0m] [2mIQPE [E] (Lx=5.0, h=3.0, rep=3) iteration=3 = 0.25[0m
[[2m[37m09:16:23[0m[2m[0m] [2mIQPE [E] (Lx=5.0, h=1.0, rep=3) iteration=4 = 0.0625[0m
[[2m[37m09:16:24[0m[2m[0m] [2mIQPE [E] (Lx=7.0, h=1.0, rep=2) iteration=2 = 0.5[0m
[[2m[37m09:16:24[0m[2m[0m] [2mIQPE [E] (Lx=5.0, h=1.0, rep=3) iteration=5 = 0.53125[0m
[[2m[37m09:16:24[0m[2m[0m] [2mIQPE [E] (Lx=6.0, h=0.0, rep=2) iteration=2 = 0.5[0m
[[2m[37m09:16:24[0m[2m[0m] [2mIQPE [E] (Lx=5.0, h=3.0, rep=3) iteration=4 = 0.125[0m
[[2m[37m09:16:24[0m[2m[0m] [2mIQPE [E] (Lx=5.0, h=1.0, rep=3) iteration=6 = 0.265625[0m
[[2m[37m09:16:24[0m[2m[0m] [2mIQPE [E] (Lx=5.0, h=1.0, rep=3) iteration=7 = 0.1328125[0m
[[2m[37m09:16:24[0m[2m[0m] [2mIQPE [E] (Lx=7.0, h=4.0, rep=2) iteration=1 = 0.5[0m
[[2m[37m09:16:24[0m[2m[0m] [2mIQPE [E] (Lx=5.0, h=1.0, rep=3) iteration=8 = 0.06640625[0m
[[2m[37m09:16:24[0m[2m[0m] [2mIQPE [E] (Lx=5.0, h=3.0, rep=3) iteration=5 = 0.0625[0m
[[2m[37m09:16:25[0m[2m[0m] [2mIQPE [E] (Lx=5.0, h=1.0, rep=3) iteration=9 = 0.533203125[0m
[[2m[37m09:16:25[0m[2m[0m] [2mIQPE [E] (Lx=5.0, h=1.0, rep=3) iteration=10 = 0.7666015625[0m
[[2m[37m09:16:25[0m[2m[0m] [2mIQPE [E] (Lx=5.0, h=1.0, rep=3) = -21.618939290668372[0m
[[2m[37m09:16:25[0m[2m[0m] [2mIQPE [E] (Lx=5.0, h=3.0, rep=3) iteration=6 = 0.53125[0m
[[2m[37m09:16:25[0m[2m[0m] [2mIQPE [E] (Lx=5.0, h=3.0, rep=3) iteration=7 = 0.265625[0m
[[2m[37m09:16:25[0m[2m[0m] [2mIQPE [E] (Lx=7.0, h=0.0, rep=2) iteration=1 = 0.0[0m
[[2m[37m09:16:25[0m[2m[0m] [2mIQPE [E] (Lx=5.0, h=3.0, rep=3) iteration=8 = 0.1328125[0m
[[2m[37m09:16:25[0m[2m[0m] [2mIQPE [E] (Lx=5.0, h=3.0, rep=3) iteration=9 = 0.06640625[0m
[[2m[37m09:16:25[0m[2m[0m] [2mIQPE [E] (Lx=5.0, h=3.0, rep=3) iteration=10 = 0.033203125[0m
[[2m[37m09:16:25[0m[2m[0m] [2mIQPE [E] (Lx=5.0, h=3.0, rep=3) = -0.9363617017614327[0m
[[2m[37m09:16:26[0m[2m[0m] [2mIQPE [E] (Lx=7.0, h=1.0, rep=2) iteration=3 = 0.25[0m
[[2m[37m09:16:26[0m[2m[0m] [2mIQPE [E] (Lx=7.0, h=5.0, rep=2) iteration=2 = 0.75[0m
[[2m[37m09:16:26[0m[2m[0m] [2mIQPE [E] (Lx=5.0, h=5.0, rep=3) iteration=1 = 0.0[0m
[[2m[37m09:16:27[0m[2m[0m] [2mIQPE [E] (Lx=7.0, h=0.5, rep=2) iteration=2 = 0.5[0m
[[2m[37m09:16:27[0m[2m[0m] [2mIQPE [E] (Lx=7.0, h=1.0, rep=2) iteration=4 = 0.125[0m
[[2m[37m09:16:27[0m[2m[0m] [2mIQPE [E] (Lx=6.0, h=0.0, rep=2) iteration=3 = 0.75[0m
[[2m[37m09:16:27[0m[2m[0m] [2mIQPE [E] (Lx=5.0, h=6.0, rep=3) iteration=1 = 0.0[0m
[[2m[37m09:16:28[0m[2m[0m] [2mIQPE [E] (Lx=7.0, h=1.0, rep=2) iteration=5 = 0.0625[0m
[[2m[37m09:16:28[0m[2m[0m] [2mIQPE [E] (Lx=7.0, h=5.0, rep=2) iteration=3 = 0.875[0m
[[2m[37m09:16:28[0m[2m[0m] [2mIQPE [E] (Lx=7.0, h=1.0, rep=2) iteration=6 = 0.03125[0m
[[2m[37m09:16:28[0m[2m[0m] [2mIQPE [E] (Lx=6.0, h=0.0, rep=2) iteration=4 = 0.375[0m
[[2m[37m09:16:28[0m[2m[0m] [2mIQPE [E] (Lx=7.0, h=1.0, rep=2) iteration=7 = 0.515625[0m
[[2m[37m09:16:29[0m[2m[0m] [2mIQPE [E] (Lx=7.0, h=1.0, rep=2) iteration=8 = 0.7578125[0m
[[2m[37m09:16:29[0m[2m[0m] [2mIQPE [E] (Lx=7.0, h=1.0, rep=2) iteration=9 = 0.37890625[0m
[[2m[37m09:16:29[0m[2m[0m] [2mIQPE [E] (Lx=5.0, h=5.0, rep=3) iteration=2 = 0.5[0m
[[2m[37m09:16:29[0m[2m[0m] [2mIQPE [E] (Lx=6.0, h=0.0, rep=2) iteration=5 = 0.1875[0m
[[2m[37m09:16:29[0m[2m[0m] [2mIQPE [E] (Lx=7.0, h=1.0, rep=2) iteration=10 = 0.689453125[0m
[[2m[37m09:16:29[0m[2m[0m] [2mIQPE [E] (Lx=7.0, h=1.0, rep=2) = -19.44327533657563[0m
[[2m[37m09:16:29[0m[2m[0m] [2mIQPE [E] (Lx=7.0, h=4.0, rep=2) iteration=2 = 0.25[0m
[[2m[37m09:16:29[0m[2m[0m] [2mIQPE [E] (Lx=7.0, h=0.5, rep=2) iteration=3 = 0.25[0m
[[2m[37m09:16:29[0m[2m[0m] [2mIQPE [E] (Lx=6.0, h=0.0, rep=2) iteration=6 = 0.59375[0m
[[2m[37m09:16:29[0m[2m[0m] [2mIQPE [E] (Lx=7.0, h=5.0, rep=2) iteration=4 = 0.4375[0m
[[2m[37m09:16:29[0m[2m[0m] [2mIQPE [E] (Lx=6.0, h=0.0, rep=2) iteration=7 = 0.296875[0m
[[2m[37m09:16:29[0m[2m[0m] [2mIQPE [E] (Lx=6.0, h=0.0, rep=2) iteration=8 = 0.1484375[0m
[[2m[37m09:16:30[0m[2m[0m] [2mIQPE [E] (Lx=6.0, h=0.0, rep=2) iteration=9 = 0.57421875[0m
[[2m[37m09:16:30[0m[2m[0m] [2mIQPE [E] (Lx=6.0, h=0.0, rep=2) iteration=10 = 0.787109375[0m
[[2m[37m09:16:30[0m[2m[0m] [2mIQPE [E] (Lx=6.0, h=0.0, rep=2) = -22.197280341756315[0m
[[2m[37m09:16:30[0m[2m[0m] [2mIQPE [E] (Lx=7.0, h=0.5, rep=2) iteration=4 = 0.125[0m
[[2m[37m09:16:30[0m[2m[0m] [2mIQPE [E] (Lx=5.0, h=6.0, rep=3) iteration=2 = 0.0[0m
[[2m[37m09:16:30[0m[2m[0m] [2mIQPE [E] (Lx=7.0, h=5.0, rep=2) iteration=5 = 0.21875[0m
[[2m[37m09:16:30[0m[2m[0m] [2mIQPE [E] (Lx=5.0, h=5.0, rep=3) iteration=3 = 0.25[0m
[[2m[37m09:16:30[0m[2m[0m] [2mIQPE [E] (Lx=7.0, h=5.0, rep=2) iteration=6 = 0.609375[0m
[[2m[37m09:16:31[0m[2m[0m] [2mIQPE [E] (Lx=7.0, h=5.0, rep=2) iteration=7 = 0.3046875[0m
[[2m[37m09:16:31[0m[2m[0m] [2mIQPE [E] (Lx=7.0, h=0.5, rep=2) iteration=5 = 0.5625[0m
[[2m[37m09:16:31[0m[2m[0m] [2mIQPE [E] (Lx=7.0, h=5.0, rep=2) iteration=8 = 0.65234375[0m
[[2m[37m09:16:31[0m[2m[0m] [2mIQPE [E] (Lx=7.0, h=4.0, rep=2) iteration=3 = 0.625[0m
[[2m[37m09:16:31[0m[2m[0m] [2mIQPE [E] (Lx=7.0, h=5.0, rep=2) iteration=9 = 0.826171875[0m
[[2m[37m09:16:31[0m[2m[0m] [2mIQPE [E] (Lx=5.0, h=5.0, rep=3) iteration=4 = 0.125[0m
[[2m[37m09:16:31[0m[2m[0m] [2mIQPE [E] (Lx=7.0, h=0.5, rep=2) iteration=6 = 0.78125[0m
[[2m[37m09:16:31[0m[2m[0m] [2mIQPE [E] (Lx=7.0, h=5.0, rep=2) iteration=10 = 0.9130859375[0m
[[2m[37m09:16:31[0m[2m[0m] [2mIQPE [E] (Lx=7.0, h=5.0, rep=2) = -25.7499467984394[0m
[[2m[37m09:16:31[0m[2m[0m] [2mIQPE [E] (Lx=7.0, h=0.5, rep=2) iteration=7 = 0.890625[0m
[[2m[37m09:16:32[0m[2m[0m] [2mIQPE [E] (Lx=5.0, h=5.0, rep=3) iteration=5 = 0.5625[0m
[[2m[37m09:16:32[0m[2m[0m] [2mIQPE [E] (Lx=7.0, h=0.5, rep=2) iteration=8 = 0.9453125[0m
[[2m[37m09:16:32[0m[2m[0m] [2mIQPE [E] (Lx=5.0, h=6.0, rep=3) iteration=3 = 0.0[0m
[[2m[37m09:16:32[0m[2m[0m] [2mIQPE [E] (Lx=7.0, h=0.5, rep=2) iteration=9 = 0.47265625[0m
[[2m[37m09:16:32[0m[2m[0m] [2mIQPE [E] (Lx=5.0, h=5.0, rep=3) iteration=6 = 0.28125[0m
[[2m[37m09:16:32[0m[2m[0m] [2mIQPE [E] (Lx=7.0, h=0.5, rep=2) iteration=10 = 0.736328125[0m
[[2m[37m09:16:32[0m[2m[0m] [2mIQPE [E] (Lx=7.0, h=0.5, rep=2) = -20.76519773906236[0m
[[2m[37m09:16:32[0m[2m[0m] [2mIQPE [E] (Lx=5.0, h=5.0, rep=3) iteration=7 = 0.640625[0m
[[2m[37m09:16:32[0m[2m[0m] [2mIQPE [E] (Lx=7.0, h=4.0, rep=2) iteration=4 = 0.8125[0m
[[2m[37m09:16:32[0m[2m[0m] [2mIQPE [E] (Lx=5.0, h=5.0, rep=3) iteration=8 = 0.8203125[0m
[[2m[37m09:16:32[0m[2m[0m] [2mIQPE [E] (Lx=5.0, h=5.0, rep=3) iteration=9 = 0.41015625[0m
[[2m[37m09:16:32[0m[2m[0m] [2mIQPE [E] (Lx=5.0, h=5.0, rep=3) iteration=10 = 0.705078125[0m
[[2m[37m09:16:32[0m[2m[0m] [2mIQPE [E] (Lx=5.0, h=5.0, rep=3) = -19.88391613740454[0m
[[2m[37m09:16:32[0m[2m[0m] [2mIQPE [E] (Lx=5.0, h=6.0, rep=3) iteration=4 = 0.5[0m
[[2m[37m09:16:33[0m[2m[0m] [2mIQPE [E] (Lx=7.0, h=4.0, rep=2) iteration=5 = 0.90625[0m
[[2m[37m09:16:33[0m[2m[0m] [2mIQPE [E] (Lx=5.0, h=6.0, rep=3) iteration=5 = 0.25[0m
[[2m[37m09:16:33[0m[2m[0m] [2mIQPE [E] (Lx=5.0, h=6.0, rep=3) iteration=6 = 0.625[0m
[[2m[37m09:16:33[0m[2m[0m] [2mIQPE [E] (Lx=7.0, h=4.0, rep=2) iteration=6 = 0.953125[0m
[[2m[37m09:16:33[0m[2m[0m] [2mIQPE [E] (Lx=5.0, h=6.0, rep=3) iteration=7 = 0.3125[0m
[[2m[37m09:16:33[0m[2m[0m] [2mIQPE [E] (Lx=7.0, h=4.0, rep=2) iteration=7 = 0.4765625[0m
[[2m[37m09:16:34[0m[2m[0m] [2mIQPE [E] (Lx=5.0, h=6.0, rep=3) iteration=8 = 0.65625[0m
[[2m[37m09:16:34[0m[2m[0m] [2mIQPE [E] (Lx=5.0, h=6.0, rep=3) iteration=9 = 0.328125[0m
[[2m[37m09:16:34[0m[2m[0m] [2mIQPE [E] (Lx=7.0, h=4.0, rep=2) iteration=8 = 0.73828125[0m
[[2m[37m09:16:34[0m[2m[0m] [2mIQPE [E] (Lx=5.0, h=6.0, rep=3) iteration=10 = 0.1640625[0m
[[2m[37m09:16:34[0m[2m[0m] [2mIQPE [E] (Lx=5.0, h=6.0, rep=3) = -4.62672840870355[0m
[[2m[37m09:16:34[0m[2m[0m] [2mIQPE [E] (Lx=7.0, h=4.0, rep=2) iteration=9 = 0.869140625[0m
[[2m[37m09:16:34[0m[2m[0m] [2mIQPE [E] (Lx=7.0, h=4.0, rep=2) iteration=10 = 0.4345703125[0m
[[2m[37m09:16:34[0m[2m[0m] [2mIQPE [E] (Lx=7.0, h=4.0, rep=2) = -12.255322273054045[0m
[[2m[37m09:16:36[0m[2m[0m] [2mIQPE [E] (Lx=7.0, h=0.0, rep=2) iteration=2 = 0.5[0m
[[2m[37m09:16:36[0m[2m[0m] [2mIQPE [E] (Lx=8.0, h=0.5, rep=2) iteration=1 = 0.5[0m
[[2m[37m09:16:39[0m[2m[0m] [2mIQPE [E] (Lx=7.0, h=0.0, rep=2) iteration=3 = 0.25[0m
[[2m[37m09:16:40[0m[2m[0m] [2mIQPE [E] (Lx=8.0, h=5.0, rep=2) iteration=1 = 0.5[0m
[[2m[37m09:16:40[0m[2m[0m] [2mIQPE [E] (Lx=7.0, h=0.0, rep=2) iteration=4 = 0.125[0m
[[2m[37m09:16:41[0m[2m[0m] [2mIQPE [E] (Lx=7.0, h=0.0, rep=2) iteration=5 = 0.0625[0m
[[2m[37m09:16:41[0m[2m[0m] [2mIQPE [E] (Lx=7.0, h=0.0, rep=2) iteration=6 = 0.03125[0m
[[2m[37m09:16:41[0m[2m[0m] [2mIQPE [E] (Lx=8.0, h=0.5, rep=2) iteration=2 = 0.75[0m
[[2m[37m09:16:42[0m[2m[0m] [2mIQPE [E] (Lx=7.0, h=0.0, rep=2) iteration=7 = 0.015625[0m
[[2m[37m09:16:42[0m[2m[0m] [2mIQPE [E] (Lx=7.0, h=0.0, rep=2) iteration=8 = 0.0078125[0m
[[2m[37m09:16:42[0m[2m[0m] [2mIQPE [E] (Lx=7.0, h=0.0, rep=2) iteration=9 = 0.50390625[0m
[[2m[37m09:16:42[0m[2m[0m] [2mIQPE [E] (Lx=7.0, h=0.0, rep=2) iteration=10 = 0.751953125[0m
[[2m[37m09:16:42[0m[2m[0m] [2mIQPE [E] (Lx=7.0, h=0.0, rep=2) = -21.20583853989127[0m
[[2m[37m09:16:44[0m[2m[0m] [2mIQPE [E] (Lx=8.0, h=0.5, rep=2) iteration=3 = 0.375[0m
[[2m[37m09:16:45[0m[2m[0m] [2mIQPE [E] (Lx=8.0, h=3.0, rep=2) iteration=1 = 0.0[0m
[[2m[37m09:16:45[0m[2m[0m] [2mIQPE [E] (Lx=8.0, h=0.5, rep=2) iteration=4 = 0.6875[0m
[[2m[37m09:16:45[0m[2m[0m] [2mIQPE [E] (Lx=8.0, h=5.0, rep=2) iteration=2 = 0.75[0m
[[2m[37m09:16:46[0m[2m[0m] [2mIQPE [E] (Lx=8.0, h=0.5, rep=2) iteration=5 = 0.34375[0m
[[2m[37m09:16:46[0m[2m[0m] [2mIQPE [E] (Lx=8.0, h=0.5, rep=2) iteration=6 = 0.171875[0m
[[2m[37m09:16:47[0m[2m[0m] [2mIQPE [E] (Lx=8.0, h=0.5, rep=2) iteration=7 = 0.5859375[0m
[[2m[37m09:16:47[0m[2m[0m] [2mIQPE [E] (Lx=8.0, h=0.5, rep=2) iteration=8 = 0.79296875[0m
[[2m[37m09:16:47[0m[2m[0m] [2mIQPE [E] (Lx=8.0, h=0.5, rep=2) iteration=9 = 0.396484375[0m
[[2m[37m09:16:47[0m[2m[0m] [2mIQPE [E] (Lx=8.0, h=0.5, rep=2) iteration=10 = 0.6982421875[0m
[[2m[37m09:16:47[0m[2m[0m] [2mIQPE [E] (Lx=8.0, h=0.5, rep=2) = -19.691135787041894[0m
[[2m[37m09:16:48[0m[2m[0m] [2mIQPE [E] (Lx=8.0, h=5.0, rep=2) iteration=3 = 0.375[0m
[[2m[37m09:16:49[0m[2m[0m] [2mIQPE [E] (Lx=8.0, h=5.0, rep=2) iteration=4 = 0.1875[0m
[[2m[37m09:16:50[0m[2m[0m] [2mIQPE [E] (Lx=6.0, h=3.0, rep=3) iteration=1 = 0.5[0m
[[2m[37m09:16:50[0m[2m[0m] [2mIQPE [E] (Lx=8.0, h=3.0, rep=2) iteration=2 = 0.5[0m
[[2m[37m09:16:50[0m[2m[0m] [2mIQPE [E] (Lx=8.0, h=5.0, rep=2) iteration=5 = 0.09375[0m
[[2m[37m09:16:50[0m[2m[0m] [2mIQPE [E] (Lx=8.0, h=1.0, rep=2) iteration=1 = 0.0[0m
[[2m[37m09:16:50[0m[2m[0m] [2mIQPE [E] (Lx=8.0, h=5.0, rep=2) iteration=6 = 0.046875[0m
[[2m[37m09:16:51[0m[2m[0m] [2mIQPE [E] (Lx=8.0, h=5.0, rep=2) iteration=7 = 0.5234375[0m
[[2m[37m09:16:51[0m[2m[0m] [2mIQPE [E] (Lx=8.0, h=5.0, rep=2) iteration=8 = 0.76171875[0m
[[2m[37m09:16:51[0m[2m[0m] [2mIQPE [E] (Lx=6.0, h=2.0, rep=3) iteration=1 = 0.5[0m
[[2m[37m09:16:51[0m[2m[0m] [2mIQPE [E] (Lx=8.0, h=5.0, rep=2) iteration=9 = 0.380859375[0m
[[2m[37m09:16:51[0m[2m[0m] [2mIQPE [E] (Lx=8.0, h=5.0, rep=2) iteration=10 = 0.1904296875[0m
[[2m[37m09:16:51[0m[2m[0m] [2mIQPE [E] (Lx=8.0, h=5.0, rep=2) = -5.370309760102335[0m
[[2m[37m09:16:52[0m[2m[0m] [2mIQPE [E] (Lx=6.0, h=5.0, rep=3) iteration=1 = 0.5[0m
[[2m[37m09:16:52[0m[2m[0m] [2mIQPE [E] (Lx=8.0, h=3.0, rep=2) iteration=3 = 0.75[0m
[[2m[37m09:16:53[0m[2m[0m] [2mIQPE [E] (Lx=6.0, h=3.0, rep=3) iteration=2 = 0.25[0m
[[2m[37m09:16:53[0m[2m[0m] [2mIQPE [E] (Lx=8.0, h=6.0, rep=2) iteration=1 = 0.0[0m
[[2m[37m09:16:54[0m[2m[0m] [2mIQPE [E] (Lx=6.0, h=6.0, rep=3) iteration=1 = 0.0[0m
[[2m[37m09:16:54[0m[2m[0m] [2mIQPE [E] (Lx=8.0, h=3.0, rep=2) iteration=4 = 0.375[0m
[[2m[37m09:16:55[0m[2m[0m] [2mIQPE [E] (Lx=6.0, h=2.0, rep=3) iteration=2 = 0.25[0m
[[2m[37m09:16:55[0m[2m[0m] [2mIQPE [E] (Lx=8.0, h=3.0, rep=2) iteration=5 = 0.6875[0m
[[2m[37m09:16:55[0m[2m[0m] [2mIQPE [E] (Lx=6.0, h=3.0, rep=3) iteration=3 = 0.125[0m
[[2m[37m09:16:55[0m[2m[0m] [2mIQPE [E] (Lx=6.0, h=4.0, rep=3) iteration=1 = 0.0[0m
[[2m[37m09:16:55[0m[2m[0m] [2mIQPE [E] (Lx=8.0, h=3.0, rep=2) iteration=6 = 0.84375[0m
[[2m[37m09:16:55[0m[2m[0m] [2mIQPE [E] (Lx=6.0, h=5.0, rep=3) iteration=2 = 0.25[0m
[[2m[37m09:16:55[0m[2m[0m] [2mIQPE [E] (Lx=8.0, h=3.0, rep=2) iteration=7 = 0.421875[0m
[[2m[37m09:16:56[0m[2m[0m] [2mIQPE [E] (Lx=8.0, h=1.0, rep=2) iteration=2 = 0.0[0m
[[2m[37m09:16:56[0m[2m[0m] [2mIQPE [E] (Lx=8.0, h=3.0, rep=2) iteration=8 = 0.2109375[0m
[[2m[37m09:16:56[0m[2m[0m] [2mIQPE [E] (Lx=8.0, h=3.0, rep=2) iteration=9 = 0.10546875[0m
[[2m[37m09:16:56[0m[2m[0m] [2mIQPE [E] (Lx=8.0, h=3.0, rep=2) iteration=10 = 0.552734375[0m
[[2m[37m09:16:56[0m[2m[0m] [2mIQPE [E] (Lx=8.0, h=3.0, rep=2) = -15.587668329322675[0m
[[2m[37m09:16:56[0m[2m[0m] [2mIQPE [E] (Lx=6.0, h=3.0, rep=3) iteration=4 = 0.0625[0m
[[2m[37m09:16:56[0m[2m[0m] [2mIQPE [E] (Lx=6.0, h=3.0, rep=3) iteration=5 = 0.53125[0m
[[2m[37m09:16:57[0m[2m[0m] [2mIQPE [E] (Lx=6.0, h=2.0, rep=3) iteration=3 = 0.625[0m
[[2m[37m09:16:57[0m[2m[0m] [2mIQPE [E] (Lx=6.0, h=3.0, rep=3) iteration=6 = 0.765625[0m
[[2m[37m09:16:57[0m[2m[0m] [2mIQPE [E] (Lx=6.0, h=3.0, rep=3) iteration=7 = 0.8828125[0m
[[2m[37m09:16:57[0m[2m[0m] [2mIQPE [E] (Lx=6.0, h=5.0, rep=3) iteration=3 = 0.125[0m
[[2m[37m09:16:57[0m[2m[0m] [2mIQPE [E] (Lx=6.0, h=3.0, rep=3) iteration=8 = 0.44140625[0m
[[2m[37m09:16:57[0m[2m[0m] [2mIQPE [E] (Lx=6.0, h=3.0, rep=3) iteration=9 = 0.220703125[0m
[[2m[37m09:16:57[0m[2m[0m] [2mIQPE [E] (Lx=6.0, h=3.0, rep=3) iteration=10 = 0.6103515625[0m
[[2m[37m09:16:57[0m[2m[0m] [2mIQPE [E] (Lx=6.0, h=3.0, rep=3) = -17.212531282379278[0m
[[2m[37m09:16:58[0m[2m[0m] [2mIQPE [E] (Lx=6.0, h=6.0, rep=3) iteration=2 = 0.0[0m
[[2m[37m09:16:58[0m[2m[0m] [2mIQPE [E] (Lx=6.0, h=2.0, rep=3) iteration=4 = 0.3125[0m
[[2m[37m09:16:58[0m[2m[0m] [2mIQPE [E] (Lx=8.0, h=1.0, rep=2) iteration=3 = 0.5[0m
[[2m[37m09:16:58[0m[2m[0m] [2mIQPE [E] (Lx=6.0, h=2.0, rep=3) iteration=5 = 0.65625[0m
[[2m[37m09:16:58[0m[2m[0m] [2mIQPE [E] (Lx=6.0, h=5.0, rep=3) iteration=4 = 0.0625[0m
[[2m[37m09:16:58[0m[2m[0m] [2mIQPE [E] (Lx=8.0, h=6.0, rep=2) iteration=2 = 0.5[0m
[[2m[37m09:16:58[0m[2m[0m] [2mIQPE [E] (Lx=6.0, h=4.0, rep=3) iteration=2 = 0.0[0m
[[2m[37m09:16:59[0m[2m[0m] [2mIQPE [E] (Lx=6.0, h=2.0, rep=3) iteration=6 = 0.828125[0m
[[2m[37m09:16:59[0m[2m[0m] [2mIQPE [E] (Lx=6.0, h=2.0, rep=3) iteration=7 = 0.9140625[0m
[[2m[37m09:16:59[0m[2m[0m] [2mIQPE [E] (Lx=8.0, h=2.0, rep=2) iteration=1 = 0.5[0m
[[2m[37m09:16:59[0m[2m[0m] [2mIQPE [E] (Lx=6.0, h=5.0, rep=3) iteration=5 = 0.53125[0m
[[2m[37m09:16:59[0m[2m[0m] [2mIQPE [E] (Lx=6.0, h=2.0, rep=3) iteration=8 = 0.45703125[0m
[[2m[37m09:16:59[0m[2m[0m] [2mIQPE [E] (Lx=6.0, h=2.0, rep=3) iteration=9 = 0.228515625[0m
[[2m[37m09:16:59[0m[2m[0m] [2mIQPE [E] (Lx=6.0, h=5.0, rep=3) iteration=6 = 0.265625[0m
[[2m[37m09:16:59[0m[2m[0m] [2mIQPE [E] (Lx=6.0, h=2.0, rep=3) iteration=10 = 0.6142578125[0m
[[2m[37m09:16:59[0m[2m[0m] [2mIQPE [E] (Lx=6.0, h=2.0, rep=3) = -17.322691482586503[0m
[[2m[37m09:16:59[0m[2m[0m] [2mIQPE [E] (Lx=6.0, h=6.0, rep=3) iteration=3 = 0.0[0m
[[2m[37m09:16:59[0m[2m[0m] [2mIQPE [E] (Lx=6.0, h=5.0, rep=3) iteration=7 = 0.1328125[0m
[[2m[37m09:16:59[0m[2m[0m] [2mIQPE [E] (Lx=8.0, h=1.0, rep=2) iteration=4 = 0.25[0m
[[2m[37m09:16:59[0m[2m[0m] [2mIQPE [E] (Lx=6.0, h=5.0, rep=3) iteration=8 = 0.06640625[0m
[[2m[37m09:17:00[0m[2m[0m] [2mIQPE [E] (Lx=6.0, h=5.0, rep=3) iteration=9 = 0.533203125[0m
[[2m[37m09:17:00[0m[2m[0m] [2mIQPE [E] (Lx=6.0, h=5.0, rep=3) iteration=10 = 0.2666015625[0m
[[2m[37m09:17:00[0m[2m[0m] [2mIQPE [E] (Lx=6.0, h=5.0, rep=3) = -7.518433664143268[0m
[[2m[37m09:17:00[0m[2m[0m] [2mIQPE [E] (Lx=8.0, h=1.0, rep=2) iteration=5 = 0.625[0m
[[2m[37m09:17:00[0m[2m[0m] [2mIQPE [E] (Lx=6.0, h=4.0, rep=3) iteration=3 = 0.0[0m
[[2m[37m09:17:00[0m[2m[0m] [2mIQPE [E] (Lx=6.0, h=6.0, rep=3) iteration=4 = 0.5[0m
[[2m[37m09:17:00[0m[2m[0m] [2mIQPE [E] (Lx=8.0, h=1.0, rep=2) iteration=6 = 0.3125[0m
[[2m[37m09:17:01[0m[2m[0m] [2mIQPE [E] (Lx=8.0, h=1.0, rep=2) iteration=7 = 0.15625[0m
[[2m[37m09:17:01[0m[2m[0m] [2mIQPE [E] (Lx=8.0, h=6.0, rep=2) iteration=3 = 0.25[0m
[[2m[37m09:17:01[0m[2m[0m] [2mIQPE [E] (Lx=6.0, h=6.0, rep=3) iteration=5 = 0.25[0m
[[2m[37m09:17:01[0m[2m[0m] [2mIQPE [E] (Lx=8.0, h=1.0, rep=2) iteration=8 = 0.578125[0m
[[2m[37m09:17:01[0m[2m[0m] [2mIQPE [E] (Lx=8.0, h=1.0, rep=2) iteration=9 = 0.2890625[0m
[[2m[37m09:17:01[0m[2m[0m] [2mIQPE [E] (Lx=6.0, h=6.0, rep=3) iteration=6 = 0.125[0m
[[2m[37m09:17:01[0m[2m[0m] [2mIQPE [E] (Lx=8.0, h=1.0, rep=2) iteration=10 = 0.64453125[0m
[[2m[37m09:17:01[0m[2m[0m] [2mIQPE [E] (Lx=8.0, h=1.0, rep=2) = -18.176433034192513[0m
[[2m[37m09:17:01[0m[2m[0m] [2mIQPE [E] (Lx=6.0, h=4.0, rep=3) iteration=4 = 0.0[0m
[[2m[37m09:17:01[0m[2m[0m] [2mIQPE [E] (Lx=6.0, h=6.0, rep=3) iteration=7 = 0.5625[0m
[[2m[37m09:17:02[0m[2m[0m] [2mIQPE [E] (Lx=6.0, h=6.0, rep=3) iteration=8 = 0.28125[0m
[[2m[37m09:17:02[0m[2m[0m] [2mIQPE [E] (Lx=6.0, h=6.0, rep=3) iteration=9 = 0.640625[0m
[[2m[37m09:17:02[0m[2m[0m] [2mIQPE [E] (Lx=6.0, h=4.0, rep=3) iteration=5 = 0.5[0m
[[2m[37m09:17:02[0m[2m[0m] [2mIQPE [E] (Lx=6.0, h=6.0, rep=3) iteration=10 = 0.3203125[0m
[[2m[37m09:17:02[0m[2m[0m] [2mIQPE [E] (Lx=6.0, h=6.0, rep=3) = -9.033136416992644[0m
[[2m[37m09:17:02[0m[2m[0m] [2mIQPE [E] (Lx=6.0, h=4.0, rep=3) iteration=6 = 0.75[0m
[[2m[37m09:17:02[0m[2m[0m] [2mIQPE [E] (Lx=6.0, h=4.0, rep=3) iteration=7 = 0.875[0m
[[2m[37m09:17:02[0m[2m[0m] [2mIQPE [E] (Lx=8.0, h=6.0, rep=2) iteration=4 = 0.625[0m
[[2m[37m09:17:03[0m[2m[0m] [2mIQPE [E] (Lx=6.0, h=4.0, rep=3) iteration=8 = 0.4375[0m
[[2m[37m09:17:03[0m[2m[0m] [2mIQPE [E] (Lx=6.0, h=4.0, rep=3) iteration=9 = 0.21875[0m
[[2m[37m09:17:03[0m[2m[0m] [2mIQPE [E] (Lx=6.0, h=4.0, rep=3) iteration=10 = 0.609375[0m
[[2m[37m09:17:03[0m[2m[0m] [2mIQPE [E] (Lx=6.0, h=4.0, rep=3) = -17.18499123232747[0m
[[2m[37m09:17:03[0m[2m[0m] [2mIQPE [E] (Lx=8.0, h=6.0, rep=2) iteration=5 = 0.3125[0m
[[2m[37m09:17:03[0m[2m[0m] [2mIQPE [E] (Lx=8.0, h=6.0, rep=2) iteration=6 = 0.15625[0m
[[2m[37m09:17:04[0m[2m[0m] [2mIQPE [E] (Lx=8.0, h=6.0, rep=2) iteration=7 = 0.078125[0m
[[2m[37m09:17:04[0m[2m[0m] [2mIQPE [E] (Lx=8.0, h=6.0, rep=2) iteration=8 = 0.0390625[0m
[[2m[37m09:17:04[0m[2m[0m] [2mIQPE [E] (Lx=8.0, h=6.0, rep=2) iteration=9 = 0.51953125[0m
[[2m[37m09:17:04[0m[2m[0m] [2mIQPE [E] (Lx=8.0, h=2.0, rep=2) iteration=2 = 0.25[0m
[[2m[37m09:17:04[0m[2m[0m] [2mIQPE [E] (Lx=8.0, h=6.0, rep=2) iteration=10 = 0.759765625[0m
[[2m[37m09:17:04[0m[2m[0m] [2mIQPE [E] (Lx=8.0, h=6.0, rep=2) = -21.426158940305726[0m
[[2m[37m09:17:06[0m[2m[0m] [2mIQPE [E] (Lx=6.0, h=0.5, rep=3) iteration=1 = 0.0[0m
[[2m[37m09:17:07[0m[2m[0m] [2mIQPE [E] (Lx=8.0, h=2.0, rep=2) iteration=3 = 0.625[0m
[[2m[37m09:17:07[0m[2m[0m] [2mIQPE [E] (Lx=8.0, h=4.0, rep=2) iteration=1 = 0.5[0m
[[2m[37m09:17:08[0m[2m[0m] [2mIQPE [E] (Lx=8.0, h=2.0, rep=2) iteration=4 = 0.8125[0m
[[2m[37m09:17:09[0m[2m[0m] [2mIQPE [E] (Lx=8.0, h=2.0, rep=2) iteration=5 = 0.90625[0m
[[2m[37m09:17:09[0m[2m[0m] [2mIQPE [E] (Lx=8.0, h=2.0, rep=2) iteration=6 = 0.953125[0m
[[2m[37m09:17:09[0m[2m[0m] [2mIQPE [E] (Lx=6.0, h=0.5, rep=3) iteration=2 = 0.0[0m
[[2m[37m09:17:10[0m[2m[0m] [2mIQPE [E] (Lx=8.0, h=2.0, rep=2) iteration=7 = 0.4765625[0m
[[2m[37m09:17:10[0m[2m[0m] [2mIQPE [E] (Lx=8.0, h=2.0, rep=2) iteration=8 = 0.73828125[0m
[[2m[37m09:17:10[0m[2m[0m] [2mIQPE [E] (Lx=8.0, h=2.0, rep=2) iteration=9 = 0.369140625[0m
[[2m[37m09:17:10[0m[2m[0m] [2mIQPE [E] (Lx=8.0, h=2.0, rep=2) iteration=10 = 0.6845703125[0m
[[2m[37m09:17:10[0m[2m[0m] [2mIQPE [E] (Lx=8.0, h=2.0, rep=2) = -19.305575086316598[0m
[[2m[37m09:17:11[0m[2m[0m] [2mIQPE [E] (Lx=6.0, h=0.5, rep=3) iteration=3 = 0.0[0m
[[2m[37m09:17:12[0m[2m[0m] [2mIQPE [E] (Lx=6.0, h=0.5, rep=3) iteration=4 = 0.5[0m
[[2m[37m09:17:13[0m[2m[0m] [2mIQPE [E] (Lx=6.0, h=0.5, rep=3) iteration=5 = 0.75[0m
[[2m[37m09:17:13[0m[2m[0m] [2mIQPE [E] (Lx=8.0, h=4.0, rep=2) iteration=2 = 0.75[0m
[[2m[37m09:17:13[0m[2m[0m] [2mIQPE [E] (Lx=6.0, h=0.5, rep=3) iteration=6 = 0.375[0m
[[2m[37m09:17:13[0m[2m[0m] [2mIQPE [E] (Lx=6.0, h=0.5, rep=3) iteration=7 = 0.1875[0m
[[2m[37m09:17:13[0m[2m[0m] [2mIQPE [E] (Lx=6.0, h=0.5, rep=3) iteration=8 = 0.09375[0m
[[2m[37m09:17:14[0m[2m[0m] [2mIQPE [E] (Lx=6.0, h=0.5, rep=3) iteration=9 = 0.546875[0m
[[2m[37m09:17:14[0m[2m[0m] [2mIQPE [E] (Lx=6.0, h=0.5, rep=3) iteration=10 = 0.7734375[0m
[[2m[37m09:17:14[0m[2m[0m] [2mIQPE [E] (Lx=6.0, h=0.5, rep=3) = -21.811719641031022[0m
[[2m[37m09:17:15[0m[2m[0m] [2mIQPE [E] (Lx=8.0, h=4.0, rep=2) iteration=3 = 0.875[0m
[[2m[37m09:17:17[0m[2m[0m] [2mIQPE [E] (Lx=8.0, h=4.0, rep=2) iteration=4 = 0.4375[0m
[[2m[37m09:17:18[0m[2m[0m] [2mIQPE [E] (Lx=8.0, h=4.0, rep=2) iteration=5 = 0.21875[0m
[[2m[37m09:17:18[0m[2m[0m] [2mIQPE [E] (Lx=8.0, h=4.0, rep=2) iteration=6 = 0.609375[0m
[[2m[37m09:17:19[0m[2m[0m] [2mIQPE [E] (Lx=8.0, h=4.0, rep=2) iteration=7 = 0.3046875[0m
[[2m[37m09:17:19[0m[2m[0m] [2mIQPE [E] (Lx=8.0, h=4.0, rep=2) iteration=8 = 0.15234375[0m
[[2m[37m09:17:19[0m[2m[0m] [2mIQPE [E] (Lx=8.0, h=4.0, rep=2) iteration=9 = 0.076171875[0m
[[2m[37m09:17:19[0m[2m[0m] [2mIQPE [E] (Lx=8.0, h=4.0, rep=2) iteration=10 = 0.5380859375[0m
[[2m[37m09:17:19[0m[2m[0m] [2mIQPE [E] (Lx=8.0, h=4.0, rep=2) = -15.17456757854557[0m
[[2m[37m09:17:28[0m[2m[0m] [2mIQPE [E] (Lx=6.0, h=1.0, rep=3) iteration=1 = 0.5[0m
[[2m[37m09:17:29[0m[2m[0m] [2mIQPE [E] (Lx=5.0, h=0.0, rep=3) iteration=1 = 0.0[0m
[[2m[37m09:17:31[0m[2m[0m] [2mIQPE [E] (Lx=9.0, h=3.0, rep=2) iteration=1 = 0.0[0m
[[2m[37m09:17:32[0m[2m[0m] [2mIQPE [E] (Lx=6.0, h=1.0, rep=3) iteration=2 = 0.25[0m
[[2m[37m09:17:33[0m[2m[0m] [2mIQPE [E] (Lx=9.0, h=4.0, rep=2) iteration=1 = 0.5[0m
[[2m[37m09:17:33[0m[2m[0m] [2mIQPE [E] (Lx=6.0, h=1.0, rep=3) iteration=3 = 0.125[0m
[[2m[37m09:17:34[0m[2m[0m] [2mIQPE [E] (Lx=12.0, h=4.0, rep=1) iteration=1 = 0.0[0m
[[2m[37m09:17:34[0m[2m[0m] [2mIQPE [E] (Lx=9.0, h=2.0, rep=2) iteration=1 = 0.0[0m
[[2m[37m09:17:34[0m[2m[0m] [2mIQPE [E] (Lx=8.0, h=0.0, rep=2) iteration=1 = 0.0[0m
[[2m[37m09:17:34[0m[2m[0m] [2mIQPE [E] (Lx=9.0, h=1.0, rep=2) iteration=1 = 0.0[0m
[[2m[37m09:17:34[0m[2m[0m] [2mIQPE [E] (Lx=6.0, h=1.0, rep=3) iteration=4 = 0.0625[0m
[[2m[37m09:17:35[0m[2m[0m] [2mIQPE [E] (Lx=6.0, h=1.0, rep=3) iteration=5 = 0.53125[0m
[[2m[37m09:17:35[0m[2m[0m] [2mIQPE [E] (Lx=6.0, h=1.0, rep=3) iteration=6 = 0.765625[0m
[[2m[37m09:17:36[0m[2m[0m] [2mIQPE [E] (Lx=6.0, h=1.0, rep=3) iteration=7 = 0.8828125[0m
[[2m[37m09:17:36[0m[2m[0m] [2mIQPE [E] (Lx=6.0, h=1.0, rep=3) iteration=8 = 0.94140625[0m
[[2m[37m09:17:36[0m[2m[0m] [2mIQPE [E] (Lx=6.0, h=1.0, rep=3) iteration=9 = 0.470703125[0m
[[2m[37m09:17:36[0m[2m[0m] [2mIQPE [E] (Lx=6.0, h=1.0, rep=3) iteration=10 = 0.7353515625[0m
[[2m[37m09:17:36[0m[2m[0m] [2mIQPE [E] (Lx=6.0, h=1.0, rep=3) = -20.737657689010554[0m
[[2m[37m09:17:37[0m[2m[0m] [2mIQPE [E] (Lx=9.0, h=6.0, rep=2) iteration=1 = 0.0[0m
[[2m[37m09:17:37[0m[2m[0m] [2mIQPE [E] (Lx=9.0, h=3.0, rep=2) iteration=2 = 0.0[0m
[[2m[37m09:17:37[0m[2m[0m] [2mIQPE [E] (Lx=12.0, h=2.0, rep=1) iteration=1 = 0.5[0m
[[2m[37m09:17:38[0m[2m[0m] [2mIQPE [E] (Lx=9.0, h=0.5, rep=2) iteration=1 = 0.5[0m
[[2m[37m09:17:39[0m[2m[0m] [2mIQPE [E] (Lx=5.0, h=0.0, rep=3) iteration=2 = 0.5[0m
[[2m[37m09:17:39[0m[2m[0m] [2mIQPE [E] (Lx=9.0, h=4.0, rep=2) iteration=2 = 0.75[0m
[[2m[37m09:17:40[0m[2m[0m] [2mIQPE [E] (Lx=9.0, h=2.0, rep=2) iteration=2 = 0.0[0m
[[2m[37m09:17:40[0m[2m[0m] [2mIQPE [E] (Lx=9.0, h=3.0, rep=2) iteration=3 = 0.0[0m
[[2m[37m09:17:40[0m[2m[0m] [2mIQPE [E] (Lx=9.0, h=1.0, rep=2) iteration=2 = 0.0[0m
[[2m[37m09:17:41[0m[2m[0m] [2mIQPE [E] (Lx=5.0, h=0.0, rep=3) iteration=3 = 0.25[0m
[[2m[37m09:17:41[0m[2m[0m] [2mIQPE [E] (Lx=9.0, h=3.0, rep=2) iteration=4 = 0.0[0m
[[2m[37m09:17:42[0m[2m[0m] [2mIQPE [E] (Lx=9.0, h=3.0, rep=2) iteration=5 = 0.0[0m
[[2m[37m09:17:42[0m[2m[0m] [2mIQPE [E] (Lx=5.0, h=0.0, rep=3) iteration=4 = 0.625[0m
[[2m[37m09:17:43[0m[2m[0m] [2mIQPE [E] (Lx=9.0, h=4.0, rep=2) iteration=3 = 0.375[0m
[[2m[37m09:17:43[0m[2m[0m] [2mIQPE [E] (Lx=9.0, h=3.0, rep=2) iteration=6 = 0.0[0m
[[2m[37m09:17:43[0m[2m[0m] [2mIQPE [E] (Lx=12.0, h=6.0, rep=1) iteration=1 = 0.5[0m
[[2m[37m09:17:43[0m[2m[0m] [2mIQPE [E] (Lx=9.0, h=6.0, rep=2) iteration=2 = 0.0[0m
[[2m[37m09:17:43[0m[2m[0m] [2mIQPE [E] (Lx=5.0, h=0.0, rep=3) iteration=5 = 0.3125[0m
[[2m[37m09:17:43[0m[2m[0m] [2mIQPE [E] (Lx=9.0, h=2.0, rep=2) iteration=3 = 0.5[0m
[[2m[37m09:17:43[0m[2m[0m] [2mIQPE [E] (Lx=9.0, h=3.0, rep=2) iteration=7 = 0.5[0m
[[2m[37m09:17:43[0m[2m[0m] [2mIQPE [E] (Lx=5.0, h=0.0, rep=3) iteration=6 = 0.15625[0m
[[2m[37m09:17:43[0m[2m[0m] [2mIQPE [E] (Lx=5.0, h=0.0, rep=3) iteration=7 = 0.578125[0m
[[2m[37m09:17:43[0m[2m[0m] [2mIQPE [E] (Lx=9.0, h=1.0, rep=2) iteration=3 = 0.0[0m
[[2m[37m09:17:43[0m[2m[0m] [2mIQPE [E] (Lx=5.0, h=0.0, rep=3) iteration=8 = 0.2890625[0m
[[2m[37m09:17:43[0m[2m[0m] [2mIQPE [E] (Lx=5.0, h=0.0, rep=3) iteration=9 = 0.64453125[0m
[[2m[37m09:17:44[0m[2m[0m] [2mIQPE [E] (Lx=5.0, h=0.0, rep=3) iteration=10 = 0.822265625[0m
[[2m[37m09:17:44[0m[2m[0m] [2mIQPE [E] (Lx=5.0, h=0.0, rep=3) = -23.188722143621362[0m
[[2m[37m09:17:44[0m[2m[0m] [2mIQPE [E] (Lx=9.0, h=3.0, rep=2) iteration=8 = 0.75[0m
[[2m[37m09:17:44[0m[2m[0m] [2mIQPE [E] (Lx=9.0, h=0.5, rep=2) iteration=2 = 0.25[0m
[[2m[37m09:17:44[0m[2m[0m] [2mIQPE [E] (Lx=9.0, h=3.0, rep=2) iteration=9 = 0.375[0m
[[2m[37m09:17:44[0m[2m[0m] [2mIQPE [E] (Lx=9.0, h=3.0, rep=2) iteration=10 = 0.6875[0m
[[2m[37m09:17:44[0m[2m[0m] [2mIQPE [E] (Lx=9.0, h=3.0, rep=2) = -19.388195236472015[0m
[[2m[37m09:17:44[0m[2m[0m] [2mIQPE [E] (Lx=9.0, h=4.0, rep=2) iteration=4 = 0.6875[0m
[[2m[37m09:17:44[0m[2m[0m] [2mIQPE [E] (Lx=12.0, h=5.0, rep=1) iteration=1 = 0.5[0m
[[2m[37m09:17:44[0m[2m[0m] [2mIQPE [E] (Lx=9.0, h=2.0, rep=2) iteration=4 = 0.75[0m
[[2m[37m09:17:44[0m[2m[0m] [2mIQPE [E] (Lx=12.0, h=4.0, rep=1) iteration=2 = 0.5[0m
[[2m[37m09:17:45[0m[2m[0m] [2mIQPE [E] (Lx=12.0, h=3.0, rep=1) iteration=1 = 0.5[0m
[[2m[37m09:17:45[0m[2m[0m] [2mIQPE [E] (Lx=9.0, h=1.0, rep=2) iteration=4 = 0.0[0m
[[2m[37m09:17:45[0m[2m[0m] [2mIQPE [E] (Lx=9.0, h=4.0, rep=2) iteration=5 = 0.34375[0m
[[2m[37m09:17:45[0m[2m[0m] [2mIQPE [E] (Lx=9.0, h=2.0, rep=2) iteration=5 = 0.375[0m
[[2m[37m09:17:45[0m[2m[0m] [2mIQPE [E] (Lx=9.0, h=4.0, rep=2) iteration=6 = 0.171875[0m
[[2m[37m09:17:45[0m[2m[0m] [2mIQPE [E] (Lx=8.0, h=0.0, rep=2) iteration=2 = 0.5[0m
[[2m[37m09:17:46[0m[2m[0m] [2mIQPE [E] (Lx=9.0, h=2.0, rep=2) iteration=6 = 0.6875[0m
[[2m[37m09:17:46[0m[2m[0m] [2mIQPE [E] (Lx=9.0, h=1.0, rep=2) iteration=5 = 0.0[0m
[[2m[37m09:17:46[0m[2m[0m] [2mIQPE [E] (Lx=9.0, h=4.0, rep=2) iteration=7 = 0.0859375[0m
[[2m[37m09:17:46[0m[2m[0m] [2mIQPE [E] (Lx=9.0, h=6.0, rep=2) iteration=3 = 0.5[0m
[[2m[37m09:17:46[0m[2m[0m] [2mIQPE [E] (Lx=9.0, h=2.0, rep=2) iteration=7 = 0.84375[0m
[[2m[37m09:17:46[0m[2m[0m] [2mIQPE [E] (Lx=9.0, h=1.0, rep=2) iteration=6 = 0.5[0m
[[2m[37m09:17:46[0m[2m[0m] [2mIQPE [E] (Lx=9.0, h=4.0, rep=2) iteration=8 = 0.54296875[0m
[[2m[37m09:17:46[0m[2m[0m] [2mIQPE [E] (Lx=9.0, h=4.0, rep=2) iteration=9 = 0.771484375[0m
[[2m[37m09:17:46[0m[2m[0m] [2mIQPE [E] (Lx=9.0, h=2.0, rep=2) iteration=8 = 0.921875[0m
[[2m[37m09:17:46[0m[2m[0m] [2mIQPE [E] (Lx=9.0, h=1.0, rep=2) iteration=7 = 0.75[0m
[[2m[37m09:17:46[0m[2m[0m] [2mIQPE [E] (Lx=9.0, h=4.0, rep=2) iteration=10 = 0.3857421875[0m
[[2m[37m09:17:46[0m[2m[0m] [2mIQPE [E] (Lx=9.0, h=4.0, rep=2) = -10.878319770463703[0m
[[2m[37m09:17:47[0m[2m[0m] [2mIQPE [E] (Lx=9.0, h=2.0, rep=2) iteration=9 = 0.9609375[0m
[[2m[37m09:17:47[0m[2m[0m] [2mIQPE [E] (Lx=9.0, h=2.0, rep=2) iteration=10 = 0.48046875[0m
[[2m[37m09:17:47[0m[2m[0m] [2mIQPE [E] (Lx=9.0, h=2.0, rep=2) = -13.549704625488967[0m
[[2m[37m09:17:47[0m[2m[0m] [2mIQPE [E] (Lx=9.0, h=0.5, rep=2) iteration=3 = 0.625[0m
[[2m[37m09:17:47[0m[2m[0m] [2mIQPE [E] (Lx=9.0, h=1.0, rep=2) iteration=8 = 0.375[0m
[[2m[37m09:17:47[0m[2m[0m] [2mIQPE [E] (Lx=9.0, h=1.0, rep=2) iteration=9 = 0.1875[0m
[[2m[37m09:17:47[0m[2m[0m] [2mIQPE [E] (Lx=9.0, h=1.0, rep=2) iteration=10 = 0.59375[0m
[[2m[37m09:17:47[0m[2m[0m] [2mIQPE [E] (Lx=9.0, h=1.0, rep=2) = -16.74435043149856[0m
[[2m[37m09:17:47[0m[2m[0m] [2mIQPE [E] (Lx=9.0, h=6.0, rep=2) iteration=4 = 0.25[0m
[[2m[37m09:17:48[0m[2m[0m] [2mIQPE [E] (Lx=9.0, h=6.0, rep=2) iteration=5 = 0.625[0m
[[2m[37m09:17:48[0m[2m[0m] [2mIQPE [E] (Lx=9.0, h=0.5, rep=2) iteration=4 = 0.3125[0m
[[2m[37m09:17:48[0m[2m[0m] [2mIQPE [E] (Lx=12.0, h=2.0, rep=1) iteration=2 = 0.75[0m
[[2m[37m09:17:49[0m[2m[0m] [2mIQPE [E] (Lx=9.0, h=6.0, rep=2) iteration=6 = 0.3125[0m
[[2m[37m09:17:49[0m[2m[0m] [2mIQPE [E] (Lx=9.0, h=6.0, rep=2) iteration=7 = 0.65625[0m
[[2m[37m09:17:49[0m[2m[0m] [2mIQPE [E] (Lx=8.0, h=0.0, rep=2) iteration=3 = 0.75[0m
[[2m[37m09:17:49[0m[2m[0m] [2mIQPE [E] (Lx=9.0, h=0.5, rep=2) iteration=5 = 0.15625[0m
[[2m[37m09:17:49[0m[2m[0m] [2mIQPE [E] (Lx=9.0, h=6.0, rep=2) iteration=8 = 0.828125[0m
[[2m[37m09:17:49[0m[2m[0m] [2mIQPE [E] (Lx=12.0, h=0.0, rep=1) iteration=1 = 0.0[0m
[[2m[37m09:17:49[0m[2m[0m] [2mIQPE [E] (Lx=9.0, h=6.0, rep=2) iteration=9 = 0.9140625[0m
[[2m[37m09:17:49[0m[2m[0m] [2mIQPE [E] (Lx=9.0, h=0.5, rep=2) iteration=6 = 0.578125[0m
[[2m[37m09:17:50[0m[2m[0m] [2mIQPE [E] (Lx=9.0, h=6.0, rep=2) iteration=10 = 0.45703125[0m
[[2m[37m09:17:50[0m[2m[0m] [2mIQPE [E] (Lx=9.0, h=6.0, rep=2) = -12.888743424245602[0m
[[2m[37m09:17:50[0m[2m[0m] [2mIQPE [E] (Lx=9.0, h=0.5, rep=2) iteration=7 = 0.2890625[0m
[[2m[37m09:17:50[0m[2m[0m] [2mIQPE [E] (Lx=12.0, h=4.0, rep=1) iteration=3 = 0.25[0m
[[2m[37m09:17:50[0m[2m[0m] [2mIQPE [E] (Lx=9.0, h=0.5, rep=2) iteration=8 = 0.64453125[0m
[[2m[37m09:17:50[0m[2m[0m] [2mIQPE [E] (Lx=9.0, h=0.5, rep=2) iteration=9 = 0.322265625[0m
[[2m[37m09:17:51[0m[2m[0m] [2mIQPE [E] (Lx=9.0, h=0.5, rep=2) iteration=10 = 0.6611328125[0m
[[2m[37m09:17:51[0m[2m[0m] [2mIQPE [E] (Lx=9.0, h=0.5, rep=2) = -18.644613885073234[0m
[[2m[37m09:17:51[0m[2m[0m] [2mIQPE [E] (Lx=8.0, h=0.0, rep=2) iteration=4 = 0.875[0m
[[2m[37m09:17:51[0m[2m[0m] [2mIQPE [E] (Lx=7.0, h=6.0, rep=3) iteration=1 = 0.5[0m
[[2m[37m09:17:51[0m[2m[0m] [2mIQPE [E] (Lx=7.0, h=3.0, rep=3) iteration=1 = 0.5[0m
[[2m[37m09:17:51[0m[2m[0m] [2mIQPE [E] (Lx=8.0, h=0.0, rep=2) iteration=5 = 0.9375[0m
[[2m[37m09:17:51[0m[2m[0m] [2mIQPE [E] (Lx=9.0, h=5.0, rep=2) iteration=1 = 0.5[0m
[[2m[37m09:17:51[0m[2m[0m] [2mIQPE [E] (Lx=8.0, h=0.0, rep=2) iteration=6 = 0.46875[0m
[[2m[37m09:17:52[0m[2m[0m] [2mIQPE [E] (Lx=8.0, h=0.0, rep=2) iteration=7 = 0.734375[0m
[[2m[37m09:17:52[0m[2m[0m] [2mIQPE [E] (Lx=8.0, h=0.0, rep=2) iteration=8 = 0.8671875[0m
[[2m[37m09:17:52[0m[2m[0m] [2mIQPE [E] (Lx=8.0, h=0.0, rep=2) iteration=9 = 0.43359375[0m
[[2m[37m09:17:52[0m[2m[0m] [2mIQPE [E] (Lx=8.0, h=0.0, rep=2) iteration=10 = 0.716796875[0m
[[2m[37m09:17:52[0m[2m[0m] [2mIQPE [E] (Lx=8.0, h=0.0, rep=2) = -20.214396738026224[0m
[[2m[37m09:17:53[0m[2m[0m] [2mIQPE [E] (Lx=12.0, h=4.0, rep=1) iteration=4 = 0.625[0m
[[2m[37m09:17:54[0m[2m[0m] [2mIQPE [E] (Lx=12.0, h=2.0, rep=1) iteration=3 = 0.375[0m
[[2m[37m09:17:54[0m[2m[0m] [2mIQPE [E] (Lx=12.0, h=6.0, rep=1) iteration=2 = 0.25[0m
[[2m[37m09:17:54[0m[2m[0m] [2mIQPE [E] (Lx=12.0, h=4.0, rep=1) iteration=5 = 0.8125[0m
[[2m[37m09:17:55[0m[2m[0m] [2mIQPE [E] (Lx=7.0, h=6.0, rep=3) iteration=2 = 0.25[0m
[[2m[37m09:17:55[0m[2m[0m] [2mIQPE [E] (Lx=12.0, h=5.0, rep=1) iteration=2 = 0.25[0m
[[2m[37m09:17:55[0m[2m[0m] [2mIQPE [E] (Lx=12.0, h=1.0, rep=1) iteration=1 = 0.0[0m
[[2m[37m09:17:55[0m[2m[0m] [2mIQPE [E] (Lx=12.0, h=4.0, rep=1) iteration=6 = 0.90625[0m
[[2m[37m09:17:55[0m[2m[0m] [2mIQPE [E] (Lx=9.0, h=0.0, rep=2) iteration=1 = 0.5[0m
[[2m[37m09:17:55[0m[2m[0m] [2mIQPE [E] (Lx=7.0, h=3.0, rep=3) iteration=2 = 0.25[0m
[[2m[37m09:17:56[0m[2m[0m] [2mIQPE [E] (Lx=12.0, h=4.0, rep=1) iteration=7 = 0.453125[0m
[[2m[37m09:17:56[0m[2m[0m] [2mIQPE [E] (Lx=12.0, h=3.0, rep=1) iteration=2 = 0.25[0m
[[2m[37m09:17:56[0m[2m[0m] [2mIQPE [E] (Lx=12.0, h=4.0, rep=1) iteration=8 = 0.7265625[0m
[[2m[37m09:17:56[0m[2m[0m] [2mIQPE [E] (Lx=12.0, h=4.0, rep=1) iteration=9 = 0.36328125[0m
[[2m[37m09:17:56[0m[2m[0m] [2mIQPE [E] (Lx=12.0, h=4.0, rep=1) iteration=10 = 0.181640625[0m
[[2m[37m09:17:56[0m[2m[0m] [2mIQPE [E] (Lx=12.0, h=4.0, rep=1) = -5.122449309636073[0m
[[2m[37m09:17:56[0m[2m[0m] [2mIQPE [E] (Lx=12.0, h=2.0, rep=1) iteration=4 = 0.6875[0m
[[2m[37m09:17:57[0m[2m[0m] [2mIQPE [E] (Lx=7.0, h=6.0, rep=3) iteration=3 = 0.125[0m
[[2m[37m09:17:57[0m[2m[0m] [2mIQPE [E] (Lx=7.0, h=3.0, rep=3) iteration=3 = 0.625[0m
[[2m[37m09:17:58[0m[2m[0m] [2mIQPE [E] (Lx=9.0, h=5.0, rep=2) iteration=2 = 0.75[0m
[[2m[37m09:17:58[0m[2m[0m] [2mIQPE [E] (Lx=12.0, h=0.5, rep=1) iteration=1 = 0.5[0m
[[2m[37m09:17:58[0m[2m[0m] [2mIQPE [E] (Lx=12.0, h=2.0, rep=1) iteration=5 = 0.84375[0m
[[2m[37m09:17:58[0m[2m[0m] [2mIQPE [E] (Lx=7.0, h=6.0, rep=3) iteration=4 = 0.0625[0m
[[2m[37m09:17:59[0m[2m[0m] [2mIQPE [E] (Lx=7.0, h=3.0, rep=3) iteration=4 = 0.3125[0m
[[2m[37m09:17:59[0m[2m[0m] [2mIQPE [E] (Lx=7.0, h=6.0, rep=3) iteration=5 = 0.03125[0m
[[2m[37m09:17:59[0m[2m[0m] [2mIQPE [E] (Lx=12.0, h=2.0, rep=1) iteration=6 = 0.421875[0m
[[2m[37m09:17:59[0m[2m[0m] [2mIQPE [E] (Lx=12.0, h=6.0, rep=1) iteration=3 = 0.125[0m
[[2m[37m09:17:59[0m[2m[0m] [2mIQPE [E] (Lx=7.0, h=6.0, rep=3) iteration=6 = 0.015625[0m
[[2m[37m09:17:59[0m[2m[0m] [2mIQPE [E] (Lx=7.0, h=3.0, rep=3) iteration=5 = 0.15625[0m
[[2m[37m09:17:59[0m[2m[0m] [2mIQPE [E] (Lx=12.0, h=2.0, rep=1) iteration=7 = 0.7109375[0m
[[2m[37m09:17:59[0m[2m[0m] [2mIQPE [E] (Lx=7.0, h=6.0, rep=3) iteration=7 = 0.0078125[0m
[[2m[37m09:18:00[0m[2m[0m] [2mIQPE [E] (Lx=7.0, h=2.0, rep=3) iteration=1 = 0.5[0m
[[2m[37m09:18:00[0m[2m[0m] [2mIQPE [E] (Lx=7.0, h=3.0, rep=3) iteration=6 = 0.578125[0m
[[2m[37m09:18:00[0m[2m[0m] [2mIQPE [E] (Lx=7.0, h=6.0, rep=3) iteration=8 = 0.00390625[0m
[[2m[37m09:18:00[0m[2m[0m] [2mIQPE [E] (Lx=12.0, h=2.0, rep=1) iteration=8 = 0.35546875[0m
[[2m[37m09:18:00[0m[2m[0m] [2mIQPE [E] (Lx=7.0, h=6.0, rep=3) iteration=9 = 0.001953125[0m
[[2m[37m09:18:00[0m[2m[0m] [2mIQPE [E] (Lx=7.0, h=3.0, rep=3) iteration=7 = 0.7890625[0m
[[2m[37m09:18:00[0m[2m[0m] [2mIQPE [E] (Lx=7.0, h=6.0, rep=3) iteration=10 = 0.0009765625[0m
[[2m[37m09:18:00[0m[2m[0m] [2mIQPE [E] (Lx=7.0, h=6.0, rep=3) = -0.027540050051806843[0m
[[2m[37m09:18:00[0m[2m[0m] [2mIQPE [E] (Lx=12.0, h=2.0, rep=1) iteration=9 = 0.177734375[0m
[[2m[37m09:18:00[0m[2m[0m] [2mIQPE [E] (Lx=7.0, h=3.0, rep=3) iteration=8 = 0.89453125[0m
[[2m[37m09:18:00[0m[2m[0m] [2mIQPE [E] (Lx=7.0, h=3.0, rep=3) iteration=9 = 0.947265625[0m
[[2m[37m09:18:00[0m[2m[0m] [2mIQPE [E] (Lx=12.0, h=2.0, rep=1) iteration=10 = 0.5888671875[0m
[[2m[37m09:18:00[0m[2m[0m] [2mIQPE [E] (Lx=12.0, h=2.0, rep=1) = -16.606650181239527[0m
[[2m[37m09:18:00[0m[2m[0m] [2mIQPE [E] (Lx=12.0, h=5.0, rep=1) iteration=3 = 0.125[0m
[[2m[37m09:18:00[0m[2m[0m] [2mIQPE [E] (Lx=7.0, h=3.0, rep=3) iteration=10 = 0.4736328125[0m
[[2m[37m09:18:00[0m[2m[0m] [2mIQPE [E] (Lx=7.0, h=3.0, rep=3) = -13.35692427512632[0m
[[2m[37m09:18:01[0m[2m[0m] [2mIQPE [E] (Lx=9.0, h=5.0, rep=2) iteration=3 = 0.875[0m
[[2m[37m09:18:01[0m[2m[0m] [2mIQPE [E] (Lx=12.0, h=3.0, rep=1) iteration=3 = 0.125[0m
[[2m[37m09:18:02[0m[2m[0m] [2mIQPE [E] (Lx=12.0, h=6.0, rep=1) iteration=4 = 0.5625[0m
[[2m[37m09:18:02[0m[2m[0m] [2mIQPE [E] (Lx=9.0, h=5.0, rep=2) iteration=4 = 0.4375[0m
[[2m[37m09:18:03[0m[2m[0m] [2mIQPE [E] (Lx=9.0, h=5.0, rep=2) iteration=5 = 0.71875[0m
[[2m[37m09:18:03[0m[2m[0m] [2mIQPE [E] (Lx=12.0, h=5.0, rep=1) iteration=4 = 0.5625[0m
[[2m[37m09:18:03[0m[2m[0m] [2mIQPE [E] (Lx=12.0, h=6.0, rep=1) iteration=5 = 0.78125[0m
[[2m[37m09:18:03[0m[2m[0m] [2mIQPE [E] (Lx=9.0, h=5.0, rep=2) iteration=6 = 0.859375[0m
[[2m[37m09:18:04[0m[2m[0m] [2mIQPE [E] (Lx=9.0, h=5.0, rep=2) iteration=7 = 0.9296875[0m
[[2m[37m09:18:04[0m[2m[0m] [2mIQPE [E] (Lx=7.0, h=2.0, rep=3) iteration=2 = 0.25[0m
[[2m[37m09:18:04[0m[2m[0m] [2mIQPE [E] (Lx=12.0, h=3.0, rep=1) iteration=4 = 0.0625[0m
[[2m[37m09:18:04[0m[2m[0m] [2mIQPE [E] (Lx=9.0, h=5.0, rep=2) iteration=8 = 0.96484375[0m
[[2m[37m09:18:04[0m[2m[0m] [2mIQPE [E] (Lx=9.0, h=5.0, rep=2) iteration=9 = 0.982421875[0m
[[2m[37m09:18:04[0m[2m[0m] [2mIQPE [E] (Lx=12.0, h=6.0, rep=1) iteration=6 = 0.890625[0m
[[2m[37m09:18:04[0m[2m[0m] [2mIQPE [E] (Lx=12.0, h=0.0, rep=1) iteration=2 = 0.0[0m
[[2m[37m09:18:04[0m[2m[0m] [2mIQPE [E] (Lx=9.0, h=5.0, rep=2) iteration=10 = 0.4912109375[0m
[[2m[37m09:18:04[0m[2m[0m] [2mIQPE [E] (Lx=9.0, h=5.0, rep=2) = -13.852645176058843[0m
[[2m[37m09:18:04[0m[2m[0m] [2mIQPE [E] (Lx=12.0, h=5.0, rep=1) iteration=5 = 0.28125[0m
[[2m[37m09:18:05[0m[2m[0m] [2mIQPE [E] (Lx=12.0, h=6.0, rep=1) iteration=7 = 0.4453125[0m
[[2m[37m09:18:05[0m[2m[0m] [2mIQPE [E] (Lx=12.0, h=6.0, rep=1) iteration=8 = 0.72265625[0m
[[2m[37m09:18:05[0m[2m[0m] [2mIQPE [E] (Lx=12.0, h=3.0, rep=1) iteration=5 = 0.53125[0m
[[2m[37m09:18:05[0m[2m[0m] [2mIQPE [E] (Lx=12.0, h=6.0, rep=1) iteration=9 = 0.361328125[0m
[[2m[37m09:18:05[0m[2m[0m] [2mIQPE [E] (Lx=12.0, h=5.0, rep=1) iteration=6 = 0.640625[0m
[[2m[37m09:18:05[0m[2m[0m] [2mIQPE [E] (Lx=12.0, h=6.0, rep=1) iteration=10 = 0.6806640625[0m
[[2m[37m09:18:05[0m[2m[0m] [2mIQPE [E] (Lx=12.0, h=6.0, rep=1) = -19.195414886109372[0m
[[2m[37m09:18:06[0m[2m[0m] [2mIQPE [E] (Lx=7.0, h=2.0, rep=3) iteration=3 = 0.625[0m
[[2m[37m09:18:06[0m[2m[0m] [2mIQPE [E] (Lx=12.0, h=5.0, rep=1) iteration=7 = 0.8203125[0m
[[2m[37m09:18:06[0m[2m[0m] [2mIQPE [E] (Lx=12.0, h=1.0, rep=1) iteration=2 = 0.0[0m
[[2m[37m09:18:06[0m[2m[0m] [2mIQPE [E] (Lx=12.0, h=5.0, rep=1) iteration=8 = 0.91015625[0m
[[2m[37m09:18:06[0m[2m[0m] [2mIQPE [E] (Lx=12.0, h=3.0, rep=1) iteration=6 = 0.265625[0m
[[2m[37m09:18:06[0m[2m[0m] [2mIQPE [E] (Lx=12.0, h=5.0, rep=1) iteration=9 = 0.955078125[0m
[[2m[37m09:18:07[0m[2m[0m] [2mIQPE [E] (Lx=12.0, h=5.0, rep=1) iteration=10 = 0.4775390625[0m
[[2m[37m09:18:07[0m[2m[0m] [2mIQPE [E] (Lx=12.0, h=5.0, rep=1) = -13.467084475333545[0m
[[2m[37m09:18:07[0m[2m[0m] [2mIQPE [E] (Lx=12.0, h=3.0, rep=1) iteration=7 = 0.6328125[0m
[[2m[37m09:18:07[0m[2m[0m] [2mIQPE [E] (Lx=9.0, h=0.0, rep=2) iteration=2 = 0.25[0m
[[2m[37m09:18:07[0m[2m[0m] [2mIQPE [E] (Lx=12.0, h=3.0, rep=1) iteration=8 = 0.81640625[0m
[[2m[37m09:18:07[0m[2m[0m] [2mIQPE [E] (Lx=7.0, h=2.0, rep=3) iteration=4 = 0.8125[0m
[[2m[37m09:18:07[0m[2m[0m] [2mIQPE [E] (Lx=12.0, h=3.0, rep=1) iteration=9 = 0.408203125[0m
[[2m[37m09:18:08[0m[2m[0m] [2mIQPE [E] (Lx=12.0, h=3.0, rep=1) iteration=10 = 0.2041015625[0m
[[2m[37m09:18:08[0m[2m[0m] [2mIQPE [E] (Lx=12.0, h=3.0, rep=1) = -5.755870460827631[0m
[[2m[37m09:18:08[0m[2m[0m] [2mIQPE [E] (Lx=7.0, h=2.0, rep=3) iteration=5 = 0.40625[0m
[[2m[37m09:18:08[0m[2m[0m] [2mIQPE [E] (Lx=7.0, h=2.0, rep=3) iteration=6 = 0.203125[0m
[[2m[37m09:18:08[0m[2m[0m] [2mIQPE [E] (Lx=7.0, h=2.0, rep=3) iteration=7 = 0.1015625[0m
[[2m[37m09:18:08[0m[2m[0m] [2mIQPE [E] (Lx=7.0, h=2.0, rep=3) iteration=8 = 0.05078125[0m
[[2m[37m09:18:09[0m[2m[0m] [2mIQPE [E] (Lx=7.0, h=2.0, rep=3) iteration=9 = 0.525390625[0m
[[2m[37m09:18:09[0m[2m[0m] [2mIQPE [E] (Lx=12.0, h=0.5, rep=1) iteration=2 = 0.25[0m
[[2m[37m09:18:09[0m[2m[0m] [2mIQPE [E] (Lx=7.0, h=2.0, rep=3) iteration=10 = 0.7626953125[0m
[[2m[37m09:18:09[0m[2m[0m] [2mIQPE [E] (Lx=7.0, h=2.0, rep=3) = -21.508779090461147[0m
[[2m[37m09:18:10[0m[2m[0m] [2mIQPE [E] (Lx=12.0, h=0.0, rep=1) iteration=3 = 0.5[0m
[[2m[37m09:18:11[0m[2m[0m] [2mIQPE [E] (Lx=9.0, h=0.0, rep=2) iteration=3 = 0.125[0m
[[2m[37m09:18:11[0m[2m[0m] [2mIQPE [E] (Lx=12.0, h=1.0, rep=1) iteration=3 = 0.5[0m
[[2m[37m09:18:12[0m[2m[0m] [2mIQPE [E] (Lx=12.0, h=0.0, rep=1) iteration=4 = 0.75[0m
[[2m[37m09:18:12[0m[2m[0m] [2mIQPE [E] (Lx=9.0, h=0.0, rep=2) iteration=4 = 0.5625[0m
[[2m[37m09:18:13[0m[2m[0m] [2mIQPE [E] (Lx=9.0, h=0.0, rep=2) iteration=5 = 0.78125[0m
[[2m[37m09:18:13[0m[2m[0m] [2mIQPE [E] (Lx=12.0, h=0.0, rep=1) iteration=5 = 0.375[0m
[[2m[37m09:18:13[0m[2m[0m] [2mIQPE [E] (Lx=9.0, h=0.0, rep=2) iteration=6 = 0.890625[0m
[[2m[37m09:18:14[0m[2m[0m] [2mIQPE [E] (Lx=9.0, h=0.0, rep=2) iteration=7 = 0.4453125[0m
[[2m[37m09:18:14[0m[2m[0m] [2mIQPE [E] (Lx=9.0, h=0.0, rep=2) iteration=8 = 0.72265625[0m
[[2m[37m09:18:14[0m[2m[0m] [2mIQPE [E] (Lx=9.0, h=0.0, rep=2) iteration=9 = 0.361328125[0m
[[2m[37m09:18:14[0m[2m[0m] [2mIQPE [E] (Lx=12.0, h=0.5, rep=1) iteration=3 = 0.125[0m
[[2m[37m09:18:14[0m[2m[0m] [2mIQPE [E] (Lx=9.0, h=0.0, rep=2) iteration=10 = 0.6806640625[0m
[[2m[37m09:18:14[0m[2m[0m] [2mIQPE [E] (Lx=9.0, h=0.0, rep=2) = -19.195414886109372[0m
[[2m[37m09:18:14[0m[2m[0m] [2mIQPE [E] (Lx=12.0, h=1.0, rep=1) iteration=4 = 0.25[0m
[[2m[37m09:18:14[0m[2m[0m] [2mIQPE [E] (Lx=12.0, h=0.0, rep=1) iteration=6 = 0.1875[0m
[[2m[37m09:18:15[0m[2m[0m] [2mIQPE [E] (Lx=12.0, h=0.0, rep=1) iteration=7 = 0.59375[0m
[[2m[37m09:18:15[0m[2m[0m] [2mIQPE [E] (Lx=12.0, h=0.0, rep=1) iteration=8 = 0.296875[0m
[[2m[37m09:18:15[0m[2m[0m] [2mIQPE [E] (Lx=12.0, h=0.0, rep=1) iteration=9 = 0.1484375[0m
[[2m[37m09:18:15[0m[2m[0m] [2mIQPE [E] (Lx=12.0, h=0.0, rep=1) iteration=10 = 0.57421875[0m
[[2m[37m09:18:15[0m[2m[0m] [2mIQPE [E] (Lx=12.0, h=0.0, rep=1) = -16.193549430462426[0m
[[2m[37m09:18:16[0m[2m[0m] [2mIQPE [E] (Lx=12.0, h=1.0, rep=1) iteration=5 = 0.625[0m
[[2m[37m09:18:17[0m[2m[0m] [2mIQPE [E] (Lx=12.0, h=1.0, rep=1) iteration=6 = 0.3125[0m
[[2m[37m09:18:17[0m[2m[0m] [2mIQPE [E] (Lx=12.0, h=0.5, rep=1) iteration=4 = 0.0625[0m
[[2m[37m09:18:17[0m[2m[0m] [2mIQPE [E] (Lx=12.0, h=1.0, rep=1) iteration=7 = 0.65625[0m
[[2m[37m09:18:17[0m[2m[0m] [2mIQPE [E] (Lx=6.0, h=0.0, rep=3) iteration=1 = 0.0[0m
[[2m[37m09:18:18[0m[2m[0m] [2mIQPE [E] (Lx=12.0, h=1.0, rep=1) iteration=8 = 0.828125[0m
[[2m[37m09:18:18[0m[2m[0m] [2mIQPE [E] (Lx=12.0, h=1.0, rep=1) iteration=9 = 0.9140625[0m
[[2m[37m09:18:18[0m[2m[0m] [2mIQPE [E] (Lx=12.0, h=1.0, rep=1) iteration=10 = 0.45703125[0m
[[2m[37m09:18:18[0m[2m[0m] [2mIQPE [E] (Lx=12.0, h=1.0, rep=1) = -12.888743424245602[0m
[[2m[37m09:18:18[0m[2m[0m] [2mIQPE [E] (Lx=12.0, h=0.5, rep=1) iteration=5 = 0.53125[0m
[[2m[37m09:18:19[0m[2m[0m] [2mIQPE [E] (Lx=12.0, h=0.5, rep=1) iteration=6 = 0.765625[0m
[[2m[37m09:18:20[0m[2m[0m] [2mIQPE [E] (Lx=12.0, h=0.5, rep=1) iteration=7 = 0.3828125[0m
[[2m[37m09:18:20[0m[2m[0m] [2mIQPE [E] (Lx=12.0, h=0.5, rep=1) iteration=8 = 0.19140625[0m
[[2m[37m09:18:20[0m[2m[0m] [2mIQPE [E] (Lx=12.0, h=0.5, rep=1) iteration=9 = 0.095703125[0m
[[2m[37m09:18:21[0m[2m[0m] [2mIQPE [E] (Lx=12.0, h=0.5, rep=1) iteration=10 = 0.5478515625[0m
[[2m[37m09:18:21[0m[2m[0m] [2mIQPE [E] (Lx=12.0, h=0.5, rep=1) = -15.44996807906364[0m
[[2m[37m09:18:22[0m[2m[0m] [2mIQPE [E] (Lx=7.0, h=1.0, rep=3) iteration=1 = 0.0[0m
[[2m[37m09:18:26[0m[2m[0m] [2mIQPE [E] (Lx=7.0, h=1.0, rep=3) iteration=2 = 0.5[0m
[[2m[37m09:18:26[0m[2m[0m] [2mIQPE [E] (Lx=7.0, h=5.0, rep=3) iteration=1 = 0.5[0m
[[2m[37m09:18:27[0m[2m[0m] [2mIQPE [E] (Lx=6.0, h=0.0, rep=3) iteration=2 = 0.5[0m
[[2m[37m09:18:28[0m[2m[0m] [2mIQPE [E] (Lx=7.0, h=1.0, rep=3) iteration=3 = 0.25[0m
[[2m[37m09:18:28[0m[2m[0m] [2mIQPE [E] (Lx=7.0, h=0.5, rep=3) iteration=1 = 0.0[0m
[[2m[37m09:18:30[0m[2m[0m] [2mIQPE [E] (Lx=7.0, h=1.0, rep=3) iteration=4 = 0.125[0m
[[2m[37m09:18:30[0m[2m[0m] [2mIQPE [E] (Lx=7.0, h=1.0, rep=3) iteration=5 = 0.0625[0m
[[2m[37m09:18:30[0m[2m[0m] [2mIQPE [E] (Lx=6.0, h=0.0, rep=3) iteration=3 = 0.75[0m
[[2m[37m09:18:31[0m[2m[0m] [2mIQPE [E] (Lx=7.0, h=1.0, rep=3) iteration=6 = 0.03125[0m
[[2m[37m09:18:31[0m[2m[0m] [2mIQPE [E] (Lx=7.0, h=5.0, rep=3) iteration=2 = 0.75[0m
[[2m[37m09:18:31[0m[2m[0m] [2mIQPE [E] (Lx=7.0, h=1.0, rep=3) iteration=7 = 0.515625[0m
[[2m[37m09:18:31[0m[2m[0m] [2mIQPE [E] (Lx=7.0, h=1.0, rep=3) iteration=8 = 0.7578125[0m
[[2m[37m09:18:31[0m[2m[0m] [2mIQPE [E] (Lx=7.0, h=1.0, rep=3) iteration=9 = 0.37890625[0m
[[2m[37m09:18:31[0m[2m[0m] [2mIQPE [E] (Lx=7.0, h=4.0, rep=3) iteration=1 = 0.5[0m
[[2m[37m09:18:31[0m[2m[0m] [2mIQPE [E] (Lx=6.0, h=0.0, rep=3) iteration=4 = 0.375[0m
[[2m[37m09:18:31[0m[2m[0m] [2mIQPE [E] (Lx=7.0, h=1.0, rep=3) iteration=10 = 0.689453125[0m
[[2m[37m09:18:31[0m[2m[0m] [2mIQPE [E] (Lx=7.0, h=1.0, rep=3) = -19.44327533657563[0m
[[2m[37m09:18:32[0m[2m[0m] [2mIQPE [E] (Lx=6.0, h=0.0, rep=3) iteration=5 = 0.1875[0m
[[2m[37m09:18:32[0m[2m[0m] [2mIQPE [E] (Lx=6.0, h=0.0, rep=3) iteration=6 = 0.59375[0m
[[2m[37m09:18:33[0m[2m[0m] [2mIQPE [E] (Lx=6.0, h=0.0, rep=3) iteration=7 = 0.296875[0m
[[2m[37m09:18:33[0m[2m[0m] [2mIQPE [E] (Lx=7.0, h=0.5, rep=3) iteration=2 = 0.5[0m
[[2m[37m09:18:33[0m[2m[0m] [2mIQPE [E] (Lx=6.0, h=0.0, rep=3) iteration=8 = 0.1484375[0m
[[2m[37m09:18:33[0m[2m[0m] [2mIQPE [E] (Lx=7.0, h=5.0, rep=3) iteration=3 = 0.875[0m
[[2m[37m09:18:33[0m[2m[0m] [2mIQPE [E] (Lx=6.0, h=0.0, rep=3) iteration=9 = 0.57421875[0m
[[2m[37m09:18:33[0m[2m[0m] [2mIQPE [E] (Lx=6.0, h=0.0, rep=3) iteration=10 = 0.787109375[0m
[[2m[37m09:18:33[0m[2m[0m] [2mIQPE [E] (Lx=6.0, h=0.0, rep=3) = -22.197280341756315[0m
[[2m[37m09:18:34[0m[2m[0m] [2mIQPE [E] (Lx=7.0, h=5.0, rep=3) iteration=4 = 0.4375[0m
[[2m[37m09:18:35[0m[2m[0m] [2mIQPE [E] (Lx=7.0, h=0.5, rep=3) iteration=3 = 0.25[0m
[[2m[37m09:18:35[0m[2m[0m] [2mIQPE [E] (Lx=7.0, h=5.0, rep=3) iteration=5 = 0.21875[0m
[[2m[37m09:18:35[0m[2m[0m] [2mIQPE [E] (Lx=7.0, h=5.0, rep=3) iteration=6 = 0.609375[0m
[[2m[37m09:18:35[0m[2m[0m] [2mIQPE [E] (Lx=7.0, h=5.0, rep=3) iteration=7 = 0.3046875[0m
[[2m[37m09:18:36[0m[2m[0m] [2mIQPE [E] (Lx=7.0, h=4.0, rep=3) iteration=2 = 0.25[0m
[[2m[37m09:18:36[0m[2m[0m] [2mIQPE [E] (Lx=7.0, h=5.0, rep=3) iteration=8 = 0.15234375[0m
[[2m[37m09:18:36[0m[2m[0m] [2mIQPE [E] (Lx=7.0, h=5.0, rep=3) iteration=9 = 0.076171875[0m
[[2m[37m09:18:36[0m[2m[0m] [2mIQPE [E] (Lx=7.0, h=5.0, rep=3) iteration=10 = 0.5380859375[0m
[[2m[37m09:18:36[0m[2m[0m] [2mIQPE [E] (Lx=7.0, h=5.0, rep=3) = -15.17456757854557[0m
[[2m[37m09:18:36[0m[2m[0m] [2mIQPE [E] (Lx=7.0, h=0.5, rep=3) iteration=4 = 0.125[0m
[[2m[37m09:18:37[0m[2m[0m] [2mIQPE [E] (Lx=7.0, h=0.5, rep=3) iteration=5 = 0.5625[0m
[[2m[37m09:18:37[0m[2m[0m] [2mIQPE [E] (Lx=7.0, h=0.5, rep=3) iteration=6 = 0.78125[0m
[[2m[37m09:18:37[0m[2m[0m] [2mIQPE [E] (Lx=7.0, h=0.5, rep=3) iteration=7 = 0.890625[0m
[[2m[37m09:18:37[0m[2m[0m] [2mIQPE [E] (Lx=7.0, h=0.5, rep=3) iteration=8 = 0.9453125[0m
[[2m[37m09:18:38[0m[2m[0m] [2mIQPE [E] (Lx=7.0, h=0.5, rep=3) iteration=9 = 0.47265625[0m
[[2m[37m09:18:38[0m[2m[0m] [2mIQPE [E] (Lx=7.0, h=0.5, rep=3) iteration=10 = 0.736328125[0m
[[2m[37m09:18:38[0m[2m[0m] [2mIQPE [E] (Lx=7.0, h=0.5, rep=3) = -20.76519773906236[0m
[[2m[37m09:18:38[0m[2m[0m] [2mIQPE [E] (Lx=7.0, h=4.0, rep=3) iteration=3 = 0.625[0m
[[2m[37m09:18:39[0m[2m[0m] [2mIQPE [E] (Lx=7.0, h=4.0, rep=3) iteration=4 = 0.3125[0m
[[2m[37m09:18:39[0m[2m[0m] [2mIQPE [E] (Lx=7.0, h=0.0, rep=3) iteration=1 = 0.0[0m
[[2m[37m09:18:40[0m[2m[0m] [2mIQPE [E] (Lx=7.0, h=4.0, rep=3) iteration=5 = 0.15625[0m
[[2m[37m09:18:40[0m[2m[0m] [2mIQPE [E] (Lx=7.0, h=4.0, rep=3) iteration=6 = 0.078125[0m
[[2m[37m09:18:40[0m[2m[0m] [2mIQPE [E] (Lx=7.0, h=4.0, rep=3) iteration=7 = 0.5390625[0m
[[2m[37m09:18:40[0m[2m[0m] [2mIQPE [E] (Lx=7.0, h=4.0, rep=3) iteration=8 = 0.76953125[0m
[[2m[37m09:18:41[0m[2m[0m] [2mIQPE [E] (Lx=7.0, h=4.0, rep=3) iteration=9 = 0.384765625[0m
[[2m[37m09:18:41[0m[2m[0m] [2mIQPE [E] (Lx=7.0, h=4.0, rep=3) iteration=10 = 0.6923828125[0m
[[2m[37m09:18:41[0m[2m[0m] [2mIQPE [E] (Lx=7.0, h=4.0, rep=3) = -19.525895486731052[0m
[[2m[37m09:18:47[0m[2m[0m] [2mIQPE [E] (Lx=10.0, h=6.0, rep=2) iteration=1 = 0.0[0m
[[2m[37m09:18:50[0m[2m[0m] [2mIQPE [E] (Lx=7.0, h=0.0, rep=3) iteration=2 = 0.5[0m
[[2m[37m09:18:52[0m[2m[0m] [2mIQPE [E] (Lx=8.0, h=0.5, rep=3) iteration=1 = 0.5[0m
[[2m[37m09:18:52[0m[2m[0m] [2mIQPE [E] (Lx=10.0, h=5.0, rep=2) iteration=1 = 0.0[0m
[[2m[37m09:18:53[0m[2m[0m] [2mIQPE [E] (Lx=7.0, h=0.0, rep=3) iteration=3 = 0.25[0m
[[2m[37m09:18:54[0m[2m[0m] [2mIQPE [E] (Lx=7.0, h=0.0, rep=3) iteration=4 = 0.125[0m
[[2m[37m09:18:54[0m[2m[0m] [2mIQPE [E] (Lx=10.0, h=6.0, rep=2) iteration=2 = 0.5[0m
[[2m[37m09:18:55[0m[2m[0m] [2mIQPE [E] (Lx=7.0, h=0.0, rep=3) iteration=5 = 0.0625[0m
[[2m[37m09:18:55[0m[2m[0m] [2mIQPE [E] (Lx=7.0, h=0.0, rep=3) iteration=6 = 0.03125[0m
[[2m[37m09:18:55[0m[2m[0m] [2mIQPE [E] (Lx=10.0, h=0.5, rep=2) iteration=1 = 0.0[0m
[[2m[37m09:18:55[0m[2m[0m] [2mIQPE [E] (Lx=7.0, h=0.0, rep=3) iteration=7 = 0.015625[0m
[[2m[37m09:18:55[0m[2m[0m] [2mIQPE [E] (Lx=7.0, h=0.0, rep=3) iteration=8 = 0.0078125[0m
[[2m[37m09:18:55[0m[2m[0m] [2mIQPE [E] (Lx=7.0, h=0.0, rep=3) iteration=9 = 0.50390625[0m
[[2m[37m09:18:56[0m[2m[0m] [2mIQPE [E] (Lx=7.0, h=0.0, rep=3) iteration=10 = 0.751953125[0m
[[2m[37m09:18:56[0m[2m[0m] [2mIQPE [E] (Lx=7.0, h=0.0, rep=3) = -21.20583853989127[0m
[[2m[37m09:18:56[0m[2m[0m] [2mIQPE [E] (Lx=8.0, h=5.0, rep=3) iteration=1 = 0.5[0m
[[2m[37m09:18:57[0m[2m[0m] [2mIQPE [E] (Lx=8.0, h=0.5, rep=3) iteration=2 = 0.75[0m
[[2m[37m09:18:58[0m[2m[0m] [2mIQPE [E] (Lx=10.0, h=6.0, rep=2) iteration=3 = 0.25[0m
[[2m[37m09:18:59[0m[2m[0m] [2mIQPE [E] (Lx=8.0, h=0.5, rep=3) iteration=3 = 0.375[0m
[[2m[37m09:18:59[0m[2m[0m] [2mIQPE [E] (Lx=10.0, h=5.0, rep=2) iteration=2 = 0.0[0m
[[2m[37m09:19:00[0m[2m[0m] [2mIQPE [E] (Lx=10.0, h=6.0, rep=2) iteration=4 = 0.625[0m
[[2m[37m09:19:00[0m[2m[0m] [2mIQPE [E] (Lx=8.0, h=0.5, rep=3) iteration=4 = 0.6875[0m
[[2m[37m09:19:01[0m[2m[0m] [2mIQPE [E] (Lx=10.0, h=6.0, rep=2) iteration=5 = 0.8125[0m
[[2m[37m09:19:01[0m[2m[0m] [2mIQPE [E] (Lx=8.0, h=5.0, rep=3) iteration=2 = 0.75[0m
[[2m[37m09:19:01[0m[2m[0m] [2mIQPE [E] (Lx=8.0, h=0.5, rep=3) iteration=5 = 0.34375[0m
[[2m[37m09:19:01[0m[2m[0m] [2mIQPE [E] (Lx=10.0, h=6.0, rep=2) iteration=6 = 0.40625[0m
[[2m[37m09:19:02[0m[2m[0m] [2mIQPE [E] (Lx=8.0, h=0.5, rep=3) iteration=6 = 0.171875[0m
[[2m[37m09:19:02[0m[2m[0m] [2mIQPE [E] (Lx=10.0, h=6.0, rep=2) iteration=7 = 0.703125[0m
[[2m[37m09:19:02[0m[2m[0m] [2mIQPE [E] (Lx=8.0, h=3.0, rep=3) iteration=1 = 0.0[0m
[[2m[37m09:19:02[0m[2m[0m] [2mIQPE [E] (Lx=10.0, h=6.0, rep=2) iteration=8 = 0.8515625[0m
[[2m[37m09:19:02[0m[2m[0m] [2mIQPE [E] (Lx=8.0, h=0.5, rep=3) iteration=7 = 0.5859375[0m
[[2m[37m09:19:02[0m[2m[0m] [2mIQPE [E] (Lx=10.0, h=6.0, rep=2) iteration=9 = 0.42578125[0m
[[2m[37m09:19:02[0m[2m[0m] [2mIQPE [E] (Lx=8.0, h=0.5, rep=3) iteration=8 = 0.79296875[0m
[[2m[37m09:19:02[0m[2m[0m] [2mIQPE [E] (Lx=10.0, h=0.5, rep=2) iteration=2 = 0.5[0m
[[2m[37m09:19:02[0m[2m[0m] [2mIQPE [E] (Lx=8.0, h=0.5, rep=3) iteration=9 = 0.396484375[0m
[[2m[37m09:19:02[0m[2m[0m] [2mIQPE [E] (Lx=8.0, h=0.5, rep=3) iteration=10 = 0.6982421875[0m
[[2m[37m09:19:02[0m[2m[0m] [2mIQPE [E] (Lx=8.0, h=0.5, rep=3) = -19.691135787041894[0m
[[2m[37m09:19:03[0m[2m[0m] [2mIQPE [E] (Lx=10.0, h=6.0, rep=2) iteration=10 = 0.712890625[0m
[[2m[37m09:19:03[0m[2m[0m] [2mIQPE [E] (Lx=10.0, h=6.0, rep=2) = -20.104236537819[0m
[[2m[37m09:19:03[0m[2m[0m] [2mIQPE [E] (Lx=10.0, h=5.0, rep=2) iteration=3 = 0.0[0m
[[2m[37m09:19:03[0m[2m[0m] [2mIQPE [E] (Lx=8.0, h=5.0, rep=3) iteration=3 = 0.375[0m
[[2m[37m09:19:05[0m[2m[0m] [2mIQPE [E] (Lx=8.0, h=5.0, rep=3) iteration=4 = 0.1875[0m
[[2m[37m09:19:05[0m[2m[0m] [2mIQPE [E] (Lx=10.0, h=5.0, rep=2) iteration=4 = 0.0[0m
[[2m[37m09:19:06[0m[2m[0m] [2mIQPE [E] (Lx=8.0, h=5.0, rep=3) iteration=5 = 0.09375[0m
[[2m[37m09:19:06[0m[2m[0m] [2mIQPE [E] (Lx=8.0, h=1.0, rep=3) iteration=1 = 0.0[0m
[[2m[37m09:19:06[0m[2m[0m] [2mIQPE [E] (Lx=10.0, h=5.0, rep=2) iteration=5 = 0.5[0m
[[2m[37m09:19:06[0m[2m[0m] [2mIQPE [E] (Lx=10.0, h=0.5, rep=2) iteration=3 = 0.75[0m
[[2m[37m09:19:06[0m[2m[0m] [2mIQPE [E] (Lx=8.0, h=5.0, rep=3) iteration=6 = 0.546875[0m
[[2m[37m09:19:06[0m[2m[0m] [2mIQPE [E] (Lx=10.0, h=5.0, rep=2) iteration=6 = 0.75[0m
[[2m[37m09:19:06[0m[2m[0m] [2mIQPE [E] (Lx=8.0, h=5.0, rep=3) iteration=7 = 0.7734375[0m
[[2m[37m09:19:06[0m[2m[0m] [2mIQPE [E] (Lx=8.0, h=5.0, rep=3) iteration=8 = 0.38671875[0m
[[2m[37m09:19:07[0m[2m[0m] [2mIQPE [E] (Lx=10.0, h=5.0, rep=2) iteration=7 = 0.375[0m
[[2m[37m09:19:07[0m[2m[0m] [2mIQPE [E] (Lx=8.0, h=5.0, rep=3) iteration=9 = 0.193359375[0m
[[2m[37m09:19:07[0m[2m[0m] [2mIQPE [E] (Lx=10.0, h=5.0, rep=2) iteration=8 = 0.1875[0m
[[2m[37m09:19:07[0m[2m[0m] [2mIQPE [E] (Lx=8.0, h=5.0, rep=3) iteration=10 = 0.0966796875[0m
[[2m[37m09:19:07[0m[2m[0m] [2mIQPE [E] (Lx=8.0, h=5.0, rep=3) = -2.7264649551288778[0m
[[2m[37m09:19:07[0m[2m[0m] [2mIQPE [E] (Lx=8.0, h=3.0, rep=3) iteration=2 = 0.5[0m
[[2m[37m09:19:07[0m[2m[0m] [2mIQPE [E] (Lx=10.0, h=5.0, rep=2) iteration=9 = 0.59375[0m
[[2m[37m09:19:07[0m[2m[0m] [2mIQPE [E] (Lx=10.0, h=5.0, rep=2) iteration=10 = 0.296875[0m
[[2m[37m09:19:07[0m[2m[0m] [2mIQPE [E] (Lx=10.0, h=5.0, rep=2) = -8.37217521574928[0m
[[2m[37m09:19:08[0m[2m[0m] [2mIQPE [E] (Lx=10.0, h=0.5, rep=2) iteration=4 = 0.875[0m
[[2m[37m09:19:08[0m[2m[0m] [2mIQPE [E] (Lx=8.0, h=6.0, rep=3) iteration=1 = 0.0[0m
[[2m[37m09:19:09[0m[2m[0m] [2mIQPE [E] (Lx=10.0, h=0.5, rep=2) iteration=5 = 0.9375[0m
[[2m[37m09:19:09[0m[2m[0m] [2mIQPE [E] (Lx=10.0, h=0.5, rep=2) iteration=6 = 0.96875[0m
[[2m[37m09:19:09[0m[2m[0m] [2mIQPE [E] (Lx=8.0, h=3.0, rep=3) iteration=3 = 0.75[0m
[[2m[37m09:19:10[0m[2m[0m] [2mIQPE [E] (Lx=10.0, h=0.5, rep=2) iteration=7 = 0.984375[0m
[[2m[37m09:19:10[0m[2m[0m] [2mIQPE [E] (Lx=10.0, h=0.5, rep=2) iteration=8 = 0.4921875[0m
[[2m[37m09:19:10[0m[2m[0m] [2mIQPE [E] (Lx=10.0, h=0.5, rep=2) iteration=9 = 0.24609375[0m
[[2m[37m09:19:10[0m[2m[0m] [2mIQPE [E] (Lx=10.0, h=0.5, rep=2) iteration=10 = 0.623046875[0m
[[2m[37m09:19:10[0m[2m[0m] [2mIQPE [E] (Lx=10.0, h=0.5, rep=2) = -17.570551933052766[0m
[[2m[37m09:19:11[0m[2m[0m] [2mIQPE [E] (Lx=8.0, h=3.0, rep=3) iteration=4 = 0.375[0m
[[2m[37m09:19:11[0m[2m[0m] [2mIQPE [E] (Lx=8.0, h=1.0, rep=3) iteration=2 = 0.0[0m
[[2m[37m09:19:12[0m[2m[0m] [2mIQPE [E] (Lx=8.0, h=3.0, rep=3) iteration=5 = 0.6875[0m
[[2m[37m09:19:12[0m[2m[0m] [2mIQPE [E] (Lx=8.0, h=3.0, rep=3) iteration=6 = 0.84375[0m
[[2m[37m09:19:12[0m[2m[0m] [2mIQPE [E] (Lx=8.0, h=3.0, rep=3) iteration=7 = 0.421875[0m
[[2m[37m09:19:12[0m[2m[0m] [2mIQPE [E] (Lx=8.0, h=3.0, rep=3) iteration=8 = 0.2109375[0m
[[2m[37m09:19:13[0m[2m[0m] [2mIQPE [E] (Lx=8.0, h=3.0, rep=3) iteration=9 = 0.60546875[0m
[[2m[37m09:19:13[0m[2m[0m] [2mIQPE [E] (Lx=8.0, h=3.0, rep=3) iteration=10 = 0.802734375[0m
[[2m[37m09:19:13[0m[2m[0m] [2mIQPE [E] (Lx=8.0, h=3.0, rep=3) = -22.637921142585228[0m
[[2m[37m09:19:13[0m[2m[0m] [2mIQPE [E] (Lx=8.0, h=1.0, rep=3) iteration=3 = 0.5[0m
[[2m[37m09:19:13[0m[2m[0m] [2mIQPE [E] (Lx=8.0, h=6.0, rep=3) iteration=2 = 0.5[0m
[[2m[37m09:19:14[0m[2m[0m] [2mIQPE [E] (Lx=8.0, h=1.0, rep=3) iteration=4 = 0.25[0m
[[2m[37m09:19:15[0m[2m[0m] [2mIQPE [E] (Lx=8.0, h=1.0, rep=3) iteration=5 = 0.125[0m
[[2m[37m09:19:16[0m[2m[0m] [2mIQPE [E] (Lx=8.0, h=1.0, rep=3) iteration=6 = 0.0625[0m
[[2m[37m09:19:16[0m[2m[0m] [2mIQPE [E] (Lx=8.0, h=6.0, rep=3) iteration=3 = 0.25[0m
[[2m[37m09:19:16[0m[2m[0m] [2mIQPE [E] (Lx=8.0, h=1.0, rep=3) iteration=7 = 0.03125[0m
[[2m[37m09:19:16[0m[2m[0m] [2mIQPE [E] (Lx=8.0, h=1.0, rep=3) iteration=8 = 0.515625[0m
[[2m[37m09:19:16[0m[2m[0m] [2mIQPE [E] (Lx=8.0, h=1.0, rep=3) iteration=9 = 0.2578125[0m
[[2m[37m09:19:16[0m[2m[0m] [2mIQPE [E] (Lx=8.0, h=1.0, rep=3) iteration=10 = 0.62890625[0m
[[2m[37m09:19:16[0m[2m[0m] [2mIQPE [E] (Lx=8.0, h=1.0, rep=3) = -17.735792233363608[0m
[[2m[37m09:19:17[0m[2m[0m] [2mIQPE [E] (Lx=8.0, h=6.0, rep=3) iteration=4 = 0.625[0m
[[2m[37m09:19:18[0m[2m[0m] [2mIQPE [E] (Lx=8.0, h=6.0, rep=3) iteration=5 = 0.3125[0m
[[2m[37m09:19:18[0m[2m[0m] [2mIQPE [E] (Lx=8.0, h=2.0, rep=3) iteration=1 = 0.5[0m
[[2m[37m09:19:18[0m[2m[0m] [2mIQPE [E] (Lx=8.0, h=6.0, rep=3) iteration=6 = 0.15625[0m
[[2m[37m09:19:18[0m[2m[0m] [2mIQPE [E] (Lx=10.0, h=1.0, rep=2) iteration=1 = 0.0[0m
[[2m[37m09:19:19[0m[2m[0m] [2mIQPE [E] (Lx=8.0, h=6.0, rep=3) iteration=7 = 0.078125[0m
[[2m[37m09:19:19[0m[2m[0m] [2mIQPE [E] (Lx=8.0, h=6.0, rep=3) iteration=8 = 0.0390625[0m
[[2m[37m09:19:19[0m[2m[0m] [2mIQPE [E] (Lx=8.0, h=6.0, rep=3) iteration=9 = 0.51953125[0m
[[2m[37m09:19:19[0m[2m[0m] [2mIQPE [E] (Lx=8.0, h=6.0, rep=3) iteration=10 = 0.759765625[0m
[[2m[37m09:19:19[0m[2m[0m] [2mIQPE [E] (Lx=8.0, h=6.0, rep=3) = -21.426158940305726[0m
[[2m[37m09:19:23[0m[2m[0m] [2mIQPE [E] (Lx=8.0, h=2.0, rep=3) iteration=2 = 0.25[0m
[[2m[37m09:19:25[0m[2m[0m] [2mIQPE [E] (Lx=10.0, h=4.0, rep=2) iteration=1 = 0.5[0m
[[2m[37m09:19:26[0m[2m[0m] [2mIQPE [E] (Lx=10.0, h=1.0, rep=2) iteration=2 = 0.5[0m
[[2m[37m09:19:26[0m[2m[0m] [2mIQPE [E] (Lx=10.0, h=3.0, rep=2) iteration=1 = 0.5[0m
[[2m[37m09:19:26[0m[2m[0m] [2mIQPE [E] (Lx=8.0, h=2.0, rep=3) iteration=3 = 0.625[0m
[[2m[37m09:19:27[0m[2m[0m] [2mIQPE [E] (Lx=8.0, h=2.0, rep=3) iteration=4 = 0.8125[0m
[[2m[37m09:19:28[0m[2m[0m] [2mIQPE [E] (Lx=8.0, h=2.0, rep=3) iteration=5 = 0.90625[0m
[[2m[37m09:19:28[0m[2m[0m] [2mIQPE [E] (Lx=8.0, h=2.0, rep=3) iteration=6 = 0.953125[0m
[[2m[37m09:19:29[0m[2m[0m] [2mIQPE [E] (Lx=10.0, h=0.0, rep=2) iteration=1 = 0.5[0m
[[2m[37m09:19:29[0m[2m[0m] [2mIQPE [E] (Lx=8.0, h=2.0, rep=3) iteration=7 = 0.4765625[0m
[[2m[37m09:19:29[0m[2m[0m] [2mIQPE [E] (Lx=8.0, h=2.0, rep=3) iteration=8 = 0.23828125[0m
[[2m[37m09:19:29[0m[2m[0m] [2mIQPE [E] (Lx=10.0, h=1.0, rep=2) iteration=3 = 0.75[0m
[[2m[37m09:19:29[0m[2m[0m] [2mIQPE [E] (Lx=8.0, h=2.0, rep=3) iteration=9 = 0.119140625[0m
[[2m[37m09:19:29[0m[2m[0m] [2mIQPE [E] (Lx=8.0, h=2.0, rep=3) iteration=10 = 0.5595703125[0m
[[2m[37m09:19:29[0m[2m[0m] [2mIQPE [E] (Lx=8.0, h=2.0, rep=3) = -15.780448679685321[0m
[[2m[37m09:19:30[0m[2m[0m] [2mIQPE [E] (Lx=10.0, h=2.0, rep=2) iteration=1 = 0.5[0m
[[2m[37m09:19:31[0m[2m[0m] [2mIQPE [E] (Lx=10.0, h=1.0, rep=2) iteration=4 = 0.875[0m
[[2m[37m09:19:31[0m[2m[0m] [2mIQPE [E] (Lx=8.0, h=4.0, rep=3) iteration=1 = 0.5[0m
[[2m[37m09:19:32[0m[2m[0m] [2mIQPE [E] (Lx=10.0, h=1.0, rep=2) iteration=5 = 0.4375[0m
[[2m[37m09:19:32[0m[2m[0m] [2mIQPE [E] (Lx=10.0, h=4.0, rep=2) iteration=2 = 0.75[0m
[[2m[37m09:19:33[0m[2m[0m] [2mIQPE [E] (Lx=10.0, h=1.0, rep=2) iteration=6 = 0.71875[0m
[[2m[37m09:19:33[0m[2m[0m] [2mIQPE [E] (Lx=10.0, h=1.0, rep=2) iteration=7 = 0.359375[0m
[[2m[37m09:19:33[0m[2m[0m] [2mIQPE [E] (Lx=10.0, h=3.0, rep=2) iteration=2 = 0.75[0m
[[2m[37m09:19:33[0m[2m[0m] [2mIQPE [E] (Lx=10.0, h=1.0, rep=2) iteration=8 = 0.1796875[0m
[[2m[37m09:19:33[0m[2m[0m] [2mIQPE [E] (Lx=10.0, h=1.0, rep=2) iteration=9 = 0.08984375[0m
[[2m[37m09:19:34[0m[2m[0m] [2mIQPE [E] (Lx=10.0, h=1.0, rep=2) iteration=10 = 0.544921875[0m
[[2m[37m09:19:34[0m[2m[0m] [2mIQPE [E] (Lx=10.0, h=1.0, rep=2) = -15.367347928908218[0m
[[2m[37m09:19:36[0m[2m[0m] [2mIQPE [E] (Lx=10.0, h=4.0, rep=2) iteration=3 = 0.875[0m
[[2m[37m09:19:37[0m[2m[0m] [2mIQPE [E] (Lx=10.0, h=3.0, rep=2) iteration=3 = 0.875[0m
[[2m[37m09:19:37[0m[2m[0m] [2mIQPE [E] (Lx=8.0, h=4.0, rep=3) iteration=2 = 0.75[0m
[[2m[37m09:19:37[0m[2m[0m] [2mIQPE [E] (Lx=10.0, h=2.0, rep=2) iteration=2 = 0.75[0m
[[2m[37m09:19:38[0m[2m[0m] [2mIQPE [E] (Lx=10.0, h=4.0, rep=2) iteration=4 = 0.4375[0m
[[2m[37m09:19:39[0m[2m[0m] [2mIQPE [E] (Lx=10.0, h=3.0, rep=2) iteration=4 = 0.9375[0m
[[2m[37m09:19:39[0m[2m[0m] [2mIQPE [E] (Lx=10.0, h=4.0, rep=2) iteration=5 = 0.71875[0m
[[2m[37m09:19:39[0m[2m[0m] [2mIQPE [E] (Lx=10.0, h=4.0, rep=2) iteration=6 = 0.359375[0m
[[2m[37m09:19:39[0m[2m[0m] [2mIQPE [E] (Lx=8.0, h=4.0, rep=3) iteration=3 = 0.875[0m
[[2m[37m09:19:39[0m[2m[0m] [2mIQPE [E] (Lx=10.0, h=3.0, rep=2) iteration=5 = 0.96875[0m
[[2m[37m09:19:39[0m[2m[0m] [2mIQPE [E] (Lx=10.0, h=4.0, rep=2) iteration=7 = 0.1796875[0m
[[2m[37m09:19:40[0m[2m[0m] [2mIQPE [E] (Lx=10.0, h=4.0, rep=2) iteration=8 = 0.08984375[0m
[[2m[37m09:19:40[0m[2m[0m] [2mIQPE [E] (Lx=10.0, h=4.0, rep=2) iteration=9 = 0.044921875[0m
[[2m[37m09:19:40[0m[2m[0m] [2mIQPE [E] (Lx=10.0, h=3.0, rep=2) iteration=6 = 0.984375[0m
[[2m[37m09:19:40[0m[2m[0m] [2mIQPE [E] (Lx=10.0, h=3.0, rep=2) iteration=7 = 0.9921875[0m
[[2m[37m09:19:40[0m[2m[0m] [2mIQPE [E] (Lx=10.0, h=4.0, rep=2) iteration=10 = 0.5224609375[0m
[[2m[37m09:19:40[0m[2m[0m] [2mIQPE [E] (Lx=10.0, h=4.0, rep=2) = -14.733926777716663[0m
[[2m[37m09:19:40[0m[2m[0m] [2mIQPE [E] (Lx=8.0, h=4.0, rep=3) iteration=4 = 0.4375[0m
[[2m[37m09:19:40[0m[2m[0m] [2mIQPE [E] (Lx=10.0, h=3.0, rep=2) iteration=8 = 0.99609375[0m
[[2m[37m09:19:41[0m[2m[0m] [2mIQPE [E] (Lx=10.0, h=2.0, rep=2) iteration=3 = 0.875[0m
[[2m[37m09:19:41[0m[2m[0m] [2mIQPE [E] (Lx=10.0, h=3.0, rep=2) iteration=9 = 0.498046875[0m
[[2m[37m09:19:41[0m[2m[0m] [2mIQPE [E] (Lx=10.0, h=0.0, rep=2) iteration=2 = 0.25[0m
[[2m[37m09:19:41[0m[2m[0m] [2mIQPE [E] (Lx=10.0, h=3.0, rep=2) iteration=10 = 0.7490234375[0m
[[2m[37m09:19:41[0m[2m[0m] [2mIQPE [E] (Lx=10.0, h=3.0, rep=2) = -21.12321838973585[0m
[[2m[37m09:19:41[0m[2m[0m] [2mIQPE [E] (Lx=8.0, h=4.0, rep=3) iteration=5 = 0.21875[0m
[[2m[37m09:19:42[0m[2m[0m] [2mIQPE [E] (Lx=8.0, h=4.0, rep=3) iteration=6 = 0.609375[0m
[[2m[37m09:19:42[0m[2m[0m] [2mIQPE [E] (Lx=8.0, h=4.0, rep=3) iteration=7 = 0.3046875[0m
[[2m[37m09:19:42[0m[2m[0m] [2mIQPE [E] (Lx=8.0, h=4.0, rep=3) iteration=8 = 0.15234375[0m
[[2m[37m09:19:42[0m[2m[0m] [2mIQPE [E] (Lx=8.0, h=4.0, rep=3) iteration=9 = 0.076171875[0m
[[2m[37m09:19:42[0m[2m[0m] [2mIQPE [E] (Lx=8.0, h=4.0, rep=3) iteration=10 = 0.5380859375[0m
[[2m[37m09:19:42[0m[2m[0m] [2mIQPE [E] (Lx=8.0, h=4.0, rep=3) = -15.17456757854557[0m
[[2m[37m09:19:43[0m[2m[0m] [2mIQPE [E] (Lx=10.0, h=2.0, rep=2) iteration=4 = 0.4375[0m
[[2m[37m09:19:44[0m[2m[0m] [2mIQPE [E] (Lx=10.0, h=2.0, rep=2) iteration=5 = 0.21875[0m
[[2m[37m09:19:44[0m[2m[0m] [2mIQPE [E] (Lx=10.0, h=2.0, rep=2) iteration=6 = 0.109375[0m
[[2m[37m09:19:44[0m[2m[0m] [2mIQPE [E] (Lx=10.0, h=2.0, rep=2) iteration=7 = 0.0546875[0m
[[2m[37m09:19:45[0m[2m[0m] [2mIQPE [E] (Lx=10.0, h=2.0, rep=2) iteration=8 = 0.52734375[0m
[[2m[37m09:19:45[0m[2m[0m] [2mIQPE [E] (Lx=10.0, h=2.0, rep=2) iteration=9 = 0.763671875[0m
[[2m[37m09:19:45[0m[2m[0m] [2mIQPE [E] (Lx=10.0, h=0.0, rep=2) iteration=3 = 0.625[0m
[[2m[37m09:19:45[0m[2m[0m] [2mIQPE [E] (Lx=10.0, h=2.0, rep=2) iteration=10 = 0.3818359375[0m
[[2m[37m09:19:45[0m[2m[0m] [2mIQPE [E] (Lx=10.0, h=2.0, rep=2) = -10.768159570256476[0m
[[2m[37m09:19:47[0m[2m[0m] [2mIQPE [E] (Lx=10.0, h=0.0, rep=2) iteration=4 = 0.3125[0m
[[2m[37m09:19:48[0m[2m[0m] [2mIQPE [E] (Lx=10.0, h=0.0, rep=2) iteration=5 = 0.65625[0m
[[2m[37m09:19:48[0m[2m[0m] [2mIQPE [E] (Lx=10.0, h=0.0, rep=2) iteration=6 = 0.328125[0m
[[2m[37m09:19:48[0m[2m[0m] [2mIQPE [E] (Lx=10.0, h=0.0, rep=2) iteration=7 = 0.1640625[0m
[[2m[37m09:19:49[0m[2m[0m] [2mIQPE [E] (Lx=10.0, h=0.0, rep=2) iteration=8 = 0.58203125[0m
[[2m[37m09:19:49[0m[2m[0m] [2mIQPE [E] (Lx=10.0, h=0.0, rep=2) iteration=9 = 0.291015625[0m
[[2m[37m09:19:49[0m[2m[0m] [2mIQPE [E] (Lx=10.0, h=0.0, rep=2) iteration=10 = 0.6455078125[0m
[[2m[37m09:19:49[0m[2m[0m] [2mIQPE [E] (Lx=10.0, h=0.0, rep=2) = -18.203973084244325[0m
[[2m[37m09:20:12[0m[2m[0m] [2mIQPE [E] (Lx=8.0, h=0.0, rep=3) iteration=1 = 0.0[0m
[[2m[37m09:20:13[0m[2m[0m] [2mIQPE [E] (Lx=9.0, h=3.0, rep=3) iteration=1 = 0.0[0m
[[2m[37m09:20:15[0m[2m[0m] [2mIQPE [E] (Lx=9.0, h=2.0, rep=3) iteration=1 = 0.0[0m
[[2m[37m09:20:15[0m[2m[0m] [2mIQPE [E] (Lx=9.0, h=4.0, rep=3) iteration=1 = 0.5[0m
[[2m[37m09:20:17[0m[2m[0m] [2mIQPE [E] (Lx=9.0, h=1.0, rep=3) iteration=1 = 0.0[0m
[[2m[37m09:20:18[0m[2m[0m] [2mIQPE [E] (Lx=9.0, h=3.0, rep=3) iteration=2 = 0.0[0m
[[2m[37m09:20:19[0m[2m[0m] [2mIQPE [E] (Lx=9.0, h=6.0, rep=3) iteration=1 = 0.0[0m
[[2m[37m09:20:21[0m[2m[0m] [2mIQPE [E] (Lx=9.0, h=2.0, rep=3) iteration=2 = 0.0[0m
[[2m[37m09:20:21[0m[2m[0m] [2mIQPE [E] (Lx=9.0, h=3.0, rep=3) iteration=3 = 0.0[0m
[[2m[37m09:20:21[0m[2m[0m] [2mIQPE [E] (Lx=9.0, h=4.0, rep=3) iteration=2 = 0.75[0m
[[2m[37m09:20:22[0m[2m[0m] [2mIQPE [E] (Lx=9.0, h=0.5, rep=3) iteration=1 = 0.5[0m
[[2m[37m09:20:23[0m[2m[0m] [2mIQPE [E] (Lx=9.0, h=1.0, rep=3) iteration=2 = 0.0[0m
[[2m[37m09:20:23[0m[2m[0m] [2mIQPE [E] (Lx=8.0, h=0.0, rep=3) iteration=2 = 0.5[0m
[[2m[37m09:20:23[0m[2m[0m] [2mIQPE [E] (Lx=9.0, h=3.0, rep=3) iteration=4 = 0.0[0m
[[2m[37m09:20:24[0m[2m[0m] [2mIQPE [E] (Lx=9.0, h=2.0, rep=3) iteration=3 = 0.5[0m
[[2m[37m09:20:24[0m[2m[0m] [2mIQPE [E] (Lx=9.0, h=3.0, rep=3) iteration=5 = 0.0[0m
[[2m[37m09:20:24[0m[2m[0m] [2mIQPE [E] (Lx=9.0, h=3.0, rep=3) iteration=6 = 0.0[0m
[[2m[37m09:20:24[0m[2m[0m] [2mIQPE [E] (Lx=9.0, h=4.0, rep=3) iteration=3 = 0.375[0m
[[2m[37m09:20:25[0m[2m[0m] [2mIQPE [E] (Lx=9.0, h=3.0, rep=3) iteration=7 = 0.5[0m
[[2m[37m09:20:25[0m[2m[0m] [2mIQPE [E] (Lx=9.0, h=3.0, rep=3) iteration=8 = 0.75[0m
[[2m[37m09:20:25[0m[2m[0m] [2mIQPE [E] (Lx=9.0, h=3.0, rep=3) iteration=9 = 0.875[0m
[[2m[37m09:20:25[0m[2m[0m] [2mIQPE [E] (Lx=9.0, h=3.0, rep=3) iteration=10 = 0.4375[0m
[[2m[37m09:20:25[0m[2m[0m] [2mIQPE [E] (Lx=9.0, h=3.0, rep=3) = -12.337942423209466[0m
[[2m[37m09:20:25[0m[2m[0m] [2mIQPE [E] (Lx=9.0, h=2.0, rep=3) iteration=4 = 0.75[0m
[[2m[37m09:20:26[0m[2m[0m] [2mIQPE [E] (Lx=9.0, h=1.0, rep=3) iteration=3 = 0.0[0m
[[2m[37m09:20:26[0m[2m[0m] [2mIQPE [E] (Lx=9.0, h=6.0, rep=3) iteration=2 = 0.0[0m
[[2m[37m09:20:26[0m[2m[0m] [2mIQPE [E] (Lx=9.0, h=4.0, rep=3) iteration=4 = 0.6875[0m
[[2m[37m09:20:26[0m[2m[0m] [2mIQPE [E] (Lx=8.0, h=0.0, rep=3) iteration=3 = 0.75[0m
[[2m[37m09:20:26[0m[2m[0m] [2mIQPE [E] (Lx=9.0, h=2.0, rep=3) iteration=5 = 0.375[0m
[[2m[37m09:20:27[0m[2m[0m] [2mIQPE [E] (Lx=9.0, h=2.0, rep=3) iteration=6 = 0.1875[0m
[[2m[37m09:20:27[0m[2m[0m] [2mIQPE [E] (Lx=9.0, h=4.0, rep=3) iteration=5 = 0.34375[0m
[[2m[37m09:20:27[0m[2m[0m] [2mIQPE [E] (Lx=9.0, h=2.0, rep=3) iteration=7 = 0.59375[0m
[[2m[37m09:20:27[0m[2m[0m] [2mIQPE [E] (Lx=9.0, h=4.0, rep=3) iteration=6 = 0.171875[0m
[[2m[37m09:20:27[0m[2m[0m] [2mIQPE [E] (Lx=9.0, h=2.0, rep=3) iteration=8 = 0.796875[0m
[[2m[37m09:20:27[0m[2m[0m] [2mIQPE [E] (Lx=9.0, h=2.0, rep=3) iteration=9 = 0.3984375[0m
[[2m[37m09:20:27[0m[2m[0m] [2mIQPE [E] (Lx=9.0, h=1.0, rep=3) iteration=4 = 0.0[0m
[[2m[37m09:20:27[0m[2m[0m] [2mIQPE [E] (Lx=9.0, h=4.0, rep=3) iteration=7 = 0.0859375[0m
[[2m[37m09:20:28[0m[2m[0m] [2mIQPE [E] (Lx=9.0, h=2.0, rep=3) iteration=10 = 0.69921875[0m
[[2m[37m09:20:28[0m[2m[0m] [2mIQPE [E] (Lx=9.0, h=2.0, rep=3) = -19.718675837093702[0m
[[2m[37m09:20:28[0m[2m[0m] [2mIQPE [E] (Lx=9.0, h=4.0, rep=3) iteration=8 = 0.54296875[0m
[[2m[37m09:20:28[0m[2m[0m] [2mIQPE [E] (Lx=9.0, h=4.0, rep=3) iteration=9 = 0.271484375[0m
[[2m[37m09:20:28[0m[2m[0m] [2mIQPE [E] (Lx=8.0, h=0.0, rep=3) iteration=4 = 0.875[0m
[[2m[37m09:20:28[0m[2m[0m] [2mIQPE [E] (Lx=9.0, h=4.0, rep=3) iteration=10 = 0.6357421875[0m
[[2m[37m09:20:28[0m[2m[0m] [2mIQPE [E] (Lx=9.0, h=4.0, rep=3) = -17.928572583726254[0m
[[2m[37m09:20:28[0m[2m[0m] [2mIQPE [E] (Lx=9.0, h=0.5, rep=3) iteration=2 = 0.25[0m
[[2m[37m09:20:28[0m[2m[0m] [2mIQPE [E] (Lx=9.0, h=1.0, rep=3) iteration=5 = 0.0[0m
[[2m[37m09:20:28[0m[2m[0m] [2mIQPE [E] (Lx=8.0, h=0.0, rep=3) iteration=5 = 0.9375[0m
[[2m[37m09:20:29[0m[2m[0m] [2mIQPE [E] (Lx=9.0, h=1.0, rep=3) iteration=6 = 0.5[0m
[[2m[37m09:20:29[0m[2m[0m] [2mIQPE [E] (Lx=8.0, h=0.0, rep=3) iteration=6 = 0.46875[0m
[[2m[37m09:20:29[0m[2m[0m] [2mIQPE [E] (Lx=9.0, h=6.0, rep=3) iteration=3 = 0.5[0m
[[2m[37m09:20:29[0m[2m[0m] [2mIQPE [E] (Lx=9.0, h=1.0, rep=3) iteration=7 = 0.75[0m
[[2m[37m09:20:29[0m[2m[0m] [2mIQPE [E] (Lx=8.0, h=0.0, rep=3) iteration=7 = 0.734375[0m
[[2m[37m09:20:29[0m[2m[0m] [2mIQPE [E] (Lx=9.0, h=1.0, rep=3) iteration=8 = 0.375[0m
[[2m[37m09:20:29[0m[2m[0m] [2mIQPE [E] (Lx=8.0, h=0.0, rep=3) iteration=8 = 0.8671875[0m
[[2m[37m09:20:29[0m[2m[0m] [2mIQPE [E] (Lx=9.0, h=1.0, rep=3) iteration=9 = 0.1875[0m
[[2m[37m09:20:29[0m[2m[0m] [2mIQPE [E] (Lx=8.0, h=0.0, rep=3) iteration=9 = 0.43359375[0m
[[2m[37m09:20:29[0m[2m[0m] [2mIQPE [E] (Lx=9.0, h=1.0, rep=3) iteration=10 = 0.59375[0m
[[2m[37m09:20:29[0m[2m[0m] [2mIQPE [E] (Lx=9.0, h=1.0, rep=3) = -16.74435043149856[0m
[[2m[37m09:20:29[0m[2m[0m] [2mIQPE [E] (Lx=8.0, h=0.0, rep=3) iteration=10 = 0.716796875[0m
[[2m[37m09:20:29[0m[2m[0m] [2mIQPE [E] (Lx=8.0, h=0.0, rep=3) = -20.214396738026224[0m
[[2m[37m09:20:30[0m[2m[0m] [2mIQPE [E] (Lx=9.0, h=6.0, rep=3) iteration=4 = 0.25[0m
[[2m[37m09:20:31[0m[2m[0m] [2mIQPE [E] (Lx=9.0, h=0.5, rep=3) iteration=3 = 0.625[0m
[[2m[37m09:20:31[0m[2m[0m] [2mIQPE [E] (Lx=9.0, h=6.0, rep=3) iteration=5 = 0.625[0m
[[2m[37m09:20:31[0m[2m[0m] [2mIQPE [E] (Lx=9.0, h=6.0, rep=3) iteration=6 = 0.3125[0m
[[2m[37m09:20:32[0m[2m[0m] [2mIQPE [E] (Lx=9.0, h=6.0, rep=3) iteration=7 = 0.65625[0m
[[2m[37m09:20:32[0m[2m[0m] [2mIQPE [E] (Lx=9.0, h=6.0, rep=3) iteration=8 = 0.828125[0m
[[2m[37m09:20:32[0m[2m[0m] [2mIQPE [E] (Lx=9.0, h=6.0, rep=3) iteration=9 = 0.9140625[0m
[[2m[37m09:20:32[0m[2m[0m] [2mIQPE [E] (Lx=9.0, h=5.0, rep=3) iteration=1 = 0.5[0m
[[2m[37m09:20:33[0m[2m[0m] [2mIQPE [E] (Lx=9.0, h=6.0, rep=3) iteration=10 = 0.95703125[0m
[[2m[37m09:20:33[0m[2m[0m] [2mIQPE [E] (Lx=9.0, h=6.0, rep=3) = -26.989249050770706[0m
[[2m[37m09:20:33[0m[2m[0m] [2mIQPE [E] (Lx=9.0, h=0.5, rep=3) iteration=4 = 0.3125[0m
[[2m[37m09:20:33[0m[2m[0m] [2mIQPE [E] (Lx=9.0, h=0.5, rep=3) iteration=5 = 0.15625[0m
[[2m[37m09:20:34[0m[2m[0m] [2mIQPE [E] (Lx=9.0, h=0.5, rep=3) iteration=6 = 0.578125[0m
[[2m[37m09:20:34[0m[2m[0m] [2mIQPE [E] (Lx=9.0, h=0.5, rep=3) iteration=7 = 0.2890625[0m
[[2m[37m09:20:34[0m[2m[0m] [2mIQPE [E] (Lx=9.0, h=0.5, rep=3) iteration=8 = 0.64453125[0m
[[2m[37m09:20:34[0m[2m[0m] [2mIQPE [E] (Lx=9.0, h=0.5, rep=3) iteration=9 = 0.322265625[0m
[[2m[37m09:20:35[0m[2m[0m] [2mIQPE [E] (Lx=9.0, h=0.5, rep=3) iteration=10 = 0.6611328125[0m
[[2m[37m09:20:35[0m[2m[0m] [2mIQPE [E] (Lx=9.0, h=0.5, rep=3) = -18.644613885073234[0m
[[2m[37m09:20:38[0m[2m[0m] [2mIQPE [E] (Lx=9.0, h=5.0, rep=3) iteration=2 = 0.75[0m
[[2m[37m09:20:41[0m[2m[0m] [2mIQPE [E] (Lx=9.0, h=5.0, rep=3) iteration=3 = 0.875[0m
[[2m[37m09:20:43[0m[2m[0m] [2mIQPE [E] (Lx=9.0, h=5.0, rep=3) iteration=4 = 0.4375[0m
[[2m[37m09:20:44[0m[2m[0m] [2mIQPE [E] (Lx=9.0, h=5.0, rep=3) iteration=5 = 0.71875[0m
[[2m[37m09:20:44[0m[2m[0m] [2mIQPE [E] (Lx=9.0, h=5.0, rep=3) iteration=6 = 0.859375[0m
[[2m[37m09:20:45[0m[2m[0m] [2mIQPE [E] (Lx=9.0, h=5.0, rep=3) iteration=7 = 0.9296875[0m
[[2m[37m09:20:45[0m[2m[0m] [2mIQPE [E] (Lx=9.0, h=5.0, rep=3) iteration=8 = 0.96484375[0m
[[2m[37m09:20:45[0m[2m[0m] [2mIQPE [E] (Lx=9.0, h=5.0, rep=3) iteration=9 = 0.982421875[0m
[[2m[37m09:20:45[0m[2m[0m] [2mIQPE [E] (Lx=9.0, h=5.0, rep=3) iteration=10 = 0.9912109375[0m
[[2m[37m09:20:45[0m[2m[0m] [2mIQPE [E] (Lx=9.0, h=5.0, rep=3) = -27.95315080258395[0m
[[2m[37m09:20:48[0m[2m[0m] [2mIQPE [E] (Lx=9.0, h=0.0, rep=3) iteration=1 = 0.5[0m
[[2m[37m09:21:00[0m[2m[0m] [2mIQPE [E] (Lx=9.0, h=0.0, rep=3) iteration=2 = 0.25[0m
[[2m[37m09:21:03[0m[2m[0m] [2mIQPE [E] (Lx=9.0, h=0.0, rep=3) iteration=3 = 0.125[0m
[[2m[37m09:21:05[0m[2m[0m] [2mIQPE [E] (Lx=9.0, h=0.0, rep=3) iteration=4 = 0.5625[0m
[[2m[37m09:21:06[0m[2m[0m] [2mIQPE [E] (Lx=9.0, h=0.0, rep=3) iteration=5 = 0.78125[0m
[[2m[37m09:21:06[0m[2m[0m] [2mIQPE [E] (Lx=9.0, h=0.0, rep=3) iteration=6 = 0.890625[0m
[[2m[37m09:21:06[0m[2m[0m] [2mIQPE [E] (Lx=9.0, h=0.0, rep=3) iteration=7 = 0.4453125[0m
[[2m[37m09:21:06[0m[2m[0m] [2mIQPE [E] (Lx=9.0, h=0.0, rep=3) iteration=8 = 0.72265625[0m
[[2m[37m09:21:07[0m[2m[0m] [2mIQPE [E] (Lx=9.0, h=0.0, rep=3) iteration=9 = 0.361328125[0m
[[2m[37m09:21:07[0m[2m[0m] [2mIQPE [E] (Lx=9.0, h=0.0, rep=3) iteration=10 = 0.6806640625[0m
[[2m[37m09:21:07[0m[2m[0m] [2mIQPE [E] (Lx=9.0, h=0.0, rep=3) = -19.195414886109372[0m
[[2m[37m09:22:00[0m[2m[0m] [2mIQPE [E] (Lx=10.0, h=6.0, rep=3) iteration=1 = 0.0[0m
[[2m[37m09:22:07[0m[2m[0m] [2mIQPE [E] (Lx=10.0, h=6.0, rep=3) iteration=2 = 0.5[0m
[[2m[37m09:22:10[0m[2m[0m] [2mIQPE [E] (Lx=10.0, h=5.0, rep=3) iteration=1 = 0.0[0m
[[2m[37m09:22:10[0m[2m[0m] [2mIQPE [E] (Lx=10.0, h=0.5, rep=3) iteration=1 = 0.0[0m
[[2m[37m09:22:10[0m[2m[0m] [2mIQPE [E] (Lx=10.0, h=6.0, rep=3) iteration=3 = 0.25[0m
[[2m[37m09:22:12[0m[2m[0m] [2mIQPE [E] (Lx=10.0, h=6.0, rep=3) iteration=4 = 0.625[0m
[[2m[37m09:22:13[0m[2m[0m] [2mIQPE [E] (Lx=10.0, h=6.0, rep=3) iteration=5 = 0.8125[0m
[[2m[37m09:22:14[0m[2m[0m] [2mIQPE [E] (Lx=10.0, h=6.0, rep=3) iteration=6 = 0.40625[0m
[[2m[37m09:22:14[0m[2m[0m] [2mIQPE [E] (Lx=10.0, h=6.0, rep=3) iteration=7 = 0.703125[0m
[[2m[37m09:22:14[0m[2m[0m] [2mIQPE [E] (Lx=10.0, h=6.0, rep=3) iteration=8 = 0.8515625[0m
[[2m[37m09:22:15[0m[2m[0m] [2mIQPE [E] (Lx=10.0, h=6.0, rep=3) iteration=9 = 0.42578125[0m
[[2m[37m09:22:15[0m[2m[0m] [2mIQPE [E] (Lx=10.0, h=6.0, rep=3) iteration=10 = 0.212890625[0m
[[2m[37m09:22:15[0m[2m[0m] [2mIQPE [E] (Lx=10.0, h=6.0, rep=3) = -6.003730911293891[0m
[[2m[37m09:22:17[0m[2m[0m] [2mIQPE [E] (Lx=10.0, h=5.0, rep=3) iteration=2 = 0.0[0m
[[2m[37m09:22:17[0m[2m[0m] [2mIQPE [E] (Lx=10.0, h=0.5, rep=3) iteration=2 = 0.5[0m
[[2m[37m09:22:21[0m[2m[0m] [2mIQPE [E] (Lx=10.0, h=5.0, rep=3) iteration=3 = 0.0[0m
[[2m[37m09:22:21[0m[2m[0m] [2mIQPE [E] (Lx=10.0, h=0.5, rep=3) iteration=3 = 0.75[0m
[[2m[37m09:22:22[0m[2m[0m] [2mIQPE [E] (Lx=10.0, h=5.0, rep=3) iteration=4 = 0.0[0m
[[2m[37m09:22:22[0m[2m[0m] [2mIQPE [E] (Lx=10.0, h=0.5, rep=3) iteration=4 = 0.875[0m
[[2m[37m09:22:23[0m[2m[0m] [2mIQPE [E] (Lx=10.0, h=5.0, rep=3) iteration=5 = 0.5[0m
[[2m[37m09:22:23[0m[2m[0m] [2mIQPE [E] (Lx=10.0, h=0.5, rep=3) iteration=5 = 0.9375[0m
[[2m[37m09:22:24[0m[2m[0m] [2mIQPE [E] (Lx=10.0, h=5.0, rep=3) iteration=6 = 0.75[0m
[[2m[37m09:22:24[0m[2m[0m] [2mIQPE [E] (Lx=10.0, h=0.5, rep=3) iteration=6 = 0.96875[0m
[[2m[37m09:22:24[0m[2m[0m] [2mIQPE [E] (Lx=10.0, h=5.0, rep=3) iteration=7 = 0.375[0m
[[2m[37m09:22:24[0m[2m[0m] [2mIQPE [E] (Lx=10.0, h=0.5, rep=3) iteration=7 = 0.984375[0m
[[2m[37m09:22:25[0m[2m[0m] [2mIQPE [E] (Lx=10.0, h=5.0, rep=3) iteration=8 = 0.1875[0m
[[2m[37m09:22:25[0m[2m[0m] [2mIQPE [E] (Lx=10.0, h=0.5, rep=3) iteration=8 = 0.4921875[0m
[[2m[37m09:22:25[0m[2m[0m] [2mIQPE [E] (Lx=10.0, h=5.0, rep=3) iteration=9 = 0.09375[0m
[[2m[37m09:22:25[0m[2m[0m] [2mIQPE [E] (Lx=10.0, h=0.5, rep=3) iteration=9 = 0.24609375[0m
[[2m[37m09:22:25[0m[2m[0m] [2mIQPE [E] (Lx=10.0, h=5.0, rep=3) iteration=10 = 0.046875[0m
[[2m[37m09:22:25[0m[2m[0m] [2mIQPE [E] (Lx=10.0, h=5.0, rep=3) = -1.3219224024867284[0m
[[2m[37m09:22:25[0m[2m[0m] [2mIQPE [E] (Lx=10.0, h=0.5, rep=3) iteration=10 = 0.623046875[0m
[[2m[37m09:22:25[0m[2m[0m] [2mIQPE [E] (Lx=10.0, h=0.5, rep=3) = -17.570551933052766[0m
[[2m[37m09:22:37[0m[2m[0m] [2mIQPE [E] (Lx=10.0, h=1.0, rep=3) iteration=1 = 0.0[0m
[[2m[37m09:22:44[0m[2m[0m] [2mIQPE [E] (Lx=10.0, h=1.0, rep=3) iteration=2 = 0.5[0m
[[2m[37m09:22:48[0m[2m[0m] [2mIQPE [E] (Lx=10.0, h=1.0, rep=3) iteration=3 = 0.75[0m
[[2m[37m09:22:49[0m[2m[0m] [2mIQPE [E] (Lx=10.0, h=1.0, rep=3) iteration=4 = 0.875[0m
[[2m[37m09:22:50[0m[2m[0m] [2mIQPE [E] (Lx=10.0, h=1.0, rep=3) iteration=5 = 0.9375[0m
[[2m[37m09:22:51[0m[2m[0m] [2mIQPE [E] (Lx=10.0, h=4.0, rep=3) iteration=1 = 0.5[0m
[[2m[37m09:22:51[0m[2m[0m] [2mIQPE [E] (Lx=10.0, h=1.0, rep=3) iteration=6 = 0.96875[0m
[[2m[37m09:22:51[0m[2m[0m] [2mIQPE [E] (Lx=10.0, h=1.0, rep=3) iteration=7 = 0.484375[0m
[[2m[37m09:22:52[0m[2m[0m] [2mIQPE [E] (Lx=10.0, h=1.0, rep=3) iteration=8 = 0.2421875[0m
[[2m[37m09:22:52[0m[2m[0m] [2mIQPE [E] (Lx=10.0, h=1.0, rep=3) iteration=9 = 0.12109375[0m
[[2m[37m09:22:52[0m[2m[0m] [2mIQPE [E] (Lx=10.0, h=1.0, rep=3) iteration=10 = 0.560546875[0m
[[2m[37m09:22:52[0m[2m[0m] [2mIQPE [E] (Lx=10.0, h=1.0, rep=3) = -15.807988729737128[0m
[[2m[37m09:22:52[0m[2m[0m] [2mIQPE [E] (Lx=10.0, h=3.0, rep=3) iteration=1 = 0.5[0m
[[2m[37m09:22:58[0m[2m[0m] [2mIQPE [E] (Lx=10.0, h=4.0, rep=3) iteration=2 = 0.75[0m
[[2m[37m09:22:58[0m[2m[0m] [2mIQPE [E] (Lx=10.0, h=2.0, rep=3) iteration=1 = 0.5[0m
[[2m[37m09:22:58[0m[2m[0m] [2mIQPE [E] (Lx=10.0, h=0.0, rep=3) iteration=1 = 0.5[0m
[[2m[37m09:22:59[0m[2m[0m] [2mIQPE [E] (Lx=10.0, h=3.0, rep=3) iteration=2 = 0.75[0m
[[2m[37m09:23:01[0m[2m[0m] [2mIQPE [E] (Lx=10.0, h=4.0, rep=3) iteration=3 = 0.875[0m
[[2m[37m09:23:03[0m[2m[0m] [2mIQPE [E] (Lx=10.0, h=3.0, rep=3) iteration=3 = 0.875[0m
[[2m[37m09:23:03[0m[2m[0m] [2mIQPE [E] (Lx=10.0, h=4.0, rep=3) iteration=4 = 0.4375[0m
[[2m[37m09:23:04[0m[2m[0m] [2mIQPE [E] (Lx=10.0, h=4.0, rep=3) iteration=5 = 0.71875[0m
[[2m[37m09:23:04[0m[2m[0m] [2mIQPE [E] (Lx=10.0, h=4.0, rep=3) iteration=6 = 0.859375[0m
[[2m[37m09:23:04[0m[2m[0m] [2mIQPE [E] (Lx=10.0, h=3.0, rep=3) iteration=4 = 0.9375[0m
[[2m[37m09:23:05[0m[2m[0m] [2mIQPE [E] (Lx=10.0, h=4.0, rep=3) iteration=7 = 0.9296875[0m
[[2m[37m09:23:05[0m[2m[0m] [2mIQPE [E] (Lx=10.0, h=2.0, rep=3) iteration=2 = 0.75[0m
[[2m[37m09:23:05[0m[2m[0m] [2mIQPE [E] (Lx=10.0, h=4.0, rep=3) iteration=8 = 0.96484375[0m
[[2m[37m09:23:05[0m[2m[0m] [2mIQPE [E] (Lx=10.0, h=3.0, rep=3) iteration=5 = 0.96875[0m
[[2m[37m09:23:06[0m[2m[0m] [2mIQPE [E] (Lx=10.0, h=4.0, rep=3) iteration=9 = 0.482421875[0m
[[2m[37m09:23:06[0m[2m[0m] [2mIQPE [E] (Lx=10.0, h=4.0, rep=3) iteration=10 = 0.2412109375[0m
[[2m[37m09:23:06[0m[2m[0m] [2mIQPE [E] (Lx=10.0, h=4.0, rep=3) = -6.80239236279629[0m
[[2m[37m09:23:06[0m[2m[0m] [2mIQPE [E] (Lx=10.0, h=3.0, rep=3) iteration=6 = 0.984375[0m
[[2m[37m09:23:06[0m[2m[0m] [2mIQPE [E] (Lx=10.0, h=3.0, rep=3) iteration=7 = 0.9921875[0m
[[2m[37m09:23:07[0m[2m[0m] [2mIQPE [E] (Lx=10.0, h=3.0, rep=3) iteration=8 = 0.99609375[0m
[[2m[37m09:23:07[0m[2m[0m] [2mIQPE [E] (Lx=10.0, h=3.0, rep=3) iteration=9 = 0.998046875[0m
[[2m[37m09:23:07[0m[2m[0m] [2mIQPE [E] (Lx=10.0, h=3.0, rep=3) iteration=10 = 0.4990234375[0m
[[2m[37m09:23:07[0m[2m[0m] [2mIQPE [E] (Lx=10.0, h=3.0, rep=3) = -14.072965576473296[0m
[[2m[37m09:23:08[0m[2m[0m] [2mIQPE [E] (Lx=12.0, h=2.0, rep=2) iteration=1 = 0.5[0m
[[2m[37m09:23:09[0m[2m[0m] [2mIQPE [E] (Lx=12.0, h=4.0, rep=2) iteration=1 = 0.0[0m
[[2m[37m09:23:09[0m[2m[0m] [2mIQPE [E] (Lx=10.0, h=2.0, rep=3) iteration=3 = 0.875[0m
[[2m[37m09:23:10[0m[2m[0m] [2mIQPE [E] (Lx=10.0, h=2.0, rep=3) iteration=4 = 0.4375[0m
[[2m[37m09:23:10[0m[2m[0m] [2mIQPE [E] (Lx=10.0, h=0.0, rep=3) iteration=2 = 0.25[0m
[[2m[37m09:23:11[0m[2m[0m] [2mIQPE [E] (Lx=10.0, h=2.0, rep=3) iteration=5 = 0.21875[0m
[[2m[37m09:23:12[0m[2m[0m] [2mIQPE [E] (Lx=10.0, h=2.0, rep=3) iteration=6 = 0.109375[0m
[[2m[37m09:23:12[0m[2m[0m] [2mIQPE [E] (Lx=10.0, h=2.0, rep=3) iteration=7 = 0.0546875[0m
[[2m[37m09:23:13[0m[2m[0m] [2mIQPE [E] (Lx=10.0, h=2.0, rep=3) iteration=8 = 0.52734375[0m
[[2m[37m09:23:13[0m[2m[0m] [2mIQPE [E] (Lx=10.0, h=2.0, rep=3) iteration=9 = 0.763671875[0m
[[2m[37m09:23:13[0m[2m[0m] [2mIQPE [E] (Lx=10.0, h=2.0, rep=3) iteration=10 = 0.3818359375[0m
[[2m[37m09:23:13[0m[2m[0m] [2mIQPE [E] (Lx=10.0, h=2.0, rep=3) = -10.768159570256476[0m
[[2m[37m09:23:14[0m[2m[0m] [2mIQPE [E] (Lx=10.0, h=0.0, rep=3) iteration=3 = 0.625[0m
[[2m[37m09:23:15[0m[2m[0m] [2mIQPE [E] (Lx=12.0, h=3.0, rep=2) iteration=1 = 0.5[0m
[[2m[37m09:23:15[0m[2m[0m] [2mIQPE [E] (Lx=12.0, h=6.0, rep=2) iteration=1 = 0.5[0m
[[2m[37m09:23:16[0m[2m[0m] [2mIQPE [E] (Lx=10.0, h=0.0, rep=3) iteration=4 = 0.3125[0m
[[2m[37m09:23:17[0m[2m[0m] [2mIQPE [E] (Lx=10.0, h=0.0, rep=3) iteration=5 = 0.65625[0m
[[2m[37m09:23:17[0m[2m[0m] [2mIQPE [E] (Lx=10.0, h=0.0, rep=3) iteration=6 = 0.328125[0m
[[2m[37m09:23:17[0m[2m[0m] [2mIQPE [E] (Lx=10.0, h=0.0, rep=3) iteration=7 = 0.1640625[0m
[[2m[37m09:23:18[0m[2m[0m] [2mIQPE [E] (Lx=10.0, h=0.0, rep=3) iteration=8 = 0.58203125[0m
[[2m[37m09:23:18[0m[2m[0m] [2mIQPE [E] (Lx=12.0, h=2.0, rep=2) iteration=2 = 0.75[0m
[[2m[37m09:23:18[0m[2m[0m] [2mIQPE [E] (Lx=10.0, h=0.0, rep=3) iteration=9 = 0.291015625[0m
[[2m[37m09:23:18[0m[2m[0m] [2mIQPE [E] (Lx=10.0, h=0.0, rep=3) iteration=10 = 0.6455078125[0m
[[2m[37m09:23:18[0m[2m[0m] [2mIQPE [E] (Lx=10.0, h=0.0, rep=3) = -18.203973084244325[0m
[[2m[37m09:23:18[0m[2m[0m] [2mIQPE [E] (Lx=12.0, h=4.0, rep=2) iteration=2 = 0.5[0m
[[2m[37m09:23:19[0m[2m[0m] [2mIQPE [E] (Lx=12.0, h=5.0, rep=2) iteration=1 = 0.5[0m
[[2m[37m09:23:23[0m[2m[0m] [2mIQPE [E] (Lx=12.0, h=2.0, rep=2) iteration=3 = 0.375[0m
[[2m[37m09:23:23[0m[2m[0m] [2mIQPE [E] (Lx=12.0, h=4.0, rep=2) iteration=3 = 0.25[0m
[[2m[37m09:23:25[0m[2m[0m] [2mIQPE [E] (Lx=12.0, h=3.0, rep=2) iteration=2 = 0.25[0m
[[2m[37m09:23:25[0m[2m[0m] [2mIQPE [E] (Lx=12.0, h=6.0, rep=2) iteration=2 = 0.25[0m
[[2m[37m09:23:25[0m[2m[0m] [2mIQPE [E] (Lx=12.0, h=2.0, rep=2) iteration=4 = 0.6875[0m
[[2m[37m09:23:25[0m[2m[0m] [2mIQPE [E] (Lx=12.0, h=4.0, rep=2) iteration=4 = 0.625[0m
[[2m[37m09:23:27[0m[2m[0m] [2mIQPE [E] (Lx=12.0, h=2.0, rep=2) iteration=5 = 0.84375[0m
[[2m[37m09:23:27[0m[2m[0m] [2mIQPE [E] (Lx=12.0, h=4.0, rep=2) iteration=5 = 0.8125[0m
[[2m[37m09:23:27[0m[2m[0m] [2mIQPE [E] (Lx=12.0, h=2.0, rep=2) iteration=6 = 0.421875[0m
[[2m[37m09:23:27[0m[2m[0m] [2mIQPE [E] (Lx=12.0, h=4.0, rep=2) iteration=6 = 0.90625[0m
[[2m[37m09:23:28[0m[2m[0m] [2mIQPE [E] (Lx=12.0, h=2.0, rep=2) iteration=7 = 0.7109375[0m
[[2m[37m09:23:28[0m[2m[0m] [2mIQPE [E] (Lx=12.0, h=4.0, rep=2) iteration=7 = 0.453125[0m
[[2m[37m09:23:28[0m[2m[0m] [2mIQPE [E] (Lx=12.0, h=2.0, rep=2) iteration=8 = 0.85546875[0m
[[2m[37m09:23:28[0m[2m[0m] [2mIQPE [E] (Lx=12.0, h=4.0, rep=2) iteration=8 = 0.7265625[0m
[[2m[37m09:23:28[0m[2m[0m] [2mIQPE [E] (Lx=12.0, h=2.0, rep=2) iteration=9 = 0.927734375[0m
[[2m[37m09:23:28[0m[2m[0m] [2mIQPE [E] (Lx=12.0, h=4.0, rep=2) iteration=9 = 0.36328125[0m
[[2m[37m09:23:29[0m[2m[0m] [2mIQPE [E] (Lx=12.0, h=5.0, rep=2) iteration=2 = 0.25[0m
[[2m[37m09:23:29[0m[2m[0m] [2mIQPE [E] (Lx=12.0, h=2.0, rep=2) iteration=10 = 0.4638671875[0m
[[2m[37m09:23:29[0m[2m[0m] [2mIQPE [E] (Lx=12.0, h=2.0, rep=2) = -13.081523774608252[0m
[[2m[37m09:23:29[0m[2m[0m] [2mIQPE [E] (Lx=12.0, h=4.0, rep=2) iteration=10 = 0.681640625[0m
[[2m[37m09:23:29[0m[2m[0m] [2mIQPE [E] (Lx=12.0, h=4.0, rep=2) = -19.222954936161177[0m
[[2m[37m09:23:30[0m[2m[0m] [2mIQPE [E] (Lx=12.0, h=3.0, rep=2) iteration=3 = 0.125[0m
[[2m[37m09:23:30[0m[2m[0m] [2mIQPE [E] (Lx=12.0, h=6.0, rep=2) iteration=3 = 0.125[0m
[[2m[37m09:23:31[0m[2m[0m] [2mIQPE [E] (Lx=12.0, h=0.5, rep=2) iteration=1 = 0.5[0m
[[2m[37m09:23:32[0m[2m[0m] [2mIQPE [E] (Lx=12.0, h=3.0, rep=2) iteration=4 = 0.5625[0m
[[2m[37m09:23:32[0m[2m[0m] [2mIQPE [E] (Lx=12.0, h=6.0, rep=2) iteration=4 = 0.5625[0m
[[2m[37m09:23:33[0m[2m[0m] [2mIQPE [E] (Lx=12.0, h=5.0, rep=2) iteration=3 = 0.125[0m
[[2m[37m09:23:34[0m[2m[0m] [2mIQPE [E] (Lx=12.0, h=3.0, rep=2) iteration=5 = 0.28125[0m
[[2m[37m09:23:34[0m[2m[0m] [2mIQPE [E] (Lx=12.0, h=6.0, rep=2) iteration=5 = 0.28125[0m
[[2m[37m09:23:34[0m[2m[0m] [2mIQPE [E] (Lx=12.0, h=3.0, rep=2) iteration=6 = 0.140625[0m
[[2m[37m09:23:35[0m[2m[0m] [2mIQPE [E] (Lx=12.0, h=6.0, rep=2) iteration=6 = 0.640625[0m
[[2m[37m09:23:35[0m[2m[0m] [2mIQPE [E] (Lx=12.0, h=3.0, rep=2) iteration=7 = 0.0703125[0m
[[2m[37m09:23:35[0m[2m[0m] [2mIQPE [E] (Lx=12.0, h=6.0, rep=2) iteration=7 = 0.3203125[0m
[[2m[37m09:23:35[0m[2m[0m] [2mIQPE [E] (Lx=12.0, h=3.0, rep=2) iteration=8 = 0.03515625[0m
[[2m[37m09:23:35[0m[2m[0m] [2mIQPE [E] (Lx=12.0, h=6.0, rep=2) iteration=8 = 0.66015625[0m
[[2m[37m09:23:35[0m[2m[0m] [2mIQPE [E] (Lx=12.0, h=3.0, rep=2) iteration=9 = 0.017578125[0m
[[2m[37m09:23:36[0m[2m[0m] [2mIQPE [E] (Lx=12.0, h=3.0, rep=2) iteration=10 = 0.5087890625[0m
[[2m[37m09:23:36[0m[2m[0m] [2mIQPE [E] (Lx=12.0, h=3.0, rep=2) = -14.348366076991365[0m
[[2m[37m09:23:36[0m[2m[0m] [2mIQPE [E] (Lx=12.0, h=6.0, rep=2) iteration=9 = 0.330078125[0m
[[2m[37m09:23:36[0m[2m[0m] [2mIQPE [E] (Lx=12.0, h=6.0, rep=2) iteration=10 = 0.1650390625[0m
[[2m[37m09:23:36[0m[2m[0m] [2mIQPE [E] (Lx=12.0, h=6.0, rep=2) = -4.654268458755356[0m
[[2m[37m09:23:36[0m[2m[0m] [2mIQPE [E] (Lx=12.0, h=5.0, rep=2) iteration=4 = 0.0625[0m
[[2m[37m09:23:38[0m[2m[0m] [2mIQPE [E] (Lx=12.0, h=5.0, rep=2) iteration=5 = 0.53125[0m
[[2m[37m09:23:38[0m[2m[0m] [2mIQPE [E] (Lx=12.0, h=5.0, rep=2) iteration=6 = 0.765625[0m
[[2m[37m09:23:39[0m[2m[0m] [2mIQPE [E] (Lx=12.0, h=5.0, rep=2) iteration=7 = 0.8828125[0m
[[2m[37m09:23:39[0m[2m[0m] [2mIQPE [E] (Lx=12.0, h=0.0, rep=2) iteration=1 = 0.0[0m
[[2m[37m09:23:39[0m[2m[0m] [2mIQPE [E] (Lx=12.0, h=5.0, rep=2) iteration=8 = 0.94140625[0m
[[2m[37m09:23:39[0m[2m[0m] [2mIQPE [E] (Lx=12.0, h=5.0, rep=2) iteration=9 = 0.470703125[0m
[[2m[37m09:23:40[0m[2m[0m] [2mIQPE [E] (Lx=12.0, h=5.0, rep=2) iteration=10 = 0.2353515625[0m
[[2m[37m09:23:40[0m[2m[0m] [2mIQPE [E] (Lx=12.0, h=5.0, rep=2) = -6.63715206248545[0m
[[2m[37m09:23:40[0m[2m[0m] [2mIQPE [E] (Lx=12.0, h=1.0, rep=2) iteration=1 = 0.0[0m
[[2m[37m09:23:41[0m[2m[0m] [2mIQPE [E] (Lx=12.0, h=0.5, rep=2) iteration=2 = 0.25[0m
[[2m[37m09:23:47[0m[2m[0m] [2mIQPE [E] (Lx=12.0, h=0.5, rep=2) iteration=3 = 0.125[0m
[[2m[37m09:23:49[0m[2m[0m] [2mIQPE [E] (Lx=12.0, h=0.5, rep=2) iteration=4 = 0.0625[0m
[[2m[37m09:23:49[0m[2m[0m] [2mIQPE [E] (Lx=12.0, h=1.0, rep=2) iteration=2 = 0.0[0m
[[2m[37m09:23:51[0m[2m[0m] [2mIQPE [E] (Lx=12.0, h=0.5, rep=2) iteration=5 = 0.53125[0m
[[2m[37m09:23:52[0m[2m[0m] [2mIQPE [E] (Lx=12.0, h=0.5, rep=2) iteration=6 = 0.765625[0m
[[2m[37m09:23:52[0m[2m[0m] [2mIQPE [E] (Lx=12.0, h=0.5, rep=2) iteration=7 = 0.3828125[0m
[[2m[37m09:23:53[0m[2m[0m] [2mIQPE [E] (Lx=12.0, h=0.5, rep=2) iteration=8 = 0.19140625[0m
[[2m[37m09:23:53[0m[2m[0m] [2mIQPE [E] (Lx=12.0, h=0.5, rep=2) iteration=9 = 0.095703125[0m
[[2m[37m09:23:53[0m[2m[0m] [2mIQPE [E] (Lx=12.0, h=0.5, rep=2) iteration=10 = 0.5478515625[0m
[[2m[37m09:23:53[0m[2m[0m] [2mIQPE [E] (Lx=12.0, h=0.5, rep=2) = -15.44996807906364[0m
[[2m[37m09:23:54[0m[2m[0m] [2mIQPE [E] (Lx=12.0, h=0.0, rep=2) iteration=2 = 0.0[0m
[[2m[37m09:23:54[0m[2m[0m] [2mIQPE [E] (Lx=12.0, h=1.0, rep=2) iteration=3 = 0.5[0m
[[2m[37m09:23:57[0m[2m[0m] [2mIQPE [E] (Lx=12.0, h=1.0, rep=2) iteration=4 = 0.25[0m
[[2m[37m09:23:58[0m[2m[0m] [2mIQPE [E] (Lx=12.0, h=1.0, rep=2) iteration=5 = 0.625[0m
[[2m[37m09:23:59[0m[2m[0m] [2mIQPE [E] (Lx=12.0, h=0.0, rep=2) iteration=3 = 0.5[0m
[[2m[37m09:23:59[0m[2m[0m] [2mIQPE [E] (Lx=12.0, h=1.0, rep=2) iteration=6 = 0.3125[0m
[[2m[37m09:23:59[0m[2m[0m] [2mIQPE [E] (Lx=12.0, h=1.0, rep=2) iteration=7 = 0.65625[0m
[[2m[37m09:24:00[0m[2m[0m] [2mIQPE [E] (Lx=12.0, h=1.0, rep=2) iteration=8 = 0.828125[0m
[[2m[37m09:24:00[0m[2m[0m] [2mIQPE [E] (Lx=12.0, h=1.0, rep=2) iteration=9 = 0.9140625[0m
[[2m[37m09:24:00[0m[2m[0m] [2mIQPE [E] (Lx=12.0, h=1.0, rep=2) iteration=10 = 0.45703125[0m
[[2m[37m09:24:00[0m[2m[0m] [2mIQPE [E] (Lx=12.0, h=1.0, rep=2) = -12.888743424245602[0m
[[2m[37m09:24:01[0m[2m[0m] [2mIQPE [E] (Lx=12.0, h=0.0, rep=2) iteration=4 = 0.75[0m
[[2m[37m09:24:02[0m[2m[0m] [2mIQPE [E] (Lx=12.0, h=0.0, rep=2) iteration=5 = 0.375[0m
[[2m[37m09:24:03[0m[2m[0m] [2mIQPE [E] (Lx=12.0, h=0.0, rep=2) iteration=6 = 0.1875[0m
[[2m[37m09:24:03[0m[2m[0m] [2mIQPE [E] (Lx=12.0, h=0.0, rep=2) iteration=7 = 0.59375[0m
[[2m[37m09:24:03[0m[2m[0m] [2mIQPE [E] (Lx=12.0, h=0.0, rep=2) iteration=8 = 0.296875[0m
[[2m[37m09:24:04[0m[2m[0m] [2mIQPE [E] (Lx=12.0, h=0.0, rep=2) iteration=9 = 0.1484375[0m
[[2m[37m09:24:04[0m[2m[0m] [2mIQPE [E] (Lx=12.0, h=0.0, rep=2) iteration=10 = 0.57421875[0m
[[2m[37m09:24:04[0m[2m[0m] [2mIQPE [E] (Lx=12.0, h=0.0, rep=2) = -16.193549430462426[0m
[[2m[37m09:28:13[0m[2m[0m] [2mIQPE [E] (Lx=12.0, h=4.0, rep=3) iteration=1 = 0.0[0m
[[2m[37m09:28:23[0m[2m[0m] [2mIQPE [E] (Lx=12.0, h=4.0, rep=3) iteration=2 = 0.5[0m
[[2m[37m09:28:26[0m[2m[0m] [2mIQPE [E] (Lx=12.0, h=2.0, rep=3) iteration=1 = 0.5[0m
[[2m[37m09:28:27[0m[2m[0m] [2mIQPE [E] (Lx=12.0, h=4.0, rep=3) iteration=3 = 0.25[0m
[[2m[37m09:28:30[0m[2m[0m] [2mIQPE [E] (Lx=12.0, h=4.0, rep=3) iteration=4 = 0.625[0m
[[2m[37m09:28:31[0m[2m[0m] [2mIQPE [E] (Lx=12.0, h=4.0, rep=3) iteration=5 = 0.8125[0m
[[2m[37m09:28:32[0m[2m[0m] [2mIQPE [E] (Lx=12.0, h=4.0, rep=3) iteration=6 = 0.90625[0m
[[2m[37m09:28:33[0m[2m[0m] [2mIQPE [E] (Lx=12.0, h=4.0, rep=3) iteration=7 = 0.453125[0m
[[2m[37m09:28:33[0m[2m[0m] [2mIQPE [E] (Lx=12.0, h=4.0, rep=3) iteration=8 = 0.7265625[0m
[[2m[37m09:28:33[0m[2m[0m] [2mIQPE [E] (Lx=12.0, h=3.0, rep=3) iteration=1 = 0.5[0m
[[2m[37m09:28:33[0m[2m[0m] [2mIQPE [E] (Lx=12.0, h=4.0, rep=3) iteration=9 = 0.36328125[0m
[[2m[37m09:28:33[0m[2m[0m] [2mIQPE [E] (Lx=12.0, h=4.0, rep=3) iteration=10 = 0.181640625[0m
[[2m[37m09:28:33[0m[2m[0m] [2mIQPE [E] (Lx=12.0, h=4.0, rep=3) = -5.122449309636073[0m
[[2m[37m09:28:36[0m[2m[0m] [2mIQPE [E] (Lx=12.0, h=2.0, rep=3) iteration=2 = 0.75[0m
[[2m[37m09:28:40[0m[2m[0m] [2mIQPE [E] (Lx=12.0, h=6.0, rep=3) iteration=1 = 0.5[0m
[[2m[37m09:28:41[0m[2m[0m] [2mIQPE [E] (Lx=12.0, h=2.0, rep=3) iteration=3 = 0.375[0m
[[2m[37m09:28:43[0m[2m[0m] [2mIQPE [E] (Lx=12.0, h=3.0, rep=3) iteration=2 = 0.25[0m
[[2m[37m09:28:43[0m[2m[0m] [2mIQPE [E] (Lx=12.0, h=5.0, rep=3) iteration=1 = 0.5[0m
[[2m[37m09:28:43[0m[2m[0m] [2mIQPE [E] (Lx=12.0, h=2.0, rep=3) iteration=4 = 0.6875[0m
[[2m[37m09:28:45[0m[2m[0m] [2mIQPE [E] (Lx=12.0, h=2.0, rep=3) iteration=5 = 0.84375[0m
[[2m[37m09:28:46[0m[2m[0m] [2mIQPE [E] (Lx=12.0, h=2.0, rep=3) iteration=6 = 0.421875[0m
[[2m[37m09:28:46[0m[2m[0m] [2mIQPE [E] (Lx=12.0, h=2.0, rep=3) iteration=7 = 0.7109375[0m
[[2m[37m09:28:46[0m[2m[0m] [2mIQPE [E] (Lx=12.0, h=2.0, rep=3) iteration=8 = 0.85546875[0m
[[2m[37m09:28:46[0m[2m[0m] [2mIQPE [E] (Lx=12.0, h=2.0, rep=3) iteration=9 = 0.927734375[0m
[[2m[37m09:28:47[0m[2m[0m] [2mIQPE [E] (Lx=12.0, h=2.0, rep=3) iteration=10 = 0.4638671875[0m
[[2m[37m09:28:47[0m[2m[0m] [2mIQPE [E] (Lx=12.0, h=2.0, rep=3) = -13.081523774608252[0m
[[2m[37m09:28:47[0m[2m[0m] [2mIQPE [E] (Lx=12.0, h=3.0, rep=3) iteration=3 = 0.125[0m
[[2m[37m09:28:49[0m[2m[0m] [2mIQPE [E] (Lx=12.0, h=6.0, rep=3) iteration=2 = 0.25[0m
[[2m[37m09:28:50[0m[2m[0m] [2mIQPE [E] (Lx=12.0, h=3.0, rep=3) iteration=4 = 0.5625[0m
[[2m[37m09:28:51[0m[2m[0m] [2mIQPE [E] (Lx=12.0, h=1.0, rep=3) iteration=1 = 0.0[0m
[[2m[37m09:28:51[0m[2m[0m] [2mIQPE [E] (Lx=12.0, h=3.0, rep=3) iteration=5 = 0.28125[0m
[[2m[37m09:28:52[0m[2m[0m] [2mIQPE [E] (Lx=12.0, h=3.0, rep=3) iteration=6 = 0.140625[0m
[[2m[37m09:28:52[0m[2m[0m] [2mIQPE [E] (Lx=12.0, h=3.0, rep=3) iteration=7 = 0.0703125[0m
[[2m[37m09:28:53[0m[2m[0m] [2mIQPE [E] (Lx=12.0, h=5.0, rep=3) iteration=2 = 0.25[0m
[[2m[37m09:28:53[0m[2m[0m] [2mIQPE [E] (Lx=12.0, h=3.0, rep=3) iteration=8 = 0.03515625[0m
[[2m[37m09:28:53[0m[2m[0m] [2mIQPE [E] (Lx=12.0, h=3.0, rep=3) iteration=9 = 0.517578125[0m
[[2m[37m09:28:53[0m[2m[0m] [2mIQPE [E] (Lx=12.0, h=3.0, rep=3) iteration=10 = 0.7587890625[0m
[[2m[37m09:28:53[0m[2m[0m] [2mIQPE [E] (Lx=12.0, h=3.0, rep=3) = -21.398618890253914[0m
[[2m[37m09:28:54[0m[2m[0m] [2mIQPE [E] (Lx=12.0, h=0.0, rep=3) iteration=1 = 0.0[0m
[[2m[37m09:28:54[0m[2m[0m] [2mIQPE [E] (Lx=12.0, h=6.0, rep=3) iteration=3 = 0.125[0m
[[2m[37m09:28:56[0m[2m[0m] [2mIQPE [E] (Lx=12.0, h=0.5, rep=3) iteration=1 = 0.5[0m
[[2m[37m09:28:57[0m[2m[0m] [2mIQPE [E] (Lx=12.0, h=6.0, rep=3) iteration=4 = 0.5625[0m
[[2m[37m09:28:57[0m[2m[0m] [2mIQPE [E] (Lx=12.0, h=5.0, rep=3) iteration=3 = 0.125[0m
[[2m[37m09:28:58[0m[2m[0m] [2mIQPE [E] (Lx=12.0, h=6.0, rep=3) iteration=5 = 0.78125[0m
[[2m[37m09:28:59[0m[2m[0m] [2mIQPE [E] (Lx=12.0, h=6.0, rep=3) iteration=6 = 0.890625[0m
[[2m[37m09:28:59[0m[2m[0m] [2mIQPE [E] (Lx=12.0, h=6.0, rep=3) iteration=7 = 0.4453125[0m
[[2m[37m09:29:00[0m[2m[0m] [2mIQPE [E] (Lx=12.0, h=6.0, rep=3) iteration=8 = 0.72265625[0m
[[2m[37m09:29:00[0m[2m[0m] [2mIQPE [E] (Lx=12.0, h=6.0, rep=3) iteration=9 = 0.361328125[0m
[[2m[37m09:29:00[0m[2m[0m] [2mIQPE [E] (Lx=12.0, h=6.0, rep=3) iteration=10 = 0.6806640625[0m
[[2m[37m09:29:00[0m[2m[0m] [2mIQPE [E] (Lx=12.0, h=6.0, rep=3) = -19.195414886109372[0m
[[2m[37m09:29:00[0m[2m[0m] [2mIQPE [E] (Lx=12.0, h=5.0, rep=3) iteration=4 = 0.0625[0m
[[2m[37m09:29:01[0m[2m[0m] [2mIQPE [E] (Lx=12.0, h=1.0, rep=3) iteration=2 = 0.0[0m
[[2m[37m09:29:01[0m[2m[0m] [2mIQPE [E] (Lx=12.0, h=5.0, rep=3) iteration=5 = 0.53125[0m
[[2m[37m09:29:02[0m[2m[0m] [2mIQPE [E] (Lx=12.0, h=5.0, rep=3) iteration=6 = 0.765625[0m
[[2m[37m09:29:02[0m[2m[0m] [2mIQPE [E] (Lx=12.0, h=5.0, rep=3) iteration=7 = 0.8828125[0m
[[2m[37m09:29:03[0m[2m[0m] [2mIQPE [E] (Lx=12.0, h=5.0, rep=3) iteration=8 = 0.94140625[0m
[[2m[37m09:29:03[0m[2m[0m] [2mIQPE [E] (Lx=12.0, h=5.0, rep=3) iteration=9 = 0.470703125[0m
[[2m[37m09:29:03[0m[2m[0m] [2mIQPE [E] (Lx=12.0, h=5.0, rep=3) iteration=10 = 0.2353515625[0m
[[2m[37m09:29:03[0m[2m[0m] [2mIQPE [E] (Lx=12.0, h=5.0, rep=3) = -6.63715206248545[0m
[[2m[37m09:29:05[0m[2m[0m] [2mIQPE [E] (Lx=12.0, h=1.0, rep=3) iteration=3 = 0.5[0m
[[2m[37m09:29:06[0m[2m[0m] [2mIQPE [E] (Lx=12.0, h=0.5, rep=3) iteration=2 = 0.25[0m
[[2m[37m09:29:07[0m[2m[0m] [2mIQPE [E] (Lx=12.0, h=0.0, rep=3) iteration=2 = 0.0[0m
[[2m[37m09:29:08[0m[2m[0m] [2mIQPE [E] (Lx=12.0, h=1.0, rep=3) iteration=4 = 0.25[0m
[[2m[37m09:29:09[0m[2m[0m] [2mIQPE [E] (Lx=12.0, h=1.0, rep=3) iteration=5 = 0.625[0m
[[2m[37m09:29:10[0m[2m[0m] [2mIQPE [E] (Lx=12.0, h=1.0, rep=3) iteration=6 = 0.3125[0m
[[2m[37m09:29:10[0m[2m[0m] [2mIQPE [E] (Lx=12.0, h=1.0, rep=3) iteration=7 = 0.65625[0m
[[2m[37m09:29:11[0m[2m[0m] [2mIQPE [E] (Lx=12.0, h=1.0, rep=3) iteration=8 = 0.828125[0m
[[2m[37m09:29:11[0m[2m[0m] [2mIQPE [E] (Lx=12.0, h=1.0, rep=3) iteration=9 = 0.9140625[0m
[[2m[37m09:29:11[0m[2m[0m] [2mIQPE [E] (Lx=12.0, h=0.5, rep=3) iteration=3 = 0.125[0m
[[2m[37m09:29:11[0m[2m[0m] [2mIQPE [E] (Lx=12.0, h=1.0, rep=3) iteration=10 = 0.45703125[0m
[[2m[37m09:29:11[0m[2m[0m] [2mIQPE [E] (Lx=12.0, h=1.0, rep=3) = -12.888743424245602[0m
[[2m[37m09:29:12[0m[2m[0m] [2mIQPE [E] (Lx=12.0, h=0.0, rep=3) iteration=3 = 0.5[0m
[[2m[37m09:29:13[0m[2m[0m] [2mIQPE [E] (Lx=12.0, h=0.5, rep=3) iteration=4 = 0.0625[0m
[[2m[37m09:29:14[0m[2m[0m] [2mIQPE [E] (Lx=12.0, h=0.0, rep=3) iteration=4 = 0.75[0m
[[2m[37m09:29:15[0m[2m[0m] [2mIQPE [E] (Lx=12.0, h=0.5, rep=3) iteration=5 = 0.53125[0m
[[2m[37m09:29:15[0m[2m[0m] [2mIQPE [E] (Lx=12.0, h=0.0, rep=3) iteration=5 = 0.375[0m
[[2m[37m09:29:16[0m[2m[0m] [2mIQPE [E] (Lx=12.0, h=0.5, rep=3) iteration=6 = 0.765625[0m
[[2m[37m09:29:16[0m[2m[0m] [2mIQPE [E] (Lx=12.0, h=0.0, rep=3) iteration=6 = 0.1875[0m
[[2m[37m09:29:16[0m[2m[0m] [2mIQPE [E] (Lx=12.0, h=0.5, rep=3) iteration=7 = 0.3828125[0m
[[2m[37m09:29:16[0m[2m[0m] [2mIQPE [E] (Lx=12.0, h=0.0, rep=3) iteration=7 = 0.59375[0m
[[2m[37m09:29:16[0m[2m[0m] [2mIQPE [E] (Lx=12.0, h=0.0, rep=3) iteration=8 = 0.296875[0m
[[2m[37m09:29:16[0m[2m[0m] [2mIQPE [E] (Lx=12.0, h=0.5, rep=3) iteration=8 = 0.19140625[0m
[[2m[37m09:29:16[0m[2m[0m] [2mIQPE [E] (Lx=12.0, h=0.0, rep=3) iteration=9 = 0.1484375[0m
[[2m[37m09:29:17[0m[2m[0m] [2mIQPE [E] (Lx=12.0, h=0.5, rep=3) iteration=9 = 0.095703125[0m
[[2m[37m09:29:17[0m[2m[0m] [2mIQPE [E] (Lx=12.0, h=0.0, rep=3) iteration=10 = 0.57421875[0m
[[2m[37m09:29:17[0m[2m[0m] [2mIQPE [E] (Lx=12.0, h=0.0, rep=3) = -16.193549430462426[0m
[[2m[37m09:29:17[0m[2m[0m] [2mIQPE [E] (Lx=12.0, h=0.5, rep=3) iteration=10 = 0.5478515625[0m
[[2m[37m09:29:17[0m[2m[0m] [2mIQPE [E] (Lx=12.0, h=0.5, rep=3) = -15.44996807906364[0m
[[1m[32m09:29:17[0m[1m[0m] [37mIQPE (Lx=4.0, h=0.0) = -24.207703995538214[0m
[[1m[32m09:29:17[0m[1m[0m] [37mIQPE (Lx=4.0, h=0.5) = -23.93230349502015[0m
[[1m[32m09:29:17[0m[1m[0m] [37mIQPE (Lx=4.0, h=1.0) = -23.38150249398401[0m
[[1m[32m09:29:17[0m[1m[0m] [37mIQPE (Lx=4.0, h=2.0) = -21.756639540927406[0m
[[1m[32m09:29:17[0m[1m[0m] [37mIQPE (Lx=4.0, h=3.0) = -18.39675343460697[0m
[[1m[32m09:29:17[0m[1m[0m] [37mIQPE (Lx=4.0, h=4.0) = -18.369213384555163[0m
[[1m[32m09:29:17[0m[1m[0m] [37mIQPE (Lx=4.0, h=5.0) = -22.30744054196354[0m
[[1m[32m09:29:17[0m[1m[0m] [37mIQPE (Lx=4.0, h=6.0) = -11.291420521240806[0m
[[1m[32m09:29:17[0m[1m[0m] [37mIQPE (Lx=5.0, h=0.0) = -23.188722143621362[0m
[[1m[32m09:29:17[0m[1m[0m] [37mIQPE (Lx=5.0, h=0.5) = -22.885781593051487[0m
[[1m[32m09:29:17[0m[1m[0m] [37mIQPE (Lx=5.0, h=1.0) = -22.05958009149728[0m
[[1m[32m09:29:17[0m[1m[0m] [37mIQPE (Lx=5.0, h=2.0) = -19.333115136368406[0m
[[1m[32m09:29:17[0m[1m[0m] [37mIQPE (Lx=5.0, h=3.0) = -15.036867328286537[0m
[[1m[32m09:29:17[0m[1m[0m] [37mIQPE (Lx=5.0, h=4.0) = -13.825105126007037[0m
[[1m[32m09:29:17[0m[1m[0m] [37mIQPE (Lx=5.0, h=5.0) = -19.88391613740454[0m
[[1m[32m09:29:17[0m[1m[0m] [37mIQPE (Lx=5.0, h=6.0) = -18.727234035228655[0m
[[1m[32m09:29:17[0m[1m[0m] [37mIQPE (Lx=6.0, h=0.0) = -22.197280341756315[0m
[[1m[32m09:29:17[0m[1m[0m] [37mIQPE (Lx=6.0, h=0.5) = -21.811719641031022[0m
[[1m[32m09:29:17[0m[1m[0m] [37mIQPE (Lx=6.0, h=1.0) = -20.737657689010554[0m
[[1m[32m09:29:17[0m[1m[0m] [37mIQPE (Lx=6.0, h=2.0) = -17.322691482586503[0m
[[1m[32m09:29:17[0m[1m[0m] [37mIQPE (Lx=6.0, h=3.0) = -17.212531282379278[0m
[[1m[32m09:29:17[0m[1m[0m] [37mIQPE (Lx=6.0, h=4.0) = -17.18499123232747[0m
[[1m[32m09:29:17[0m[1m[0m] [37mIQPE (Lx=6.0, h=5.0) = -7.518433664143268[0m
[[1m[32m09:29:17[0m[1m[0m] [37mIQPE (Lx=6.0, h=6.0) = -9.033136416992644[0m
[[1m[32m09:29:17[0m[1m[0m] [37mIQPE (Lx=7.0, h=0.0) = -21.20583853989127[0m
[[1m[32m09:29:17[0m[1m[0m] [37mIQPE (Lx=7.0, h=0.5) = -20.76519773906236[0m
[[1m[32m09:29:17[0m[1m[0m] [37mIQPE (Lx=7.0, h=1.0) = -19.44327533657563[0m
[[1m[32m09:29:17[0m[1m[0m] [37mIQPE (Lx=7.0, h=2.0) = -14.458526277198592[0m
[[1m[32m09:29:17[0m[1m[0m] [37mIQPE (Lx=7.0, h=3.0) = -13.35692427512632[0m
[[1m[32m09:29:17[0m[1m[0m] [37mIQPE (Lx=7.0, h=4.0) = -19.305575086316598[0m
[[1m[32m09:29:17[0m[1m[0m] [37mIQPE (Lx=7.0, h=5.0) = -15.17456757854557[0m
[[1m[32m09:29:17[0m[1m[0m] [37mIQPE (Lx=7.0, h=6.0) = -0.027540050051806843[0m
[[1m[32m09:29:17[0m[1m[0m] [37mIQPE (Lx=8.0, h=0.0) = -20.214396738026224[0m
[[1m[32m09:29:17[0m[1m[0m] [37mIQPE (Lx=8.0, h=0.5) = -19.691135787041894[0m
[[1m[32m09:29:17[0m[1m[0m] [37mIQPE (Lx=8.0, h=1.0) = -17.735792233363608[0m
[[1m[32m09:29:17[0m[1m[0m] [37mIQPE (Lx=8.0, h=2.0) = -15.780448679685321[0m
[[1m[32m09:29:17[0m[1m[0m] [37mIQPE (Lx=8.0, h=3.0) = -22.637921142585228[0m
[[1m[32m09:29:17[0m[1m[0m] [37mIQPE (Lx=8.0, h=4.0) = -15.17456757854557[0m
[[1m[32m09:29:17[0m[1m[0m] [37mIQPE (Lx=8.0, h=5.0) = -5.370309760102335[0m
[[1m[32m09:29:17[0m[1m[0m] [37mIQPE (Lx=8.0, h=6.0) = -21.426158940305726[0m
[[1m[32m09:29:17[0m[1m[0m] [37mIQPE (Lx=9.0, h=0.0) = -19.195414886109372[0m
[[1m[32m09:29:17[0m[1m[0m] [37mIQPE (Lx=9.0, h=0.5) = -18.644613885073234[0m
[[1m[32m09:29:17[0m[1m[0m] [37mIQPE (Lx=9.0, h=1.0) = -16.74435043149856[0m
[[1m[32m09:29:17[0m[1m[0m] [37mIQPE (Lx=9.0, h=2.0) = -17.074831032120244[0m
[[1m[32m09:29:17[0m[1m[0m] [37mIQPE (Lx=9.0, h=3.0) = -12.448102623416693[0m
[[1m[32m09:29:17[0m[1m[0m] [37mIQPE (Lx=9.0, h=4.0) = -17.928572583726254[0m
[[1m[32m09:29:17[0m[1m[0m] [37mIQPE (Lx=9.0, h=5.0) = -27.95315080258395[0m
[[1m[32m09:29:17[0m[1m[0m] [37mIQPE (Lx=9.0, h=6.0) = -12.888743424245602[0m
[[1m[32m09:29:17[0m[1m[0m] [37mIQPE (Lx=10.0, h=0.0) = -18.203973084244325[0m
[[1m[32m09:29:17[0m[1m[0m] [37mIQPE (Lx=10.0, h=0.5) = -17.570551933052766[0m
[[1m[32m09:29:17[0m[1m[0m] [37mIQPE (Lx=10.0, h=1.0) = -15.367347928908218[0m
[[1m[32m09:29:17[0m[1m[0m] [37mIQPE (Lx=10.0, h=2.0) = -10.768159570256476[0m
[[1m[32m09:29:17[0m[1m[0m] [37mIQPE (Lx=10.0, h=3.0) = -15.835528779788934[0m
[[1m[32m09:29:17[0m[1m[0m] [37mIQPE (Lx=10.0, h=4.0) = -13.852645176058843[0m
[[1m[32m09:29:17[0m[1m[0m] [37mIQPE (Lx=10.0, h=5.0) = -8.37217521574928[0m
[[1m[32m09:29:17[0m[1m[0m] [37mIQPE (Lx=10.0, h=6.0) = -6.003730911293891[0m
[[1m[32m09:29:17[0m[1m[0m] [37mIQPE (Lx=12.0, h=0.0) = -16.193549430462426[0m
[[1m[32m09:29:17[0m[1m[0m] [37mIQPE (Lx=12.0, h=0.5) = -15.44996807906364[0m
[[1m[32m09:29:17[0m[1m[0m] [37mIQPE (Lx=12.0, h=1.0) = -12.888743424245602[0m
[[1m[32m09:29:17[0m[1m[0m] [37mIQPE (Lx=12.0, h=2.0) = -13.081523774608252[0m
[[1m[32m09:29:17[0m[1m[0m] [37mIQPE (Lx=12.0, h=3.0) = -14.348366076991365[0m
[[1m[32m09:29:17[0m[1m[0m] [37mIQPE (Lx=12.0, h=4.0) = -5.122449309636073[0m
[[1m[32m09:29:17[0m[1m[0m] [37mIQPE (Lx=12.0, h=5.0) = -6.63715206248545[0m
[[1m[32m09:29:17[0m[1m[0m] [37mIQPE (Lx=12.0, h=6.0) = -19.195414886109372[0m

===================================================================
Computation complete!
  Finished: Mon Aug 24 09:29:19 AM PDT 2026
Output saved to:
  Data: /pscratch/sd/m/mbao202/NNL-P7/manuscript-plots/logs/tfim/1d/ground-state-energy/Lx-vs-h-pbc/tfim-1d-pbc-E-Lx-vs-h-iqpe.json
  Plot: /pscratch/sd/m/mbao202/NNL-P7/manuscript-plots/plots/tfim/1d/ground-state-energy/Lx-vs-h-pbc/tfim-1d-pbc-E-Lx-vs-h-iqpe.pdf
===================================================================
